timestamp_utc,edge_id,requested_lat,requested_lon,highway_tag,frc,currentSpeed,freeFlowSpeed,currentTravelTime,freeFlowTravelTime,confidence,roadClosure,matched_lat,matched_lon,match_distance_m,valid_match,error
2026-07-30T00:00:59.610664+00:00,703,-6.235444892859697,106.75583232857385,complex_corridor,FRC2,28,28,6,6,1,False,-6.235637002833079,106.75573958241279,23.694334982762854,True,
2026-07-30T00:00:59.901373+00:00,821,-6.288795825000754,106.77763638750048,complex_corridor,FRC1,18,31,60,35,1,False,-6.288676397337788,106.77774978959411,18.260596237349766,True,
2026-07-30T00:01:00.187558+00:00,1336,-6.235382350000007,106.7560557,complex_corridor,FRC2,27,27,9,9,1,False,-6.235851643158244,106.75634307944131,61.09133400248038,True,
2026-07-30T00:01:00.472371+00:00,2187,-6.234661449999994,106.7555585,complex_corridor,FRC2,39,39,18,18,1,False,-6.235295044618109,106.75596622907466,83.63486690954973,True,
2026-07-30T00:01:00.759438+00:00,2188,-6.233655599999991,106.75488135,complex_corridor,FRC2,30,30,32,32,1,False,-6.233742064909034,106.75495503627582,12.600808704103487,True,
2026-07-30T00:01:01.047506+00:00,2298,-6.288583799999989,106.77784095,complex_corridor,FRC1,29,41,482,341,1,False,-6.288634823320289,106.77780477487897,6.94084144102375,True,
2026-07-30T00:01:01.339200+00:00,2322,-6.2884621,106.7781152,complex_corridor,FRC1,26,26,53,53,1,False,-6.288455113550981,106.77822722279888,12.405765015820144,True,
2026-07-30T00:01:01.626353+00:00,2459,-6.23996075,106.79819865,complex_corridor,FRC3,28,28,405,405,1,False,-6.239927209643448,106.79835988366938,18.208192291717626,True,
2026-07-30T00:01:01.917896+00:00,2660,-6.288887410002579,106.77817204999796,complex_corridor,FRC1,10,14,44,31,1,False,-6.289080056713849,106.77821112954479,21.852459789678804,True,
2026-07-30T00:01:02.226794+00:00,2731,-6.240104349999994,106.79819525,complex_corridor,FRC1,21,21,285,285,1,False,-6.254711568502923,106.79717434728451,1628.1638385691926,False,
2026-07-30T00:01:02.514345+00:00,2979,-6.239918790000258,106.79844824999957,complex_corridor,FRC2,3,13,14,3,1,False,-6.239928542802509,106.79846583092547,2.2254395550977346,True,
2026-07-30T00:01:02.801007+00:00,3134,-6.2892448600025785,106.77855074999796,complex_corridor,FRC1,16,22,16,11,1,False,-6.289262432333267,106.778499467014,5.995427904385316,True,
2026-07-30T00:01:03.090818+00:00,3164,-6.239840140000258,106.79869149999956,complex_corridor,FRC2,24,24,145,145,1,False,-6.23981997364873,106.79856239045006,14.446370748590217,True,
2026-07-30T00:01:03.376451+00:00,3940,-6.242815700000143,106.84290446666662,complex_corridor,FRC2,21,21,19,19,1,False,-6.242610768682978,106.84288187111798,22.923789898286447,True,
2026-07-30T00:01:03.670379+00:00,3995,-6.2428431,106.8426503,complex_corridor,FRC2,32,32,8,8,1,False,-6.24270333943449,106.84230519617961,41.19038604817657,True,
2026-07-30T00:01:03.961220+00:00,4135,-6.242451300001405,106.84346441666648,complex_corridor,FRC3,21,27,19,15,1,False,-6.24264159782794,106.84303341592732,52.128779444682614,True,
2026-07-30T00:01:04.246596+00:00,4174,-6.242622250001264,106.84418269999986,complex_corridor,FRC3,21,21,14,14,1,False,-6.242365385288672,106.84405667866673,31.777844988721665,True,
2026-07-30T00:01:04.532484+00:00,4307,-6.237238257899974,106.8272395210502,complex_corridor,FRC2,21,21,6,6,1,False,-6.237236971031365,106.82743234718856,21.314848279038795,True,
2026-07-30T00:01:04.840068+00:00,4312,-6.237042057899963,106.8269344210502,complex_corridor,FRC2,23,23,6,6,1,False,-6.237208807900389,106.82690797532604,18.770772040768108,True,
2026-07-30T00:01:05.138705+00:00,4383,-6.255330045001537,106.84307333999776,complex_corridor,FRC4,11,25,16,7,1,False,-6.255170245392188,106.84296367849294,21.509477825194235,True,
2026-07-30T00:01:05.429676+00:00,4421,-6.237577607899957,106.82686737105018,complex_corridor,FRC3,18,18,27,27,1,False,-6.237416698431964,106.82692406858013,18.95817050701808,True,
2026-07-30T00:01:05.721937+00:00,5234,-6.255677025000373,106.8431710999986,complex_corridor,FRC4,23,23,6,6,1,False,-6.25559934329838,106.84329627241084,16.310649749926508,True,
2026-07-30T00:01:06.011983+00:00,5259,-6.255508725000373,106.84360214999862,complex_corridor,FRC4,30,30,287,287,1,False,-6.255457199448482,106.84295563186589,71.6908067558573,True,
2026-07-30T00:01:06.299570+00:00,5296,-6.242909649999996,106.84406470000002,complex_corridor,FRC2,35,35,40,40,1,False,-6.24287098327402,106.84404058541264,5.0587612651154314,True,
2026-07-30T00:15:58.039356+00:00,703,-6.235444892859697,106.75583232857385,complex_corridor,FRC2,28,28,6,6,1.0,False,-6.235637002833079,106.75573958241279,23.694334982762854,True,
2026-07-30T00:15:58.330781+00:00,821,-6.288795825000754,106.77763638750048,complex_corridor,FRC1,14,30,78,36,1.0,False,-6.288676397337788,106.77774978959411,18.260596237349766,True,
2026-07-30T00:15:58.619674+00:00,1336,-6.235382350000007,106.7560557,complex_corridor,FRC2,10,27,26,9,0.98,False,-6.235851643158244,106.75634307944131,61.09133400248038,True,
2026-07-30T00:15:58.919571+00:00,2187,-6.234661449999994,106.7555585,complex_corridor,FRC2,39,39,18,18,1.0,False,-6.235295044618109,106.75596622907466,83.63486690954973,True,
2026-07-30T00:15:59.222636+00:00,2188,-6.233655599999991,106.75488135,complex_corridor,FRC2,30,30,32,32,1.0,False,-6.233742064909034,106.75495503627582,12.600808704103487,True,
2026-07-30T00:15:59.511826+00:00,2298,-6.288583799999989,106.77784095,complex_corridor,FRC1,28,40,500,350,1.0,False,-6.288634823320289,106.77780477487897,6.94084144102375,True,
2026-07-30T00:15:59.797449+00:00,2322,-6.2884621,106.7781152,complex_corridor,FRC1,17,26,82,53,0.98,False,-6.288455113550981,106.77822722279888,12.405765015820144,True,
2026-07-30T00:16:00.086244+00:00,2459,-6.23996075,106.79819865,complex_corridor,FRC3,19,28,597,405,1.0,False,-6.239927209643448,106.79835988366938,18.208192291717626,True,
2026-07-30T00:16:00.380140+00:00,2660,-6.288887410002579,106.77817204999796,complex_corridor,FRC1,7,16,63,27,1.0,False,-6.289080056713849,106.77821112954479,21.852459789678804,True,
2026-07-30T00:16:00.667748+00:00,2731,-6.240104349999994,106.79819525,complex_corridor,FRC1,21,21,285,285,1.0,False,-6.254711568502923,106.79717434728451,1628.1638385691926,False,
2026-07-30T00:16:00.957634+00:00,2979,-6.239918790000258,106.79844824999957,complex_corridor,FRC2,15,15,2,2,1.0,False,-6.239928542802509,106.79846583092547,2.2254395550977346,True,
2026-07-30T00:16:01.242848+00:00,3134,-6.2892448600025785,106.77855074999796,complex_corridor,FRC1,17,21,15,12,1.0,False,-6.289262432333267,106.778499467014,5.995427904385316,True,
2026-07-30T00:16:01.535174+00:00,3164,-6.239840140000258,106.79869149999956,complex_corridor,FRC2,24,24,145,145,1.0,False,-6.23981997364873,106.79856239045006,14.446370748590217,True,
2026-07-30T00:16:01.830591+00:00,3940,-6.242815700000143,106.84290446666662,complex_corridor,FRC2,21,21,19,19,1.0,False,-6.242610768682978,106.84288187111798,22.923789898286447,True,
2026-07-30T00:16:02.122264+00:00,3995,-6.2428431,106.8426503,complex_corridor,FRC2,32,32,8,8,1.0,False,-6.24270333943449,106.84230519617961,41.19038604817657,True,
2026-07-30T00:16:02.408104+00:00,4135,-6.242451300001405,106.84346441666648,complex_corridor,FRC3,27,27,15,15,1.0,False,-6.24264159782794,106.84303341592732,52.128779444682614,True,
2026-07-30T00:16:02.704728+00:00,4174,-6.242622250001264,106.84418269999986,complex_corridor,FRC3,21,21,14,14,1.0,False,-6.242365385288672,106.84405667866673,31.777844988721665,True,
2026-07-30T00:16:03.004592+00:00,4307,-6.237238257899974,106.8272395210502,complex_corridor,FRC2,21,21,6,6,1.0,False,-6.237236971031365,106.82743234718856,21.314848279038795,True,
2026-07-30T00:16:03.293017+00:00,4312,-6.237042057899963,106.8269344210502,complex_corridor,FRC2,23,23,6,6,1.0,False,-6.237208807900389,106.82690797532604,18.770772040768108,True,
2026-07-30T00:16:03.577602+00:00,4383,-6.255330045001537,106.84307333999776,complex_corridor,FRC4,25,25,7,7,1.0,False,-6.255170245392188,106.84296367849294,21.509477825194235,True,
2026-07-30T00:16:03.862471+00:00,4421,-6.237577607899957,106.82686737105018,complex_corridor,FRC3,18,18,27,27,1.0,False,-6.237416698431964,106.82692406858013,18.95817050701808,True,
2026-07-30T00:16:04.148539+00:00,5234,-6.255677025000373,106.8431710999986,complex_corridor,FRC4,18,22,7,6,1.0,False,-6.25559934329838,106.84329627241084,16.310649749926508,True,
2026-07-30T00:16:04.434961+00:00,5259,-6.255508725000373,106.84360214999862,complex_corridor,FRC4,25,30,344,287,0.997256,False,-6.255457199448482,106.84295563186589,71.6908067558573,True,
2026-07-30T00:16:04.721901+00:00,5296,-6.242909649999996,106.84406470000002,complex_corridor,FRC2,35,35,40,40,1.0,False,-6.24287098327402,106.84404058541264,5.0587612651154314,True,
2026-07-30T00:31:01.068692+00:00,703,-6.235444892859697,106.75583232857385,complex_corridor,FRC2,28,28,6,6,1.0,False,-6.235637002833079,106.75573958241279,23.694334982762854,True,
2026-07-30T00:31:01.385200+00:00,821,-6.288795825000754,106.77763638750048,complex_corridor,FRC1,12,30,91,36,1.0,False,-6.288676397337788,106.77774978959411,18.260596237349766,True,
2026-07-30T00:31:01.700764+00:00,1336,-6.235382350000007,106.7560557,complex_corridor,FRC2,20,27,13,9,0.98,False,-6.235851643158244,106.75634307944131,61.09133400248038,True,
2026-07-30T00:31:02.013474+00:00,2187,-6.234661449999994,106.7555585,complex_corridor,FRC2,39,39,18,18,1.0,False,-6.235295044618109,106.75596622907466,83.63486690954973,True,
2026-07-30T00:31:02.323203+00:00,2188,-6.233655599999991,106.75488135,complex_corridor,FRC2,30,30,32,32,1.0,False,-6.233742064909034,106.75495503627582,12.600808704103487,True,
2026-07-30T00:31:02.659802+00:00,2298,-6.288583799999989,106.77784095,complex_corridor,FRC1,29,41,482,341,1.0,False,-6.288634823320289,106.77780477487897,6.94084144102375,True,
2026-07-30T00:31:02.972484+00:00,2322,-6.2884621,106.7781152,complex_corridor,FRC1,16,25,87,56,1.0,False,-6.288455113550981,106.77822722279888,12.405765015820144,True,
2026-07-30T00:31:03.284724+00:00,2459,-6.23996075,106.79819865,complex_corridor,FRC3,22,27,516,420,1.0,False,-6.239927209643448,106.79835988366938,18.208192291717626,True,
2026-07-30T00:31:03.596339+00:00,2660,-6.288887410002579,106.77817204999796,complex_corridor,FRC1,15,17,29,26,1.0,False,-6.289080056713849,106.77821112954479,21.852459789678804,True,
2026-07-30T00:31:03.907935+00:00,2731,-6.240104349999994,106.79819525,complex_corridor,FRC1,21,21,285,285,1.0,False,-6.254711568502923,106.79717434728451,1628.1638385691926,False,
2026-07-30T00:31:04.218318+00:00,2979,-6.239918790000258,106.79844824999957,complex_corridor,FRC2,11,15,3,2,1.0,False,-6.239928542802509,106.79846583092547,2.2254395550977346,True,
2026-07-30T00:31:04.529786+00:00,3134,-6.2892448600025785,106.77855074999796,complex_corridor,FRC1,16,22,16,11,1.0,False,-6.289262432333267,106.778499467014,5.995427904385316,True,
2026-07-30T00:31:04.840487+00:00,3164,-6.239840140000258,106.79869149999956,complex_corridor,FRC2,24,24,145,145,1.0,False,-6.23981997364873,106.79856239045006,14.446370748590217,True,
2026-07-30T00:31:05.154216+00:00,3940,-6.242815700000143,106.84290446666662,complex_corridor,FRC2,21,21,19,19,1.0,False,-6.242610768682978,106.84288187111798,22.923789898286447,True,
2026-07-30T00:31:05.465999+00:00,3995,-6.2428431,106.8426503,complex_corridor,FRC2,32,32,8,8,1.0,False,-6.24270333943449,106.84230519617961,41.19038604817657,True,
2026-07-30T00:31:05.774451+00:00,4135,-6.242451300001405,106.84346441666648,complex_corridor,FRC3,27,27,15,15,1.0,False,-6.24264159782794,106.84303341592732,52.128779444682614,True,
2026-07-30T00:31:06.088880+00:00,4174,-6.242622250001264,106.84418269999986,complex_corridor,FRC3,21,21,14,14,1.0,False,-6.242365385288672,106.84405667866673,31.777844988721665,True,
2026-07-30T00:31:06.418033+00:00,4307,-6.237238257899974,106.8272395210502,complex_corridor,FRC2,13,20,9,6,0.98,False,-6.237236971031365,106.82743234718856,21.314848279038795,True,
2026-07-30T00:31:06.733052+00:00,4312,-6.237042057899963,106.8269344210502,complex_corridor,FRC2,23,23,6,6,1.0,False,-6.237208807900389,106.82690797532604,18.770772040768108,True,
2026-07-30T00:31:07.046868+00:00,4383,-6.255330045001537,106.84307333999776,complex_corridor,FRC4,25,25,7,7,1.0,False,-6.255170245392188,106.84296367849294,21.509477825194235,True,
2026-07-30T00:31:07.358897+00:00,4421,-6.237577607899957,106.82686737105018,complex_corridor,FRC3,18,18,27,27,1.0,False,-6.237416698431964,106.82692406858013,18.95817050701808,True,
2026-07-30T00:31:07.674217+00:00,5234,-6.255677025000373,106.8431710999986,complex_corridor,FRC4,23,23,6,6,1.0,False,-6.25559934329838,106.84329627241084,16.310649749926508,True,
2026-07-30T00:31:07.985889+00:00,5259,-6.255508725000373,106.84360214999862,complex_corridor,FRC4,23,30,374,287,1.0,False,-6.255457199448482,106.84295563186589,71.6908067558573,True,
2026-07-30T00:31:08.296190+00:00,5296,-6.242909649999996,106.84406470000002,complex_corridor,FRC2,35,35,40,40,1.0,False,-6.24287098327402,106.84404058541264,5.0587612651154314,True,
2026-07-30T00:45:50.915233+00:00,703,-6.235444892859697,106.75583232857385,complex_corridor,FRC2,28,28,6,6,1.0,False,-6.235637002833079,106.75573958241279,23.694334982762854,True,
2026-07-30T00:45:51.202542+00:00,821,-6.288795825000754,106.77763638750048,complex_corridor,FRC1,8,30,136,36,1.0,False,-6.288676397337788,106.77774978959411,18.260596237349766,True,
2026-07-30T00:45:51.486133+00:00,1336,-6.235382350000007,106.7560557,complex_corridor,FRC2,18,26,14,10,0.97,False,-6.235851643158244,106.75634307944131,61.09133400248038,True,
2026-07-30T00:45:51.770774+00:00,2187,-6.234661449999994,106.7555585,complex_corridor,FRC2,39,39,18,18,1.0,False,-6.235295044618109,106.75596622907466,83.63486690954973,True,
2026-07-30T00:45:52.057357+00:00,2188,-6.233655599999991,106.75488135,complex_corridor,FRC2,30,30,32,32,1.0,False,-6.233742064909034,106.75495503627582,12.600808704103487,True,
2026-07-30T00:45:52.346490+00:00,2298,-6.288583799999989,106.77784095,complex_corridor,FRC1,26,41,538,341,1.0,False,-6.288634823320289,106.77780477487897,6.94084144102375,True,
2026-07-30T00:45:52.632899+00:00,2322,-6.2884621,106.7781152,complex_corridor,FRC1,17,26,82,53,1.0,False,-6.288455113550981,106.77822722279888,12.405765015820144,True,
2026-07-30T00:45:52.925731+00:00,2459,-6.23996075,106.79819865,complex_corridor,FRC3,20,27,568,420,1.0,False,-6.239927209643448,106.79835988366938,18.208192291717626,True,
2026-07-30T00:45:53.213714+00:00,2660,-6.288887410002579,106.77817204999796,complex_corridor,FRC1,18,20,24,22,1.0,False,-6.289080056713849,106.77821112954479,21.852459789678804,True,
2026-07-30T00:45:53.497917+00:00,2731,-6.240104349999994,106.79819525,complex_corridor,FRC1,17,20,353,300,1.0,False,-6.254711568502923,106.79717434728451,1628.1638385691926,False,
2026-07-30T00:45:53.782243+00:00,2979,-6.239918790000258,106.79844824999957,complex_corridor,FRC2,15,15,2,2,1.0,False,-6.239928542802509,106.79846583092547,2.2254395550977346,True,
2026-07-30T00:45:54.066544+00:00,3134,-6.2892448600025785,106.77855074999796,complex_corridor,FRC1,12,22,21,11,1.0,False,-6.289262432333267,106.778499467014,5.995427904385316,True,
2026-07-30T00:45:54.363208+00:00,3164,-6.239840140000258,106.79869149999956,complex_corridor,FRC2,24,24,145,145,1.0,False,-6.23981997364873,106.79856239045006,14.446370748590217,True,
2026-07-30T00:45:54.653280+00:00,3940,-6.242815700000143,106.84290446666662,complex_corridor,FRC2,21,21,19,19,1.0,False,-6.242610768682978,106.84288187111798,22.923789898286447,True,
2026-07-30T00:45:54.936932+00:00,3995,-6.2428431,106.8426503,complex_corridor,FRC2,32,32,8,8,1.0,False,-6.24270333943449,106.84230519617961,41.19038604817657,True,
2026-07-30T00:45:55.224739+00:00,4135,-6.242451300001405,106.84346441666648,complex_corridor,FRC3,27,27,15,15,1.0,False,-6.24264159782794,106.84303341592732,52.128779444682614,True,
2026-07-30T00:45:55.515668+00:00,4174,-6.242622250001264,106.84418269999986,complex_corridor,FRC3,21,21,14,14,1.0,False,-6.242365385288672,106.84405667866673,31.777844988721665,True,
2026-07-30T00:45:55.800510+00:00,4307,-6.237238257899974,106.8272395210502,complex_corridor,FRC2,21,21,6,6,1.0,False,-6.237236971031365,106.82743234718856,21.314848279038795,True,
2026-07-30T00:45:56.086360+00:00,4312,-6.237042057899963,106.8269344210502,complex_corridor,FRC2,17,22,8,6,1.0,False,-6.237208807900389,106.82690797532604,18.770772040768108,True,
2026-07-30T00:45:56.371086+00:00,4383,-6.255330045001537,106.84307333999776,complex_corridor,FRC4,10,26,18,6,1.0,False,-6.255170245392188,106.84296367849294,21.509477825194235,True,
2026-07-30T00:45:56.663440+00:00,4421,-6.237577607899957,106.82686737105018,complex_corridor,FRC3,18,18,27,27,1.0,False,-6.237416698431964,106.82692406858013,18.95817050701808,True,
2026-07-30T00:45:56.953690+00:00,5234,-6.255677025000373,106.8431710999986,complex_corridor,FRC4,5,25,28,5,0.98,False,-6.25559934329838,106.84329627241084,16.310649749926508,True,
2026-07-30T00:45:57.243435+00:00,5259,-6.255508725000373,106.84360214999862,complex_corridor,FRC4,21,30,410,287,1.0,False,-6.255457199448482,106.84295563186589,71.6908067558573,True,
2026-07-30T00:45:57.530385+00:00,5296,-6.242909649999996,106.84406470000002,complex_corridor,FRC2,35,35,40,40,1.0,False,-6.24287098327402,106.84404058541264,5.0587612651154314,True,
2026-07-30T01:00:55.392327+00:00,703,-6.235444892859697,106.75583232857385,complex_corridor,FRC2,28,28,6,6,1,False,-6.235637002833079,106.75573958241279,23.694334982762854,True,
2026-07-30T01:00:55.664882+00:00,821,-6.288795825000754,106.77763638750048,complex_corridor,FRC1,7,29,156,37,1,False,-6.288676397337788,106.77774978959411,18.260596237349766,True,
2026-07-30T01:00:55.940948+00:00,1336,-6.235382350000007,106.7560557,complex_corridor,FRC2,27,27,9,9,1,False,-6.235851643158244,106.75634307944131,61.09133400248038,True,
2026-07-30T01:00:56.217440+00:00,2187,-6.234661449999994,106.7555585,complex_corridor,FRC2,39,39,18,18,1,False,-6.235295044618109,106.75596622907466,83.63486690954973,True,
2026-07-30T01:00:56.484668+00:00,2188,-6.233655599999991,106.75488135,complex_corridor,FRC2,30,30,32,32,1,False,-6.233742064909034,106.75495503627582,12.600808704103487,True,
2026-07-30T01:00:56.747244+00:00,2298,-6.288583799999989,106.77784095,complex_corridor,FRC1,31,40,451,350,1,False,-6.288634823320289,106.77780477487897,6.94084144102375,True,
2026-07-30T01:00:57.027868+00:00,2322,-6.2884621,106.7781152,complex_corridor,FRC1,26,26,53,53,1,False,-6.288455113550981,106.77822722279888,12.405765015820144,True,
2026-07-30T01:00:57.303010+00:00,2459,-6.23996075,106.79819865,complex_corridor,FRC3,18,28,631,405,1,False,-6.239927209643448,106.79835988366938,18.208192291717626,True,
2026-07-30T01:00:57.571506+00:00,2660,-6.288887410002579,106.77817204999796,complex_corridor,FRC1,15,20,29,22,1,False,-6.289080056713849,106.77821112954479,21.852459789678804,True,
2026-07-30T01:00:57.842134+00:00,2731,-6.240104349999994,106.79819525,complex_corridor,FRC1,21,21,285,285,1,False,-6.254711568502923,106.79717434728451,1628.1638385691926,False,
2026-07-30T01:00:58.109292+00:00,2979,-6.239918790000258,106.79844824999957,complex_corridor,FRC2,10,15,4,2,1,False,-6.239928542802509,106.79846583092547,2.2254395550977346,True,
2026-07-30T01:00:58.378425+00:00,3134,-6.2892448600025785,106.77855074999796,complex_corridor,FRC1,22,22,11,11,1,False,-6.289262432333267,106.778499467014,5.995427904385316,True,
2026-07-30T01:00:58.649913+00:00,3164,-6.239840140000258,106.79869149999956,complex_corridor,FRC2,24,24,145,145,1,False,-6.23981997364873,106.79856239045006,14.446370748590217,True,
2026-07-30T01:00:58.922911+00:00,3940,-6.242815700000143,106.84290446666662,complex_corridor,FRC2,21,21,19,19,1,False,-6.242610768682978,106.84288187111798,22.923789898286447,True,
2026-07-30T01:00:59.189883+00:00,3995,-6.2428431,106.8426503,complex_corridor,FRC2,32,32,8,8,1,False,-6.24270333943449,106.84230519617961,41.19038604817657,True,
2026-07-30T01:00:59.462107+00:00,4135,-6.242451300001405,106.84346441666648,complex_corridor,FRC3,20,27,20,15,1,False,-6.24264159782794,106.84303341592732,52.128779444682614,True,
2026-07-30T01:00:59.741422+00:00,4174,-6.242622250001264,106.84418269999986,complex_corridor,FRC3,21,21,14,14,1,False,-6.242365385288672,106.84405667866673,31.777844988721665,True,
2026-07-30T01:01:00.011786+00:00,4307,-6.237238257899974,106.8272395210502,complex_corridor,FRC2,21,21,6,6,1,False,-6.237236971031365,106.82743234718856,21.314848279038795,True,
2026-07-30T01:01:00.282669+00:00,4312,-6.237042057899963,106.8269344210502,complex_corridor,FRC2,23,23,6,6,1,False,-6.237208807900389,106.82690797532604,18.770772040768108,True,
2026-07-30T01:01:00.549587+00:00,4383,-6.255330045001537,106.84307333999776,complex_corridor,FRC4,25,25,7,7,1,False,-6.255170245392188,106.84296367849294,21.509477825194235,True,
2026-07-30T01:01:00.829388+00:00,4421,-6.237577607899957,106.82686737105018,complex_corridor,FRC3,18,18,27,27,1,False,-6.237416698431964,106.82692406858013,18.95817050701808,True,
2026-07-30T01:01:01.094815+00:00,5234,-6.255677025000373,106.8431710999986,complex_corridor,FRC4,23,23,6,6,1,False,-6.25559934329838,106.84329627241084,16.310649749926508,True,
2026-07-30T01:01:01.362857+00:00,5259,-6.255508725000373,106.84360214999862,complex_corridor,FRC4,24,30,359,287,1,False,-6.255457199448482,106.84295563186589,71.6908067558573,True,
2026-07-30T01:01:01.640525+00:00,5296,-6.242909649999996,106.84406470000002,complex_corridor,FRC2,35,35,40,40,1,False,-6.24287098327402,106.84404058541264,5.0587612651154314,True,
2026-07-30T01:15:47.756263+00:00,703,-6.235444892859697,106.75583232857385,complex_corridor,FRC2,28,28,6,6,1.0,False,-6.235637002833079,106.75573958241279,23.694334982762854,True,
2026-07-30T01:15:48.044561+00:00,821,-6.288795825000754,106.77763638750048,complex_corridor,FRC1,9,31,121,35,1.0,False,-6.288676397337788,106.77774978959411,18.260596237349766,True,
2026-07-30T01:15:48.329111+00:00,1336,-6.235382350000007,106.7560557,complex_corridor,FRC2,27,27,9,9,1.0,False,-6.235851643158244,106.75634307944131,61.09133400248038,True,
2026-07-30T01:15:48.614109+00:00,2187,-6.234661449999994,106.7555585,complex_corridor,FRC2,39,39,18,18,1.0,False,-6.235295044618109,106.75596622907466,83.63486690954973,True,
2026-07-30T01:15:48.905178+00:00,2188,-6.233655599999991,106.75488135,complex_corridor,FRC2,30,30,32,32,1.0,False,-6.233742064909034,106.75495503627582,12.600808704103487,True,
2026-07-30T01:15:49.192739+00:00,2298,-6.288583799999989,106.77784095,complex_corridor,FRC1,29,40,482,350,1.0,False,-6.288634823320289,106.77780477487897,6.94084144102375,True,
2026-07-30T01:15:49.482621+00:00,2322,-6.2884621,106.7781152,complex_corridor,FRC1,14,25,100,56,0.97,False,-6.288455113550981,106.77822722279888,12.405765015820144,True,
2026-07-30T01:15:49.770283+00:00,2459,-6.23996075,106.79819865,complex_corridor,FRC3,18,27,631,420,1.0,False,-6.239927209643448,106.79835988366938,18.208192291717626,True,
2026-07-30T01:15:50.054894+00:00,2660,-6.288887410002579,106.77817204999796,complex_corridor,FRC1,14,16,31,27,1.0,False,-6.289080056713849,106.77821112954479,21.852459789678804,True,
2026-07-30T01:15:50.353312+00:00,2731,-6.240104349999994,106.79819525,complex_corridor,FRC1,21,21,285,285,1.0,False,-6.254711568502923,106.79717434728451,1628.1638385691926,False,
2026-07-30T01:15:50.641391+00:00,2979,-6.239918790000258,106.79844824999957,complex_corridor,FRC2,8,16,5,2,1.0,False,-6.239928542802509,106.79846583092547,2.2254395550977346,True,
2026-07-30T01:15:50.927102+00:00,3134,-6.2892448600025785,106.77855074999796,complex_corridor,FRC1,22,22,11,11,1.0,False,-6.289262432333267,106.778499467014,5.995427904385316,True,
2026-07-30T01:15:51.209375+00:00,3164,-6.239840140000258,106.79869149999956,complex_corridor,FRC2,24,24,145,145,1.0,False,-6.23981997364873,106.79856239045006,14.446370748590217,True,
2026-07-30T01:15:51.494070+00:00,3940,-6.242815700000143,106.84290446666662,complex_corridor,FRC2,21,21,19,19,1.0,False,-6.242610768682978,106.84288187111798,22.923789898286447,True,
2026-07-30T01:15:51.781808+00:00,3995,-6.2428431,106.8426503,complex_corridor,FRC2,32,32,8,8,1.0,False,-6.24270333943449,106.84230519617961,41.19038604817657,True,
2026-07-30T01:15:52.066256+00:00,4135,-6.242451300001405,106.84346441666648,complex_corridor,FRC3,22,27,19,15,1.0,False,-6.24264159782794,106.84303341592732,52.128779444682614,True,
2026-07-30T01:15:52.350695+00:00,4174,-6.242622250001264,106.84418269999986,complex_corridor,FRC3,21,21,14,14,1.0,False,-6.242365385288672,106.84405667866673,31.777844988721665,True,
2026-07-30T01:15:52.634232+00:00,4307,-6.237238257899974,106.8272395210502,complex_corridor,FRC2,13,21,9,6,0.99,False,-6.237236971031365,106.82743234718856,21.314848279038795,True,
2026-07-30T01:15:52.919513+00:00,4312,-6.237042057899963,106.8269344210502,complex_corridor,FRC2,23,23,6,6,1.0,False,-6.237208807900389,106.82690797532604,18.770772040768108,True,
2026-07-30T01:15:53.204969+00:00,4383,-6.255330045001537,106.84307333999776,complex_corridor,FRC4,25,25,7,7,1.0,False,-6.255170245392188,106.84296367849294,21.509477825194235,True,
2026-07-30T01:15:53.490855+00:00,4421,-6.237577607899957,106.82686737105018,complex_corridor,FRC3,18,18,27,27,1.0,False,-6.237416698431964,106.82692406858013,18.95817050701808,True,
2026-07-30T01:15:53.776012+00:00,5234,-6.255677025000373,106.8431710999986,complex_corridor,FRC4,23,23,6,6,1.0,False,-6.25559934329838,106.84329627241084,16.310649749926508,True,
2026-07-30T01:15:54.062976+00:00,5259,-6.255508725000373,106.84360214999862,complex_corridor,FRC4,23,29,374,297,1.0,False,-6.255457199448482,106.84295563186589,71.6908067558573,True,
2026-07-30T01:15:54.348024+00:00,5296,-6.242909649999996,106.84406470000002,complex_corridor,FRC2,35,35,40,40,1.0,False,-6.24287098327402,106.84404058541264,5.0587612651154314,True,
2026-07-30T01:30:56.355105+00:00,703,-6.235444892859697,106.75583232857385,complex_corridor,FRC2,28,28,6,6,1.0,False,-6.235637002833079,106.75573958241279,23.694334982762854,True,
2026-07-30T01:30:56.645482+00:00,821,-6.288795825000754,106.77763638750048,complex_corridor,FRC1,8,30,136,36,1.0,False,-6.288676397337788,106.77774978959411,18.260596237349766,True,
2026-07-30T01:30:56.936638+00:00,1336,-6.235382350000007,106.7560557,complex_corridor,FRC2,21,27,12,9,0.96,False,-6.235851643158244,106.75634307944131,61.09133400248038,True,
2026-07-30T01:30:57.228511+00:00,2187,-6.234661449999994,106.7555585,complex_corridor,FRC2,39,39,18,18,1.0,False,-6.235295044618109,106.75596622907466,83.63486690954973,True,
2026-07-30T01:30:57.517694+00:00,2188,-6.233655599999991,106.75488135,complex_corridor,FRC2,30,30,32,32,1.0,False,-6.233742064909034,106.75495503627582,12.600808704103487,True,
2026-07-30T01:30:57.802945+00:00,2298,-6.288583799999989,106.77784095,complex_corridor,FRC1,29,41,482,341,1.0,False,-6.288634823320289,106.77780477487897,6.94084144102375,True,
2026-07-30T01:30:58.091177+00:00,2322,-6.2884621,106.7781152,complex_corridor,FRC1,21,26,66,53,1.0,False,-6.288455113550981,106.77822722279888,12.405765015820144,True,
2026-07-30T01:30:58.382185+00:00,2459,-6.23996075,106.79819865,complex_corridor,FRC3,18,27,631,420,1.0,False,-6.239927209643448,106.79835988366938,18.208192291717626,True,
2026-07-30T01:30:58.674052+00:00,2660,-6.288887410002579,106.77817204999796,complex_corridor,FRC1,17,20,26,22,1.0,False,-6.289080056713849,106.77821112954479,21.852459789678804,True,
2026-07-30T01:30:58.959537+00:00,2731,-6.240104349999994,106.79819525,complex_corridor,FRC1,21,21,285,285,1.0,False,-6.254711568502923,106.79717434728451,1628.1638385691926,False,
2026-07-30T01:30:59.242737+00:00,2979,-6.239918790000258,106.79844824999957,complex_corridor,FRC2,6,15,7,2,1.0,False,-6.239928542802509,106.79846583092547,2.2254395550977346,True,
2026-07-30T01:30:59.531301+00:00,3134,-6.2892448600025785,106.77855074999796,complex_corridor,FRC1,11,21,23,12,1.0,False,-6.289262432333267,106.778499467014,5.995427904385316,True,
2026-07-30T01:30:59.826473+00:00,3164,-6.239840140000258,106.79869149999956,complex_corridor,FRC2,24,24,145,145,1.0,False,-6.23981997364873,106.79856239045006,14.446370748590217,True,
2026-07-30T01:31:00.111289+00:00,3940,-6.242815700000143,106.84290446666662,complex_corridor,FRC2,21,21,19,19,1.0,False,-6.242610768682978,106.84288187111798,22.923789898286447,True,
2026-07-30T01:31:00.395907+00:00,3995,-6.2428431,106.8426503,complex_corridor,FRC2,32,32,8,8,1.0,False,-6.24270333943449,106.84230519617961,41.19038604817657,True,
2026-07-30T01:31:00.688029+00:00,4135,-6.242451300001405,106.84346441666648,complex_corridor,FRC3,10,26,41,16,1.0,False,-6.24264159782794,106.84303341592732,52.128779444682614,True,
2026-07-30T01:31:00.973183+00:00,4174,-6.242622250001264,106.84418269999986,complex_corridor,FRC3,21,21,14,14,1.0,False,-6.242365385288672,106.84405667866673,31.777844988721665,True,
2026-07-30T01:31:01.260074+00:00,4307,-6.237238257899974,106.8272395210502,complex_corridor,FRC2,21,21,6,6,1.0,False,-6.237236971031365,106.82743234718856,21.314848279038795,True,
2026-07-30T01:31:01.547348+00:00,4312,-6.237042057899963,106.8269344210502,complex_corridor,FRC2,23,23,6,6,1.0,False,-6.237208807900389,106.82690797532604,18.770772040768108,True,
2026-07-30T01:31:01.835854+00:00,4383,-6.255330045001537,106.84307333999776,complex_corridor,FRC4,25,25,7,7,1.0,False,-6.255170245392188,106.84296367849294,21.509477825194235,True,
2026-07-30T01:31:02.121313+00:00,4421,-6.237577607899957,106.82686737105018,complex_corridor,FRC3,18,18,27,27,1.0,False,-6.237416698431964,106.82692406858013,18.95817050701808,True,
2026-07-30T01:31:02.410108+00:00,5234,-6.255677025000373,106.8431710999986,complex_corridor,FRC4,23,23,6,6,1.0,False,-6.25559934329838,106.84329627241084,16.310649749926508,True,
2026-07-30T01:31:02.696195+00:00,5259,-6.255508725000373,106.84360214999862,complex_corridor,FRC4,25,30,344,287,1.0,False,-6.255457199448482,106.84295563186589,71.6908067558573,True,
2026-07-30T01:31:02.979431+00:00,5296,-6.242909649999996,106.84406470000002,complex_corridor,FRC2,35,35,40,40,1.0,False,-6.24287098327402,106.84404058541264,5.0587612651154314,True,
2026-07-30T01:45:47.344435+00:00,703,-6.235444892859697,106.75583232857385,complex_corridor,FRC2,28,28,6,6,1.0,False,-6.235637002833079,106.75573958241279,23.694334982762854,True,
2026-07-30T01:45:47.631216+00:00,821,-6.288795825000754,106.77763638750048,complex_corridor,FRC1,12,32,91,34,1.0,False,-6.288676397337788,106.77774978959411,18.260596237349766,True,
2026-07-30T01:45:47.914695+00:00,1336,-6.235382350000007,106.7560557,complex_corridor,FRC2,20,26,13,10,0.98,False,-6.235851643158244,106.75634307944131,61.09133400248038,True,
2026-07-30T01:45:48.200551+00:00,2187,-6.234661449999994,106.7555585,complex_corridor,FRC2,39,39,18,18,1.0,False,-6.235295044618109,106.75596622907466,83.63486690954973,True,
2026-07-30T01:45:48.484861+00:00,2188,-6.233655599999991,106.75488135,complex_corridor,FRC2,30,30,32,32,1.0,False,-6.233742064909034,106.75495503627582,12.600808704103487,True,
2026-07-30T01:45:48.770381+00:00,2298,-6.288583799999989,106.77784095,complex_corridor,FRC1,29,41,482,341,1.0,False,-6.288634823320289,106.77780477487897,6.94084144102375,True,
2026-07-30T01:45:49.055672+00:00,2322,-6.2884621,106.7781152,complex_corridor,FRC1,14,26,100,53,1.0,False,-6.288455113550981,106.77822722279888,12.405765015820144,True,
2026-07-30T01:45:49.345640+00:00,2459,-6.23996075,106.79819865,complex_corridor,FRC3,18,27,631,420,1.0,False,-6.239927209643448,106.79835988366938,18.208192291717626,True,
2026-07-30T01:45:49.630983+00:00,2660,-6.288887410002579,106.77817204999796,complex_corridor,FRC1,16,19,27,23,1.0,False,-6.289080056713849,106.77821112954479,21.852459789678804,True,
2026-07-30T01:45:49.914153+00:00,2731,-6.240104349999994,106.79819525,complex_corridor,FRC1,21,21,285,285,1.0,False,-6.254711568502923,106.79717434728451,1628.1638385691926,False,
2026-07-30T01:45:50.196937+00:00,2979,-6.239918790000258,106.79844824999957,complex_corridor,FRC2,15,15,2,2,1.0,False,-6.239928542802509,106.79846583092547,2.2254395550977346,True,
2026-07-30T01:45:50.478621+00:00,3134,-6.2892448600025785,106.77855074999796,complex_corridor,FRC1,22,22,11,11,1.0,False,-6.289262432333267,106.778499467014,5.995427904385316,True,
2026-07-30T01:45:50.764691+00:00,3164,-6.239840140000258,106.79869149999956,complex_corridor,FRC2,24,24,145,145,1.0,False,-6.23981997364873,106.79856239045006,14.446370748590217,True,
2026-07-30T01:45:51.047725+00:00,3940,-6.242815700000143,106.84290446666662,complex_corridor,FRC2,21,21,19,19,1.0,False,-6.242610768682978,106.84288187111798,22.923789898286447,True,
2026-07-30T01:45:51.336376+00:00,3995,-6.2428431,106.8426503,complex_corridor,FRC2,32,32,8,8,1.0,False,-6.24270333943449,106.84230519617961,41.19038604817657,True,
2026-07-30T01:45:51.622678+00:00,4135,-6.242451300001405,106.84346441666648,complex_corridor,FRC3,17,26,24,16,1.0,False,-6.24264159782794,106.84303341592732,52.128779444682614,True,
2026-07-30T01:45:51.905096+00:00,4174,-6.242622250001264,106.84418269999986,complex_corridor,FRC3,21,21,14,14,1.0,False,-6.242365385288672,106.84405667866673,31.777844988721665,True,
2026-07-30T01:45:52.190723+00:00,4307,-6.237238257899974,106.8272395210502,complex_corridor,FRC2,21,21,6,6,1.0,False,-6.237236971031365,106.82743234718856,21.314848279038795,True,
2026-07-30T01:45:52.474411+00:00,4312,-6.237042057899963,106.8269344210502,complex_corridor,FRC2,23,23,6,6,1.0,False,-6.237208807900389,106.82690797532604,18.770772040768108,True,
2026-07-30T01:45:52.758436+00:00,4383,-6.255330045001537,106.84307333999776,complex_corridor,FRC4,25,25,7,7,1.0,False,-6.255170245392188,106.84296367849294,21.509477825194235,True,
2026-07-30T01:45:53.048509+00:00,4421,-6.237577607899957,106.82686737105018,complex_corridor,FRC3,18,18,27,27,1.0,False,-6.237416698431964,106.82692406858013,18.95817050701808,True,
2026-07-30T01:45:53.332101+00:00,5234,-6.255677025000373,106.8431710999986,complex_corridor,FRC4,23,23,6,6,1.0,False,-6.25559934329838,106.84329627241084,16.310649749926508,True,
2026-07-30T01:45:53.616652+00:00,5259,-6.255508725000373,106.84360214999862,complex_corridor,FRC4,30,30,287,287,1.0,False,-6.255457199448482,106.84295563186589,71.6908067558573,True,
2026-07-30T01:45:53.907285+00:00,5296,-6.242909649999996,106.84406470000002,complex_corridor,FRC2,19,34,74,41,1.0,False,-6.24287098327402,106.84404058541264,5.0587612651154314,True,
2026-07-30T02:01:01.532709+00:00,703,-6.235444892859697,106.75583232857385,complex_corridor,FRC2,28,28,6,6,1.0,False,-6.235637002833079,106.75573958241279,23.694334982762854,True,
2026-07-30T02:01:01.834583+00:00,821,-6.288795825000754,106.77763638750048,complex_corridor,FRC1,14,30,78,36,1.0,False,-6.288676397337788,106.77774978959411,18.260596237349766,True,
2026-07-30T02:01:02.136219+00:00,1336,-6.235382350000007,106.7560557,complex_corridor,FRC2,18,27,14,9,0.99,False,-6.235851643158244,106.75634307944131,61.09133400248038,True,
2026-07-30T02:01:02.438165+00:00,2187,-6.234661449999994,106.7555585,complex_corridor,FRC2,39,39,18,18,1.0,False,-6.235295044618109,106.75596622907466,83.63486690954973,True,
2026-07-30T02:01:02.738547+00:00,2188,-6.233655599999991,106.75488135,complex_corridor,FRC2,30,30,32,32,1.0,False,-6.233742064909034,106.75495503627582,12.600808704103487,True,
2026-07-30T02:01:03.040363+00:00,2298,-6.288583799999989,106.77784095,complex_corridor,FRC1,30,41,466,341,1.0,False,-6.288634823320289,106.77780477487897,6.94084144102375,True,
2026-07-30T02:01:03.340500+00:00,2322,-6.2884621,106.7781152,complex_corridor,FRC1,19,26,73,53,1.0,False,-6.288455113550981,106.77822722279888,12.405765015820144,True,
2026-07-30T02:01:03.649964+00:00,2459,-6.23996075,106.79819865,complex_corridor,FRC3,22,28,516,405,1.0,False,-6.239927209643448,106.79835988366938,18.208192291717626,True,
2026-07-30T02:01:03.949441+00:00,2660,-6.288887410002579,106.77817204999796,complex_corridor,FRC1,15,15,29,29,1.0,False,-6.289080056713849,106.77821112954479,21.852459789678804,True,
2026-07-30T02:01:04.249887+00:00,2731,-6.240104349999994,106.79819525,complex_corridor,FRC1,21,21,285,285,1.0,False,-6.254711568502923,106.79717434728451,1628.1638385691926,False,
2026-07-30T02:01:04.550635+00:00,2979,-6.239918790000258,106.79844824999957,complex_corridor,FRC2,11,15,3,2,1.0,False,-6.239928542802509,106.79846583092547,2.2254395550977346,True,
2026-07-30T02:01:04.851258+00:00,3134,-6.2892448600025785,106.77855074999796,complex_corridor,FRC1,10,21,26,12,1.0,False,-6.289262432333267,106.778499467014,5.995427904385316,True,
2026-07-30T02:01:05.158898+00:00,3164,-6.239840140000258,106.79869149999956,complex_corridor,FRC2,24,24,145,145,1.0,False,-6.23981997364873,106.79856239045006,14.446370748590217,True,
2026-07-30T02:01:05.457410+00:00,3940,-6.242815700000143,106.84290446666662,complex_corridor,FRC2,21,21,19,19,1.0,False,-6.242610768682978,106.84288187111798,22.923789898286447,True,
2026-07-30T02:01:05.763219+00:00,3995,-6.2428431,106.8426503,complex_corridor,FRC2,32,32,8,8,1.0,False,-6.24270333943449,106.84230519617961,41.19038604817657,True,
2026-07-30T02:01:06.062269+00:00,4135,-6.242451300001405,106.84346441666648,complex_corridor,FRC3,17,26,24,16,1.0,False,-6.24264159782794,106.84303341592732,52.128779444682614,True,
2026-07-30T02:01:06.362060+00:00,4174,-6.242622250001264,106.84418269999986,complex_corridor,FRC3,21,21,14,14,1.0,False,-6.242365385288672,106.84405667866673,31.777844988721665,True,
2026-07-30T02:01:06.661527+00:00,4307,-6.237238257899974,106.8272395210502,complex_corridor,FRC2,21,21,6,6,1.0,False,-6.237236971031365,106.82743234718856,21.314848279038795,True,
2026-07-30T02:01:06.960946+00:00,4312,-6.237042057899963,106.8269344210502,complex_corridor,FRC2,18,23,8,6,1.0,False,-6.237208807900389,106.82690797532604,18.770772040768108,True,
2026-07-30T02:01:07.259778+00:00,4383,-6.255330045001537,106.84307333999776,complex_corridor,FRC4,25,25,7,7,1.0,False,-6.255170245392188,106.84296367849294,21.509477825194235,True,
2026-07-30T02:01:07.558712+00:00,4421,-6.237577607899957,106.82686737105018,complex_corridor,FRC3,12,17,41,28,0.99,False,-6.237416698431964,106.82692406858013,18.95817050701808,True,
2026-07-30T02:01:07.857302+00:00,5234,-6.255677025000373,106.8431710999986,complex_corridor,FRC4,13,23,10,6,1.0,False,-6.25559934329838,106.84329627241084,16.310649749926508,True,
2026-07-30T02:01:08.171554+00:00,5259,-6.255508725000373,106.84360214999862,complex_corridor,FRC4,30,30,287,287,1.0,False,-6.255457199448482,106.84295563186589,71.6908067558573,True,
2026-07-30T02:01:08.469000+00:00,5296,-6.242909649999996,106.84406470000002,complex_corridor,FRC2,25,34,56,41,1.0,False,-6.24287098327402,106.84404058541264,5.0587612651154314,True,
2026-07-30T02:15:57.192103+00:00,703,-6.235444892859697,106.75583232857385,complex_corridor,FRC2,28,28,6,6,1.0,False,-6.235637002833079,106.75573958241279,23.694334982762854,True,
2026-07-30T02:15:57.484291+00:00,821,-6.288795825000754,106.77763638750048,complex_corridor,FRC1,11,28,99,39,0.99,False,-6.288676397337788,106.77774978959411,18.260596237349766,True,
2026-07-30T02:15:57.773229+00:00,1336,-6.235382350000007,106.7560557,complex_corridor,FRC2,27,27,9,9,1.0,False,-6.235851643158244,106.75634307944131,61.09133400248038,True,
2026-07-30T02:15:58.064427+00:00,2187,-6.234661449999994,106.7555585,complex_corridor,FRC2,39,39,18,18,1.0,False,-6.235295044618109,106.75596622907466,83.63486690954973,True,
2026-07-30T02:15:58.347048+00:00,2188,-6.233655599999991,106.75488135,complex_corridor,FRC2,30,30,32,32,1.0,False,-6.233742064909034,106.75495503627582,12.600808704103487,True,
2026-07-30T02:15:58.637617+00:00,2298,-6.288583799999989,106.77784095,complex_corridor,FRC1,27,40,518,350,1.0,False,-6.288634823320289,106.77780477487897,6.94084144102375,True,
2026-07-30T02:15:58.922079+00:00,2322,-6.2884621,106.7781152,complex_corridor,FRC1,14,25,100,56,0.99,False,-6.288455113550981,106.77822722279888,12.405765015820144,True,
2026-07-30T02:15:59.209154+00:00,2459,-6.23996075,106.79819865,complex_corridor,FRC3,20,27,568,420,1.0,False,-6.239927209643448,106.79835988366938,18.208192291717626,True,
2026-07-30T02:15:59.498037+00:00,2660,-6.288887410002579,106.77817204999796,complex_corridor,FRC1,15,17,29,26,1.0,False,-6.289080056713849,106.77821112954479,21.852459789678804,True,
2026-07-30T02:15:59.793805+00:00,2731,-6.240104349999994,106.79819525,complex_corridor,FRC1,21,21,285,285,1.0,False,-6.254711568502923,106.79717434728451,1628.1638385691926,False,
2026-07-30T02:16:00.076798+00:00,2979,-6.239918790000258,106.79844824999957,complex_corridor,FRC2,11,15,3,2,1.0,False,-6.239928542802509,106.79846583092547,2.2254395550977346,True,
2026-07-30T02:16:00.365026+00:00,3134,-6.2892448600025785,106.77855074999796,complex_corridor,FRC1,11,21,23,12,1.0,False,-6.289262432333267,106.778499467014,5.995427904385316,True,
2026-07-30T02:16:00.650882+00:00,3164,-6.239840140000258,106.79869149999956,complex_corridor,FRC2,24,24,145,145,1.0,False,-6.23981997364873,106.79856239045006,14.446370748590217,True,
2026-07-30T02:16:00.936262+00:00,3940,-6.242815700000143,106.84290446666662,complex_corridor,FRC2,21,21,19,19,1.0,False,-6.242610768682978,106.84288187111798,22.923789898286447,True,
2026-07-30T02:16:01.227011+00:00,3995,-6.2428431,106.8426503,complex_corridor,FRC2,32,32,8,8,1.0,False,-6.24270333943449,106.84230519617961,41.19038604817657,True,
2026-07-30T02:16:01.513164+00:00,4135,-6.242451300001405,106.84346441666648,complex_corridor,FRC3,27,27,15,15,1.0,False,-6.24264159782794,106.84303341592732,52.128779444682614,True,
2026-07-30T02:16:01.803789+00:00,4174,-6.242622250001264,106.84418269999986,complex_corridor,FRC3,21,21,14,14,1.0,False,-6.242365385288672,106.84405667866673,31.777844988721665,True,
2026-07-30T02:16:02.097897+00:00,4307,-6.237238257899974,106.8272395210502,complex_corridor,FRC2,21,21,6,6,1.0,False,-6.237236971031365,106.82743234718856,21.314848279038795,True,
2026-07-30T02:16:02.384868+00:00,4312,-6.237042057899963,106.8269344210502,complex_corridor,FRC2,13,23,11,6,1.0,False,-6.237208807900389,106.82690797532604,18.770772040768108,True,
2026-07-30T02:16:02.669599+00:00,4383,-6.255330045001537,106.84307333999776,complex_corridor,FRC4,25,25,7,7,1.0,False,-6.255170245392188,106.84296367849294,21.509477825194235,True,
2026-07-30T02:16:02.954751+00:00,4421,-6.237577607899957,106.82686737105018,complex_corridor,FRC3,18,18,27,27,1.0,False,-6.237416698431964,106.82692406858013,18.95817050701808,True,
2026-07-30T02:16:03.238438+00:00,5234,-6.255677025000373,106.8431710999986,complex_corridor,FRC4,23,23,6,6,1.0,False,-6.25559934329838,106.84329627241084,16.310649749926508,True,
2026-07-30T02:16:03.530657+00:00,5259,-6.255508725000373,106.84360214999862,complex_corridor,FRC4,24,29,359,297,0.997256,False,-6.255457199448482,106.84295563186589,71.6908067558573,True,
2026-07-30T02:16:03.815314+00:00,5296,-6.242909649999996,106.84406470000002,complex_corridor,FRC2,35,35,40,40,1.0,False,-6.24287098327402,106.84404058541264,5.0587612651154314,True,
2026-07-30T02:30:52.631888+00:00,703,-6.235444892859697,106.75583232857385,complex_corridor,FRC2,28,28,6,6,1.0,False,-6.235637002833079,106.75573958241279,23.694334982762854,True,
2026-07-30T02:30:52.904469+00:00,821,-6.288795825000754,106.77763638750048,complex_corridor,FRC1,20,31,54,35,0.99,False,-6.288676397337788,106.77774978959411,18.260596237349766,True,
2026-07-30T02:30:53.173839+00:00,1336,-6.235382350000007,106.7560557,complex_corridor,FRC2,27,27,9,9,1.0,False,-6.235851643158244,106.75634307944131,61.09133400248038,True,
2026-07-30T02:30:53.442925+00:00,2187,-6.234661449999994,106.7555585,complex_corridor,FRC2,39,39,18,18,1.0,False,-6.235295044618109,106.75596622907466,83.63486690954973,True,
2026-07-30T02:30:53.718198+00:00,2188,-6.233655599999991,106.75488135,complex_corridor,FRC2,30,30,32,32,1.0,False,-6.233742064909034,106.75495503627582,12.600808704103487,True,
2026-07-30T02:30:53.994218+00:00,2298,-6.288583799999989,106.77784095,complex_corridor,FRC1,29,41,482,341,1.0,False,-6.288634823320289,106.77780477487897,6.94084144102375,True,
2026-07-30T02:30:54.268511+00:00,2322,-6.2884621,106.7781152,complex_corridor,FRC1,26,26,53,53,1.0,False,-6.288455113550981,106.77822722279888,12.405765015820144,True,
2026-07-30T02:30:54.540551+00:00,2459,-6.23996075,106.79819865,complex_corridor,FRC3,19,27,597,420,1.0,False,-6.239927209643448,106.79835988366938,18.208192291717626,True,
2026-07-30T02:30:54.813610+00:00,2660,-6.288887410002579,106.77817204999796,complex_corridor,FRC1,15,15,29,29,1.0,False,-6.289080056713849,106.77821112954479,21.852459789678804,True,
2026-07-30T02:30:55.084526+00:00,2731,-6.240104349999994,106.79819525,complex_corridor,FRC1,17,20,353,300,1.0,False,-6.254711568502923,106.79717434728451,1628.1638385691926,False,
2026-07-30T02:30:55.355185+00:00,2979,-6.239918790000258,106.79844824999957,complex_corridor,FRC2,15,15,2,2,1.0,False,-6.239928542802509,106.79846583092547,2.2254395550977346,True,
2026-07-30T02:30:55.624641+00:00,3134,-6.2892448600025785,106.77855074999796,complex_corridor,FRC1,22,22,11,11,1.0,False,-6.289262432333267,106.778499467014,5.995427904385316,True,
2026-07-30T02:30:55.893614+00:00,3164,-6.239840140000258,106.79869149999956,complex_corridor,FRC2,24,24,145,145,1.0,False,-6.23981997364873,106.79856239045006,14.446370748590217,True,
2026-07-30T02:30:56.163533+00:00,3940,-6.242815700000143,106.84290446666662,complex_corridor,FRC2,21,21,19,19,1.0,False,-6.242610768682978,106.84288187111798,22.923789898286447,True,
2026-07-30T02:30:56.431888+00:00,3995,-6.2428431,106.8426503,complex_corridor,FRC2,32,32,8,8,1.0,False,-6.24270333943449,106.84230519617961,41.19038604817657,True,
2026-07-30T02:30:56.700432+00:00,4135,-6.242451300001405,106.84346441666648,complex_corridor,FRC3,18,27,23,15,1.0,False,-6.24264159782794,106.84303341592732,52.128779444682614,True,
2026-07-30T02:30:56.967532+00:00,4174,-6.242622250001264,106.84418269999986,complex_corridor,FRC3,21,21,14,14,1.0,False,-6.242365385288672,106.84405667866673,31.777844988721665,True,
2026-07-30T02:30:57.235742+00:00,4307,-6.237238257899974,106.8272395210502,complex_corridor,FRC2,21,21,6,6,1.0,False,-6.237236971031365,106.82743234718856,21.314848279038795,True,
2026-07-30T02:30:57.507186+00:00,4312,-6.237042057899963,106.8269344210502,complex_corridor,FRC2,23,23,6,6,1.0,False,-6.237208807900389,106.82690797532604,18.770772040768108,True,
2026-07-30T02:30:57.786902+00:00,4383,-6.255330045001537,106.84307333999776,complex_corridor,FRC4,25,25,7,7,1.0,False,-6.255170245392188,106.84296367849294,21.509477825194235,True,
2026-07-30T02:30:58.075119+00:00,4421,-6.237577607899957,106.82686737105018,complex_corridor,FRC3,18,18,27,27,1.0,False,-6.237416698431964,106.82692406858013,18.95817050701808,True,
2026-07-30T02:30:58.353026+00:00,5234,-6.255677025000373,106.8431710999986,complex_corridor,FRC4,11,23,12,6,1.0,False,-6.25559934329838,106.84329627241084,16.310649749926508,True,
2026-07-30T02:30:58.634596+00:00,5259,-6.255508725000373,106.84360214999862,complex_corridor,FRC4,23,29,374,297,0.997256,False,-6.255457199448482,106.84295563186589,71.6908067558573,True,
2026-07-30T02:30:58.905477+00:00,5296,-6.242909649999996,106.84406470000002,complex_corridor,FRC2,35,35,40,40,1.0,False,-6.24287098327402,106.84404058541264,5.0587612651154314,True,
2026-07-30T02:45:47.413955+00:00,703,-6.235444892859697,106.75583232857385,complex_corridor,FRC2,28,28,6,6,1.0,False,-6.235637002833079,106.75573958241279,23.694334982762854,True,
2026-07-30T02:45:47.679154+00:00,821,-6.288795825000754,106.77763638750048,complex_corridor,FRC1,15,30,73,36,0.99,False,-6.288676397337788,106.77774978959411,18.260596237349766,True,
2026-07-30T02:45:47.953399+00:00,1336,-6.235382350000007,106.7560557,complex_corridor,FRC2,21,27,12,9,1.0,False,-6.235851643158244,106.75634307944131,61.09133400248038,True,
2026-07-30T02:45:48.216773+00:00,2187,-6.234661449999994,106.7555585,complex_corridor,FRC2,39,39,18,18,1.0,False,-6.235295044618109,106.75596622907466,83.63486690954973,True,
2026-07-30T02:45:48.485689+00:00,2188,-6.233655599999991,106.75488135,complex_corridor,FRC2,30,30,32,32,1.0,False,-6.233742064909034,106.75495503627582,12.600808704103487,True,
2026-07-30T02:45:48.750123+00:00,2298,-6.288583799999989,106.77784095,complex_corridor,FRC1,25,40,560,350,1.0,False,-6.288634823320289,106.77780477487897,6.94084144102375,True,
2026-07-30T02:45:49.015339+00:00,2322,-6.2884621,106.7781152,complex_corridor,FRC1,11,25,127,56,0.99,False,-6.288455113550981,106.77822722279888,12.405765015820144,True,
2026-07-30T02:45:49.283174+00:00,2459,-6.23996075,106.79819865,complex_corridor,FRC3,18,27,631,420,1.0,False,-6.239927209643448,106.79835988366938,18.208192291717626,True,
2026-07-30T02:45:49.548899+00:00,2660,-6.288887410002579,106.77817204999796,complex_corridor,FRC1,10,15,44,29,1.0,False,-6.289080056713849,106.77821112954479,21.852459789678804,True,
2026-07-30T02:45:49.833597+00:00,2731,-6.240104349999994,106.79819525,complex_corridor,FRC1,18,21,333,285,1.0,False,-6.254711568502923,106.79717434728451,1628.1638385691926,False,
2026-07-30T02:45:50.101624+00:00,2979,-6.239918790000258,106.79844824999957,complex_corridor,FRC2,8,15,5,2,1.0,False,-6.239928542802509,106.79846583092547,2.2254395550977346,True,
2026-07-30T02:45:50.379563+00:00,3134,-6.2892448600025785,106.77855074999796,complex_corridor,FRC1,22,22,11,11,1.0,False,-6.289262432333267,106.778499467014,5.995427904385316,True,
2026-07-30T02:45:50.643570+00:00,3164,-6.239840140000258,106.79869149999956,complex_corridor,FRC2,24,24,145,145,1.0,False,-6.23981997364873,106.79856239045006,14.446370748590217,True,
2026-07-30T02:45:50.908443+00:00,3940,-6.242815700000143,106.84290446666662,complex_corridor,FRC2,21,21,19,19,1.0,False,-6.242610768682978,106.84288187111798,22.923789898286447,True,
2026-07-30T02:45:51.178430+00:00,3995,-6.2428431,106.8426503,complex_corridor,FRC2,32,32,8,8,1.0,False,-6.24270333943449,106.84230519617961,41.19038604817657,True,
2026-07-30T02:45:51.444475+00:00,4135,-6.242451300001405,106.84346441666648,complex_corridor,FRC3,16,26,26,16,1.0,False,-6.24264159782794,106.84303341592732,52.128779444682614,True,
2026-07-30T02:45:51.719145+00:00,4174,-6.242622250001264,106.84418269999986,complex_corridor,FRC3,21,21,14,14,1.0,False,-6.242365385288672,106.84405667866673,31.777844988721665,True,
2026-07-30T02:45:51.983771+00:00,4307,-6.237238257899974,106.8272395210502,complex_corridor,FRC2,11,21,11,6,1.0,False,-6.237236971031365,106.82743234718856,21.314848279038795,True,
2026-07-30T02:45:52.251037+00:00,4312,-6.237042057899963,106.8269344210502,complex_corridor,FRC2,16,22,9,6,1.0,False,-6.237208807900389,106.82690797532604,18.770772040768108,True,
2026-07-30T02:45:52.516798+00:00,4383,-6.255330045001537,106.84307333999776,complex_corridor,FRC4,25,25,7,7,1.0,False,-6.255170245392188,106.84296367849294,21.509477825194235,True,
2026-07-30T02:45:52.788228+00:00,4421,-6.237577607899957,106.82686737105018,complex_corridor,FRC3,11,18,44,27,0.93,False,-6.237416698431964,106.82692406858013,18.95817050701808,True,
2026-07-30T02:45:53.056209+00:00,5234,-6.255677025000373,106.8431710999986,complex_corridor,FRC4,23,23,6,6,1.0,False,-6.25559934329838,106.84329627241084,16.310649749926508,True,
2026-07-30T02:45:53.324853+00:00,5259,-6.255508725000373,106.84360214999862,complex_corridor,FRC4,23,30,374,287,0.99815,False,-6.255457199448482,106.84295563186589,71.6908067558573,True,
2026-07-30T02:45:53.592917+00:00,5296,-6.242909649999996,106.84406470000002,complex_corridor,FRC2,35,35,40,40,1.0,False,-6.24287098327402,106.84404058541264,5.0587612651154314,True,
2026-07-30T03:01:05.449910+00:00,703,-6.235444892859697,106.75583232857385,complex_corridor,FRC2,28,28,6,6,1.0,False,-6.235637002833079,106.75573958241279,23.694334982762854,True,
2026-07-30T03:01:05.715474+00:00,821,-6.288795825000754,106.77763638750048,complex_corridor,FRC1,31,31,35,35,1.0,False,-6.288676397337788,106.77774978959411,18.260596237349766,True,
2026-07-30T03:01:05.982913+00:00,1336,-6.235382350000007,106.7560557,complex_corridor,FRC2,21,26,12,10,0.99,False,-6.235851643158244,106.75634307944131,61.09133400248038,True,
2026-07-30T03:01:06.254279+00:00,2187,-6.234661449999994,106.7555585,complex_corridor,FRC2,39,39,18,18,1.0,False,-6.235295044618109,106.75596622907466,83.63486690954973,True,
2026-07-30T03:01:06.527360+00:00,2188,-6.233655599999991,106.75488135,complex_corridor,FRC2,30,30,32,32,1.0,False,-6.233742064909034,106.75495503627582,12.600808704103487,True,
2026-07-30T03:01:06.805610+00:00,2298,-6.288583799999989,106.77784095,complex_corridor,FRC1,24,40,583,350,1.0,False,-6.288634823320289,106.77780477487897,6.94084144102375,True,
2026-07-30T03:01:07.073917+00:00,2322,-6.2884621,106.7781152,complex_corridor,FRC1,26,26,53,53,1.0,False,-6.288455113550981,106.77822722279888,12.405765015820144,True,
2026-07-30T03:01:07.343227+00:00,2459,-6.23996075,106.79819865,complex_corridor,FRC3,17,27,668,420,1.0,False,-6.239927209643448,106.79835988366938,18.208192291717626,True,
2026-07-30T03:01:07.633985+00:00,2660,-6.288887410002579,106.77817204999796,complex_corridor,FRC1,15,15,29,29,1.0,False,-6.289080056713849,106.77821112954479,21.852459789678804,True,
2026-07-30T03:01:07.907056+00:00,2731,-6.240104349999994,106.79819525,complex_corridor,FRC1,16,20,375,300,1.0,False,-6.254711568502923,106.79717434728451,1628.1638385691926,False,
2026-07-30T03:01:08.171105+00:00,2979,-6.239918790000258,106.79844824999957,complex_corridor,FRC2,9,13,4,3,1.0,False,-6.239928542802509,106.79846583092547,2.2254395550977346,True,
2026-07-30T03:01:08.440929+00:00,3134,-6.2892448600025785,106.77855074999796,complex_corridor,FRC1,8,21,32,12,1.0,False,-6.289262432333267,106.778499467014,5.995427904385316,True,
2026-07-30T03:01:08.708467+00:00,3164,-6.239840140000258,106.79869149999956,complex_corridor,FRC2,24,24,145,145,1.0,False,-6.23981997364873,106.79856239045006,14.446370748590217,True,
2026-07-30T03:01:08.971664+00:00,3940,-6.242815700000143,106.84290446666662,complex_corridor,FRC2,21,21,19,19,1.0,False,-6.242610768682978,106.84288187111798,22.923789898286447,True,
2026-07-30T03:01:09.239499+00:00,3995,-6.2428431,106.8426503,complex_corridor,FRC2,32,32,8,8,1.0,False,-6.24270333943449,106.84230519617961,41.19038604817657,True,
2026-07-30T03:01:09.503177+00:00,4135,-6.242451300001405,106.84346441666648,complex_corridor,FRC3,27,27,15,15,1.0,False,-6.24264159782794,106.84303341592732,52.128779444682614,True,
2026-07-30T03:01:09.769636+00:00,4174,-6.242622250001264,106.84418269999986,complex_corridor,FRC3,21,21,14,14,1.0,False,-6.242365385288672,106.84405667866673,31.777844988721665,True,
2026-07-30T03:01:10.033224+00:00,4307,-6.237238257899974,106.8272395210502,complex_corridor,FRC2,3,20,43,6,1.0,False,-6.237236971031365,106.82743234718856,21.314848279038795,True,
2026-07-30T03:01:10.297670+00:00,4312,-6.237042057899963,106.8269344210502,complex_corridor,FRC2,23,23,6,6,1.0,False,-6.237208807900389,106.82690797532604,18.770772040768108,True,
2026-07-30T03:01:10.563210+00:00,4383,-6.255330045001537,106.84307333999776,complex_corridor,FRC4,25,25,7,7,1.0,False,-6.255170245392188,106.84296367849294,21.509477825194235,True,
2026-07-30T03:01:10.831222+00:00,4421,-6.237577607899957,106.82686737105018,complex_corridor,FRC3,2,17,246,28,0.96,False,-6.237416698431964,106.82692406858013,18.95817050701808,True,
2026-07-30T03:01:11.124043+00:00,5234,-6.255677025000373,106.8431710999986,complex_corridor,FRC4,9,24,15,5,1.0,False,-6.25559934329838,106.84329627241084,16.310649749926508,True,
2026-07-30T03:01:11.387032+00:00,5259,-6.255508725000373,106.84360214999862,complex_corridor,FRC4,23,30,374,287,0.997256,False,-6.255457199448482,106.84295563186589,71.6908067558573,True,
2026-07-30T03:01:11.654787+00:00,5296,-6.242909649999996,106.84406470000002,complex_corridor,FRC2,35,35,40,40,1.0,False,-6.24287098327402,106.84404058541264,5.0587612651154314,True,
2026-07-30T03:15:50.282824+00:00,703,-6.235444892859697,106.75583232857385,complex_corridor,FRC2,28,28,6,6,1.0,False,-6.235637002833079,106.75573958241279,23.694334982762854,True,
2026-07-30T03:15:50.586375+00:00,821,-6.288795825000754,106.77763638750048,complex_corridor,FRC1,25,31,43,35,0.99,False,-6.288676397337788,106.77774978959411,18.260596237349766,True,
2026-07-30T03:15:50.883679+00:00,1336,-6.235382350000007,106.7560557,complex_corridor,FRC2,27,27,9,9,1.0,False,-6.235851643158244,106.75634307944131,61.09133400248038,True,
2026-07-30T03:15:51.183254+00:00,2187,-6.234661449999994,106.7555585,complex_corridor,FRC2,39,39,18,18,1.0,False,-6.235295044618109,106.75596622907466,83.63486690954973,True,
2026-07-30T03:15:51.480438+00:00,2188,-6.233655599999991,106.75488135,complex_corridor,FRC2,30,30,32,32,1.0,False,-6.233742064909034,106.75495503627582,12.600808704103487,True,
2026-07-30T03:15:51.778744+00:00,2298,-6.288583799999989,106.77784095,complex_corridor,FRC1,28,40,500,350,1.0,False,-6.288634823320289,106.77780477487897,6.94084144102375,True,
2026-07-30T03:15:52.074165+00:00,2322,-6.2884621,106.7781152,complex_corridor,FRC1,26,26,53,53,1.0,False,-6.288455113550981,106.77822722279888,12.405765015820144,True,
2026-07-30T03:15:52.382060+00:00,2459,-6.23996075,106.79819865,complex_corridor,FRC3,19,27,597,420,1.0,False,-6.239927209643448,106.79835988366938,18.208192291717626,True,
2026-07-30T03:15:52.678488+00:00,2660,-6.288887410002579,106.77817204999796,complex_corridor,FRC1,15,15,29,29,1.0,False,-6.289080056713849,106.77821112954479,21.852459789678804,True,
2026-07-30T03:15:52.975679+00:00,2731,-6.240104349999994,106.79819525,complex_corridor,FRC1,14,20,428,300,1.0,False,-6.254711568502923,106.79717434728451,1628.1638385691926,False,
2026-07-30T03:15:53.271351+00:00,2979,-6.239918790000258,106.79844824999957,complex_corridor,FRC2,6,15,7,2,1.0,False,-6.239928542802509,106.79846583092547,2.2254395550977346,True,
2026-07-30T03:15:53.564528+00:00,3134,-6.2892448600025785,106.77855074999796,complex_corridor,FRC1,22,22,11,11,1.0,False,-6.289262432333267,106.778499467014,5.995427904385316,True,
2026-07-30T03:15:53.858831+00:00,3164,-6.239840140000258,106.79869149999956,complex_corridor,FRC2,20,24,174,145,1.0,False,-6.23981997364873,106.79856239045006,14.446370748590217,True,
2026-07-30T03:15:54.150247+00:00,3940,-6.242815700000143,106.84290446666662,complex_corridor,FRC2,21,21,19,19,1.0,False,-6.242610768682978,106.84288187111798,22.923789898286447,True,
2026-07-30T03:15:54.456956+00:00,3995,-6.2428431,106.8426503,complex_corridor,FRC2,32,32,8,8,1.0,False,-6.24270333943449,106.84230519617961,41.19038604817657,True,
2026-07-30T03:15:54.754526+00:00,4135,-6.242451300001405,106.84346441666648,complex_corridor,FRC3,19,26,22,16,1.0,False,-6.24264159782794,106.84303341592732,52.128779444682614,True,
2026-07-30T03:15:55.048124+00:00,4174,-6.242622250001264,106.84418269999986,complex_corridor,FRC3,21,21,14,14,1.0,False,-6.242365385288672,106.84405667866673,31.777844988721665,True,
2026-07-30T03:15:55.344107+00:00,4307,-6.237238257899974,106.8272395210502,complex_corridor,FRC2,21,21,6,6,1.0,False,-6.237236971031365,106.82743234718856,21.314848279038795,True,
2026-07-30T03:15:55.635881+00:00,4312,-6.237042057899963,106.8269344210502,complex_corridor,FRC2,23,23,6,6,1.0,False,-6.237208807900389,106.82690797532604,18.770772040768108,True,
2026-07-30T03:15:55.929952+00:00,4383,-6.255330045001537,106.84307333999776,complex_corridor,FRC4,15,25,12,7,1.0,False,-6.255170245392188,106.84296367849294,21.509477825194235,True,
2026-07-30T03:15:56.222272+00:00,4421,-6.237577607899957,106.82686737105018,complex_corridor,FRC3,10,17,49,28,0.97,False,-6.237416698431964,106.82692406858013,18.95817050701808,True,
2026-07-30T03:15:56.521686+00:00,5234,-6.255677025000373,106.8431710999986,complex_corridor,FRC4,23,23,6,6,1.0,False,-6.25559934329838,106.84329627241084,16.310649749926508,True,
2026-07-30T03:15:56.822071+00:00,5259,-6.255508725000373,106.84360214999862,complex_corridor,FRC4,21,29,410,297,1.0,False,-6.255457199448482,106.84295563186589,71.6908067558573,True,
2026-07-30T03:15:57.117594+00:00,5296,-6.242909649999996,106.84406470000002,complex_corridor,FRC2,35,35,40,40,1.0,False,-6.24287098327402,106.84404058541264,5.0587612651154314,True,
2026-07-30T03:31:16.943725+00:00,703,-6.235444892859697,106.75583232857385,complex_corridor,FRC2,28,28,6,6,1.0,False,-6.235637002833079,106.75573958241279,23.694334982762854,True,
2026-07-30T03:31:17.244583+00:00,821,-6.288795825000754,106.77763638750048,complex_corridor,FRC1,31,31,35,35,1.0,False,-6.288676397337788,106.77774978959411,18.260596237349766,True,
2026-07-30T03:31:17.547540+00:00,1336,-6.235382350000007,106.7560557,complex_corridor,FRC2,27,27,9,9,1.0,False,-6.235851643158244,106.75634307944131,61.09133400248038,True,
2026-07-30T03:31:17.854838+00:00,2187,-6.234661449999994,106.7555585,complex_corridor,FRC2,27,38,27,19,0.98,False,-6.235295044618109,106.75596622907466,83.63486690954973,True,
2026-07-30T03:31:18.167383+00:00,2188,-6.233655599999991,106.75488135,complex_corridor,FRC2,30,30,32,32,1.0,False,-6.233742064909034,106.75495503627582,12.600808704103487,True,
2026-07-30T03:31:18.471077+00:00,2298,-6.288583799999989,106.77784095,complex_corridor,FRC1,29,40,482,350,1.0,False,-6.288634823320289,106.77780477487897,6.94084144102375,True,
2026-07-30T03:31:18.771991+00:00,2322,-6.2884621,106.7781152,complex_corridor,FRC1,26,26,53,53,1.0,False,-6.288455113550981,106.77822722279888,12.405765015820144,True,
2026-07-30T03:31:19.075184+00:00,2459,-6.23996075,106.79819865,complex_corridor,FRC3,18,28,631,405,1.0,False,-6.239927209643448,106.79835988366938,18.208192291717626,True,
2026-07-30T03:31:19.378254+00:00,2660,-6.288887410002579,106.77817204999796,complex_corridor,FRC1,9,14,49,31,1.0,False,-6.289080056713849,106.77821112954479,21.852459789678804,True,
2026-07-30T03:31:19.680182+00:00,2731,-6.240104349999994,106.79819525,complex_corridor,FRC1,15,21,400,285,1.0,False,-6.254711568502923,106.79717434728451,1628.1638385691926,False,
2026-07-30T03:31:19.979482+00:00,2979,-6.239918790000258,106.79844824999957,complex_corridor,FRC2,15,15,2,2,1.0,False,-6.239928542802509,106.79846583092547,2.2254395550977346,True,
2026-07-30T03:31:20.280040+00:00,3134,-6.2892448600025785,106.77855074999796,complex_corridor,FRC1,17,21,15,12,1.0,False,-6.289262432333267,106.778499467014,5.995427904385316,True,
2026-07-30T03:31:20.584768+00:00,3164,-6.239840140000258,106.79869149999956,complex_corridor,FRC2,24,24,145,145,1.0,False,-6.23981997364873,106.79856239045006,14.446370748590217,True,
2026-07-30T03:31:20.884731+00:00,3940,-6.242815700000143,106.84290446666662,complex_corridor,FRC2,21,21,19,19,1.0,False,-6.242610768682978,106.84288187111798,22.923789898286447,True,
2026-07-30T03:31:21.188407+00:00,3995,-6.2428431,106.8426503,complex_corridor,FRC2,32,32,8,8,1.0,False,-6.24270333943449,106.84230519617961,41.19038604817657,True,
2026-07-30T03:31:21.494224+00:00,4135,-6.242451300001405,106.84346441666648,complex_corridor,FRC3,27,27,15,15,1.0,False,-6.24264159782794,106.84303341592732,52.128779444682614,True,
2026-07-30T03:31:21.793310+00:00,4174,-6.242622250001264,106.84418269999986,complex_corridor,FRC3,21,21,14,14,1.0,False,-6.242365385288672,106.84405667866673,31.777844988721665,True,
2026-07-30T03:31:22.095153+00:00,4307,-6.237238257899974,106.8272395210502,complex_corridor,FRC2,21,21,6,6,1.0,False,-6.237236971031365,106.82743234718856,21.314848279038795,True,
2026-07-30T03:31:22.400594+00:00,4312,-6.237042057899963,106.8269344210502,complex_corridor,FRC2,23,23,6,6,1.0,False,-6.237208807900389,106.82690797532604,18.770772040768108,True,
2026-07-30T03:31:22.701489+00:00,4383,-6.255330045001537,106.84307333999776,complex_corridor,FRC4,25,25,7,7,1.0,False,-6.255170245392188,106.84296367849294,21.509477825194235,True,
2026-07-30T03:31:23.001511+00:00,4421,-6.237577607899957,106.82686737105018,complex_corridor,FRC3,18,18,27,27,1.0,False,-6.237416698431964,106.82692406858013,18.95817050701808,True,
2026-07-30T03:31:23.300978+00:00,5234,-6.255677025000373,106.8431710999986,complex_corridor,FRC4,8,24,17,5,1.0,False,-6.25559934329838,106.84329627241084,16.310649749926508,True,
2026-07-30T03:31:23.600384+00:00,5259,-6.255508725000373,106.84360214999862,complex_corridor,FRC4,22,30,391,287,0.993158,False,-6.255457199448482,106.84295563186589,71.6908067558573,True,
2026-07-30T03:31:23.900649+00:00,5296,-6.242909649999996,106.84406470000002,complex_corridor,FRC2,35,35,40,40,1.0,False,-6.24287098327402,106.84404058541264,5.0587612651154314,True,
2026-07-30T03:45:47.787306+00:00,703,-6.235444892859697,106.75583232857385,complex_corridor,FRC2,28,28,6,6,1.0,False,-6.235637002833079,106.75573958241279,23.694334982762854,True,
2026-07-30T03:45:48.055610+00:00,821,-6.288795825000754,106.77763638750048,complex_corridor,FRC1,31,31,35,35,1.0,False,-6.288676397337788,106.77774978959411,18.260596237349766,True,
2026-07-30T03:45:48.337453+00:00,1336,-6.235382350000007,106.7560557,complex_corridor,FRC2,27,27,9,9,1.0,False,-6.235851643158244,106.75634307944131,61.09133400248038,True,
2026-07-30T03:45:48.603798+00:00,2187,-6.234661449999994,106.7555585,complex_corridor,FRC2,39,39,18,18,1.0,False,-6.235295044618109,106.75596622907466,83.63486690954973,True,
2026-07-30T03:45:48.873930+00:00,2188,-6.233655599999991,106.75488135,complex_corridor,FRC2,30,30,32,32,1.0,False,-6.233742064909034,106.75495503627582,12.600808704103487,True,
2026-07-30T03:45:49.140149+00:00,2298,-6.288583799999989,106.77784095,complex_corridor,FRC1,27,41,518,341,1.0,False,-6.288634823320289,106.77780477487897,6.94084144102375,True,
2026-07-30T03:45:49.403688+00:00,2322,-6.2884621,106.7781152,complex_corridor,FRC1,26,26,53,53,1.0,False,-6.288455113550981,106.77822722279888,12.405765015820144,True,
2026-07-30T03:45:49.677454+00:00,2459,-6.23996075,106.79819865,complex_corridor,FRC3,22,28,516,405,1.0,False,-6.239927209643448,106.79835988366938,18.208192291717626,True,
2026-07-30T03:45:49.940220+00:00,2660,-6.288887410002579,106.77817204999796,complex_corridor,FRC1,9,15,49,29,1.0,False,-6.289080056713849,106.77821112954479,21.852459789678804,True,
2026-07-30T03:45:50.202842+00:00,2731,-6.240104349999994,106.79819525,complex_corridor,FRC1,13,21,461,285,1.0,False,-6.254711568502923,106.79717434728451,1628.1638385691926,False,
2026-07-30T03:45:50.467683+00:00,2979,-6.239918790000258,106.79844824999957,complex_corridor,FRC2,15,15,2,2,1.0,False,-6.239928542802509,106.79846583092547,2.2254395550977346,True,
2026-07-30T03:45:50.732555+00:00,3134,-6.2892448600025785,106.77855074999796,complex_corridor,FRC1,14,22,18,11,1.0,False,-6.289262432333267,106.778499467014,5.995427904385316,True,
2026-07-30T03:45:50.995540+00:00,3164,-6.239840140000258,106.79869149999956,complex_corridor,FRC2,24,24,145,145,1.0,False,-6.23981997364873,106.79856239045006,14.446370748590217,True,
2026-07-30T03:45:51.263364+00:00,3940,-6.242815700000143,106.84290446666662,complex_corridor,FRC2,21,21,19,19,1.0,False,-6.242610768682978,106.84288187111798,22.923789898286447,True,
2026-07-30T03:45:51.528016+00:00,3995,-6.2428431,106.8426503,complex_corridor,FRC2,32,32,8,8,1.0,False,-6.24270333943449,106.84230519617961,41.19038604817657,True,
2026-07-30T03:45:51.789738+00:00,4135,-6.242451300001405,106.84346441666648,complex_corridor,FRC3,21,26,19,16,1.0,False,-6.24264159782794,106.84303341592732,52.128779444682614,True,
2026-07-30T03:45:52.054311+00:00,4174,-6.242622250001264,106.84418269999986,complex_corridor,FRC3,21,21,14,14,1.0,False,-6.242365385288672,106.84405667866673,31.777844988721665,True,
2026-07-30T03:45:52.321353+00:00,4307,-6.237238257899974,106.8272395210502,complex_corridor,FRC2,15,20,8,6,1.0,False,-6.237236971031365,106.82743234718856,21.314848279038795,True,
2026-07-30T03:45:52.584880+00:00,4312,-6.237042057899963,106.8269344210502,complex_corridor,FRC2,23,23,6,6,1.0,False,-6.237208807900389,106.82690797532604,18.770772040768108,True,
2026-07-30T03:45:52.850838+00:00,4383,-6.255330045001537,106.84307333999776,complex_corridor,FRC4,25,25,7,7,1.0,False,-6.255170245392188,106.84296367849294,21.509477825194235,True,
2026-07-30T03:45:53.118583+00:00,4421,-6.237577607899957,106.82686737105018,complex_corridor,FRC3,12,18,41,27,0.97,False,-6.237416698431964,106.82692406858013,18.95817050701808,True,
2026-07-30T03:45:53.382929+00:00,5234,-6.255677025000373,106.8431710999986,complex_corridor,FRC4,23,23,6,6,1.0,False,-6.25559934329838,106.84329627241084,16.310649749926508,True,
2026-07-30T03:45:53.649698+00:00,5259,-6.255508725000373,106.84360214999862,complex_corridor,FRC4,25,30,344,287,0.997256,False,-6.255457199448482,106.84295563186589,71.6908067558573,True,
2026-07-30T03:45:53.911609+00:00,5296,-6.242909649999996,106.84406470000002,complex_corridor,FRC2,35,35,40,40,1.0,False,-6.24287098327402,106.84404058541264,5.0587612651154314,True,
2026-07-30T04:00:58.409512+00:00,703,-6.235444892859697,106.75583232857385,complex_corridor,FRC2,28,28,6,6,1.0,False,-6.235637002833079,106.75573958241279,23.694334982762854,True,
2026-07-30T04:00:58.687205+00:00,821,-6.288795825000754,106.77763638750048,complex_corridor,FRC1,24,30,45,36,0.99,False,-6.288676397337788,106.77774978959411,18.260596237349766,True,
2026-07-30T04:00:58.956724+00:00,1336,-6.235382350000007,106.7560557,complex_corridor,FRC2,27,27,9,9,1.0,False,-6.235851643158244,106.75634307944131,61.09133400248038,True,
2026-07-30T04:00:59.228322+00:00,2187,-6.234661449999994,106.7555585,complex_corridor,FRC2,39,39,18,18,1.0,False,-6.235295044618109,106.75596622907466,83.63486690954973,True,
2026-07-30T04:00:59.501979+00:00,2188,-6.233655599999991,106.75488135,complex_corridor,FRC2,30,30,32,32,1.0,False,-6.233742064909034,106.75495503627582,12.600808704103487,True,
2026-07-30T04:00:59.777440+00:00,2298,-6.288583799999989,106.77784095,complex_corridor,FRC1,29,40,482,350,1.0,False,-6.288634823320289,106.77780477487897,6.94084144102375,True,
2026-07-30T04:01:00.053178+00:00,2322,-6.2884621,106.7781152,complex_corridor,FRC1,26,26,53,53,1.0,False,-6.288455113550981,106.77822722279888,12.405765015820144,True,
2026-07-30T04:01:00.325793+00:00,2459,-6.23996075,106.79819865,complex_corridor,FRC3,19,27,597,420,1.0,False,-6.239927209643448,106.79835988366938,18.208192291717626,True,
2026-07-30T04:01:00.594836+00:00,2660,-6.288887410002579,106.77817204999796,complex_corridor,FRC1,15,15,29,29,1.0,False,-6.289080056713849,106.77821112954479,21.852459789678804,True,
2026-07-30T04:01:00.869036+00:00,2731,-6.240104349999994,106.79819525,complex_corridor,FRC1,15,21,400,285,1.0,False,-6.254711568502923,106.79717434728451,1628.1638385691926,False,
2026-07-30T04:01:01.149148+00:00,2979,-6.239918790000258,106.79844824999957,complex_corridor,FRC2,15,15,2,2,1.0,False,-6.239928542802509,106.79846583092547,2.2254395550977346,True,
2026-07-30T04:01:01.420114+00:00,3134,-6.2892448600025785,106.77855074999796,complex_corridor,FRC1,14,21,18,12,1.0,False,-6.289262432333267,106.778499467014,5.995427904385316,True,
2026-07-30T04:01:01.690526+00:00,3164,-6.239840140000258,106.79869149999956,complex_corridor,FRC2,24,24,145,145,1.0,False,-6.23981997364873,106.79856239045006,14.446370748590217,True,
2026-07-30T04:01:01.967076+00:00,3940,-6.242815700000143,106.84290446666662,complex_corridor,FRC2,21,21,19,19,1.0,False,-6.242610768682978,106.84288187111798,22.923789898286447,True,
2026-07-30T04:01:02.238356+00:00,3995,-6.2428431,106.8426503,complex_corridor,FRC2,24,32,11,8,0.97,False,-6.24270333943449,106.84230519617961,41.19038604817657,True,
2026-07-30T04:01:02.518725+00:00,4135,-6.242451300001405,106.84346441666648,complex_corridor,FRC3,21,27,19,15,1.0,False,-6.24264159782794,106.84303341592732,52.128779444682614,True,
2026-07-30T04:01:02.784515+00:00,4174,-6.242622250001264,106.84418269999986,complex_corridor,FRC3,21,21,14,14,1.0,False,-6.242365385288672,106.84405667866673,31.777844988721665,True,
2026-07-30T04:01:03.064670+00:00,4307,-6.237238257899974,106.8272395210502,complex_corridor,FRC2,21,21,6,6,1.0,False,-6.237236971031365,106.82743234718856,21.314848279038795,True,
2026-07-30T04:01:03.338023+00:00,4312,-6.237042057899963,106.8269344210502,complex_corridor,FRC2,23,23,6,6,1.0,False,-6.237208807900389,106.82690797532604,18.770772040768108,True,
2026-07-30T04:01:03.608042+00:00,4383,-6.255330045001537,106.84307333999776,complex_corridor,FRC4,25,25,7,7,1.0,False,-6.255170245392188,106.84296367849294,21.509477825194235,True,
2026-07-30T04:01:03.879346+00:00,4421,-6.237577607899957,106.82686737105018,complex_corridor,FRC3,18,18,27,27,1.0,False,-6.237416698431964,106.82692406858013,18.95817050701808,True,
2026-07-30T04:01:04.148253+00:00,5234,-6.255677025000373,106.8431710999986,complex_corridor,FRC4,23,23,6,6,1.0,False,-6.25559934329838,106.84329627241084,16.310649749926508,True,
2026-07-30T04:01:04.416984+00:00,5259,-6.255508725000373,106.84360214999862,complex_corridor,FRC4,24,29,359,297,0.99815,False,-6.255457199448482,106.84295563186589,71.6908067558573,True,
2026-07-30T04:01:04.683209+00:00,5296,-6.242909649999996,106.84406470000002,complex_corridor,FRC2,17,34,83,41,1.0,False,-6.24287098327402,106.84404058541264,5.0587612651154314,True,
2026-07-30T04:16:00.057262+00:00,703,-6.235444892859697,106.75583232857385,complex_corridor,FRC2,28,28,6,6,1.0,False,-6.235637002833079,106.75573958241279,23.694334982762854,True,
2026-07-30T04:16:00.344289+00:00,821,-6.288795825000754,106.77763638750048,complex_corridor,FRC1,31,31,35,35,1.0,False,-6.288676397337788,106.77774978959411,18.260596237349766,True,
2026-07-30T04:16:00.633930+00:00,1336,-6.235382350000007,106.7560557,complex_corridor,FRC2,27,27,9,9,1.0,False,-6.235851643158244,106.75634307944131,61.09133400248038,True,
2026-07-30T04:16:00.921503+00:00,2187,-6.234661449999994,106.7555585,complex_corridor,FRC2,39,39,18,18,1.0,False,-6.235295044618109,106.75596622907466,83.63486690954973,True,
2026-07-30T04:16:01.205748+00:00,2188,-6.233655599999991,106.75488135,complex_corridor,FRC2,30,30,32,32,1.0,False,-6.233742064909034,106.75495503627582,12.600808704103487,True,
2026-07-30T04:16:01.495341+00:00,2298,-6.288583799999989,106.77784095,complex_corridor,FRC1,29,40,482,350,1.0,False,-6.288634823320289,106.77780477487897,6.94084144102375,True,
2026-07-30T04:16:01.783706+00:00,2322,-6.2884621,106.7781152,complex_corridor,FRC1,18,26,77,53,1.0,False,-6.288455113550981,106.77822722279888,12.405765015820144,True,
2026-07-30T04:16:02.076590+00:00,2459,-6.23996075,106.79819865,complex_corridor,FRC3,19,28,597,405,1.0,False,-6.239927209643448,106.79835988366938,18.208192291717626,True,
2026-07-30T04:16:02.370704+00:00,2660,-6.288887410002579,106.77817204999796,complex_corridor,FRC1,15,15,29,29,1.0,False,-6.289080056713849,106.77821112954479,21.852459789678804,True,
2026-07-30T04:16:02.659199+00:00,2731,-6.240104349999994,106.79819525,complex_corridor,FRC1,15,21,400,285,1.0,False,-6.254711568502923,106.79717434728451,1628.1638385691926,False,
2026-07-30T04:16:02.943817+00:00,2979,-6.239918790000258,106.79844824999957,complex_corridor,FRC2,15,15,2,2,1.0,False,-6.239928542802509,106.79846583092547,2.2254395550977346,True,
2026-07-30T04:16:03.227199+00:00,3134,-6.2892448600025785,106.77855074999796,complex_corridor,FRC1,16,22,16,11,1.0,False,-6.289262432333267,106.778499467014,5.995427904385316,True,
2026-07-30T04:16:03.512575+00:00,3164,-6.239840140000258,106.79869149999956,complex_corridor,FRC2,24,24,145,145,1.0,False,-6.23981997364873,106.79856239045006,14.446370748590217,True,
2026-07-30T04:16:03.796193+00:00,3940,-6.242815700000143,106.84290446666662,complex_corridor,FRC2,21,21,19,19,1.0,False,-6.242610768682978,106.84288187111798,22.923789898286447,True,
2026-07-30T04:16:04.082180+00:00,3995,-6.2428431,106.8426503,complex_corridor,FRC2,25,30,11,9,0.88,False,-6.24270333943449,106.84230519617961,41.19038604817657,True,
2026-07-30T04:16:04.367813+00:00,4135,-6.242451300001405,106.84346441666648,complex_corridor,FRC3,27,27,15,15,1.0,False,-6.24264159782794,106.84303341592732,52.128779444682614,True,
2026-07-30T04:16:04.651154+00:00,4174,-6.242622250001264,106.84418269999986,complex_corridor,FRC3,21,21,14,14,1.0,False,-6.242365385288672,106.84405667866673,31.777844988721665,True,
2026-07-30T04:16:04.935245+00:00,4307,-6.237238257899974,106.8272395210502,complex_corridor,FRC2,14,21,9,6,1.0,False,-6.237236971031365,106.82743234718856,21.314848279038795,True,
2026-07-30T04:16:05.220122+00:00,4312,-6.237042057899963,106.8269344210502,complex_corridor,FRC2,18,23,8,6,1.0,False,-6.237208807900389,106.82690797532604,18.770772040768108,True,
2026-07-30T04:16:05.507698+00:00,4383,-6.255330045001537,106.84307333999776,complex_corridor,FRC4,25,25,7,7,1.0,False,-6.255170245392188,106.84296367849294,21.509477825194235,True,
2026-07-30T04:16:05.793886+00:00,4421,-6.237577607899957,106.82686737105018,complex_corridor,FRC3,12,18,41,27,0.99,False,-6.237416698431964,106.82692406858013,18.95817050701808,True,
2026-07-30T04:16:06.078523+00:00,5234,-6.255677025000373,106.8431710999986,complex_corridor,FRC4,23,23,6,6,1.0,False,-6.25559934329838,106.84329627241084,16.310649749926508,True,
2026-07-30T04:16:06.362442+00:00,5259,-6.255508725000373,106.84360214999862,complex_corridor,FRC4,22,29,391,297,0.996099,False,-6.255457199448482,106.84295563186589,71.6908067558573,True,
2026-07-30T04:16:06.647095+00:00,5296,-6.242909649999996,106.84406470000002,complex_corridor,FRC2,26,35,54,40,1.0,False,-6.24287098327402,106.84404058541264,5.0587612651154314,True,
2026-07-30T04:30:52.400305+00:00,703,-6.235444892859697,106.75583232857385,complex_corridor,FRC2,28,28,6,6,1.0,False,-6.235637002833079,106.75573958241279,23.694334982762854,True,
2026-07-30T04:30:52.690861+00:00,821,-6.288795825000754,106.77763638750048,complex_corridor,FRC1,31,31,35,35,1.0,False,-6.288676397337788,106.77774978959411,18.260596237349766,True,
2026-07-30T04:30:52.998885+00:00,1336,-6.235382350000007,106.7560557,complex_corridor,FRC2,27,27,9,9,1.0,False,-6.235851643158244,106.75634307944131,61.09133400248038,True,
2026-07-30T04:30:53.290434+00:00,2187,-6.234661449999994,106.7555585,complex_corridor,FRC2,39,39,18,18,1.0,False,-6.235295044618109,106.75596622907466,83.63486690954973,True,
2026-07-30T04:30:53.590406+00:00,2188,-6.233655599999991,106.75488135,complex_corridor,FRC2,30,30,32,32,1.0,False,-6.233742064909034,106.75495503627582,12.600808704103487,True,
2026-07-30T04:30:53.887853+00:00,2298,-6.288583799999989,106.77784095,complex_corridor,FRC1,28,41,500,341,1.0,False,-6.288634823320289,106.77780477487897,6.94084144102375,True,
2026-07-30T04:30:54.180210+00:00,2322,-6.2884621,106.7781152,complex_corridor,FRC1,26,26,53,53,1.0,False,-6.288455113550981,106.77822722279888,12.405765015820144,True,
2026-07-30T04:30:54.482657+00:00,2459,-6.23996075,106.79819865,complex_corridor,FRC3,14,27,811,420,1.0,False,-6.239927209643448,106.79835988366938,18.208192291717626,True,
2026-07-30T04:30:54.777330+00:00,2660,-6.288887410002579,106.77817204999796,complex_corridor,FRC1,15,15,29,29,1.0,False,-6.289080056713849,106.77821112954479,21.852459789678804,True,
2026-07-30T04:30:55.073777+00:00,2731,-6.240104349999994,106.79819525,complex_corridor,FRC1,14,21,428,285,1.0,False,-6.254711568502923,106.79717434728451,1628.1638385691926,False,
2026-07-30T04:30:55.367752+00:00,2979,-6.239918790000258,106.79844824999957,complex_corridor,FRC2,15,15,2,2,1.0,False,-6.239928542802509,106.79846583092547,2.2254395550977346,True,
2026-07-30T04:30:55.663075+00:00,3134,-6.2892448600025785,106.77855074999796,complex_corridor,FRC1,17,22,15,11,1.0,False,-6.289262432333267,106.778499467014,5.995427904385316,True,
2026-07-30T04:30:55.954635+00:00,3164,-6.239840140000258,106.79869149999956,complex_corridor,FRC2,24,24,145,145,1.0,False,-6.23981997364873,106.79856239045006,14.446370748590217,True,
2026-07-30T04:30:56.262798+00:00,3940,-6.242815700000143,106.84290446666662,complex_corridor,FRC2,21,21,19,19,1.0,False,-6.242610768682978,106.84288187111798,22.923789898286447,True,
2026-07-30T04:30:56.562376+00:00,3995,-6.2428431,106.8426503,complex_corridor,FRC2,32,32,8,8,1.0,False,-6.24270333943449,106.84230519617961,41.19038604817657,True,
2026-07-30T04:30:56.868946+00:00,4135,-6.242451300001405,106.84346441666648,complex_corridor,FRC3,27,27,15,15,1.0,False,-6.24264159782794,106.84303341592732,52.128779444682614,True,
2026-07-30T04:30:57.169377+00:00,4174,-6.242622250001264,106.84418269999986,complex_corridor,FRC3,21,21,14,14,1.0,False,-6.242365385288672,106.84405667866673,31.777844988721665,True,
2026-07-30T04:30:57.472155+00:00,4307,-6.237238257899974,106.8272395210502,complex_corridor,FRC2,21,21,6,6,1.0,False,-6.237236971031365,106.82743234718856,21.314848279038795,True,
2026-07-30T04:30:57.768740+00:00,4312,-6.237042057899963,106.8269344210502,complex_corridor,FRC2,18,22,8,6,1.0,False,-6.237208807900389,106.82690797532604,18.770772040768108,True,
2026-07-30T04:30:58.064724+00:00,4383,-6.255330045001537,106.84307333999776,complex_corridor,FRC4,25,25,7,7,1.0,False,-6.255170245392188,106.84296367849294,21.509477825194235,True,
2026-07-30T04:30:58.368655+00:00,4421,-6.237577607899957,106.82686737105018,complex_corridor,FRC3,13,17,37,28,1.0,False,-6.237416698431964,106.82692406858013,18.95817050701808,True,
2026-07-30T04:30:58.667927+00:00,5234,-6.255677025000373,106.8431710999986,complex_corridor,FRC4,23,23,6,6,1.0,False,-6.25559934329838,106.84329627241084,16.310649749926508,True,
2026-07-30T04:30:58.960279+00:00,5259,-6.255508725000373,106.84360214999862,complex_corridor,FRC4,23,30,374,287,0.991926,False,-6.255457199448482,106.84295563186589,71.6908067558573,True,
2026-07-30T04:30:59.255340+00:00,5296,-6.242909649999996,106.84406470000002,complex_corridor,FRC2,25,35,56,40,1.0,False,-6.24287098327402,106.84404058541264,5.0587612651154314,True,
2026-07-30T04:45:48.944235+00:00,703,-6.235444892859697,106.75583232857385,complex_corridor,FRC2,28,28,6,6,1.0,False,-6.235637002833079,106.75573958241279,23.694334982762854,True,
2026-07-30T04:45:49.219802+00:00,821,-6.288795825000754,106.77763638750048,complex_corridor,FRC1,31,31,35,35,1.0,False,-6.288676397337788,106.77774978959411,18.260596237349766,True,
2026-07-30T04:45:49.489104+00:00,1336,-6.235382350000007,106.7560557,complex_corridor,FRC2,27,27,9,9,1.0,False,-6.235851643158244,106.75634307944131,61.09133400248038,True,
2026-07-30T04:45:49.760566+00:00,2187,-6.234661449999994,106.7555585,complex_corridor,FRC2,39,39,18,18,1.0,False,-6.235295044618109,106.75596622907466,83.63486690954973,True,
2026-07-30T04:45:50.032763+00:00,2188,-6.233655599999991,106.75488135,complex_corridor,FRC2,30,30,32,32,1.0,False,-6.233742064909034,106.75495503627582,12.600808704103487,True,
2026-07-30T04:45:50.302853+00:00,2298,-6.288583799999989,106.77784095,complex_corridor,FRC1,26,40,538,350,1.0,False,-6.288634823320289,106.77780477487897,6.94084144102375,True,
2026-07-30T04:45:50.568821+00:00,2322,-6.2884621,106.7781152,complex_corridor,FRC1,26,26,53,53,1.0,False,-6.288455113550981,106.77822722279888,12.405765015820144,True,
2026-07-30T04:45:50.832375+00:00,2459,-6.23996075,106.79819865,complex_corridor,FRC3,18,27,631,420,1.0,False,-6.239927209643448,106.79835988366938,18.208192291717626,True,
2026-07-30T04:45:51.095690+00:00,2660,-6.288887410002579,106.77817204999796,complex_corridor,FRC1,10,14,44,31,1.0,False,-6.289080056713849,106.77821112954479,21.852459789678804,True,
2026-07-30T04:45:51.364260+00:00,2731,-6.240104349999994,106.79819525,complex_corridor,FRC1,17,21,353,285,1.0,False,-6.254711568502923,106.79717434728451,1628.1638385691926,False,
2026-07-30T04:45:51.632886+00:00,2979,-6.239918790000258,106.79844824999957,complex_corridor,FRC2,9,13,4,3,1.0,False,-6.239928542802509,106.79846583092547,2.2254395550977346,True,
2026-07-30T04:45:51.897637+00:00,3134,-6.2892448600025785,106.77855074999796,complex_corridor,FRC1,11,22,23,11,1.0,False,-6.289262432333267,106.778499467014,5.995427904385316,True,
2026-07-30T04:45:52.172548+00:00,3164,-6.239840140000258,106.79869149999956,complex_corridor,FRC2,24,24,145,145,1.0,False,-6.23981997364873,106.79856239045006,14.446370748590217,True,
2026-07-30T04:45:52.434604+00:00,3940,-6.242815700000143,106.84290446666662,complex_corridor,FRC2,21,21,19,19,1.0,False,-6.242610768682978,106.84288187111798,22.923789898286447,True,
2026-07-30T04:45:52.698051+00:00,3995,-6.2428431,106.8426503,complex_corridor,FRC2,32,32,8,8,1.0,False,-6.24270333943449,106.84230519617961,41.19038604817657,True,
2026-07-30T04:45:52.960415+00:00,4135,-6.242451300001405,106.84346441666648,complex_corridor,FRC3,27,27,15,15,1.0,False,-6.24264159782794,106.84303341592732,52.128779444682614,True,
2026-07-30T04:45:53.224233+00:00,4174,-6.242622250001264,106.84418269999986,complex_corridor,FRC3,21,21,14,14,1.0,False,-6.242365385288672,106.84405667866673,31.777844988721665,True,
2026-07-30T04:45:53.488131+00:00,4307,-6.237238257899974,106.8272395210502,complex_corridor,FRC2,21,21,6,6,1.0,False,-6.237236971031365,106.82743234718856,21.314848279038795,True,
2026-07-30T04:45:53.755687+00:00,4312,-6.237042057899963,106.8269344210502,complex_corridor,FRC2,23,23,6,6,1.0,False,-6.237208807900389,106.82690797532604,18.770772040768108,True,
2026-07-30T04:45:54.047771+00:00,4383,-6.255330045001537,106.84307333999776,complex_corridor,FRC4,13,25,13,7,0.99,False,-6.255170245392188,106.84296367849294,21.509477825194235,True,
2026-07-30T04:45:54.311726+00:00,4421,-6.237577607899957,106.82686737105018,complex_corridor,FRC3,18,18,27,27,1.0,False,-6.237416698431964,106.82692406858013,18.95817050701808,True,
2026-07-30T04:45:54.577996+00:00,5234,-6.255677025000373,106.8431710999986,complex_corridor,FRC4,23,23,6,6,1.0,False,-6.25559934329838,106.84329627241084,16.310649749926508,True,
2026-07-30T04:45:54.852287+00:00,5259,-6.255508725000373,106.84360214999862,complex_corridor,FRC4,30,30,287,287,1.0,False,-6.255457199448482,106.84295563186589,71.6908067558573,True,
2026-07-30T04:45:55.122354+00:00,5296,-6.242909649999996,106.84406470000002,complex_corridor,FRC2,25,35,56,40,1.0,False,-6.24287098327402,106.84404058541264,5.0587612651154314,True,
2026-07-30T05:01:00.108275+00:00,703,-6.235444892859697,106.75583232857385,complex_corridor,FRC2,28,28,6,6,1.0,False,-6.235637002833079,106.75573958241279,23.694334982762854,True,
2026-07-30T05:01:00.386885+00:00,821,-6.288795825000754,106.77763638750048,complex_corridor,FRC1,31,31,35,35,1.0,False,-6.288676397337788,106.77774978959411,18.260596237349766,True,
2026-07-30T05:01:00.660236+00:00,1336,-6.235382350000007,106.7560557,complex_corridor,FRC2,27,27,9,9,1.0,False,-6.235851643158244,106.75634307944131,61.09133400248038,True,
2026-07-30T05:01:00.937375+00:00,2187,-6.234661449999994,106.7555585,complex_corridor,FRC2,39,39,18,18,1.0,False,-6.235295044618109,106.75596622907466,83.63486690954973,True,
2026-07-30T05:01:01.210573+00:00,2188,-6.233655599999991,106.75488135,complex_corridor,FRC2,30,30,32,32,1.0,False,-6.233742064909034,106.75495503627582,12.600808704103487,True,
2026-07-30T05:01:01.495125+00:00,2298,-6.288583799999989,106.77784095,complex_corridor,FRC1,29,41,482,341,1.0,False,-6.288634823320289,106.77780477487897,6.94084144102375,True,
2026-07-30T05:01:01.770795+00:00,2322,-6.2884621,106.7781152,complex_corridor,FRC1,26,26,53,53,1.0,False,-6.288455113550981,106.77822722279888,12.405765015820144,True,
2026-07-30T05:01:02.060253+00:00,2459,-6.23996075,106.79819865,complex_corridor,FRC3,17,27,668,420,1.0,False,-6.239927209643448,106.79835988366938,18.208192291717626,True,
2026-07-30T05:01:02.334390+00:00,2660,-6.288887410002579,106.77817204999796,complex_corridor,FRC1,15,15,29,29,1.0,False,-6.289080056713849,106.77821112954479,21.852459789678804,True,
2026-07-30T05:01:02.610931+00:00,2731,-6.240104349999994,106.79819525,complex_corridor,FRC1,16,21,375,285,1.0,False,-6.254711568502923,106.79717434728451,1628.1638385691926,False,
2026-07-30T05:01:02.882200+00:00,2979,-6.239918790000258,106.79844824999957,complex_corridor,FRC2,15,15,2,2,1.0,False,-6.239928542802509,106.79846583092547,2.2254395550977346,True,
2026-07-30T05:01:03.151645+00:00,3134,-6.2892448600025785,106.77855074999796,complex_corridor,FRC1,14,21,18,12,1.0,False,-6.289262432333267,106.778499467014,5.995427904385316,True,
2026-07-30T05:01:03.426705+00:00,3164,-6.239840140000258,106.79869149999956,complex_corridor,FRC2,24,24,145,145,1.0,False,-6.23981997364873,106.79856239045006,14.446370748590217,True,
2026-07-30T05:01:03.696927+00:00,3940,-6.242815700000143,106.84290446666662,complex_corridor,FRC2,21,21,19,19,1.0,False,-6.242610768682978,106.84288187111798,22.923789898286447,True,
2026-07-30T05:01:03.966295+00:00,3995,-6.2428431,106.8426503,complex_corridor,FRC2,32,32,8,8,1.0,False,-6.24270333943449,106.84230519617961,41.19038604817657,True,
2026-07-30T05:01:04.240275+00:00,4135,-6.242451300001405,106.84346441666648,complex_corridor,FRC3,27,27,15,15,1.0,False,-6.24264159782794,106.84303341592732,52.128779444682614,True,
2026-07-30T05:01:04.509653+00:00,4174,-6.242622250001264,106.84418269999986,complex_corridor,FRC3,21,21,14,14,1.0,False,-6.242365385288672,106.84405667866673,31.777844988721665,True,
2026-07-30T05:01:04.780338+00:00,4307,-6.237238257899974,106.8272395210502,complex_corridor,FRC2,10,20,12,6,0.99,False,-6.237236971031365,106.82743234718856,21.314848279038795,True,
2026-07-30T05:01:05.051131+00:00,4312,-6.237042057899963,106.8269344210502,complex_corridor,FRC2,23,23,6,6,1.0,False,-6.237208807900389,106.82690797532604,18.770772040768108,True,
2026-07-30T05:01:05.326170+00:00,4383,-6.255330045001537,106.84307333999776,complex_corridor,FRC4,25,25,7,7,1.0,False,-6.255170245392188,106.84296367849294,21.509477825194235,True,
2026-07-30T05:01:05.601878+00:00,4421,-6.237577607899957,106.82686737105018,complex_corridor,FRC3,11,17,44,28,1.0,False,-6.237416698431964,106.82692406858013,18.95817050701808,True,
2026-07-30T05:01:05.873332+00:00,5234,-6.255677025000373,106.8431710999986,complex_corridor,FRC4,23,23,6,6,1.0,False,-6.25559934329838,106.84329627241084,16.310649749926508,True,
2026-07-30T05:01:06.168931+00:00,5259,-6.255508725000373,106.84360214999862,complex_corridor,FRC4,30,30,287,287,1.0,False,-6.255457199448482,106.84295563186589,71.6908067558573,True,
2026-07-30T05:01:06.440237+00:00,5296,-6.242909649999996,106.84406470000002,complex_corridor,FRC2,19,34,74,41,1.0,False,-6.24287098327402,106.84404058541264,5.0587612651154314,True,
2026-07-30T05:15:55.989172+00:00,703,-6.235444892859697,106.75583232857385,complex_corridor,FRC2,28,28,6,6,1.0,False,-6.235637002833079,106.75573958241279,23.694334982762854,True,
2026-07-30T05:15:56.289041+00:00,821,-6.288795825000754,106.77763638750048,complex_corridor,FRC1,31,31,35,35,1.0,False,-6.288676397337788,106.77774978959411,18.260596237349766,True,
2026-07-30T05:15:56.593304+00:00,1336,-6.235382350000007,106.7560557,complex_corridor,FRC2,27,27,9,9,1.0,False,-6.235851643158244,106.75634307944131,61.09133400248038,True,
2026-07-30T05:15:56.894936+00:00,2187,-6.234661449999994,106.7555585,complex_corridor,FRC2,39,39,18,18,1.0,False,-6.235295044618109,106.75596622907466,83.63486690954973,True,
2026-07-30T05:15:57.200969+00:00,2188,-6.233655599999991,106.75488135,complex_corridor,FRC2,18,30,53,32,0.99,False,-6.233742064909034,106.75495503627582,12.600808704103487,True,
2026-07-30T05:15:57.503118+00:00,2298,-6.288583799999989,106.77784095,complex_corridor,FRC1,25,41,560,341,1.0,False,-6.288634823320289,106.77780477487897,6.94084144102375,True,
2026-07-30T05:15:57.807685+00:00,2322,-6.2884621,106.7781152,complex_corridor,FRC1,26,26,53,53,1.0,False,-6.288455113550981,106.77822722279888,12.405765015820144,True,
2026-07-30T05:15:58.109843+00:00,2459,-6.23996075,106.79819865,complex_corridor,FRC3,16,27,710,420,1.0,False,-6.239927209643448,106.79835988366938,18.208192291717626,True,
2026-07-30T05:15:58.411643+00:00,2660,-6.288887410002579,106.77817204999796,complex_corridor,FRC1,15,15,29,29,1.0,False,-6.289080056713849,106.77821112954479,21.852459789678804,True,
2026-07-30T05:15:58.716277+00:00,2731,-6.240104349999994,106.79819525,complex_corridor,FRC1,14,21,428,285,1.0,False,-6.254711568502923,106.79717434728451,1628.1638385691926,False,
2026-07-30T05:15:59.022472+00:00,2979,-6.239918790000258,106.79844824999957,complex_corridor,FRC2,15,15,2,2,1.0,False,-6.239928542802509,106.79846583092547,2.2254395550977346,True,
2026-07-30T05:15:59.323659+00:00,3134,-6.2892448600025785,106.77855074999796,complex_corridor,FRC1,13,21,20,12,1.0,False,-6.289262432333267,106.778499467014,5.995427904385316,True,
2026-07-30T05:15:59.622659+00:00,3164,-6.239840140000258,106.79869149999956,complex_corridor,FRC2,18,24,193,145,1.0,False,-6.23981997364873,106.79856239045006,14.446370748590217,True,
2026-07-30T05:15:59.921795+00:00,3940,-6.242815700000143,106.84290446666662,complex_corridor,FRC2,21,21,19,19,1.0,False,-6.242610768682978,106.84288187111798,22.923789898286447,True,
2026-07-30T05:16:00.222170+00:00,3995,-6.2428431,106.8426503,complex_corridor,FRC2,32,32,8,8,1.0,False,-6.24270333943449,106.84230519617961,41.19038604817657,True,
2026-07-30T05:16:00.526749+00:00,4135,-6.242451300001405,106.84346441666648,complex_corridor,FRC3,27,27,15,15,1.0,False,-6.24264159782794,106.84303341592732,52.128779444682614,True,
2026-07-30T05:16:00.830782+00:00,4174,-6.242622250001264,106.84418269999986,complex_corridor,FRC3,15,21,19,14,0.97,False,-6.242365385288672,106.84405667866673,31.777844988721665,True,
2026-07-30T05:16:01.130421+00:00,4307,-6.237238257899974,106.8272395210502,complex_corridor,FRC2,21,21,6,6,1.0,False,-6.237236971031365,106.82743234718856,21.314848279038795,True,
2026-07-30T05:16:01.434380+00:00,4312,-6.237042057899963,106.8269344210502,complex_corridor,FRC2,23,23,6,6,1.0,False,-6.237208807900389,106.82690797532604,18.770772040768108,True,
2026-07-30T05:16:01.734869+00:00,4383,-6.255330045001537,106.84307333999776,complex_corridor,FRC4,25,25,7,7,1.0,False,-6.255170245392188,106.84296367849294,21.509477825194235,True,
2026-07-30T05:16:02.034858+00:00,4421,-6.237577607899957,106.82686737105018,complex_corridor,FRC3,18,18,27,27,1.0,False,-6.237416698431964,106.82692406858013,18.95817050701808,True,
2026-07-30T05:16:02.337596+00:00,5234,-6.255677025000373,106.8431710999986,complex_corridor,FRC4,23,23,6,6,1.0,False,-6.25559934329838,106.84329627241084,16.310649749926508,True,
2026-07-30T05:16:02.643235+00:00,5259,-6.255508725000373,106.84360214999862,complex_corridor,FRC4,30,30,287,287,1.0,False,-6.255457199448482,106.84295563186589,71.6908067558573,True,
2026-07-30T05:16:02.947044+00:00,5296,-6.242909649999996,106.84406470000002,complex_corridor,FRC2,26,34,54,41,1.0,False,-6.24287098327402,106.84404058541264,5.0587612651154314,True,
2026-07-30T05:30:50.534493+00:00,703,-6.235444892859697,106.75583232857385,complex_corridor,FRC2,28,28,6,6,1.0,False,-6.235637002833079,106.75573958241279,23.694334982762854,True,
2026-07-30T05:30:50.800514+00:00,821,-6.288795825000754,106.77763638750048,complex_corridor,FRC1,31,31,35,35,1.0,False,-6.288676397337788,106.77774978959411,18.260596237349766,True,
2026-07-30T05:30:51.071865+00:00,1336,-6.235382350000007,106.7560557,complex_corridor,FRC2,27,27,9,9,1.0,False,-6.235851643158244,106.75634307944131,61.09133400248038,True,
2026-07-30T05:30:51.340081+00:00,2187,-6.234661449999994,106.7555585,complex_corridor,FRC2,39,39,18,18,1.0,False,-6.235295044618109,106.75596622907466,83.63486690954973,True,
2026-07-30T05:30:51.604682+00:00,2188,-6.233655599999991,106.75488135,complex_corridor,FRC2,30,30,32,32,1.0,False,-6.233742064909034,106.75495503627582,12.600808704103487,True,
2026-07-30T05:30:51.871365+00:00,2298,-6.288583799999989,106.77784095,complex_corridor,FRC1,30,40,466,350,1.0,False,-6.288634823320289,106.77780477487897,6.94084144102375,True,
2026-07-30T05:30:52.137271+00:00,2322,-6.2884621,106.7781152,complex_corridor,FRC1,26,26,53,53,1.0,False,-6.288455113550981,106.77822722279888,12.405765015820144,True,
2026-07-30T05:30:52.402775+00:00,2459,-6.23996075,106.79819865,complex_corridor,FRC3,21,28,541,405,1.0,False,-6.239927209643448,106.79835988366938,18.208192291717626,True,
2026-07-30T05:30:52.668558+00:00,2660,-6.288887410002579,106.77817204999796,complex_corridor,FRC1,15,15,29,29,1.0,False,-6.289080056713849,106.77821112954479,21.852459789678804,True,
2026-07-30T05:30:52.932771+00:00,2731,-6.240104349999994,106.79819525,complex_corridor,FRC1,13,20,461,300,1.0,False,-6.254711568502923,106.79717434728451,1628.1638385691926,False,
2026-07-30T05:30:53.201966+00:00,2979,-6.239918790000258,106.79844824999957,complex_corridor,FRC2,15,15,2,2,1.0,False,-6.239928542802509,106.79846583092547,2.2254395550977346,True,
2026-07-30T05:30:53.467593+00:00,3134,-6.2892448600025785,106.77855074999796,complex_corridor,FRC1,13,21,20,12,1.0,False,-6.289262432333267,106.778499467014,5.995427904385316,True,
2026-07-30T05:30:53.732792+00:00,3164,-6.239840140000258,106.79869149999956,complex_corridor,FRC2,24,24,145,145,1.0,False,-6.23981997364873,106.79856239045006,14.446370748590217,True,
2026-07-30T05:30:53.996830+00:00,3940,-6.242815700000143,106.84290446666662,complex_corridor,FRC2,21,21,19,19,1.0,False,-6.242610768682978,106.84288187111798,22.923789898286447,True,
2026-07-30T05:30:54.262484+00:00,3995,-6.2428431,106.8426503,complex_corridor,FRC2,32,32,8,8,1.0,False,-6.24270333943449,106.84230519617961,41.19038604817657,True,
2026-07-30T05:30:54.530269+00:00,4135,-6.242451300001405,106.84346441666648,complex_corridor,FRC3,22,27,19,15,1.0,False,-6.24264159782794,106.84303341592732,52.128779444682614,True,
2026-07-30T05:30:54.810490+00:00,4174,-6.242622250001264,106.84418269999986,complex_corridor,FRC3,21,21,14,14,1.0,False,-6.242365385288672,106.84405667866673,31.777844988721665,True,
2026-07-30T05:30:55.078298+00:00,4307,-6.237238257899974,106.8272395210502,complex_corridor,FRC2,13,20,9,6,0.99,False,-6.237236971031365,106.82743234718856,21.314848279038795,True,
2026-07-30T05:30:55.351592+00:00,4312,-6.237042057899963,106.8269344210502,complex_corridor,FRC2,17,22,8,6,1.0,False,-6.237208807900389,106.82690797532604,18.770772040768108,True,
2026-07-30T05:30:55.615813+00:00,4383,-6.255330045001537,106.84307333999776,complex_corridor,FRC4,25,25,7,7,1.0,False,-6.255170245392188,106.84296367849294,21.509477825194235,True,
2026-07-30T05:30:55.881968+00:00,4421,-6.237577607899957,106.82686737105018,complex_corridor,FRC3,13,17,37,28,1.0,False,-6.237416698431964,106.82692406858013,18.95817050701808,True,
2026-07-30T05:30:56.147166+00:00,5234,-6.255677025000373,106.8431710999986,complex_corridor,FRC4,6,24,23,5,0.99,False,-6.25559934329838,106.84329627241084,16.310649749926508,True,
2026-07-30T05:30:56.413614+00:00,5259,-6.255508725000373,106.84360214999862,complex_corridor,FRC4,30,30,287,287,1.0,False,-6.255457199448482,106.84295563186589,71.6908067558573,True,
2026-07-30T05:30:56.678465+00:00,5296,-6.242909649999996,106.84406470000002,complex_corridor,FRC2,21,34,67,41,1.0,False,-6.24287098327402,106.84404058541264,5.0587612651154314,True,
2026-07-30T05:45:49.165477+00:00,703,-6.235444892859697,106.75583232857385,complex_corridor,FRC2,28,28,6,6,1,False,-6.235637002833079,106.75573958241279,23.694334982762854,True,
2026-07-30T05:45:49.475035+00:00,821,-6.288795825000754,106.77763638750048,complex_corridor,FRC1,31,31,35,35,1,False,-6.288676397337788,106.77774978959411,18.260596237349766,True,
2026-07-30T05:45:49.765639+00:00,1336,-6.235382350000007,106.7560557,complex_corridor,FRC2,27,27,9,9,1,False,-6.235851643158244,106.75634307944131,61.09133400248038,True,
2026-07-30T05:45:50.059893+00:00,2187,-6.234661449999994,106.7555585,complex_corridor,FRC2,39,39,18,18,1,False,-6.235295044618109,106.75596622907466,83.63486690954973,True,
2026-07-30T05:45:50.354169+00:00,2188,-6.233655599999991,106.75488135,complex_corridor,FRC2,30,30,32,32,1,False,-6.233742064909034,106.75495503627582,12.600808704103487,True,
2026-07-30T05:45:50.645754+00:00,2298,-6.288583799999989,106.77784095,complex_corridor,FRC1,28,40,500,350,1,False,-6.288634823320289,106.77780477487897,6.94084144102375,True,
2026-07-30T05:45:50.946962+00:00,2322,-6.2884621,106.7781152,complex_corridor,FRC1,26,26,53,53,1,False,-6.288455113550981,106.77822722279888,12.405765015820144,True,
2026-07-30T05:45:51.240149+00:00,2459,-6.23996075,106.79819865,complex_corridor,FRC3,20,27,568,420,1,False,-6.239927209643448,106.79835988366938,18.208192291717626,True,
2026-07-30T05:45:51.534175+00:00,2660,-6.288887410002579,106.77817204999796,complex_corridor,FRC1,11,15,40,29,1,False,-6.289080056713849,106.77821112954479,21.852459789678804,True,
2026-07-30T05:45:51.826494+00:00,2731,-6.240104349999994,106.79819525,complex_corridor,FRC1,15,20,400,300,1,False,-6.254711568502923,106.79717434728451,1628.1638385691926,False,
2026-07-30T05:45:52.117488+00:00,2979,-6.239918790000258,106.79844824999957,complex_corridor,FRC2,15,15,2,2,1,False,-6.239928542802509,106.79846583092547,2.2254395550977346,True,
2026-07-30T05:45:52.407076+00:00,3134,-6.2892448600025785,106.77855074999796,complex_corridor,FRC1,22,22,11,11,1,False,-6.289262432333267,106.778499467014,5.995427904385316,True,
2026-07-30T05:45:52.699274+00:00,3164,-6.239840140000258,106.79869149999956,complex_corridor,FRC2,24,24,145,145,1,False,-6.23981997364873,106.79856239045006,14.446370748590217,True,
2026-07-30T05:45:52.991489+00:00,3940,-6.242815700000143,106.84290446666662,complex_corridor,FRC2,21,21,19,19,1,False,-6.242610768682978,106.84288187111798,22.923789898286447,True,
2026-07-30T05:45:53.283411+00:00,3995,-6.2428431,106.8426503,complex_corridor,FRC2,32,32,8,8,1,False,-6.24270333943449,106.84230519617961,41.19038604817657,True,
2026-07-30T05:45:53.575143+00:00,4135,-6.242451300001405,106.84346441666648,complex_corridor,FRC3,13,26,32,16,1,False,-6.24264159782794,106.84303341592732,52.128779444682614,True,
2026-07-30T05:45:53.871553+00:00,4174,-6.242622250001264,106.84418269999986,complex_corridor,FRC3,17,21,17,14,1,False,-6.242365385288672,106.84405667866673,31.777844988721665,True,
2026-07-30T05:45:54.160677+00:00,4307,-6.237238257899974,106.8272395210502,complex_corridor,FRC2,21,21,6,6,1,False,-6.237236971031365,106.82743234718856,21.314848279038795,True,
2026-07-30T05:45:54.459759+00:00,4312,-6.237042057899963,106.8269344210502,complex_corridor,FRC2,18,23,8,6,1,False,-6.237208807900389,106.82690797532604,18.770772040768108,True,
2026-07-30T05:45:54.749370+00:00,4383,-6.255330045001537,106.84307333999776,complex_corridor,FRC4,25,25,7,7,1,False,-6.255170245392188,106.84296367849294,21.509477825194235,True,
2026-07-30T05:45:55.037888+00:00,4421,-6.237577607899957,106.82686737105018,complex_corridor,FRC3,12,18,41,27,1,False,-6.237416698431964,106.82692406858013,18.95817050701808,True,
2026-07-30T05:45:55.325604+00:00,5234,-6.255677025000373,106.8431710999986,complex_corridor,FRC4,17,22,8,6,1,False,-6.25559934329838,106.84329627241084,16.310649749926508,True,
2026-07-30T05:45:55.633212+00:00,5259,-6.255508725000373,106.84360214999862,complex_corridor,FRC4,30,30,287,287,1,False,-6.255457199448482,106.84295563186589,71.6908067558573,True,
2026-07-30T05:45:55.925673+00:00,5296,-6.242909649999996,106.84406470000002,complex_corridor,FRC2,25,35,56,40,1,False,-6.24287098327402,106.84404058541264,5.0587612651154314,True,
2026-07-30T06:00:57.680226+00:00,703,-6.235444892859697,106.75583232857385,complex_corridor,FRC2,28,28,6,6,1.0,False,-6.235637002833079,106.75573958241279,23.694334982762854,True,
2026-07-30T06:00:57.948156+00:00,821,-6.288795825000754,106.77763638750048,complex_corridor,FRC1,31,31,35,35,1.0,False,-6.288676397337788,106.77774978959411,18.260596237349766,True,
2026-07-30T06:00:58.218789+00:00,1336,-6.235382350000007,106.7560557,complex_corridor,FRC2,27,27,9,9,1.0,False,-6.235851643158244,106.75634307944131,61.09133400248038,True,
2026-07-30T06:00:58.485995+00:00,2187,-6.234661449999994,106.7555585,complex_corridor,FRC2,39,39,18,18,1.0,False,-6.235295044618109,106.75596622907466,83.63486690954973,True,
2026-07-30T06:00:58.756926+00:00,2188,-6.233655599999991,106.75488135,complex_corridor,FRC2,30,30,32,32,1.0,False,-6.233742064909034,106.75495503627582,12.600808704103487,True,
2026-07-30T06:00:59.023027+00:00,2298,-6.288583799999989,106.77784095,complex_corridor,FRC1,31,41,451,341,1.0,False,-6.288634823320289,106.77780477487897,6.94084144102375,True,
2026-07-30T06:00:59.287789+00:00,2322,-6.2884621,106.7781152,complex_corridor,FRC1,26,26,53,53,1.0,False,-6.288455113550981,106.77822722279888,12.405765015820144,True,
2026-07-30T06:00:59.556345+00:00,2459,-6.23996075,106.79819865,complex_corridor,FRC3,20,27,568,420,1.0,False,-6.239927209643448,106.79835988366938,18.208192291717626,True,
2026-07-30T06:00:59.829178+00:00,2660,-6.288887410002579,106.77817204999796,complex_corridor,FRC1,9,14,49,31,1.0,False,-6.289080056713849,106.77821112954479,21.852459789678804,True,
2026-07-30T06:01:00.096734+00:00,2731,-6.240104349999994,106.79819525,complex_corridor,FRC1,21,21,285,285,1.0,False,-6.254711568502923,106.79717434728451,1628.1638385691926,False,
2026-07-30T06:01:00.380199+00:00,2979,-6.239918790000258,106.79844824999957,complex_corridor,FRC2,9,13,4,3,1.0,False,-6.239928542802509,106.79846583092547,2.2254395550977346,True,
2026-07-30T06:01:00.646546+00:00,3134,-6.2892448600025785,106.77855074999796,complex_corridor,FRC1,13,22,20,11,1.0,False,-6.289262432333267,106.778499467014,5.995427904385316,True,
2026-07-30T06:01:00.909912+00:00,3164,-6.239840140000258,106.79869149999956,complex_corridor,FRC2,17,25,205,139,1.0,False,-6.23981997364873,106.79856239045006,14.446370748590217,True,
2026-07-30T06:01:01.178740+00:00,3940,-6.242815700000143,106.84290446666662,complex_corridor,FRC2,21,21,19,19,1.0,False,-6.242610768682978,106.84288187111798,22.923789898286447,True,
2026-07-30T06:01:01.445395+00:00,3995,-6.2428431,106.8426503,complex_corridor,FRC2,32,32,8,8,1.0,False,-6.24270333943449,106.84230519617961,41.19038604817657,True,
2026-07-30T06:01:01.711547+00:00,4135,-6.242451300001405,106.84346441666648,complex_corridor,FRC3,27,27,15,15,1.0,False,-6.24264159782794,106.84303341592732,52.128779444682614,True,
2026-07-30T06:01:01.982882+00:00,4174,-6.242622250001264,106.84418269999986,complex_corridor,FRC3,21,21,14,14,1.0,False,-6.242365385288672,106.84405667866673,31.777844988721665,True,
2026-07-30T06:01:02.254699+00:00,4307,-6.237238257899974,106.8272395210502,complex_corridor,FRC2,21,21,6,6,1.0,False,-6.237236971031365,106.82743234718856,21.314848279038795,True,
2026-07-30T06:01:02.518087+00:00,4312,-6.237042057899963,106.8269344210502,complex_corridor,FRC2,16,22,9,6,1.0,False,-6.237208807900389,106.82690797532604,18.770772040768108,True,
2026-07-30T06:01:02.782721+00:00,4383,-6.255330045001537,106.84307333999776,complex_corridor,FRC4,25,25,7,7,1.0,False,-6.255170245392188,106.84296367849294,21.509477825194235,True,
2026-07-30T06:01:03.046742+00:00,4421,-6.237577607899957,106.82686737105018,complex_corridor,FRC3,18,18,27,27,1.0,False,-6.237416698431964,106.82692406858013,18.95817050701808,True,
2026-07-30T06:01:03.312160+00:00,5234,-6.255677025000373,106.8431710999986,complex_corridor,FRC4,23,23,6,6,1.0,False,-6.25559934329838,106.84329627241084,16.310649749926508,True,
2026-07-30T06:01:03.582024+00:00,5259,-6.255508725000373,106.84360214999862,complex_corridor,FRC4,22,29,391,297,0.996299,False,-6.255457199448482,106.84295563186589,71.6908067558573,True,
2026-07-30T06:01:03.847777+00:00,5296,-6.242909649999996,106.84406470000002,complex_corridor,FRC2,22,35,64,40,1.0,False,-6.24287098327402,106.84404058541264,5.0587612651154314,True,
2026-07-30T06:15:54.111796+00:00,703,-6.235444892859697,106.75583232857385,complex_corridor,FRC2,28,28,6,6,1,False,-6.235637002833079,106.75573958241279,23.694334982762854,True,
2026-07-30T06:15:54.380382+00:00,821,-6.288795825000754,106.77763638750048,complex_corridor,FRC1,22,31,49,35,1,False,-6.288676397337788,106.77774978959411,18.260596237349766,True,
2026-07-30T06:15:54.653183+00:00,1336,-6.235382350000007,106.7560557,complex_corridor,FRC2,27,27,9,9,1,False,-6.235851643158244,106.75634307944131,61.09133400248038,True,
2026-07-30T06:15:54.920224+00:00,2187,-6.234661449999994,106.7555585,complex_corridor,FRC2,39,39,18,18,1,False,-6.235295044618109,106.75596622907466,83.63486690954973,True,
2026-07-30T06:15:55.199089+00:00,2188,-6.233655599999991,106.75488135,complex_corridor,FRC2,30,30,32,32,1,False,-6.233742064909034,106.75495503627582,12.600808704103487,True,
2026-07-30T06:15:55.465891+00:00,2298,-6.288583799999989,106.77784095,complex_corridor,FRC1,32,40,437,350,1,False,-6.288634823320289,106.77780477487897,6.94084144102375,True,
2026-07-30T06:15:55.731108+00:00,2322,-6.2884621,106.7781152,complex_corridor,FRC1,26,26,53,53,1,False,-6.288455113550981,106.77822722279888,12.405765015820144,True,
2026-07-30T06:15:56.072278+00:00,2459,-6.23996075,106.79819865,complex_corridor,FRC3,18,27,631,420,1,False,-6.239927209643448,106.79835988366938,18.208192291717626,True,
2026-07-30T06:15:56.342563+00:00,2660,-6.288887410002579,106.77817204999796,complex_corridor,FRC1,9,15,49,29,1,False,-6.289080056713849,106.77821112954479,21.852459789678804,True,
2026-07-30T06:15:56.610883+00:00,2731,-6.240104349999994,106.79819525,complex_corridor,FRC1,14,21,428,285,1,False,-6.254711568502923,106.79717434728451,1628.1638385691926,False,
2026-07-30T06:15:56.882349+00:00,2979,-6.239918790000258,106.79844824999957,complex_corridor,FRC2,10,15,4,2,1,False,-6.239928542802509,106.79846583092547,2.2254395550977346,True,
2026-07-30T06:15:57.153763+00:00,3134,-6.2892448600025785,106.77855074999796,complex_corridor,FRC1,10,21,26,12,1,False,-6.289262432333267,106.778499467014,5.995427904385316,True,
2026-07-30T06:15:57.420046+00:00,3164,-6.239840140000258,106.79869149999956,complex_corridor,FRC2,18,24,193,145,1,False,-6.23981997364873,106.79856239045006,14.446370748590217,True,
2026-07-30T06:15:57.700269+00:00,3940,-6.242815700000143,106.84290446666662,complex_corridor,FRC2,21,21,19,19,1,False,-6.242610768682978,106.84288187111798,22.923789898286447,True,
2026-07-30T06:15:57.969381+00:00,3995,-6.2428431,106.8426503,complex_corridor,FRC2,32,32,8,8,1,False,-6.24270333943449,106.84230519617961,41.19038604817657,True,
2026-07-30T06:15:58.232495+00:00,4135,-6.242451300001405,106.84346441666648,complex_corridor,FRC3,27,27,15,15,1,False,-6.24264159782794,106.84303341592732,52.128779444682614,True,
2026-07-30T06:15:58.501209+00:00,4174,-6.242622250001264,106.84418269999986,complex_corridor,FRC3,21,21,14,14,1,False,-6.242365385288672,106.84405667866673,31.777844988721665,True,
2026-07-30T06:15:58.774769+00:00,4307,-6.237238257899974,106.8272395210502,complex_corridor,FRC2,21,21,6,6,1,False,-6.237236971031365,106.82743234718856,21.314848279038795,True,
2026-07-30T06:15:59.039966+00:00,4312,-6.237042057899963,106.8269344210502,complex_corridor,FRC2,23,23,6,6,1,False,-6.237208807900389,106.82690797532604,18.770772040768108,True,
2026-07-30T06:15:59.302023+00:00,4383,-6.255330045001537,106.84307333999776,complex_corridor,FRC4,25,25,7,7,1,False,-6.255170245392188,106.84296367849294,21.509477825194235,True,
2026-07-30T06:15:59.569030+00:00,4421,-6.237577607899957,106.82686737105018,complex_corridor,FRC3,18,18,27,27,1,False,-6.237416698431964,106.82692406858013,18.95817050701808,True,
2026-07-30T06:15:59.838548+00:00,5234,-6.255677025000373,106.8431710999986,complex_corridor,FRC4,17,23,8,6,1,False,-6.25559934329838,106.84329627241084,16.310649749926508,True,
2026-07-30T06:16:00.106747+00:00,5259,-6.255508725000373,106.84360214999862,complex_corridor,FRC4,30,30,287,287,1,False,-6.255457199448482,106.84295563186589,71.6908067558573,True,
2026-07-30T06:16:00.373157+00:00,5296,-6.242909649999996,106.84406470000002,complex_corridor,FRC2,35,35,40,40,1,False,-6.24287098327402,106.84404058541264,5.0587612651154314,True,
2026-07-30T06:30:54.409601+00:00,703,-6.235444892859697,106.75583232857385,complex_corridor,FRC2,28,28,6,6,1.0,False,-6.235637002833079,106.75573958241279,23.694334982762854,True,
2026-07-30T06:30:54.677750+00:00,821,-6.288795825000754,106.77763638750048,complex_corridor,FRC1,31,31,35,35,1.0,False,-6.288676397337788,106.77774978959411,18.260596237349766,True,
2026-07-30T06:30:54.945149+00:00,1336,-6.235382350000007,106.7560557,complex_corridor,FRC2,27,27,9,9,1.0,False,-6.235851643158244,106.75634307944131,61.09133400248038,True,
2026-07-30T06:30:55.214553+00:00,2187,-6.234661449999994,106.7555585,complex_corridor,FRC2,39,39,18,18,1.0,False,-6.235295044618109,106.75596622907466,83.63486690954973,True,
2026-07-30T06:30:55.479369+00:00,2188,-6.233655599999991,106.75488135,complex_corridor,FRC2,30,30,32,32,1.0,False,-6.233742064909034,106.75495503627582,12.600808704103487,True,
2026-07-30T06:30:55.746839+00:00,2298,-6.288583799999989,106.77784095,complex_corridor,FRC1,30,41,466,341,1.0,False,-6.288634823320289,106.77780477487897,6.94084144102375,True,
2026-07-30T06:30:56.043093+00:00,2322,-6.2884621,106.7781152,complex_corridor,FRC1,26,26,53,53,1.0,False,-6.288455113550981,106.77822722279888,12.405765015820144,True,
2026-07-30T06:30:56.304719+00:00,2459,-6.23996075,106.79819865,complex_corridor,FRC3,20,28,568,405,1.0,False,-6.239927209643448,106.79835988366938,18.208192291717626,True,
2026-07-30T06:30:56.569551+00:00,2660,-6.288887410002579,106.77817204999796,complex_corridor,FRC1,15,15,29,29,1.0,False,-6.289080056713849,106.77821112954479,21.852459789678804,True,
2026-07-30T06:30:56.836600+00:00,2731,-6.240104349999994,106.79819525,complex_corridor,FRC1,14,20,428,300,1.0,False,-6.254711568502923,106.79717434728451,1628.1638385691926,False,
2026-07-30T06:30:57.098436+00:00,2979,-6.239918790000258,106.79844824999957,complex_corridor,FRC2,15,15,2,2,1.0,False,-6.239928542802509,106.79846583092547,2.2254395550977346,True,
2026-07-30T06:30:57.365576+00:00,3134,-6.2892448600025785,106.77855074999796,complex_corridor,FRC1,11,22,23,11,1.0,False,-6.289262432333267,106.778499467014,5.995427904385316,True,
2026-07-30T06:30:57.629416+00:00,3164,-6.239840140000258,106.79869149999956,complex_corridor,FRC2,24,24,145,145,1.0,False,-6.23981997364873,106.79856239045006,14.446370748590217,True,
2026-07-30T06:30:57.896276+00:00,3940,-6.242815700000143,106.84290446666662,complex_corridor,FRC2,21,21,19,19,1.0,False,-6.242610768682978,106.84288187111798,22.923789898286447,True,
2026-07-30T06:30:58.165108+00:00,3995,-6.2428431,106.8426503,complex_corridor,FRC2,21,30,13,9,0.96,False,-6.24270333943449,106.84230519617961,41.19038604817657,True,
2026-07-30T06:30:58.429544+00:00,4135,-6.242451300001405,106.84346441666648,complex_corridor,FRC3,18,27,23,15,1.0,False,-6.24264159782794,106.84303341592732,52.128779444682614,True,
2026-07-30T06:30:58.691578+00:00,4174,-6.242622250001264,106.84418269999986,complex_corridor,FRC3,21,21,14,14,1.0,False,-6.242365385288672,106.84405667866673,31.777844988721665,True,
2026-07-30T06:30:58.954184+00:00,4307,-6.237238257899974,106.8272395210502,complex_corridor,FRC2,21,21,6,6,1.0,False,-6.237236971031365,106.82743234718856,21.314848279038795,True,
2026-07-30T06:30:59.221693+00:00,4312,-6.237042057899963,106.8269344210502,complex_corridor,FRC2,23,23,6,6,1.0,False,-6.237208807900389,106.82690797532604,18.770772040768108,True,
2026-07-30T06:30:59.489141+00:00,4383,-6.255330045001537,106.84307333999776,complex_corridor,FRC4,25,25,7,7,1.0,False,-6.255170245392188,106.84296367849294,21.509477825194235,True,
2026-07-30T06:30:59.751456+00:00,4421,-6.237577607899957,106.82686737105018,complex_corridor,FRC3,18,18,27,27,1.0,False,-6.237416698431964,106.82692406858013,18.95817050701808,True,
2026-07-30T06:31:00.020011+00:00,5234,-6.255677025000373,106.8431710999986,complex_corridor,FRC4,10,23,14,6,0.99,False,-6.25559934329838,106.84329627241084,16.310649749926508,True,
2026-07-30T06:31:00.285124+00:00,5259,-6.255508725000373,106.84360214999862,complex_corridor,FRC4,22,30,391,287,1.0,False,-6.255457199448482,106.84295563186589,71.6908067558573,True,
2026-07-30T06:31:00.550754+00:00,5296,-6.242909649999996,106.84406470000002,complex_corridor,FRC2,28,35,50,40,1.0,False,-6.24287098327402,106.84404058541264,5.0587612651154314,True,
2026-07-30T06:45:55.849555+00:00,703,-6.235444892859697,106.75583232857385,complex_corridor,FRC2,28,28,6,6,1.0,False,-6.235637002833079,106.75573958241279,23.694334982762854,True,
2026-07-30T06:45:56.114814+00:00,821,-6.288795825000754,106.77763638750048,complex_corridor,FRC1,31,31,35,35,1.0,False,-6.288676397337788,106.77774978959411,18.260596237349766,True,
2026-07-30T06:45:56.385823+00:00,1336,-6.235382350000007,106.7560557,complex_corridor,FRC2,16,27,16,9,1.0,False,-6.235851643158244,106.75634307944131,61.09133400248038,True,
2026-07-30T06:45:56.654570+00:00,2187,-6.234661449999994,106.7555585,complex_corridor,FRC2,39,39,18,18,1.0,False,-6.235295044618109,106.75596622907466,83.63486690954973,True,
2026-07-30T06:45:56.918380+00:00,2188,-6.233655599999991,106.75488135,complex_corridor,FRC2,30,30,32,32,1.0,False,-6.233742064909034,106.75495503627582,12.600808704103487,True,
2026-07-30T06:45:57.186254+00:00,2298,-6.288583799999989,106.77784095,complex_corridor,FRC1,30,41,466,341,1.0,False,-6.288634823320289,106.77780477487897,6.94084144102375,True,
2026-07-30T06:45:57.451357+00:00,2322,-6.2884621,106.7781152,complex_corridor,FRC1,16,25,87,56,1.0,False,-6.288455113550981,106.77822722279888,12.405765015820144,True,
2026-07-30T06:45:57.719975+00:00,2459,-6.23996075,106.79819865,complex_corridor,FRC3,17,27,668,420,1.0,False,-6.239927209643448,106.79835988366938,18.208192291717626,True,
2026-07-30T06:45:57.985023+00:00,2660,-6.288887410002579,106.77817204999796,complex_corridor,FRC1,7,14,63,31,1.0,False,-6.289080056713849,106.77821112954479,21.852459789678804,True,
2026-07-30T06:45:58.248345+00:00,2731,-6.240104349999994,106.79819525,complex_corridor,FRC1,21,21,285,285,1.0,False,-6.254711568502923,106.79717434728451,1628.1638385691926,False,
2026-07-30T06:45:58.513066+00:00,2979,-6.239918790000258,106.79844824999957,complex_corridor,FRC2,15,15,2,2,1.0,False,-6.239928542802509,106.79846583092547,2.2254395550977346,True,
2026-07-30T06:45:58.775419+00:00,3134,-6.2892448600025785,106.77855074999796,complex_corridor,FRC1,22,22,11,11,1.0,False,-6.289262432333267,106.778499467014,5.995427904385316,True,
2026-07-30T06:45:59.038483+00:00,3164,-6.239840140000258,106.79869149999956,complex_corridor,FRC2,21,25,165,139,1.0,False,-6.23981997364873,106.79856239045006,14.446370748590217,True,
2026-07-30T06:45:59.303504+00:00,3940,-6.242815700000143,106.84290446666662,complex_corridor,FRC2,21,21,19,19,1.0,False,-6.242610768682978,106.84288187111798,22.923789898286447,True,
2026-07-30T06:45:59.576014+00:00,3995,-6.2428431,106.8426503,complex_corridor,FRC2,32,32,8,8,1.0,False,-6.24270333943449,106.84230519617961,41.19038604817657,True,
2026-07-30T06:45:59.840254+00:00,4135,-6.242451300001405,106.84346441666648,complex_corridor,FRC3,21,26,19,16,1.0,False,-6.24264159782794,106.84303341592732,52.128779444682614,True,
2026-07-30T06:46:00.104482+00:00,4174,-6.242622250001264,106.84418269999986,complex_corridor,FRC3,21,21,14,14,1.0,False,-6.242365385288672,106.84405667866673,31.777844988721665,True,
2026-07-30T06:46:00.372475+00:00,4307,-6.237238257899974,106.8272395210502,complex_corridor,FRC2,21,21,6,6,1.0,False,-6.237236971031365,106.82743234718856,21.314848279038795,True,
2026-07-30T06:46:00.636011+00:00,4312,-6.237042057899963,106.8269344210502,complex_corridor,FRC2,23,23,6,6,1.0,False,-6.237208807900389,106.82690797532604,18.770772040768108,True,
2026-07-30T06:46:00.899055+00:00,4383,-6.255330045001537,106.84307333999776,complex_corridor,FRC4,25,25,7,7,1.0,False,-6.255170245392188,106.84296367849294,21.509477825194235,True,
2026-07-30T06:46:01.168993+00:00,4421,-6.237577607899957,106.82686737105018,complex_corridor,FRC3,8,17,61,28,1.0,False,-6.237416698431964,106.82692406858013,18.95817050701808,True,
2026-07-30T06:46:01.434405+00:00,5234,-6.255677025000373,106.8431710999986,complex_corridor,FRC4,23,23,6,6,1.0,False,-6.25559934329838,106.84329627241084,16.310649749926508,True,
2026-07-30T06:46:01.702546+00:00,5259,-6.255508725000373,106.84360214999862,complex_corridor,FRC4,24,30,359,287,0.996955,False,-6.255457199448482,106.84295563186589,71.6908067558573,True,
2026-07-30T06:46:01.987431+00:00,5296,-6.242909649999996,106.84406470000002,complex_corridor,FRC2,28,35,50,40,1.0,False,-6.24287098327402,106.84404058541264,5.0587612651154314,True,
2026-07-30T07:01:01.395108+00:00,703,-6.235444892859697,106.75583232857385,complex_corridor,FRC2,28,28,6,6,1.0,False,-6.235637002833079,106.75573958241279,23.694334982762854,True,
2026-07-30T07:01:01.682647+00:00,821,-6.288795825000754,106.77763638750048,complex_corridor,FRC1,31,31,35,35,1.0,False,-6.288676397337788,106.77774978959411,18.260596237349766,True,
2026-07-30T07:01:01.972735+00:00,1336,-6.235382350000007,106.7560557,complex_corridor,FRC2,19,27,14,9,0.99,False,-6.235851643158244,106.75634307944131,61.09133400248038,True,
2026-07-30T07:01:02.263862+00:00,2187,-6.234661449999994,106.7555585,complex_corridor,FRC2,39,39,18,18,1.0,False,-6.235295044618109,106.75596622907466,83.63486690954973,True,
2026-07-30T07:01:02.550305+00:00,2188,-6.233655599999991,106.75488135,complex_corridor,FRC2,30,30,32,32,1.0,False,-6.233742064909034,106.75495503627582,12.600808704103487,True,
2026-07-30T07:01:02.835656+00:00,2298,-6.288583799999989,106.77784095,complex_corridor,FRC1,31,40,451,350,1.0,False,-6.288634823320289,106.77780477487897,6.94084144102375,True,
2026-07-30T07:01:03.120560+00:00,2322,-6.2884621,106.7781152,complex_corridor,FRC1,26,26,53,53,1.0,False,-6.288455113550981,106.77822722279888,12.405765015820144,True,
2026-07-30T07:01:03.407570+00:00,2459,-6.23996075,106.79819865,complex_corridor,FRC3,17,27,668,420,1.0,False,-6.239927209643448,106.79835988366938,18.208192291717626,True,
2026-07-30T07:01:03.699919+00:00,2660,-6.288887410002579,106.77817204999796,complex_corridor,FRC1,11,14,40,31,1.0,False,-6.289080056713849,106.77821112954479,21.852459789678804,True,
2026-07-30T07:01:03.987203+00:00,2731,-6.240104349999994,106.79819525,complex_corridor,FRC1,15,21,400,285,1.0,False,-6.254711568502923,106.79717434728451,1628.1638385691926,False,
2026-07-30T07:01:04.272431+00:00,2979,-6.239918790000258,106.79844824999957,complex_corridor,FRC2,15,15,2,2,1.0,False,-6.239928542802509,106.79846583092547,2.2254395550977346,True,
2026-07-30T07:01:04.560631+00:00,3134,-6.2892448600025785,106.77855074999796,complex_corridor,FRC1,11,21,23,12,1.0,False,-6.289262432333267,106.778499467014,5.995427904385316,True,
2026-07-30T07:01:04.848220+00:00,3164,-6.239840140000258,106.79869149999956,complex_corridor,FRC2,24,24,145,145,1.0,False,-6.23981997364873,106.79856239045006,14.446370748590217,True,
2026-07-30T07:01:05.140418+00:00,3940,-6.242815700000143,106.84290446666662,complex_corridor,FRC2,21,21,19,19,1.0,False,-6.242610768682978,106.84288187111798,22.923789898286447,True,
2026-07-30T07:01:05.433849+00:00,3995,-6.2428431,106.8426503,complex_corridor,FRC2,32,32,8,8,1.0,False,-6.24270333943449,106.84230519617961,41.19038604817657,True,
2026-07-30T07:01:05.719987+00:00,4135,-6.242451300001405,106.84346441666648,complex_corridor,FRC3,27,27,15,15,1.0,False,-6.24264159782794,106.84303341592732,52.128779444682614,True,
2026-07-30T07:01:06.010088+00:00,4174,-6.242622250001264,106.84418269999986,complex_corridor,FRC3,21,21,14,14,1.0,False,-6.242365385288672,106.84405667866673,31.777844988721665,True,
2026-07-30T07:01:06.310021+00:00,4307,-6.237238257899974,106.8272395210502,complex_corridor,FRC2,13,21,9,6,1.0,False,-6.237236971031365,106.82743234718856,21.314848279038795,True,
2026-07-30T07:01:06.596400+00:00,4312,-6.237042057899963,106.8269344210502,complex_corridor,FRC2,16,22,9,6,1.0,False,-6.237208807900389,106.82690797532604,18.770772040768108,True,
2026-07-30T07:01:06.881081+00:00,4383,-6.255330045001537,106.84307333999776,complex_corridor,FRC4,25,25,7,7,1.0,False,-6.255170245392188,106.84296367849294,21.509477825194235,True,
2026-07-30T07:01:07.166234+00:00,4421,-6.237577607899957,106.82686737105018,complex_corridor,FRC3,9,18,54,27,1.0,False,-6.237416698431964,106.82692406858013,18.95817050701808,True,
2026-07-30T07:01:07.456880+00:00,5234,-6.255677025000373,106.8431710999986,complex_corridor,FRC4,18,23,7,6,0.99,False,-6.25559934329838,106.84329627241084,16.310649749926508,True,
2026-07-30T07:01:07.747805+00:00,5259,-6.255508725000373,106.84360214999862,complex_corridor,FRC4,23,30,374,287,0.99363,False,-6.255457199448482,106.84295563186589,71.6908067558573,True,
2026-07-30T07:01:08.034542+00:00,5296,-6.242909649999996,106.84406470000002,complex_corridor,FRC2,35,35,40,40,1.0,False,-6.24287098327402,106.84404058541264,5.0587612651154314,True,
2026-07-30T07:15:50.647858+00:00,703,-6.235444892859697,106.75583232857385,complex_corridor,FRC2,28,28,6,6,1.0,False,-6.235637002833079,106.75573958241279,23.694334982762854,True,
2026-07-30T07:15:50.915691+00:00,821,-6.288795825000754,106.77763638750048,complex_corridor,FRC1,31,31,35,35,1.0,False,-6.288676397337788,106.77774978959411,18.260596237349766,True,
2026-07-30T07:15:51.182073+00:00,1336,-6.235382350000007,106.7560557,complex_corridor,FRC2,27,27,9,9,1.0,False,-6.235851643158244,106.75634307944131,61.09133400248038,True,
2026-07-30T07:15:51.455634+00:00,2187,-6.234661449999994,106.7555585,complex_corridor,FRC2,39,39,18,18,1.0,False,-6.235295044618109,106.75596622907466,83.63486690954973,True,
2026-07-30T07:15:51.740992+00:00,2188,-6.233655599999991,106.75488135,complex_corridor,FRC2,30,30,32,32,1.0,False,-6.233742064909034,106.75495503627582,12.600808704103487,True,
2026-07-30T07:15:52.007746+00:00,2298,-6.288583799999989,106.77784095,complex_corridor,FRC1,31,41,451,341,1.0,False,-6.288634823320289,106.77780477487897,6.94084144102375,True,
2026-07-30T07:15:52.270701+00:00,2322,-6.2884621,106.7781152,complex_corridor,FRC1,26,26,53,53,1.0,False,-6.288455113550981,106.77822722279888,12.405765015820144,True,
2026-07-30T07:15:52.537318+00:00,2459,-6.23996075,106.79819865,complex_corridor,FRC3,19,27,597,420,1.0,False,-6.239927209643448,106.79835988366938,18.208192291717626,True,
2026-07-30T07:15:52.801914+00:00,2660,-6.288887410002579,106.77817204999796,complex_corridor,FRC1,9,15,49,29,1.0,False,-6.289080056713849,106.77821112954479,21.852459789678804,True,
2026-07-30T07:15:53.074109+00:00,2731,-6.240104349999994,106.79819525,complex_corridor,FRC1,15,21,400,285,1.0,False,-6.254711568502923,106.79717434728451,1628.1638385691926,False,
2026-07-30T07:15:53.337805+00:00,2979,-6.239918790000258,106.79844824999957,complex_corridor,FRC2,15,15,2,2,1.0,False,-6.239928542802509,106.79846583092547,2.2254395550977346,True,
2026-07-30T07:15:53.619351+00:00,3134,-6.2892448600025785,106.77855074999796,complex_corridor,FRC1,18,22,14,11,1.0,False,-6.289262432333267,106.778499467014,5.995427904385316,True,
2026-07-30T07:15:53.888303+00:00,3164,-6.239840140000258,106.79869149999956,complex_corridor,FRC2,24,24,145,145,1.0,False,-6.23981997364873,106.79856239045006,14.446370748590217,True,
2026-07-30T07:15:54.154254+00:00,3940,-6.242815700000143,106.84290446666662,complex_corridor,FRC2,21,21,19,19,1.0,False,-6.242610768682978,106.84288187111798,22.923789898286447,True,
2026-07-30T07:15:54.417627+00:00,3995,-6.2428431,106.8426503,complex_corridor,FRC2,32,32,8,8,1.0,False,-6.24270333943449,106.84230519617961,41.19038604817657,True,
2026-07-30T07:15:54.684816+00:00,4135,-6.242451300001405,106.84346441666648,complex_corridor,FRC3,27,27,15,15,1.0,False,-6.24264159782794,106.84303341592732,52.128779444682614,True,
2026-07-30T07:15:54.948661+00:00,4174,-6.242622250001264,106.84418269999986,complex_corridor,FRC3,21,21,14,14,1.0,False,-6.242365385288672,106.84405667866673,31.777844988721665,True,
2026-07-30T07:15:55.213561+00:00,4307,-6.237238257899974,106.8272395210502,complex_corridor,FRC2,15,20,8,6,1.0,False,-6.237236971031365,106.82743234718856,21.314848279038795,True,
2026-07-30T07:15:55.477105+00:00,4312,-6.237042057899963,106.8269344210502,complex_corridor,FRC2,23,23,6,6,1.0,False,-6.237208807900389,106.82690797532604,18.770772040768108,True,
2026-07-30T07:15:55.743170+00:00,4383,-6.255330045001537,106.84307333999776,complex_corridor,FRC4,25,25,7,7,1.0,False,-6.255170245392188,106.84296367849294,21.509477825194235,True,
2026-07-30T07:15:56.008499+00:00,4421,-6.237577607899957,106.82686737105018,complex_corridor,FRC3,5,16,98,30,1.0,False,-6.237416698431964,106.82692406858013,18.95817050701808,True,
2026-07-30T07:15:56.274374+00:00,5234,-6.255677025000373,106.8431710999986,complex_corridor,FRC4,23,23,6,6,1.0,False,-6.25559934329838,106.84329627241084,16.310649749926508,True,
2026-07-30T07:15:56.538545+00:00,5259,-6.255508725000373,106.84360214999862,complex_corridor,FRC4,22,29,391,297,0.99637,False,-6.255457199448482,106.84295563186589,71.6908067558573,True,
2026-07-30T07:15:56.803229+00:00,5296,-6.242909649999996,106.84406470000002,complex_corridor,FRC2,35,35,40,40,1.0,False,-6.24287098327402,106.84404058541264,5.0587612651154314,True,
2026-07-30T07:30:56.737710+00:00,703,-6.235444892859697,106.75583232857385,complex_corridor,FRC2,28,28,6,6,1.0,False,-6.235637002833079,106.75573958241279,23.694334982762854,True,
2026-07-30T07:30:57.037125+00:00,821,-6.288795825000754,106.77763638750048,complex_corridor,FRC1,31,31,35,35,1.0,False,-6.288676397337788,106.77774978959411,18.260596237349766,True,
2026-07-30T07:30:57.328616+00:00,1336,-6.235382350000007,106.7560557,complex_corridor,FRC2,27,27,9,9,1.0,False,-6.235851643158244,106.75634307944131,61.09133400248038,True,
2026-07-30T07:30:57.616136+00:00,2187,-6.234661449999994,106.7555585,complex_corridor,FRC2,39,39,18,18,1.0,False,-6.235295044618109,106.75596622907466,83.63486690954973,True,
2026-07-30T07:30:57.901524+00:00,2188,-6.233655599999991,106.75488135,complex_corridor,FRC2,30,30,32,32,1.0,False,-6.233742064909034,106.75495503627582,12.600808704103487,True,
2026-07-30T07:30:58.186864+00:00,2298,-6.288583799999989,106.77784095,complex_corridor,FRC1,30,41,466,341,1.0,False,-6.288634823320289,106.77780477487897,6.94084144102375,True,
2026-07-30T07:30:58.475798+00:00,2322,-6.2884621,106.7781152,complex_corridor,FRC1,20,25,70,56,1.0,False,-6.288455113550981,106.77822722279888,12.405765015820144,True,
2026-07-30T07:30:58.761471+00:00,2459,-6.23996075,106.79819865,complex_corridor,FRC3,17,27,668,420,1.0,False,-6.239927209643448,106.79835988366938,18.208192291717626,True,
2026-07-30T07:30:59.050111+00:00,2660,-6.288887410002579,106.77817204999796,complex_corridor,FRC1,9,14,49,31,1.0,False,-6.289080056713849,106.77821112954479,21.852459789678804,True,
2026-07-30T07:30:59.334949+00:00,2731,-6.240104349999994,106.79819525,complex_corridor,FRC1,11,20,545,300,1.0,False,-6.254711568502923,106.79717434728451,1628.1638385691926,False,
2026-07-30T07:30:59.619121+00:00,2979,-6.239918790000258,106.79844824999957,complex_corridor,FRC2,15,15,2,2,1.0,False,-6.239928542802509,106.79846583092547,2.2254395550977346,True,
2026-07-30T07:30:59.903245+00:00,3134,-6.2892448600025785,106.77855074999796,complex_corridor,FRC1,13,21,20,12,1.0,False,-6.289262432333267,106.778499467014,5.995427904385316,True,
2026-07-30T07:31:00.189444+00:00,3164,-6.239840140000258,106.79869149999956,complex_corridor,FRC2,20,24,174,145,1.0,False,-6.23981997364873,106.79856239045006,14.446370748590217,True,
2026-07-30T07:31:00.475559+00:00,3940,-6.242815700000143,106.84290446666662,complex_corridor,FRC2,21,21,19,19,1.0,False,-6.242610768682978,106.84288187111798,22.923789898286447,True,
2026-07-30T07:31:00.760885+00:00,3995,-6.2428431,106.8426503,complex_corridor,FRC2,10,30,27,9,0.97,False,-6.24270333943449,106.84230519617961,41.19038604817657,True,
2026-07-30T07:31:01.059746+00:00,4135,-6.242451300001405,106.84346441666648,complex_corridor,FRC3,21,26,19,16,1.0,False,-6.24264159782794,106.84303341592732,52.128779444682614,True,
2026-07-30T07:31:01.345161+00:00,4174,-6.242622250001264,106.84418269999986,complex_corridor,FRC3,5,20,59,14,0.99,False,-6.242365385288672,106.84405667866673,31.777844988721665,True,
2026-07-30T07:31:01.630214+00:00,4307,-6.237238257899974,106.8272395210502,complex_corridor,FRC2,21,21,6,6,1.0,False,-6.237236971031365,106.82743234718856,21.314848279038795,True,
2026-07-30T07:31:01.917501+00:00,4312,-6.237042057899963,106.8269344210502,complex_corridor,FRC2,23,23,6,6,1.0,False,-6.237208807900389,106.82690797532604,18.770772040768108,True,
2026-07-30T07:31:02.204695+00:00,4383,-6.255330045001537,106.84307333999776,complex_corridor,FRC4,25,25,7,7,1.0,False,-6.255170245392188,106.84296367849294,21.509477825194235,True,
2026-07-30T07:31:02.490117+00:00,4421,-6.237577607899957,106.82686737105018,complex_corridor,FRC3,7,18,70,27,1.0,False,-6.237416698431964,106.82692406858013,18.95817050701808,True,
2026-07-30T07:31:02.779709+00:00,5234,-6.255677025000373,106.8431710999986,complex_corridor,FRC4,23,23,6,6,1.0,False,-6.25559934329838,106.84329627241084,16.310649749926508,True,
2026-07-30T07:31:03.064773+00:00,5259,-6.255508725000373,106.84360214999862,complex_corridor,FRC4,25,30,344,287,0.997256,False,-6.255457199448482,106.84295563186589,71.6908067558573,True,
2026-07-30T07:31:03.349597+00:00,5296,-6.242909649999996,106.84406470000002,complex_corridor,FRC2,35,35,40,40,1.0,False,-6.24287098327402,106.84404058541264,5.0587612651154314,True,
2026-07-30T07:45:55.411396+00:00,703,-6.235444892859697,106.75583232857385,complex_corridor,FRC2,28,28,6,6,1.0,False,-6.235637002833079,106.75573958241279,23.694334982762854,True,
2026-07-30T07:45:55.682894+00:00,821,-6.288795825000754,106.77763638750048,complex_corridor,FRC1,31,31,35,35,1.0,False,-6.288676397337788,106.77774978959411,18.260596237349766,True,
2026-07-30T07:45:55.952239+00:00,1336,-6.235382350000007,106.7560557,complex_corridor,FRC2,27,27,9,9,1.0,False,-6.235851643158244,106.75634307944131,61.09133400248038,True,
2026-07-30T07:45:56.223446+00:00,2187,-6.234661449999994,106.7555585,complex_corridor,FRC2,39,39,18,18,1.0,False,-6.235295044618109,106.75596622907466,83.63486690954973,True,
2026-07-30T07:45:56.486117+00:00,2188,-6.233655599999991,106.75488135,complex_corridor,FRC2,30,30,32,32,1.0,False,-6.233742064909034,106.75495503627582,12.600808704103487,True,
2026-07-30T07:45:56.752439+00:00,2298,-6.288583799999989,106.77784095,complex_corridor,FRC1,31,40,451,350,1.0,False,-6.288634823320289,106.77780477487897,6.94084144102375,True,
2026-07-30T07:45:57.022808+00:00,2322,-6.2884621,106.7781152,complex_corridor,FRC1,26,26,53,53,1.0,False,-6.288455113550981,106.77822722279888,12.405765015820144,True,
2026-07-30T07:45:57.300824+00:00,2459,-6.23996075,106.79819865,complex_corridor,FRC3,16,27,710,420,1.0,False,-6.239927209643448,106.79835988366938,18.208192291717626,True,
2026-07-30T07:45:57.564394+00:00,2660,-6.288887410002579,106.77817204999796,complex_corridor,FRC1,7,14,63,31,1.0,False,-6.289080056713849,106.77821112954479,21.852459789678804,True,
2026-07-30T07:45:57.832213+00:00,2731,-6.240104349999994,106.79819525,complex_corridor,FRC1,14,20,428,300,1.0,False,-6.254711568502923,106.79717434728451,1628.1638385691926,False,
2026-07-30T07:45:58.110530+00:00,2979,-6.239918790000258,106.79844824999957,complex_corridor,FRC2,8,13,5,3,1.0,False,-6.239928542802509,106.79846583092547,2.2254395550977346,True,
2026-07-30T07:45:58.374196+00:00,3134,-6.2892448600025785,106.77855074999796,complex_corridor,FRC1,13,21,20,12,1.0,False,-6.289262432333267,106.778499467014,5.995427904385316,True,
2026-07-30T07:45:58.638988+00:00,3164,-6.239840140000258,106.79869149999956,complex_corridor,FRC2,24,24,145,145,1.0,False,-6.23981997364873,106.79856239045006,14.446370748590217,True,
2026-07-30T07:45:58.907628+00:00,3940,-6.242815700000143,106.84290446666662,complex_corridor,FRC2,16,21,25,19,1.0,False,-6.242610768682978,106.84288187111798,22.923789898286447,True,
2026-07-30T07:45:59.171382+00:00,3995,-6.2428431,106.8426503,complex_corridor,FRC2,32,32,8,8,1.0,False,-6.24270333943449,106.84230519617961,41.19038604817657,True,
2026-07-30T07:45:59.452933+00:00,4135,-6.242451300001405,106.84346441666648,complex_corridor,FRC3,27,27,15,15,1.0,False,-6.24264159782794,106.84303341592732,52.128779444682614,True,
2026-07-30T07:45:59.715783+00:00,4174,-6.242622250001264,106.84418269999986,complex_corridor,FRC3,21,21,14,14,1.0,False,-6.242365385288672,106.84405667866673,31.777844988721665,True,
2026-07-30T07:45:59.982410+00:00,4307,-6.237238257899974,106.8272395210502,complex_corridor,FRC2,14,21,9,6,0.99,False,-6.237236971031365,106.82743234718856,21.314848279038795,True,
2026-07-30T07:46:00.246761+00:00,4312,-6.237042057899963,106.8269344210502,complex_corridor,FRC2,23,23,6,6,1.0,False,-6.237208807900389,106.82690797532604,18.770772040768108,True,
2026-07-30T07:46:00.510564+00:00,4383,-6.255330045001537,106.84307333999776,complex_corridor,FRC4,25,25,7,7,1.0,False,-6.255170245392188,106.84296367849294,21.509477825194235,True,
2026-07-30T07:46:00.779214+00:00,4421,-6.237577607899957,106.82686737105018,complex_corridor,FRC3,18,18,27,27,1.0,False,-6.237416698431964,106.82692406858013,18.95817050701808,True,
2026-07-30T07:46:01.047156+00:00,5234,-6.255677025000373,106.8431710999986,complex_corridor,FRC4,8,22,17,6,1.0,False,-6.25559934329838,106.84329627241084,16.310649749926508,True,
2026-07-30T07:46:01.311029+00:00,5259,-6.255508725000373,106.84360214999862,complex_corridor,FRC4,25,30,344,287,0.99815,False,-6.255457199448482,106.84295563186589,71.6908067558573,True,
2026-07-30T07:46:01.574070+00:00,5296,-6.242909649999996,106.84406470000002,complex_corridor,FRC2,22,35,64,40,1.0,False,-6.24287098327402,106.84404058541264,5.0587612651154314,True,
2026-07-30T08:01:05.436540+00:00,703,-6.235444892859697,106.75583232857385,complex_corridor,FRC2,28,28,6,6,1.0,False,-6.235637002833079,106.75573958241279,23.694334982762854,True,
2026-07-30T08:01:05.725449+00:00,821,-6.288795825000754,106.77763638750048,complex_corridor,FRC1,31,31,35,35,1.0,False,-6.288676397337788,106.77774978959411,18.260596237349766,True,
2026-07-30T08:01:06.014751+00:00,1336,-6.235382350000007,106.7560557,complex_corridor,FRC2,27,27,9,9,1.0,False,-6.235851643158244,106.75634307944131,61.09133400248038,True,
2026-07-30T08:01:06.300064+00:00,2187,-6.234661449999994,106.7555585,complex_corridor,FRC2,39,39,18,18,1.0,False,-6.235295044618109,106.75596622907466,83.63486690954973,True,
2026-07-30T08:01:06.585609+00:00,2188,-6.233655599999991,106.75488135,complex_corridor,FRC2,30,30,32,32,1.0,False,-6.233742064909034,106.75495503627582,12.600808704103487,True,
2026-07-30T08:01:06.872006+00:00,2298,-6.288583799999989,106.77784095,complex_corridor,FRC1,31,41,451,341,1.0,False,-6.288634823320289,106.77780477487897,6.94084144102375,True,
2026-07-30T08:01:07.166892+00:00,2322,-6.2884621,106.7781152,complex_corridor,FRC1,14,26,100,53,1.0,False,-6.288455113550981,106.77822722279888,12.405765015820144,True,
2026-07-30T08:01:07.457708+00:00,2459,-6.23996075,106.79819865,complex_corridor,FRC3,17,27,668,420,1.0,False,-6.239927209643448,106.79835988366938,18.208192291717626,True,
2026-07-30T08:01:07.743639+00:00,2660,-6.288887410002579,106.77817204999796,complex_corridor,FRC1,7,14,63,31,1.0,False,-6.289080056713849,106.77821112954479,21.852459789678804,True,
2026-07-30T08:01:08.033790+00:00,2731,-6.240104349999994,106.79819525,complex_corridor,FRC1,13,22,461,272,1.0,False,-6.254711568502923,106.79717434728451,1628.1638385691926,False,
2026-07-30T08:01:08.322036+00:00,2979,-6.239918790000258,106.79844824999957,complex_corridor,FRC2,12,15,3,2,1.0,False,-6.239928542802509,106.79846583092547,2.2254395550977346,True,
2026-07-30T08:01:08.606322+00:00,3134,-6.2892448600025785,106.77855074999796,complex_corridor,FRC1,10,22,26,11,1.0,False,-6.289262432333267,106.778499467014,5.995427904385316,True,
2026-07-30T08:01:08.891282+00:00,3164,-6.239840140000258,106.79869149999956,complex_corridor,FRC2,16,23,217,151,1.0,False,-6.23981997364873,106.79856239045006,14.446370748590217,True,
2026-07-30T08:01:09.175449+00:00,3940,-6.242815700000143,106.84290446666662,complex_corridor,FRC2,21,21,19,19,1.0,False,-6.242610768682978,106.84288187111798,22.923789898286447,True,
2026-07-30T08:01:09.464526+00:00,3995,-6.2428431,106.8426503,complex_corridor,FRC2,32,32,8,8,1.0,False,-6.24270333943449,106.84230519617961,41.19038604817657,True,
2026-07-30T08:01:09.752771+00:00,4135,-6.242451300001405,106.84346441666648,complex_corridor,FRC3,21,26,19,16,1.0,False,-6.24264159782794,106.84303341592732,52.128779444682614,True,
2026-07-30T08:01:10.051416+00:00,4174,-6.242622250001264,106.84418269999986,complex_corridor,FRC3,21,21,14,14,1.0,False,-6.242365385288672,106.84405667866673,31.777844988721665,True,
2026-07-30T08:01:10.341769+00:00,4307,-6.237238257899974,106.8272395210502,complex_corridor,FRC2,10,21,12,6,0.99,False,-6.237236971031365,106.82743234718856,21.314848279038795,True,
2026-07-30T08:01:10.628335+00:00,4312,-6.237042057899963,106.8269344210502,complex_corridor,FRC2,23,23,6,6,1.0,False,-6.237208807900389,106.82690797532604,18.770772040768108,True,
2026-07-30T08:01:10.913497+00:00,4383,-6.255330045001537,106.84307333999776,complex_corridor,FRC4,25,25,7,7,1.0,False,-6.255170245392188,106.84296367849294,21.509477825194235,True,
2026-07-30T08:01:11.197407+00:00,4421,-6.237577607899957,106.82686737105018,complex_corridor,FRC3,12,18,41,27,1.0,False,-6.237416698431964,106.82692406858013,18.95817050701808,True,
2026-07-30T08:01:11.486791+00:00,5234,-6.255677025000373,106.8431710999986,complex_corridor,FRC4,11,23,12,6,0.99,False,-6.25559934329838,106.84329627241084,16.310649749926508,True,
2026-07-30T08:01:11.789249+00:00,5259,-6.255508725000373,106.84360214999862,complex_corridor,FRC4,30,30,287,287,1.0,False,-6.255457199448482,106.84295563186589,71.6908067558573,True,
2026-07-30T08:01:12.073465+00:00,5296,-6.242909649999996,106.84406470000002,complex_corridor,FRC2,27,35,52,40,1.0,False,-6.24287098327402,106.84404058541264,5.0587612651154314,True,
2026-07-30T08:15:59.726195+00:00,703,-6.235444892859697,106.75583232857385,complex_corridor,FRC2,28,28,6,6,1.0,False,-6.235637002833079,106.75573958241279,23.694334982762854,True,
2026-07-30T08:15:59.990223+00:00,821,-6.288795825000754,106.77763638750048,complex_corridor,FRC1,20,31,54,35,1.0,False,-6.288676397337788,106.77774978959411,18.260596237349766,True,
2026-07-30T08:16:00.260386+00:00,1336,-6.235382350000007,106.7560557,complex_corridor,FRC2,27,27,9,9,1.0,False,-6.235851643158244,106.75634307944131,61.09133400248038,True,
2026-07-30T08:16:00.535742+00:00,2187,-6.234661449999994,106.7555585,complex_corridor,FRC2,39,39,18,18,1.0,False,-6.235295044618109,106.75596622907466,83.63486690954973,True,
2026-07-30T08:16:00.806017+00:00,2188,-6.233655599999991,106.75488135,complex_corridor,FRC2,30,30,32,32,1.0,False,-6.233742064909034,106.75495503627582,12.600808704103487,True,
2026-07-30T08:16:01.074339+00:00,2298,-6.288583799999989,106.77784095,complex_corridor,FRC1,28,40,500,350,1.0,False,-6.288634823320289,106.77780477487897,6.94084144102375,True,
2026-07-30T08:16:01.349609+00:00,2322,-6.2884621,106.7781152,complex_corridor,FRC1,17,25,82,56,1.0,False,-6.288455113550981,106.77822722279888,12.405765015820144,True,
2026-07-30T08:16:01.616750+00:00,2459,-6.23996075,106.79819865,complex_corridor,FRC3,16,27,710,420,1.0,False,-6.239927209643448,106.79835988366938,18.208192291717626,True,
2026-07-30T08:16:01.881693+00:00,2660,-6.288887410002579,106.77817204999796,complex_corridor,FRC1,15,15,29,29,1.0,False,-6.289080056713849,106.77821112954479,21.852459789678804,True,
2026-07-30T08:16:02.144977+00:00,2731,-6.240104349999994,106.79819525,complex_corridor,FRC1,14,20,428,300,1.0,False,-6.254711568502923,106.79717434728451,1628.1638385691926,False,
2026-07-30T08:16:02.409668+00:00,2979,-6.239918790000258,106.79844824999957,complex_corridor,FRC2,15,15,2,2,1.0,False,-6.239928542802509,106.79846583092547,2.2254395550977346,True,
2026-07-30T08:16:02.674122+00:00,3134,-6.2892448600025785,106.77855074999796,complex_corridor,FRC1,17,21,15,12,1.0,False,-6.289262432333267,106.778499467014,5.995427904385316,True,
2026-07-30T08:16:02.943810+00:00,3164,-6.239840140000258,106.79869149999956,complex_corridor,FRC2,19,24,183,145,1.0,False,-6.23981997364873,106.79856239045006,14.446370748590217,True,
2026-07-30T08:16:03.217559+00:00,3940,-6.242815700000143,106.84290446666662,complex_corridor,FRC2,21,21,19,19,1.0,False,-6.242610768682978,106.84288187111798,22.923789898286447,True,
2026-07-30T08:16:03.484784+00:00,3995,-6.2428431,106.8426503,complex_corridor,FRC2,32,32,8,8,1.0,False,-6.24270333943449,106.84230519617961,41.19038604817657,True,
2026-07-30T08:16:03.746725+00:00,4135,-6.242451300001405,106.84346441666648,complex_corridor,FRC3,27,27,15,15,1.0,False,-6.24264159782794,106.84303341592732,52.128779444682614,True,
2026-07-30T08:16:04.011734+00:00,4174,-6.242622250001264,106.84418269999986,complex_corridor,FRC3,21,21,14,14,1.0,False,-6.242365385288672,106.84405667866673,31.777844988721665,True,
2026-07-30T08:16:04.275109+00:00,4307,-6.237238257899974,106.8272395210502,complex_corridor,FRC2,12,21,10,6,0.99,False,-6.237236971031365,106.82743234718856,21.314848279038795,True,
2026-07-30T08:16:04.538489+00:00,4312,-6.237042057899963,106.8269344210502,complex_corridor,FRC2,23,23,6,6,1.0,False,-6.237208807900389,106.82690797532604,18.770772040768108,True,
2026-07-30T08:16:04.807757+00:00,4383,-6.255330045001537,106.84307333999776,complex_corridor,FRC4,25,25,7,7,1.0,False,-6.255170245392188,106.84296367849294,21.509477825194235,True,
2026-07-30T08:16:05.074252+00:00,4421,-6.237577607899957,106.82686737105018,complex_corridor,FRC3,7,17,70,28,1.0,False,-6.237416698431964,106.82692406858013,18.95817050701808,True,
2026-07-30T08:16:05.338107+00:00,5234,-6.255677025000373,106.8431710999986,complex_corridor,FRC4,23,23,6,6,1.0,False,-6.25559934329838,106.84329627241084,16.310649749926508,True,
2026-07-30T08:16:05.611855+00:00,5259,-6.255508725000373,106.84360214999862,complex_corridor,FRC4,22,29,391,297,0.99211,False,-6.255457199448482,106.84295563186589,71.6908067558573,True,
2026-07-30T08:16:05.883549+00:00,5296,-6.242909649999996,106.84406470000002,complex_corridor,FRC2,35,35,40,40,1.0,False,-6.24287098327402,106.84404058541264,5.0587612651154314,True,
