timestamp_utc,edge_id,requested_lat,requested_lon,highway_tag,frc,currentSpeed,freeFlowSpeed,currentTravelTime,freeFlowTravelTime,confidence,roadClosure,matched_lat,matched_lon,match_distance_m,valid_match,error
2026-08-21T00:01:01.040279+00:00,703,-6.235444892859697,106.75583232857385,complex_corridor,FRC2,28,28,6,6,1.0,False,-6.235637002833079,106.75573958241279,23.694334982762854,True,
2026-08-21T00:01:01.363876+00:00,821,-6.288795825000754,106.77763638750048,complex_corridor,FRC1,11,28,99,39,1.0,False,-6.288676397337788,106.77774978959411,18.260596237349766,True,
2026-08-21T00:01:01.679162+00:00,1336,-6.235382350000007,106.7560557,complex_corridor,FRC2,19,26,14,10,0.98,False,-6.235851643158244,106.75634307944131,61.09133400248038,True,
2026-08-21T00:01:01.973251+00:00,2187,-6.234661449999994,106.7555585,complex_corridor,FRC2,39,39,18,18,1.0,False,-6.235295044618109,106.75596622907466,83.63486690954973,True,
2026-08-21T00:01:02.312928+00:00,2188,-6.233655599999991,106.75488135,complex_corridor,FRC2,30,30,32,32,1.0,False,-6.233742064909034,106.75495503627582,12.600808704103487,True,
2026-08-21T00:01:02.600441+00:00,2298,-6.288583799999989,106.77784095,complex_corridor,FRC1,34,41,411,341,1.0,False,-6.288634823320289,106.77780477487897,6.94084144102375,True,
2026-08-21T00:01:02.906589+00:00,2322,-6.2884621,106.7781152,complex_corridor,FRC1,14,26,100,53,1.0,False,-6.288455113550981,106.77822722279888,12.405765015820144,True,
2026-08-21T00:01:03.200982+00:00,2459,-6.23996075,106.79819865,complex_corridor,FRC3,21,27,541,420,1.0,False,-6.239927209643448,106.79835988366938,18.208192291717626,True,
2026-08-21T00:01:03.507994+00:00,2660,-6.288887410002579,106.77817204999796,complex_corridor,FRC1,7,15,63,29,1.0,False,-6.289080056713849,106.77821112954479,21.852459789678804,True,
2026-08-21T00:01:03.798024+00:00,2731,-6.240104349999994,106.79819525,complex_corridor,FRC1,21,21,285,285,1.0,False,-6.254711568502923,106.79717434728451,1628.1638385691926,False,
2026-08-21T00:01:04.083034+00:00,2979,-6.239918790000258,106.79844824999957,complex_corridor,FRC2,15,15,2,2,1.0,False,-6.239928542802509,106.79846583092547,2.2254395550977346,True,
2026-08-21T00:01:04.376972+00:00,3134,-6.2892448600025785,106.77855074999796,complex_corridor,FRC1,12,22,21,11,1.0,False,-6.289262432333267,106.778499467014,5.995427904385316,True,
2026-08-21T00:01:04.668976+00:00,3164,-6.239840140000258,106.79869149999956,complex_corridor,FRC2,21,26,165,134,1.0,False,-6.23981997364873,106.79856239045006,14.446370748590217,True,
2026-08-21T00:01:04.954025+00:00,3940,-6.242815700000143,106.84290446666662,complex_corridor,FRC2,21,21,19,19,1.0,False,-6.242610768682978,106.84288187111798,22.923789898286447,True,
2026-08-21T00:01:05.239552+00:00,3995,-6.2428431,106.8426503,complex_corridor,FRC2,32,32,8,8,1.0,False,-6.24270333943449,106.84230519617961,41.19038604817657,True,
2026-08-21T00:01:05.540305+00:00,4135,-6.242451300001405,106.84346441666648,complex_corridor,FRC3,27,27,15,15,1.0,False,-6.24264159782794,106.84303341592732,52.128779444682614,True,
2026-08-21T00:01:05.826340+00:00,4174,-6.242622250001264,106.84418269999986,complex_corridor,FRC3,21,21,14,14,1.0,False,-6.242365385288672,106.84405667866673,31.777844988721665,True,
2026-08-21T00:01:06.124005+00:00,4307,-6.237238257899974,106.8272395210502,complex_corridor,FRC2,21,21,6,6,1.0,False,-6.237236971031365,106.82743234718856,21.314848279038795,True,
2026-08-21T00:01:06.415263+00:00,4312,-6.237042057899963,106.8269344210502,complex_corridor,FRC2,23,23,6,6,1.0,False,-6.237208807900389,106.82690797532604,18.770772040768108,True,
2026-08-21T00:01:06.700264+00:00,4383,-6.255330045001537,106.84307333999776,complex_corridor,FRC4,25,25,7,7,1.0,False,-6.255170245392188,106.84296367849294,21.509477825194235,True,
2026-08-21T00:01:06.988125+00:00,4421,-6.237577607899957,106.82686737105018,complex_corridor,FRC3,19,19,25,25,1.0,False,-6.237416698431964,106.82692406858013,18.95817050701808,True,
2026-08-21T00:01:07.285440+00:00,5234,-6.255677025000373,106.8431710999986,complex_corridor,FRC4,23,23,6,6,1.0,False,-6.25559934329838,106.84329627241084,16.310649749926508,True,
2026-08-21T00:01:07.572779+00:00,5259,-6.255508725000373,106.84360214999862,complex_corridor,FRC4,29,29,297,297,1.0,False,-6.255457199448482,106.84295563186589,71.6908067558573,True,
2026-08-21T00:01:07.873073+00:00,5296,-6.242909649999996,106.84406470000002,complex_corridor,FRC2,35,35,40,40,1.0,False,-6.24287098327402,106.84404058541264,5.0587612651154314,True,
2026-08-21T00:15:47.422573+00:00,703,-6.235444892859697,106.75583232857385,complex_corridor,FRC2,28,28,6,6,1.0,False,-6.235637002833079,106.75573958241279,23.694334982762854,True,
2026-08-21T00:15:47.718741+00:00,821,-6.288795825000754,106.77763638750048,complex_corridor,FRC1,14,30,78,36,1.0,False,-6.288676397337788,106.77774978959411,18.260596237349766,True,
2026-08-21T00:15:48.012926+00:00,1336,-6.235382350000007,106.7560557,complex_corridor,FRC2,15,26,17,10,0.98,False,-6.235851643158244,106.75634307944131,61.09133400248038,True,
2026-08-21T00:15:48.301165+00:00,2187,-6.234661449999994,106.7555585,complex_corridor,FRC2,39,39,18,18,1.0,False,-6.235295044618109,106.75596622907466,83.63486690954973,True,
2026-08-21T00:15:48.593322+00:00,2188,-6.233655599999991,106.75488135,complex_corridor,FRC2,30,30,32,32,1.0,False,-6.233742064909034,106.75495503627582,12.600808704103487,True,
2026-08-21T00:15:48.890301+00:00,2298,-6.288583799999989,106.77784095,complex_corridor,FRC1,31,41,451,341,1.0,False,-6.288634823320289,106.77780477487897,6.94084144102375,True,
2026-08-21T00:15:49.177883+00:00,2322,-6.2884621,106.7781152,complex_corridor,FRC1,14,25,100,56,1.0,False,-6.288455113550981,106.77822722279888,12.405765015820144,True,
2026-08-21T00:15:49.466238+00:00,2459,-6.23996075,106.79819865,complex_corridor,FRC3,22,28,516,405,1.0,False,-6.239927209643448,106.79835988366938,18.208192291717626,True,
2026-08-21T00:15:49.774785+00:00,2660,-6.288887410002579,106.77817204999796,complex_corridor,FRC1,15,15,29,29,1.0,False,-6.289080056713849,106.77821112954479,21.852459789678804,True,
2026-08-21T00:15:50.073180+00:00,2731,-6.240104349999994,106.79819525,complex_corridor,FRC1,21,21,285,285,1.0,False,-6.254711568502923,106.79717434728451,1628.1638385691926,False,
2026-08-21T00:15:50.359360+00:00,2979,-6.239918790000258,106.79844824999957,complex_corridor,FRC2,15,15,2,2,1.0,False,-6.239928542802509,106.79846583092547,2.2254395550977346,True,
2026-08-21T00:15:50.646957+00:00,3134,-6.2892448600025785,106.77855074999796,complex_corridor,FRC1,22,22,11,11,1.0,False,-6.289262432333267,106.778499467014,5.995427904385316,True,
2026-08-21T00:15:50.946611+00:00,3164,-6.239840140000258,106.79869149999956,complex_corridor,FRC2,24,24,145,145,1.0,False,-6.23981997364873,106.79856239045006,14.446370748590217,True,
2026-08-21T00:15:51.236001+00:00,3940,-6.242815700000143,106.84290446666662,complex_corridor,FRC2,21,21,19,19,1.0,False,-6.242610768682978,106.84288187111798,22.923789898286447,True,
2026-08-21T00:15:51.530721+00:00,3995,-6.2428431,106.8426503,complex_corridor,FRC2,32,32,8,8,1.0,False,-6.24270333943449,106.84230519617961,41.19038604817657,True,
2026-08-21T00:15:51.821279+00:00,4135,-6.242451300001405,106.84346441666648,complex_corridor,FRC3,19,26,22,16,1.0,False,-6.24264159782794,106.84303341592732,52.128779444682614,True,
2026-08-21T00:15:52.110622+00:00,4174,-6.242622250001264,106.84418269999986,complex_corridor,FRC3,21,21,14,14,1.0,False,-6.242365385288672,106.84405667866673,31.777844988721665,True,
2026-08-21T00:15:52.413611+00:00,4307,-6.237238257899974,106.8272395210502,complex_corridor,FRC2,21,21,6,6,1.0,False,-6.237236971031365,106.82743234718856,21.314848279038795,True,
2026-08-21T00:15:52.728409+00:00,4312,-6.237042057899963,106.8269344210502,complex_corridor,FRC2,23,23,6,6,1.0,False,-6.237208807900389,106.82690797532604,18.770772040768108,True,
2026-08-21T00:15:53.020386+00:00,4383,-6.255330045001537,106.84307333999776,complex_corridor,FRC4,25,25,7,7,1.0,False,-6.255170245392188,106.84296367849294,21.509477825194235,True,
2026-08-21T00:15:53.318605+00:00,4421,-6.237577607899957,106.82686737105018,complex_corridor,FRC3,19,19,25,25,1.0,False,-6.237416698431964,106.82692406858013,18.95817050701808,True,
2026-08-21T00:15:53.605921+00:00,5234,-6.255677025000373,106.8431710999986,complex_corridor,FRC4,5,25,28,5,0.99,False,-6.25559934329838,106.84329627241084,16.310649749926508,True,
2026-08-21T00:15:53.892187+00:00,5259,-6.255508725000373,106.84360214999862,complex_corridor,FRC4,23,29,374,297,0.993079,False,-6.255457199448482,106.84295563186589,71.6908067558573,True,
2026-08-21T00:15:54.178141+00:00,5296,-6.242909649999996,106.84406470000002,complex_corridor,FRC2,35,35,40,40,1.0,False,-6.24287098327402,106.84404058541264,5.0587612651154314,True,
2026-08-21T00:30:55.912410+00:00,703,-6.235444892859697,106.75583232857385,complex_corridor,FRC2,28,28,6,6,1.0,False,-6.235637002833079,106.75573958241279,23.694334982762854,True,
2026-08-21T00:30:56.228214+00:00,821,-6.288795825000754,106.77763638750048,complex_corridor,FRC1,12,31,91,35,1.0,False,-6.288676397337788,106.77774978959411,18.260596237349766,True,
2026-08-21T00:30:56.520221+00:00,1336,-6.235382350000007,106.7560557,complex_corridor,FRC2,14,26,19,10,0.9,False,-6.235851643158244,106.75634307944131,61.09133400248038,True,
2026-08-21T00:30:56.813888+00:00,2187,-6.234661449999994,106.7555585,complex_corridor,FRC2,39,39,18,18,1.0,False,-6.235295044618109,106.75596622907466,83.63486690954973,True,
2026-08-21T00:30:57.104770+00:00,2188,-6.233655599999991,106.75488135,complex_corridor,FRC2,30,30,32,32,1.0,False,-6.233742064909034,106.75495503627582,12.600808704103487,True,
2026-08-21T00:30:57.407122+00:00,2298,-6.288583799999989,106.77784095,complex_corridor,FRC1,30,40,466,350,1.0,False,-6.288634823320289,106.77780477487897,6.94084144102375,True,
2026-08-21T00:30:57.699894+00:00,2322,-6.2884621,106.7781152,complex_corridor,FRC1,20,25,70,56,1.0,False,-6.288455113550981,106.77822722279888,12.405765015820144,True,
2026-08-21T00:30:57.993906+00:00,2459,-6.23996075,106.79819865,complex_corridor,FRC3,21,28,541,405,1.0,False,-6.239927209643448,106.79835988366938,18.208192291717626,True,
2026-08-21T00:30:58.293309+00:00,2660,-6.288887410002579,106.77817204999796,complex_corridor,FRC1,8,16,55,27,1.0,False,-6.289080056713849,106.77821112954479,21.852459789678804,True,
2026-08-21T00:30:58.584444+00:00,2731,-6.240104349999994,106.79819525,complex_corridor,FRC1,21,21,285,285,1.0,False,-6.254711568502923,106.79717434728451,1628.1638385691926,False,
2026-08-21T00:30:58.877266+00:00,2979,-6.239918790000258,106.79844824999957,complex_corridor,FRC2,15,15,2,2,1.0,False,-6.239928542802509,106.79846583092547,2.2254395550977346,True,
2026-08-21T00:30:59.179103+00:00,3134,-6.2892448600025785,106.77855074999796,complex_corridor,FRC1,11,21,23,12,1.0,False,-6.289262432333267,106.778499467014,5.995427904385316,True,
2026-08-21T00:30:59.480936+00:00,3164,-6.239840140000258,106.79869149999956,complex_corridor,FRC2,24,24,145,145,1.0,False,-6.23981997364873,106.79856239045006,14.446370748590217,True,
2026-08-21T00:30:59.778649+00:00,3940,-6.242815700000143,106.84290446666662,complex_corridor,FRC2,21,21,19,19,1.0,False,-6.242610768682978,106.84288187111798,22.923789898286447,True,
2026-08-21T00:31:00.072337+00:00,3995,-6.2428431,106.8426503,complex_corridor,FRC2,32,32,8,8,1.0,False,-6.24270333943449,106.84230519617961,41.19038604817657,True,
2026-08-21T00:31:00.365147+00:00,4135,-6.242451300001405,106.84346441666648,complex_corridor,FRC3,20,26,20,16,1.0,False,-6.24264159782794,106.84303341592732,52.128779444682614,True,
2026-08-21T00:31:00.657792+00:00,4174,-6.242622250001264,106.84418269999986,complex_corridor,FRC3,21,21,14,14,1.0,False,-6.242365385288672,106.84405667866673,31.777844988721665,True,
2026-08-21T00:31:00.949558+00:00,4307,-6.237238257899974,106.8272395210502,complex_corridor,FRC2,21,21,6,6,1.0,False,-6.237236971031365,106.82743234718856,21.314848279038795,True,
2026-08-21T00:31:01.251201+00:00,4312,-6.237042057899963,106.8269344210502,complex_corridor,FRC2,23,23,6,6,1.0,False,-6.237208807900389,106.82690797532604,18.770772040768108,True,
2026-08-21T00:31:01.579431+00:00,4383,-6.255330045001537,106.84307333999776,complex_corridor,FRC4,25,25,7,7,1.0,False,-6.255170245392188,106.84296367849294,21.509477825194235,True,
2026-08-21T00:31:01.870719+00:00,4421,-6.237577607899957,106.82686737105018,complex_corridor,FRC3,8,19,61,25,0.99,False,-6.237416698431964,106.82692406858013,18.95817050701808,True,
2026-08-21T00:31:02.160908+00:00,5234,-6.255677025000373,106.8431710999986,complex_corridor,FRC4,17,23,8,6,0.99,False,-6.25559934329838,106.84329627241084,16.310649749926508,True,
2026-08-21T00:31:02.453405+00:00,5259,-6.255508725000373,106.84360214999862,complex_corridor,FRC4,26,29,331,297,1.0,False,-6.255457199448482,106.84295563186589,71.6908067558573,True,
2026-08-21T00:31:02.743630+00:00,5296,-6.242909649999996,106.84406470000002,complex_corridor,FRC2,35,35,40,40,1.0,False,-6.24287098327402,106.84404058541264,5.0587612651154314,True,
2026-08-21T00:45:52.306802+00:00,703,-6.235444892859697,106.75583232857385,complex_corridor,FRC2,28,28,6,6,1.0,False,-6.235637002833079,106.75573958241279,23.694334982762854,True,
2026-08-21T00:45:52.601079+00:00,821,-6.288795825000754,106.77763638750048,complex_corridor,FRC1,7,29,156,37,1.0,False,-6.288676397337788,106.77774978959411,18.260596237349766,True,
2026-08-21T00:45:52.898737+00:00,1336,-6.235382350000007,106.7560557,complex_corridor,FRC2,17,26,15,10,0.98,False,-6.235851643158244,106.75634307944131,61.09133400248038,True,
2026-08-21T00:45:53.195568+00:00,2187,-6.234661449999994,106.7555585,complex_corridor,FRC2,31,38,23,19,1.0,False,-6.235295044618109,106.75596622907466,83.63486690954973,True,
2026-08-21T00:45:53.488905+00:00,2188,-6.233655599999991,106.75488135,complex_corridor,FRC2,30,30,32,32,1.0,False,-6.233742064909034,106.75495503627582,12.600808704103487,True,
2026-08-21T00:45:53.779433+00:00,2298,-6.288583799999989,106.77784095,complex_corridor,FRC1,29,41,482,341,1.0,False,-6.288634823320289,106.77780477487897,6.94084144102375,True,
2026-08-21T00:45:54.068224+00:00,2322,-6.2884621,106.7781152,complex_corridor,FRC1,16,25,87,56,0.99,False,-6.288455113550981,106.77822722279888,12.405765015820144,True,
2026-08-21T00:45:54.359635+00:00,2459,-6.23996075,106.79819865,complex_corridor,FRC3,16,27,710,420,1.0,False,-6.239927209643448,106.79835988366938,18.208192291717626,True,
2026-08-21T00:45:54.651093+00:00,2660,-6.288887410002579,106.77817204999796,complex_corridor,FRC1,15,17,29,26,1.0,False,-6.289080056713849,106.77821112954479,21.852459789678804,True,
2026-08-21T00:45:54.950879+00:00,2731,-6.240104349999994,106.79819525,complex_corridor,FRC1,21,21,285,285,1.0,False,-6.254711568502923,106.79717434728451,1628.1638385691926,False,
2026-08-21T00:45:55.238215+00:00,2979,-6.239918790000258,106.79844824999957,complex_corridor,FRC2,9,15,4,2,1.0,False,-6.239928542802509,106.79846583092547,2.2254395550977346,True,
2026-08-21T00:45:55.530344+00:00,3134,-6.2892448600025785,106.77855074999796,complex_corridor,FRC1,14,21,18,12,1.0,False,-6.289262432333267,106.778499467014,5.995427904385316,True,
2026-08-21T00:45:55.818602+00:00,3164,-6.239840140000258,106.79869149999956,complex_corridor,FRC2,24,24,145,145,1.0,False,-6.23981997364873,106.79856239045006,14.446370748590217,True,
2026-08-21T00:45:56.109967+00:00,3940,-6.242815700000143,106.84290446666662,complex_corridor,FRC2,21,21,19,19,1.0,False,-6.242610768682978,106.84288187111798,22.923789898286447,True,
2026-08-21T00:45:56.403059+00:00,3995,-6.2428431,106.8426503,complex_corridor,FRC2,32,32,8,8,1.0,False,-6.24270333943449,106.84230519617961,41.19038604817657,True,
2026-08-21T00:45:56.696662+00:00,4135,-6.242451300001405,106.84346441666648,complex_corridor,FRC3,27,27,15,15,1.0,False,-6.24264159782794,106.84303341592732,52.128779444682614,True,
2026-08-21T00:45:57.004496+00:00,4174,-6.242622250001264,106.84418269999986,complex_corridor,FRC3,21,21,14,14,1.0,False,-6.242365385288672,106.84405667866673,31.777844988721665,True,
2026-08-21T00:45:57.292501+00:00,4307,-6.237238257899974,106.8272395210502,complex_corridor,FRC2,21,21,6,6,1.0,False,-6.237236971031365,106.82743234718856,21.314848279038795,True,
2026-08-21T00:45:57.582386+00:00,4312,-6.237042057899963,106.8269344210502,complex_corridor,FRC2,23,23,6,6,1.0,False,-6.237208807900389,106.82690797532604,18.770772040768108,True,
2026-08-21T00:45:57.880383+00:00,4383,-6.255330045001537,106.84307333999776,complex_corridor,FRC4,12,24,15,7,1.0,False,-6.255170245392188,106.84296367849294,21.509477825194235,True,
2026-08-21T00:45:58.220041+00:00,4421,-6.237577607899957,106.82686737105018,complex_corridor,FRC3,19,19,25,25,1.0,False,-6.237416698431964,106.82692406858013,18.95817050701808,True,
2026-08-21T00:45:58.510438+00:00,5234,-6.255677025000373,106.8431710999986,complex_corridor,FRC4,23,23,6,6,1.0,False,-6.25559934329838,106.84329627241084,16.310649749926508,True,
2026-08-21T00:45:58.796836+00:00,5259,-6.255508725000373,106.84360214999862,complex_corridor,FRC4,29,29,297,297,1.0,False,-6.255457199448482,106.84295563186589,71.6908067558573,True,
2026-08-21T00:45:59.086385+00:00,5296,-6.242909649999996,106.84406470000002,complex_corridor,FRC2,35,35,40,40,1.0,False,-6.24287098327402,106.84404058541264,5.0587612651154314,True,
2026-08-21T01:00:52.509376+00:00,703,-6.235444892859697,106.75583232857385,complex_corridor,FRC2,28,28,6,6,1.0,False,-6.235637002833079,106.75573958241279,23.694334982762854,True,
2026-08-21T01:00:52.778269+00:00,821,-6.288795825000754,106.77763638750048,complex_corridor,FRC1,13,31,84,35,1.0,False,-6.288676397337788,106.77774978959411,18.260596237349766,True,
2026-08-21T01:00:53.051787+00:00,1336,-6.235382350000007,106.7560557,complex_corridor,FRC2,18,27,14,9,0.99,False,-6.235851643158244,106.75634307944131,61.09133400248038,True,
2026-08-21T01:00:53.334720+00:00,2187,-6.234661449999994,106.7555585,complex_corridor,FRC2,39,39,18,18,1.0,False,-6.235295044618109,106.75596622907466,83.63486690954973,True,
2026-08-21T01:00:53.614457+00:00,2188,-6.233655599999991,106.75488135,complex_corridor,FRC2,30,30,32,32,1.0,False,-6.233742064909034,106.75495503627582,12.600808704103487,True,
2026-08-21T01:00:53.900092+00:00,2298,-6.288583799999989,106.77784095,complex_corridor,FRC1,30,42,466,333,1.0,False,-6.288634823320289,106.77780477487897,6.94084144102375,True,
2026-08-21T01:00:54.169098+00:00,2322,-6.2884621,106.7781152,complex_corridor,FRC1,17,25,82,56,1.0,False,-6.288455113550981,106.77822722279888,12.405765015820144,True,
2026-08-21T01:00:54.435986+00:00,2459,-6.23996075,106.79819865,complex_corridor,FRC3,19,27,597,420,1.0,False,-6.239927209643448,106.79835988366938,18.208192291717626,True,
2026-08-21T01:00:54.713292+00:00,2660,-6.288887410002579,106.77817204999796,complex_corridor,FRC1,14,16,31,27,1.0,False,-6.289080056713849,106.77821112954479,21.852459789678804,True,
2026-08-21T01:00:54.982386+00:00,2731,-6.240104349999994,106.79819525,complex_corridor,FRC1,21,21,285,285,1.0,False,-6.254711568502923,106.79717434728451,1628.1638385691926,False,
2026-08-21T01:00:55.253500+00:00,2979,-6.239918790000258,106.79844824999957,complex_corridor,FRC2,15,15,2,2,1.0,False,-6.239928542802509,106.79846583092547,2.2254395550977346,True,
2026-08-21T01:00:55.523534+00:00,3134,-6.2892448600025785,106.77855074999796,complex_corridor,FRC1,17,22,15,11,1.0,False,-6.289262432333267,106.778499467014,5.995427904385316,True,
2026-08-21T01:00:55.789356+00:00,3164,-6.239840140000258,106.79869149999956,complex_corridor,FRC2,24,24,145,145,1.0,False,-6.23981997364873,106.79856239045006,14.446370748590217,True,
2026-08-21T01:00:56.069722+00:00,3940,-6.242815700000143,106.84290446666662,complex_corridor,FRC2,21,21,19,19,1.0,False,-6.242610768682978,106.84288187111798,22.923789898286447,True,
2026-08-21T01:00:56.340089+00:00,3995,-6.2428431,106.8426503,complex_corridor,FRC2,32,32,8,8,1.0,False,-6.24270333943449,106.84230519617961,41.19038604817657,True,
2026-08-21T01:00:56.609854+00:00,4135,-6.242451300001405,106.84346441666648,complex_corridor,FRC3,21,26,19,16,1.0,False,-6.24264159782794,106.84303341592732,52.128779444682614,True,
2026-08-21T01:00:56.897948+00:00,4174,-6.242622250001264,106.84418269999986,complex_corridor,FRC3,21,21,14,14,1.0,False,-6.242365385288672,106.84405667866673,31.777844988721665,True,
2026-08-21T01:00:57.175257+00:00,4307,-6.237238257899974,106.8272395210502,complex_corridor,FRC2,21,21,6,6,1.0,False,-6.237236971031365,106.82743234718856,21.314848279038795,True,
2026-08-21T01:00:57.440757+00:00,4312,-6.237042057899963,106.8269344210502,complex_corridor,FRC2,23,23,6,6,1.0,False,-6.237208807900389,106.82690797532604,18.770772040768108,True,
2026-08-21T01:00:57.729611+00:00,4383,-6.255330045001537,106.84307333999776,complex_corridor,FRC4,17,25,10,7,1.0,False,-6.255170245392188,106.84296367849294,21.509477825194235,True,
2026-08-21T01:00:58.001090+00:00,4421,-6.237577607899957,106.82686737105018,complex_corridor,FRC3,15,18,32,27,0.99,False,-6.237416698431964,106.82692406858013,18.95817050701808,True,
2026-08-21T01:00:58.276929+00:00,5234,-6.255677025000373,106.8431710999986,complex_corridor,FRC4,23,23,6,6,1.0,False,-6.25559934329838,106.84329627241084,16.310649749926508,True,
2026-08-21T01:00:58.552438+00:00,5259,-6.255508725000373,106.84360214999862,complex_corridor,FRC4,29,29,297,297,1.0,False,-6.255457199448482,106.84295563186589,71.6908067558573,True,
2026-08-21T01:00:58.846824+00:00,5296,-6.242909649999996,106.84406470000002,complex_corridor,FRC2,35,35,40,40,1.0,False,-6.24287098327402,106.84404058541264,5.0587612651154314,True,
2026-08-21T01:15:51.735919+00:00,703,-6.235444892859697,106.75583232857385,complex_corridor,FRC2,28,28,6,6,1.0,False,-6.235637002833079,106.75573958241279,23.694334982762854,True,
2026-08-21T01:15:52.035083+00:00,821,-6.288795825000754,106.77763638750048,complex_corridor,FRC1,12,30,91,36,1.0,False,-6.288676397337788,106.77774978959411,18.260596237349766,True,
2026-08-21T01:15:52.323691+00:00,1336,-6.235382350000007,106.7560557,complex_corridor,FRC2,18,27,14,9,0.99,False,-6.235851643158244,106.75634307944131,61.09133400248038,True,
2026-08-21T01:15:52.621436+00:00,2187,-6.234661449999994,106.7555585,complex_corridor,FRC2,39,39,18,18,1.0,False,-6.235295044618109,106.75596622907466,83.63486690954973,True,
2026-08-21T01:15:52.917314+00:00,2188,-6.233655599999991,106.75488135,complex_corridor,FRC2,30,30,32,32,1.0,False,-6.233742064909034,106.75495503627582,12.600808704103487,True,
2026-08-21T01:15:53.206564+00:00,2298,-6.288583799999989,106.77784095,complex_corridor,FRC1,29,42,482,333,1.0,False,-6.288634823320289,106.77780477487897,6.94084144102375,True,
2026-08-21T01:15:53.505693+00:00,2322,-6.2884621,106.7781152,complex_corridor,FRC1,26,26,53,53,1.0,False,-6.288455113550981,106.77822722279888,12.405765015820144,True,
2026-08-21T01:15:53.795698+00:00,2459,-6.23996075,106.79819865,complex_corridor,FRC3,19,27,597,420,1.0,False,-6.239927209643448,106.79835988366938,18.208192291717626,True,
2026-08-21T01:15:54.099323+00:00,2660,-6.288887410002579,106.77817204999796,complex_corridor,FRC1,15,15,29,29,1.0,False,-6.289080056713849,106.77821112954479,21.852459789678804,True,
2026-08-21T01:15:54.409636+00:00,2731,-6.240104349999994,106.79819525,complex_corridor,FRC1,17,20,353,300,1.0,False,-6.254711568502923,106.79717434728451,1628.1638385691926,False,
2026-08-21T01:15:54.697633+00:00,2979,-6.239918790000258,106.79844824999957,complex_corridor,FRC2,15,15,2,2,1.0,False,-6.239928542802509,106.79846583092547,2.2254395550977346,True,
2026-08-21T01:15:55.020240+00:00,3134,-6.2892448600025785,106.77855074999796,complex_corridor,FRC1,18,22,14,11,1.0,False,-6.289262432333267,106.778499467014,5.995427904385316,True,
2026-08-21T01:15:55.310025+00:00,3164,-6.239840140000258,106.79869149999956,complex_corridor,FRC2,24,24,145,145,1.0,False,-6.23981997364873,106.79856239045006,14.446370748590217,True,
2026-08-21T01:15:55.600377+00:00,3940,-6.242815700000143,106.84290446666662,complex_corridor,FRC2,21,21,19,19,1.0,False,-6.242610768682978,106.84288187111798,22.923789898286447,True,
2026-08-21T01:15:55.892523+00:00,3995,-6.2428431,106.8426503,complex_corridor,FRC2,32,32,8,8,1.0,False,-6.24270333943449,106.84230519617961,41.19038604817657,True,
2026-08-21T01:15:56.184912+00:00,4135,-6.242451300001405,106.84346441666648,complex_corridor,FRC3,21,27,19,15,1.0,False,-6.24264159782794,106.84303341592732,52.128779444682614,True,
2026-08-21T01:15:56.493357+00:00,4174,-6.242622250001264,106.84418269999986,complex_corridor,FRC3,7,20,42,14,0.94,False,-6.242365385288672,106.84405667866673,31.777844988721665,True,
2026-08-21T01:15:56.801889+00:00,4307,-6.237238257899974,106.8272395210502,complex_corridor,FRC2,21,21,6,6,1.0,False,-6.237236971031365,106.82743234718856,21.314848279038795,True,
2026-08-21T01:15:57.124864+00:00,4312,-6.237042057899963,106.8269344210502,complex_corridor,FRC2,23,23,6,6,1.0,False,-6.237208807900389,106.82690797532604,18.770772040768108,True,
2026-08-21T01:15:57.419536+00:00,4383,-6.255330045001537,106.84307333999776,complex_corridor,FRC4,25,25,7,7,1.0,False,-6.255170245392188,106.84296367849294,21.509477825194235,True,
2026-08-21T01:15:57.709972+00:00,4421,-6.237577607899957,106.82686737105018,complex_corridor,FRC3,19,19,25,25,1.0,False,-6.237416698431964,106.82692406858013,18.95817050701808,True,
2026-08-21T01:15:58.003026+00:00,5234,-6.255677025000373,106.8431710999986,complex_corridor,FRC4,23,23,6,6,1.0,False,-6.25559934329838,106.84329627241084,16.310649749926508,True,
2026-08-21T01:15:58.297967+00:00,5259,-6.255508725000373,106.84360214999862,complex_corridor,FRC4,29,29,297,297,1.0,False,-6.255457199448482,106.84295563186589,71.6908067558573,True,
2026-08-21T01:15:58.590562+00:00,5296,-6.242909649999996,106.84406470000002,complex_corridor,FRC2,35,35,40,40,1.0,False,-6.24287098327402,106.84404058541264,5.0587612651154314,True,
2026-08-21T01:30:51.279770+00:00,703,-6.235444892859697,106.75583232857385,complex_corridor,FRC2,28,28,6,6,1.0,False,-6.235637002833079,106.75573958241279,23.694334982762854,True,
2026-08-21T01:30:51.584938+00:00,821,-6.288795825000754,106.77763638750048,complex_corridor,FRC1,12,30,91,36,0.99,False,-6.288676397337788,106.77774978959411,18.260596237349766,True,
2026-08-21T01:30:51.875894+00:00,1336,-6.235382350000007,106.7560557,complex_corridor,FRC2,18,26,14,10,0.98,False,-6.235851643158244,106.75634307944131,61.09133400248038,True,
2026-08-21T01:30:52.178871+00:00,2187,-6.234661449999994,106.7555585,complex_corridor,FRC2,39,39,18,18,1.0,False,-6.235295044618109,106.75596622907466,83.63486690954973,True,
2026-08-21T01:30:52.476054+00:00,2188,-6.233655599999991,106.75488135,complex_corridor,FRC2,30,30,32,32,1.0,False,-6.233742064909034,106.75495503627582,12.600808704103487,True,
2026-08-21T01:30:52.768979+00:00,2298,-6.288583799999989,106.77784095,complex_corridor,FRC1,26,41,538,341,1.0,False,-6.288634823320289,106.77780477487897,6.94084144102375,True,
2026-08-21T01:30:53.065822+00:00,2322,-6.2884621,106.7781152,complex_corridor,FRC1,16,25,87,56,0.99,False,-6.288455113550981,106.77822722279888,12.405765015820144,True,
2026-08-21T01:30:53.375842+00:00,2459,-6.23996075,106.79819865,complex_corridor,FRC3,20,28,568,405,1.0,False,-6.239927209643448,106.79835988366938,18.208192291717626,True,
2026-08-21T01:30:53.673411+00:00,2660,-6.288887410002579,106.77817204999796,complex_corridor,FRC1,10,14,44,31,1.0,False,-6.289080056713849,106.77821112954479,21.852459789678804,True,
2026-08-21T01:30:53.963820+00:00,2731,-6.240104349999994,106.79819525,complex_corridor,FRC1,21,21,285,285,1.0,False,-6.254711568502923,106.79717434728451,1628.1638385691926,False,
2026-08-21T01:30:54.256805+00:00,2979,-6.239918790000258,106.79844824999957,complex_corridor,FRC2,10,15,4,2,1.0,False,-6.239928542802509,106.79846583092547,2.2254395550977346,True,
2026-08-21T01:30:54.549344+00:00,3134,-6.2892448600025785,106.77855074999796,complex_corridor,FRC1,22,22,11,11,1.0,False,-6.289262432333267,106.778499467014,5.995427904385316,True,
2026-08-21T01:30:54.841960+00:00,3164,-6.239840140000258,106.79869149999956,complex_corridor,FRC2,24,24,145,145,1.0,False,-6.23981997364873,106.79856239045006,14.446370748590217,True,
2026-08-21T01:30:55.146906+00:00,3940,-6.242815700000143,106.84290446666662,complex_corridor,FRC2,21,21,19,19,1.0,False,-6.242610768682978,106.84288187111798,22.923789898286447,True,
2026-08-21T01:30:55.438619+00:00,3995,-6.2428431,106.8426503,complex_corridor,FRC2,32,32,8,8,1.0,False,-6.24270333943449,106.84230519617961,41.19038604817657,True,
2026-08-21T01:30:55.732215+00:00,4135,-6.242451300001405,106.84346441666648,complex_corridor,FRC3,17,26,24,16,1.0,False,-6.24264159782794,106.84303341592732,52.128779444682614,True,
2026-08-21T01:30:56.026723+00:00,4174,-6.242622250001264,106.84418269999986,complex_corridor,FRC3,21,21,14,14,1.0,False,-6.242365385288672,106.84405667866673,31.777844988721665,True,
2026-08-21T01:30:56.318166+00:00,4307,-6.237238257899974,106.8272395210502,complex_corridor,FRC2,21,21,6,6,1.0,False,-6.237236971031365,106.82743234718856,21.314848279038795,True,
2026-08-21T01:30:56.617905+00:00,4312,-6.237042057899963,106.8269344210502,complex_corridor,FRC2,23,23,6,6,1.0,False,-6.237208807900389,106.82690797532604,18.770772040768108,True,
2026-08-21T01:30:56.907515+00:00,4383,-6.255330045001537,106.84307333999776,complex_corridor,FRC4,25,25,7,7,1.0,False,-6.255170245392188,106.84296367849294,21.509477825194235,True,
2026-08-21T01:30:57.200307+00:00,4421,-6.237577607899957,106.82686737105018,complex_corridor,FRC3,12,18,41,27,0.97,False,-6.237416698431964,106.82692406858013,18.95817050701808,True,
2026-08-21T01:30:57.497854+00:00,5234,-6.255677025000373,106.8431710999986,complex_corridor,FRC4,15,23,9,6,1.0,False,-6.25559934329838,106.84329627241084,16.310649749926508,True,
2026-08-21T01:30:57.790960+00:00,5259,-6.255508725000373,106.84360214999862,complex_corridor,FRC4,26,29,331,297,1.0,False,-6.255457199448482,106.84295563186589,71.6908067558573,True,
2026-08-21T01:30:58.088962+00:00,5296,-6.242909649999996,106.84406470000002,complex_corridor,FRC2,35,35,40,40,1.0,False,-6.24287098327402,106.84404058541264,5.0587612651154314,True,
2026-08-21T01:45:52.772170+00:00,703,-6.235444892859697,106.75583232857385,complex_corridor,FRC2,28,28,6,6,1.0,False,-6.235637002833079,106.75573958241279,23.694334982762854,True,
2026-08-21T01:45:53.059075+00:00,821,-6.288795825000754,106.77763638750048,complex_corridor,FRC1,10,31,109,35,1.0,False,-6.288676397337788,106.77774978959411,18.260596237349766,True,
2026-08-21T01:45:53.359847+00:00,1336,-6.235382350000007,106.7560557,complex_corridor,FRC2,20,27,13,9,0.98,False,-6.235851643158244,106.75634307944131,61.09133400248038,True,
2026-08-21T01:45:53.648236+00:00,2187,-6.234661449999994,106.7555585,complex_corridor,FRC2,19,39,38,18,1.0,False,-6.235295044618109,106.75596622907466,83.63486690954973,True,
2026-08-21T01:45:53.970482+00:00,2188,-6.233655599999991,106.75488135,complex_corridor,FRC2,30,30,32,32,1.0,False,-6.233742064909034,106.75495503627582,12.600808704103487,True,
2026-08-21T01:45:54.263376+00:00,2298,-6.288583799999989,106.77784095,complex_corridor,FRC1,28,40,500,350,1.0,False,-6.288634823320289,106.77780477487897,6.94084144102375,True,
2026-08-21T01:45:54.553841+00:00,2322,-6.2884621,106.7781152,complex_corridor,FRC1,13,26,107,53,0.99,False,-6.288455113550981,106.77822722279888,12.405765015820144,True,
2026-08-21T01:45:54.905251+00:00,2459,-6.23996075,106.79819865,complex_corridor,FRC3,19,27,597,420,1.0,False,-6.239927209643448,106.79835988366938,18.208192291717626,True,
2026-08-21T01:45:55.219587+00:00,2660,-6.288887410002579,106.77817204999796,complex_corridor,FRC1,10,15,44,29,1.0,False,-6.289080056713849,106.77821112954479,21.852459789678804,True,
2026-08-21T01:45:55.509990+00:00,2731,-6.240104349999994,106.79819525,complex_corridor,FRC1,21,21,285,285,1.0,False,-6.254711568502923,106.79717434728451,1628.1638385691926,False,
2026-08-21T01:45:55.794758+00:00,2979,-6.239918790000258,106.79844824999957,complex_corridor,FRC2,6,13,7,3,1.0,False,-6.239928542802509,106.79846583092547,2.2254395550977346,True,
2026-08-21T01:45:56.085422+00:00,3134,-6.2892448600025785,106.77855074999796,complex_corridor,FRC1,12,22,21,11,1.0,False,-6.289262432333267,106.778499467014,5.995427904385316,True,
2026-08-21T01:45:56.373193+00:00,3164,-6.239840140000258,106.79869149999956,complex_corridor,FRC2,21,26,165,134,1.0,False,-6.23981997364873,106.79856239045006,14.446370748590217,True,
2026-08-21T01:45:56.658593+00:00,3940,-6.242815700000143,106.84290446666662,complex_corridor,FRC2,21,21,19,19,1.0,False,-6.242610768682978,106.84288187111798,22.923789898286447,True,
2026-08-21T01:45:56.952269+00:00,3995,-6.2428431,106.8426503,complex_corridor,FRC2,32,32,8,8,1.0,False,-6.24270333943449,106.84230519617961,41.19038604817657,True,
2026-08-21T01:45:57.253170+00:00,4135,-6.242451300001405,106.84346441666648,complex_corridor,FRC3,27,27,15,15,1.0,False,-6.24264159782794,106.84303341592732,52.128779444682614,True,
2026-08-21T01:45:57.538207+00:00,4174,-6.242622250001264,106.84418269999986,complex_corridor,FRC3,21,21,14,14,1.0,False,-6.242365385288672,106.84405667866673,31.777844988721665,True,
2026-08-21T01:45:57.832406+00:00,4307,-6.237238257899974,106.8272395210502,complex_corridor,FRC2,21,21,6,6,1.0,False,-6.237236971031365,106.82743234718856,21.314848279038795,True,
2026-08-21T01:45:58.125863+00:00,4312,-6.237042057899963,106.8269344210502,complex_corridor,FRC2,23,23,6,6,1.0,False,-6.237208807900389,106.82690797532604,18.770772040768108,True,
2026-08-21T01:45:58.417411+00:00,4383,-6.255330045001537,106.84307333999776,complex_corridor,FRC4,12,24,15,7,1.0,False,-6.255170245392188,106.84296367849294,21.509477825194235,True,
2026-08-21T01:45:58.705691+00:00,4421,-6.237577607899957,106.82686737105018,complex_corridor,FRC3,19,19,25,25,1.0,False,-6.237416698431964,106.82692406858013,18.95817050701808,True,
2026-08-21T01:45:58.992735+00:00,5234,-6.255677025000373,106.8431710999986,complex_corridor,FRC4,23,23,6,6,1.0,False,-6.25559934329838,106.84329627241084,16.310649749926508,True,
2026-08-21T01:45:59.282829+00:00,5259,-6.255508725000373,106.84360214999862,complex_corridor,FRC4,20,29,430,297,1.0,False,-6.255457199448482,106.84295563186589,71.6908067558573,True,
2026-08-21T01:45:59.578678+00:00,5296,-6.242909649999996,106.84406470000002,complex_corridor,FRC2,35,35,40,40,1.0,False,-6.24287098327402,106.84404058541264,5.0587612651154314,True,
2026-08-21T02:00:53.804680+00:00,703,-6.235444892859697,106.75583232857385,complex_corridor,FRC2,28,28,6,6,1.0,False,-6.235637002833079,106.75573958241279,23.694334982762854,True,
2026-08-21T02:00:54.119161+00:00,821,-6.288795825000754,106.77763638750048,complex_corridor,FRC1,20,31,54,35,1.0,False,-6.288676397337788,106.77774978959411,18.260596237349766,True,
2026-08-21T02:00:54.421555+00:00,1336,-6.235382350000007,106.7560557,complex_corridor,FRC2,27,27,9,9,1.0,False,-6.235851643158244,106.75634307944131,61.09133400248038,True,
2026-08-21T02:00:54.727204+00:00,2187,-6.234661449999994,106.7555585,complex_corridor,FRC2,39,39,18,18,1.0,False,-6.235295044618109,106.75596622907466,83.63486690954973,True,
2026-08-21T02:00:55.036909+00:00,2188,-6.233655599999991,106.75488135,complex_corridor,FRC2,30,30,32,32,1.0,False,-6.233742064909034,106.75495503627582,12.600808704103487,True,
2026-08-21T02:00:55.342612+00:00,2298,-6.288583799999989,106.77784095,complex_corridor,FRC1,27,41,518,341,1.0,False,-6.288634823320289,106.77780477487897,6.94084144102375,True,
2026-08-21T02:00:55.643525+00:00,2322,-6.2884621,106.7781152,complex_corridor,FRC1,26,26,53,53,1.0,False,-6.288455113550981,106.77822722279888,12.405765015820144,True,
2026-08-21T02:00:55.948028+00:00,2459,-6.23996075,106.79819865,complex_corridor,FRC3,19,28,597,405,1.0,False,-6.239927209643448,106.79835988366938,18.208192291717626,True,
2026-08-21T02:00:56.254713+00:00,2660,-6.288887410002579,106.77817204999796,complex_corridor,FRC1,10,14,44,31,1.0,False,-6.289080056713849,106.77821112954479,21.852459789678804,True,
2026-08-21T02:00:56.557313+00:00,2731,-6.240104349999994,106.79819525,complex_corridor,FRC1,21,21,285,285,1.0,False,-6.254711568502923,106.79717434728451,1628.1638385691926,False,
2026-08-21T02:00:56.863055+00:00,2979,-6.239918790000258,106.79844824999957,complex_corridor,FRC2,15,15,2,2,1.0,False,-6.239928542802509,106.79846583092547,2.2254395550977346,True,
2026-08-21T02:00:57.165010+00:00,3134,-6.2892448600025785,106.77855074999796,complex_corridor,FRC1,22,22,11,11,1.0,False,-6.289262432333267,106.778499467014,5.995427904385316,True,
2026-08-21T02:00:57.483439+00:00,3164,-6.239840140000258,106.79869149999956,complex_corridor,FRC2,24,24,145,145,1.0,False,-6.23981997364873,106.79856239045006,14.446370748590217,True,
2026-08-21T02:00:57.783555+00:00,3940,-6.242815700000143,106.84290446666662,complex_corridor,FRC2,21,21,19,19,1.0,False,-6.242610768682978,106.84288187111798,22.923789898286447,True,
2026-08-21T02:00:58.086139+00:00,3995,-6.2428431,106.8426503,complex_corridor,FRC2,32,32,8,8,1.0,False,-6.24270333943449,106.84230519617961,41.19038604817657,True,
2026-08-21T02:00:58.410192+00:00,4135,-6.242451300001405,106.84346441666648,complex_corridor,FRC3,20,26,20,16,1.0,False,-6.24264159782794,106.84303341592732,52.128779444682614,True,
2026-08-21T02:00:58.712122+00:00,4174,-6.242622250001264,106.84418269999986,complex_corridor,FRC3,10,22,29,13,0.98,False,-6.242365385288672,106.84405667866673,31.777844988721665,True,
2026-08-21T02:00:59.011267+00:00,4307,-6.237238257899974,106.8272395210502,complex_corridor,FRC2,21,21,6,6,1.0,False,-6.237236971031365,106.82743234718856,21.314848279038795,True,
2026-08-21T02:00:59.313533+00:00,4312,-6.237042057899963,106.8269344210502,complex_corridor,FRC2,11,22,13,6,1.0,False,-6.237208807900389,106.82690797532604,18.770772040768108,True,
2026-08-21T02:00:59.616904+00:00,4383,-6.255330045001537,106.84307333999776,complex_corridor,FRC4,25,25,7,7,1.0,False,-6.255170245392188,106.84296367849294,21.509477825194235,True,
2026-08-21T02:00:59.917556+00:00,4421,-6.237577607899957,106.82686737105018,complex_corridor,FRC3,11,19,44,25,0.99,False,-6.237416698431964,106.82692406858013,18.95817050701808,True,
2026-08-21T02:01:00.223214+00:00,5234,-6.255677025000373,106.8431710999986,complex_corridor,FRC4,23,23,6,6,1.0,False,-6.25559934329838,106.84329627241084,16.310649749926508,True,
2026-08-21T02:01:00.526590+00:00,5259,-6.255508725000373,106.84360214999862,complex_corridor,FRC4,23,27,374,319,1.0,False,-6.255457199448482,106.84295563186589,71.6908067558573,True,
2026-08-21T02:01:00.834246+00:00,5296,-6.242909649999996,106.84406470000002,complex_corridor,FRC2,28,35,50,40,1.0,False,-6.24287098327402,106.84404058541264,5.0587612651154314,True,
2026-08-21T02:15:52.721838+00:00,703,-6.235444892859697,106.75583232857385,complex_corridor,FRC2,28,28,6,6,1.0,False,-6.235637002833079,106.75573958241279,23.694334982762854,True,
2026-08-21T02:15:53.014059+00:00,821,-6.288795825000754,106.77763638750048,complex_corridor,FRC1,17,30,64,36,1.0,False,-6.288676397337788,106.77774978959411,18.260596237349766,True,
2026-08-21T02:15:53.307132+00:00,1336,-6.235382350000007,106.7560557,complex_corridor,FRC2,27,27,9,9,1.0,False,-6.235851643158244,106.75634307944131,61.09133400248038,True,
2026-08-21T02:15:53.617392+00:00,2187,-6.234661449999994,106.7555585,complex_corridor,FRC2,39,39,18,18,1.0,False,-6.235295044618109,106.75596622907466,83.63486690954973,True,
2026-08-21T02:15:53.909300+00:00,2188,-6.233655599999991,106.75488135,complex_corridor,FRC2,25,30,38,32,0.99,False,-6.233742064909034,106.75495503627582,12.600808704103487,True,
2026-08-21T02:15:54.202170+00:00,2298,-6.288583799999989,106.77784095,complex_corridor,FRC1,33,41,424,341,1.0,False,-6.288634823320289,106.77780477487897,6.94084144102375,True,
2026-08-21T02:15:54.492567+00:00,2322,-6.2884621,106.7781152,complex_corridor,FRC1,26,26,53,53,1.0,False,-6.288455113550981,106.77822722279888,12.405765015820144,True,
2026-08-21T02:15:54.798780+00:00,2459,-6.23996075,106.79819865,complex_corridor,FRC3,21,28,541,405,1.0,False,-6.239927209643448,106.79835988366938,18.208192291717626,True,
2026-08-21T02:15:55.088805+00:00,2660,-6.288887410002579,106.77817204999796,complex_corridor,FRC1,15,15,29,29,1.0,False,-6.289080056713849,106.77821112954479,21.852459789678804,True,
2026-08-21T02:15:55.379299+00:00,2731,-6.240104349999994,106.79819525,complex_corridor,FRC1,21,21,285,285,1.0,False,-6.254711568502923,106.79717434728451,1628.1638385691926,False,
2026-08-21T02:15:55.690890+00:00,2979,-6.239918790000258,106.79844824999957,complex_corridor,FRC2,6,15,7,2,1.0,False,-6.239928542802509,106.79846583092547,2.2254395550977346,True,
2026-08-21T02:15:55.977987+00:00,3134,-6.2892448600025785,106.77855074999796,complex_corridor,FRC1,14,22,18,11,1.0,False,-6.289262432333267,106.778499467014,5.995427904385316,True,
2026-08-21T02:15:56.284103+00:00,3164,-6.239840140000258,106.79869149999956,complex_corridor,FRC2,24,24,145,145,1.0,False,-6.23981997364873,106.79856239045006,14.446370748590217,True,
2026-08-21T02:15:56.580169+00:00,3940,-6.242815700000143,106.84290446666662,complex_corridor,FRC2,21,21,19,19,1.0,False,-6.242610768682978,106.84288187111798,22.923789898286447,True,
2026-08-21T02:15:56.874202+00:00,3995,-6.2428431,106.8426503,complex_corridor,FRC2,32,32,8,8,1.0,False,-6.24270333943449,106.84230519617961,41.19038604817657,True,
2026-08-21T02:15:57.183313+00:00,4135,-6.242451300001405,106.84346441666648,complex_corridor,FRC3,19,26,22,16,1.0,False,-6.24264159782794,106.84303341592732,52.128779444682614,True,
2026-08-21T02:15:57.470080+00:00,4174,-6.242622250001264,106.84418269999986,complex_corridor,FRC3,21,21,14,14,1.0,False,-6.242365385288672,106.84405667866673,31.777844988721665,True,
2026-08-21T02:15:57.757315+00:00,4307,-6.237238257899974,106.8272395210502,complex_corridor,FRC2,16,20,8,6,1.0,False,-6.237236971031365,106.82743234718856,21.314848279038795,True,
2026-08-21T02:15:58.053116+00:00,4312,-6.237042057899963,106.8269344210502,complex_corridor,FRC2,14,22,10,6,1.0,False,-6.237208807900389,106.82690797532604,18.770772040768108,True,
2026-08-21T02:15:58.344414+00:00,4383,-6.255330045001537,106.84307333999776,complex_corridor,FRC4,25,25,7,7,1.0,False,-6.255170245392188,106.84296367849294,21.509477825194235,True,
2026-08-21T02:15:58.633670+00:00,4421,-6.237577607899957,106.82686737105018,complex_corridor,FRC3,12,19,41,25,0.99,False,-6.237416698431964,106.82692406858013,18.95817050701808,True,
2026-08-21T02:15:58.921663+00:00,5234,-6.255677025000373,106.8431710999986,complex_corridor,FRC4,17,23,8,6,1.0,False,-6.25559934329838,106.84329627241084,16.310649749926508,True,
2026-08-21T02:15:59.233746+00:00,5259,-6.255508725000373,106.84360214999862,complex_corridor,FRC4,20,29,430,297,1.0,False,-6.255457199448482,106.84295563186589,71.6908067558573,True,
2026-08-21T02:15:59.523671+00:00,5296,-6.242909649999996,106.84406470000002,complex_corridor,FRC2,35,35,40,40,1.0,False,-6.24287098327402,106.84404058541264,5.0587612651154314,True,
2026-08-21T02:30:57.131720+00:00,703,-6.235444892859697,106.75583232857385,complex_corridor,FRC2,28,28,6,6,1.0,False,-6.235637002833079,106.75573958241279,23.694334982762854,True,
2026-08-21T02:30:57.408673+00:00,821,-6.288795825000754,106.77763638750048,complex_corridor,FRC1,31,31,35,35,1.0,False,-6.288676397337788,106.77774978959411,18.260596237349766,True,
2026-08-21T02:30:57.700631+00:00,1336,-6.235382350000007,106.7560557,complex_corridor,FRC2,17,27,15,9,0.98,False,-6.235851643158244,106.75634307944131,61.09133400248038,True,
2026-08-21T02:30:58.023902+00:00,2187,-6.234661449999994,106.7555585,complex_corridor,FRC2,39,39,18,18,1.0,False,-6.235295044618109,106.75596622907466,83.63486690954973,True,
2026-08-21T02:30:58.295709+00:00,2188,-6.233655599999991,106.75488135,complex_corridor,FRC2,30,30,32,32,1.0,False,-6.233742064909034,106.75495503627582,12.600808704103487,True,
2026-08-21T02:30:58.568768+00:00,2298,-6.288583799999989,106.77784095,complex_corridor,FRC1,33,41,424,341,1.0,False,-6.288634823320289,106.77780477487897,6.94084144102375,True,
2026-08-21T02:30:58.841147+00:00,2322,-6.2884621,106.7781152,complex_corridor,FRC1,26,26,53,53,1.0,False,-6.288455113550981,106.77822722279888,12.405765015820144,True,
2026-08-21T02:30:59.115312+00:00,2459,-6.23996075,106.79819865,complex_corridor,FRC3,21,28,541,405,1.0,False,-6.239927209643448,106.79835988366938,18.208192291717626,True,
2026-08-21T02:30:59.395470+00:00,2660,-6.288887410002579,106.77817204999796,complex_corridor,FRC1,15,15,29,29,1.0,False,-6.289080056713849,106.77821112954479,21.852459789678804,True,
2026-08-21T02:30:59.671823+00:00,2731,-6.240104349999994,106.79819525,complex_corridor,FRC1,21,21,285,285,1.0,False,-6.254711568502923,106.79717434728451,1628.1638385691926,False,
2026-08-21T02:30:59.940667+00:00,2979,-6.239918790000258,106.79844824999957,complex_corridor,FRC2,9,15,4,2,1.0,False,-6.239928542802509,106.79846583092547,2.2254395550977346,True,
2026-08-21T02:31:00.211895+00:00,3134,-6.2892448600025785,106.77855074999796,complex_corridor,FRC1,12,21,21,12,1.0,False,-6.289262432333267,106.778499467014,5.995427904385316,True,
2026-08-21T02:31:00.491035+00:00,3164,-6.239840140000258,106.79869149999956,complex_corridor,FRC2,24,24,145,145,1.0,False,-6.23981997364873,106.79856239045006,14.446370748590217,True,
2026-08-21T02:31:00.764136+00:00,3940,-6.242815700000143,106.84290446666662,complex_corridor,FRC2,21,21,19,19,1.0,False,-6.242610768682978,106.84288187111798,22.923789898286447,True,
2026-08-21T02:31:01.033727+00:00,3995,-6.2428431,106.8426503,complex_corridor,FRC2,32,32,8,8,1.0,False,-6.24270333943449,106.84230519617961,41.19038604817657,True,
2026-08-21T02:31:01.302843+00:00,4135,-6.242451300001405,106.84346441666648,complex_corridor,FRC3,27,27,15,15,1.0,False,-6.24264159782794,106.84303341592732,52.128779444682614,True,
2026-08-21T02:31:01.578040+00:00,4174,-6.242622250001264,106.84418269999986,complex_corridor,FRC3,13,20,22,14,0.96,False,-6.242365385288672,106.84405667866673,31.777844988721665,True,
2026-08-21T02:31:01.870447+00:00,4307,-6.237238257899974,106.8272395210502,complex_corridor,FRC2,21,21,6,6,1.0,False,-6.237236971031365,106.82743234718856,21.314848279038795,True,
2026-08-21T02:31:02.137577+00:00,4312,-6.237042057899963,106.8269344210502,complex_corridor,FRC2,23,23,6,6,1.0,False,-6.237208807900389,106.82690797532604,18.770772040768108,True,
2026-08-21T02:31:02.405333+00:00,4383,-6.255330045001537,106.84307333999776,complex_corridor,FRC4,25,25,7,7,1.0,False,-6.255170245392188,106.84296367849294,21.509477825194235,True,
2026-08-21T02:31:02.674851+00:00,4421,-6.237577607899957,106.82686737105018,complex_corridor,FRC3,7,18,70,27,0.98,False,-6.237416698431964,106.82692406858013,18.95817050701808,True,
2026-08-21T02:31:02.943787+00:00,5234,-6.255677025000373,106.8431710999986,complex_corridor,FRC4,23,23,6,6,1.0,False,-6.25559934329838,106.84329627241084,16.310649749926508,True,
2026-08-21T02:31:03.226734+00:00,5259,-6.255508725000373,106.84360214999862,complex_corridor,FRC4,23,30,374,287,1.0,False,-6.255457199448482,106.84295563186589,71.6908067558573,True,
2026-08-21T02:31:03.496758+00:00,5296,-6.242909649999996,106.84406470000002,complex_corridor,FRC2,35,35,40,40,1.0,False,-6.24287098327402,106.84404058541264,5.0587612651154314,True,
2026-08-21T02:45:50.464395+00:00,703,-6.235444892859697,106.75583232857385,complex_corridor,FRC2,28,28,6,6,1.0,False,-6.235637002833079,106.75573958241279,23.694334982762854,True,
2026-08-21T02:45:50.730777+00:00,821,-6.288795825000754,106.77763638750048,complex_corridor,FRC1,18,31,60,35,1.0,False,-6.288676397337788,106.77774978959411,18.260596237349766,True,
2026-08-21T02:45:50.999402+00:00,1336,-6.235382350000007,106.7560557,complex_corridor,FRC2,19,27,14,9,0.96,False,-6.235851643158244,106.75634307944131,61.09133400248038,True,
2026-08-21T02:45:51.286559+00:00,2187,-6.234661449999994,106.7555585,complex_corridor,FRC2,18,38,41,19,0.97,False,-6.235295044618109,106.75596622907466,83.63486690954973,True,
2026-08-21T02:45:51.554626+00:00,2188,-6.233655599999991,106.75488135,complex_corridor,FRC2,30,30,32,32,1.0,False,-6.233742064909034,106.75495503627582,12.600808704103487,True,
2026-08-21T02:45:51.821517+00:00,2298,-6.288583799999989,106.77784095,complex_corridor,FRC1,31,40,451,350,1.0,False,-6.288634823320289,106.77780477487897,6.94084144102375,True,
2026-08-21T02:45:52.096776+00:00,2322,-6.2884621,106.7781152,complex_corridor,FRC1,26,26,53,53,1.0,False,-6.288455113550981,106.77822722279888,12.405765015820144,True,
2026-08-21T02:45:52.371976+00:00,2459,-6.23996075,106.79819865,complex_corridor,FRC3,19,27,597,420,1.0,False,-6.239927209643448,106.79835988366938,18.208192291717626,True,
2026-08-21T02:45:52.649751+00:00,2660,-6.288887410002579,106.77817204999796,complex_corridor,FRC1,11,15,40,29,1.0,False,-6.289080056713849,106.77821112954479,21.852459789678804,True,
2026-08-21T02:45:52.916600+00:00,2731,-6.240104349999994,106.79819525,complex_corridor,FRC1,21,21,285,285,1.0,False,-6.254711568502923,106.79717434728451,1628.1638385691926,False,
2026-08-21T02:45:53.186385+00:00,2979,-6.239918790000258,106.79844824999957,complex_corridor,FRC2,15,15,2,2,1.0,False,-6.239928542802509,106.79846583092547,2.2254395550977346,True,
2026-08-21T02:45:53.456812+00:00,3134,-6.2892448600025785,106.77855074999796,complex_corridor,FRC1,22,22,11,11,1.0,False,-6.289262432333267,106.778499467014,5.995427904385316,True,
2026-08-21T02:45:53.722618+00:00,3164,-6.239840140000258,106.79869149999956,complex_corridor,FRC2,24,24,145,145,1.0,False,-6.23981997364873,106.79856239045006,14.446370748590217,True,
2026-08-21T02:45:53.986483+00:00,3940,-6.242815700000143,106.84290446666662,complex_corridor,FRC2,21,21,19,19,1.0,False,-6.242610768682978,106.84288187111798,22.923789898286447,True,
2026-08-21T02:45:54.259040+00:00,3995,-6.2428431,106.8426503,complex_corridor,FRC2,32,32,8,8,1.0,False,-6.24270333943449,106.84230519617961,41.19038604817657,True,
2026-08-21T02:45:54.522632+00:00,4135,-6.242451300001405,106.84346441666648,complex_corridor,FRC3,27,27,15,15,1.0,False,-6.24264159782794,106.84303341592732,52.128779444682614,True,
2026-08-21T02:45:54.788869+00:00,4174,-6.242622250001264,106.84418269999986,complex_corridor,FRC3,17,21,17,14,0.91,False,-6.242365385288672,106.84405667866673,31.777844988721665,True,
2026-08-21T02:45:55.059735+00:00,4307,-6.237238257899974,106.8272395210502,complex_corridor,FRC2,21,21,6,6,1.0,False,-6.237236971031365,106.82743234718856,21.314848279038795,True,
2026-08-21T02:45:55.325171+00:00,4312,-6.237042057899963,106.8269344210502,complex_corridor,FRC2,23,23,6,6,1.0,False,-6.237208807900389,106.82690797532604,18.770772040768108,True,
2026-08-21T02:45:55.623611+00:00,4383,-6.255330045001537,106.84307333999776,complex_corridor,FRC4,25,25,7,7,1.0,False,-6.255170245392188,106.84296367849294,21.509477825194235,True,
2026-08-21T02:45:55.890719+00:00,4421,-6.237577607899957,106.82686737105018,complex_corridor,FRC3,8,19,61,25,0.98,False,-6.237416698431964,106.82692406858013,18.95817050701808,True,
2026-08-21T02:45:56.159330+00:00,5234,-6.255677025000373,106.8431710999986,complex_corridor,FRC4,23,23,6,6,1.0,False,-6.25559934329838,106.84329627241084,16.310649749926508,True,
2026-08-21T02:45:56.431860+00:00,5259,-6.255508725000373,106.84360214999862,complex_corridor,FRC4,26,29,331,297,0.991918,False,-6.255457199448482,106.84295563186589,71.6908067558573,True,
2026-08-21T02:45:56.703626+00:00,5296,-6.242909649999996,106.84406470000002,complex_corridor,FRC2,35,35,40,40,1.0,False,-6.24287098327402,106.84404058541264,5.0587612651154314,True,
2026-08-21T03:01:01.694863+00:00,703,-6.235444892859697,106.75583232857385,complex_corridor,FRC2,28,28,6,6,1.0,False,-6.235637002833079,106.75573958241279,23.694334982762854,True,
2026-08-21T03:01:01.997224+00:00,821,-6.288795825000754,106.77763638750048,complex_corridor,FRC1,18,30,60,36,1.0,False,-6.288676397337788,106.77774978959411,18.260596237349766,True,
2026-08-21T03:01:02.288916+00:00,1336,-6.235382350000007,106.7560557,complex_corridor,FRC2,19,27,14,9,0.97,False,-6.235851643158244,106.75634307944131,61.09133400248038,True,
2026-08-21T03:01:02.580497+00:00,2187,-6.234661449999994,106.7555585,complex_corridor,FRC2,39,39,18,18,1.0,False,-6.235295044618109,106.75596622907466,83.63486690954973,True,
2026-08-21T03:01:02.869931+00:00,2188,-6.233655599999991,106.75488135,complex_corridor,FRC2,30,30,32,32,1.0,False,-6.233742064909034,106.75495503627582,12.600808704103487,True,
2026-08-21T03:01:03.158504+00:00,2298,-6.288583799999989,106.77784095,complex_corridor,FRC1,31,40,451,350,1.0,False,-6.288634823320289,106.77780477487897,6.94084144102375,True,
2026-08-21T03:01:03.452477+00:00,2322,-6.2884621,106.7781152,complex_corridor,FRC1,20,26,70,53,1.0,False,-6.288455113550981,106.77822722279888,12.405765015820144,True,
2026-08-21T03:01:03.746544+00:00,2459,-6.23996075,106.79819865,complex_corridor,FRC3,21,28,541,405,1.0,False,-6.239927209643448,106.79835988366938,18.208192291717626,True,
2026-08-21T03:01:04.033366+00:00,2660,-6.288887410002579,106.77817204999796,complex_corridor,FRC1,15,15,29,29,1.0,False,-6.289080056713849,106.77821112954479,21.852459789678804,True,
2026-08-21T03:01:04.322131+00:00,2731,-6.240104349999994,106.79819525,complex_corridor,FRC1,21,21,285,285,1.0,False,-6.254711568502923,106.79717434728451,1628.1638385691926,False,
2026-08-21T03:01:04.607336+00:00,2979,-6.239918790000258,106.79844824999957,complex_corridor,FRC2,15,15,2,2,1.0,False,-6.239928542802509,106.79846583092547,2.2254395550977346,True,
2026-08-21T03:01:04.901914+00:00,3134,-6.2892448600025785,106.77855074999796,complex_corridor,FRC1,22,22,11,11,1.0,False,-6.289262432333267,106.778499467014,5.995427904385316,True,
2026-08-21T03:01:05.192343+00:00,3164,-6.239840140000258,106.79869149999956,complex_corridor,FRC2,24,24,145,145,1.0,False,-6.23981997364873,106.79856239045006,14.446370748590217,True,
2026-08-21T03:01:05.484473+00:00,3940,-6.242815700000143,106.84290446666662,complex_corridor,FRC2,9,20,44,20,0.99,False,-6.242610768682978,106.84288187111798,22.923789898286447,True,
2026-08-21T03:01:05.780804+00:00,3995,-6.2428431,106.8426503,complex_corridor,FRC2,32,32,8,8,1.0,False,-6.24270333943449,106.84230519617961,41.19038604817657,True,
2026-08-21T03:01:06.066729+00:00,4135,-6.242451300001405,106.84346441666648,complex_corridor,FRC3,19,26,22,16,1.0,False,-6.24264159782794,106.84303341592732,52.128779444682614,True,
2026-08-21T03:01:06.360470+00:00,4174,-6.242622250001264,106.84418269999986,complex_corridor,FRC3,21,21,14,14,1.0,False,-6.242365385288672,106.84405667866673,31.777844988721665,True,
2026-08-21T03:01:06.659020+00:00,4307,-6.237238257899974,106.8272395210502,complex_corridor,FRC2,21,21,6,6,1.0,False,-6.237236971031365,106.82743234718856,21.314848279038795,True,
2026-08-21T03:01:06.945870+00:00,4312,-6.237042057899963,106.8269344210502,complex_corridor,FRC2,23,23,6,6,1.0,False,-6.237208807900389,106.82690797532604,18.770772040768108,True,
2026-08-21T03:01:07.238637+00:00,4383,-6.255330045001537,106.84307333999776,complex_corridor,FRC4,25,25,7,7,1.0,False,-6.255170245392188,106.84296367849294,21.509477825194235,True,
2026-08-21T03:01:07.549824+00:00,4421,-6.237577607899957,106.82686737105018,complex_corridor,FRC3,19,19,25,25,1.0,False,-6.237416698431964,106.82692406858013,18.95817050701808,True,
2026-08-21T03:01:07.841754+00:00,5234,-6.255677025000373,106.8431710999986,complex_corridor,FRC4,23,23,6,6,1.0,False,-6.25559934329838,106.84329627241084,16.310649749926508,True,
2026-08-21T03:01:08.132113+00:00,5259,-6.255508725000373,106.84360214999862,complex_corridor,FRC4,22,29,391,297,0.992402,False,-6.255457199448482,106.84295563186589,71.6908067558573,True,
2026-08-21T03:01:08.419895+00:00,5296,-6.242909649999996,106.84406470000002,complex_corridor,FRC2,24,35,59,40,1.0,False,-6.24287098327402,106.84404058541264,5.0587612651154314,True,
2026-08-21T03:15:48.058367+00:00,703,-6.235444892859697,106.75583232857385,complex_corridor,FRC2,28,28,6,6,1.0,False,-6.235637002833079,106.75573958241279,23.694334982762854,True,
2026-08-21T03:15:48.328148+00:00,821,-6.288795825000754,106.77763638750048,complex_corridor,FRC1,17,31,64,35,0.99,False,-6.288676397337788,106.77774978959411,18.260596237349766,True,
2026-08-21T03:15:48.604470+00:00,1336,-6.235382350000007,106.7560557,complex_corridor,FRC2,19,26,14,10,0.97,False,-6.235851643158244,106.75634307944131,61.09133400248038,True,
2026-08-21T03:15:48.896006+00:00,2187,-6.234661449999994,106.7555585,complex_corridor,FRC2,29,39,25,18,0.99,False,-6.235295044618109,106.75596622907466,83.63486690954973,True,
2026-08-21T03:15:49.167290+00:00,2188,-6.233655599999991,106.75488135,complex_corridor,FRC2,30,30,32,32,1.0,False,-6.233742064909034,106.75495503627582,12.600808704103487,True,
2026-08-21T03:15:49.437699+00:00,2298,-6.288583799999989,106.77784095,complex_corridor,FRC1,32,41,437,341,1.0,False,-6.288634823320289,106.77780477487897,6.94084144102375,True,
2026-08-21T03:15:49.708472+00:00,2322,-6.2884621,106.7781152,complex_corridor,FRC1,18,25,77,56,0.99,False,-6.288455113550981,106.77822722279888,12.405765015820144,True,
2026-08-21T03:15:49.987223+00:00,2459,-6.23996075,106.79819865,complex_corridor,FRC3,20,27,568,420,1.0,False,-6.239927209643448,106.79835988366938,18.208192291717626,True,
2026-08-21T03:15:50.256072+00:00,2660,-6.288887410002579,106.77817204999796,complex_corridor,FRC1,11,15,40,29,1.0,False,-6.289080056713849,106.77821112954479,21.852459789678804,True,
2026-08-21T03:15:50.522027+00:00,2731,-6.240104349999994,106.79819525,complex_corridor,FRC1,21,21,285,285,1.0,False,-6.254711568502923,106.79717434728451,1628.1638385691926,False,
2026-08-21T03:15:50.797270+00:00,2979,-6.239918790000258,106.79844824999957,complex_corridor,FRC2,15,15,2,2,1.0,False,-6.239928542802509,106.79846583092547,2.2254395550977346,True,
2026-08-21T03:15:51.088068+00:00,3134,-6.2892448600025785,106.77855074999796,complex_corridor,FRC1,22,22,11,11,1.0,False,-6.289262432333267,106.778499467014,5.995427904385316,True,
2026-08-21T03:15:51.362795+00:00,3164,-6.239840140000258,106.79869149999956,complex_corridor,FRC2,18,23,193,151,1.0,False,-6.23981997364873,106.79856239045006,14.446370748590217,True,
2026-08-21T03:15:51.639220+00:00,3940,-6.242815700000143,106.84290446666662,complex_corridor,FRC2,21,21,19,19,1.0,False,-6.242610768682978,106.84288187111798,22.923789898286447,True,
2026-08-21T03:15:51.909743+00:00,3995,-6.2428431,106.8426503,complex_corridor,FRC2,32,32,8,8,1.0,False,-6.24270333943449,106.84230519617961,41.19038604817657,True,
2026-08-21T03:15:52.176621+00:00,4135,-6.242451300001405,106.84346441666648,complex_corridor,FRC3,27,27,15,15,1.0,False,-6.24264159782794,106.84303341592732,52.128779444682614,True,
2026-08-21T03:15:52.451601+00:00,4174,-6.242622250001264,106.84418269999986,complex_corridor,FRC3,17,21,17,14,0.98,False,-6.242365385288672,106.84405667866673,31.777844988721665,True,
2026-08-21T03:15:52.714715+00:00,4307,-6.237238257899974,106.8272395210502,complex_corridor,FRC2,21,21,6,6,1.0,False,-6.237236971031365,106.82743234718856,21.314848279038795,True,
2026-08-21T03:15:52.980021+00:00,4312,-6.237042057899963,106.8269344210502,complex_corridor,FRC2,23,23,6,6,1.0,False,-6.237208807900389,106.82690797532604,18.770772040768108,True,
2026-08-21T03:15:53.258813+00:00,4383,-6.255330045001537,106.84307333999776,complex_corridor,FRC4,25,25,7,7,1.0,False,-6.255170245392188,106.84296367849294,21.509477825194235,True,
2026-08-21T03:15:53.526377+00:00,4421,-6.237577607899957,106.82686737105018,complex_corridor,FRC3,19,19,25,25,1.0,False,-6.237416698431964,106.82692406858013,18.95817050701808,True,
2026-08-21T03:15:53.794679+00:00,5234,-6.255677025000373,106.8431710999986,complex_corridor,FRC4,23,23,6,6,1.0,False,-6.25559934329838,106.84329627241084,16.310649749926508,True,
2026-08-21T03:15:54.064108+00:00,5259,-6.255508725000373,106.84360214999862,complex_corridor,FRC4,20,29,430,297,0.985682,False,-6.255457199448482,106.84295563186589,71.6908067558573,True,
2026-08-21T03:15:54.339639+00:00,5296,-6.242909649999996,106.84406470000002,complex_corridor,FRC2,20,34,71,41,1.0,False,-6.24287098327402,106.84404058541264,5.0587612651154314,True,
2026-08-21T03:30:53.838488+00:00,703,-6.235444892859697,106.75583232857385,complex_corridor,FRC2,28,28,6,6,1,False,-6.235637002833079,106.75573958241279,23.694334982762854,True,
2026-08-21T03:30:54.118828+00:00,821,-6.288795825000754,106.77763638750048,complex_corridor,FRC1,20,31,54,35,1,False,-6.288676397337788,106.77774978959411,18.260596237349766,True,
2026-08-21T03:30:54.390898+00:00,1336,-6.235382350000007,106.7560557,complex_corridor,FRC2,27,27,9,9,1,False,-6.235851643158244,106.75634307944131,61.09133400248038,True,
2026-08-21T03:30:54.660745+00:00,2187,-6.234661449999994,106.7555585,complex_corridor,FRC2,39,39,18,18,1,False,-6.235295044618109,106.75596622907466,83.63486690954973,True,
2026-08-21T03:30:54.930548+00:00,2188,-6.233655599999991,106.75488135,complex_corridor,FRC2,30,30,32,32,1,False,-6.233742064909034,106.75495503627582,12.600808704103487,True,
2026-08-21T03:30:55.208430+00:00,2298,-6.288583799999989,106.77784095,complex_corridor,FRC1,30,41,466,341,1,False,-6.288634823320289,106.77780477487897,6.94084144102375,True,
2026-08-21T03:30:55.476972+00:00,2322,-6.2884621,106.7781152,complex_corridor,FRC1,26,26,53,53,1,False,-6.288455113550981,106.77822722279888,12.405765015820144,True,
2026-08-21T03:30:55.805288+00:00,2459,-6.23996075,106.79819865,complex_corridor,FRC3,22,28,516,405,1,False,-6.239927209643448,106.79835988366938,18.208192291717626,True,
2026-08-21T03:30:56.080296+00:00,2660,-6.288887410002579,106.77817204999796,complex_corridor,FRC1,15,15,29,29,1,False,-6.289080056713849,106.77821112954479,21.852459789678804,True,
2026-08-21T03:30:56.355856+00:00,2731,-6.240104349999994,106.79819525,complex_corridor,FRC1,17,20,353,300,1,False,-6.254711568502923,106.79717434728451,1628.1638385691926,False,
2026-08-21T03:30:56.633594+00:00,2979,-6.239918790000258,106.79844824999957,complex_corridor,FRC2,15,15,2,2,1,False,-6.239928542802509,106.79846583092547,2.2254395550977346,True,
2026-08-21T03:30:56.906170+00:00,3134,-6.2892448600025785,106.77855074999796,complex_corridor,FRC1,22,22,11,11,1,False,-6.289262432333267,106.778499467014,5.995427904385316,True,
2026-08-21T03:30:57.185661+00:00,3164,-6.239840140000258,106.79869149999956,complex_corridor,FRC2,23,26,151,134,1,False,-6.23981997364873,106.79856239045006,14.446370748590217,True,
2026-08-21T03:30:57.455696+00:00,3940,-6.242815700000143,106.84290446666662,complex_corridor,FRC2,21,21,19,19,1,False,-6.242610768682978,106.84288187111798,22.923789898286447,True,
2026-08-21T03:30:57.725368+00:00,3995,-6.2428431,106.8426503,complex_corridor,FRC2,32,32,8,8,1,False,-6.24270333943449,106.84230519617961,41.19038604817657,True,
2026-08-21T03:30:58.000117+00:00,4135,-6.242451300001405,106.84346441666648,complex_corridor,FRC3,27,27,15,15,1,False,-6.24264159782794,106.84303341592732,52.128779444682614,True,
2026-08-21T03:30:58.298710+00:00,4174,-6.242622250001264,106.84418269999986,complex_corridor,FRC3,21,21,14,14,1,False,-6.242365385288672,106.84405667866673,31.777844988721665,True,
2026-08-21T03:30:58.570852+00:00,4307,-6.237238257899974,106.8272395210502,complex_corridor,FRC2,21,21,6,6,1,False,-6.237236971031365,106.82743234718856,21.314848279038795,True,
2026-08-21T03:30:58.842581+00:00,4312,-6.237042057899963,106.8269344210502,complex_corridor,FRC2,23,23,6,6,1,False,-6.237208807900389,106.82690797532604,18.770772040768108,True,
2026-08-21T03:30:59.120444+00:00,4383,-6.255330045001537,106.84307333999776,complex_corridor,FRC4,25,25,7,7,1,False,-6.255170245392188,106.84296367849294,21.509477825194235,True,
2026-08-21T03:30:59.398565+00:00,4421,-6.237577607899957,106.82686737105018,complex_corridor,FRC3,19,19,25,25,1,False,-6.237416698431964,106.82692406858013,18.95817050701808,True,
2026-08-21T03:30:59.699752+00:00,5234,-6.255677025000373,106.8431710999986,complex_corridor,FRC4,23,23,6,6,1,False,-6.25559934329838,106.84329627241084,16.310649749926508,True,
2026-08-21T03:30:59.971205+00:00,5259,-6.255508725000373,106.84360214999862,complex_corridor,FRC4,29,29,297,297,1,False,-6.255457199448482,106.84295563186589,71.6908067558573,True,
2026-08-21T03:31:00.263956+00:00,5296,-6.242909649999996,106.84406470000002,complex_corridor,FRC2,35,35,40,40,1,False,-6.24287098327402,106.84404058541264,5.0587612651154314,True,
2026-08-21T03:45:47.950095+00:00,703,-6.235444892859697,106.75583232857385,complex_corridor,FRC2,28,28,6,6,1.0,False,-6.235637002833079,106.75573958241279,23.694334982762854,True,
2026-08-21T03:45:48.216989+00:00,821,-6.288795825000754,106.77763638750048,complex_corridor,FRC1,22,30,49,36,1.0,False,-6.288676397337788,106.77774978959411,18.260596237349766,True,
2026-08-21T03:45:48.490841+00:00,1336,-6.235382350000007,106.7560557,complex_corridor,FRC2,27,27,9,9,1.0,False,-6.235851643158244,106.75634307944131,61.09133400248038,True,
2026-08-21T03:45:48.756618+00:00,2187,-6.234661449999994,106.7555585,complex_corridor,FRC2,18,39,41,18,0.99,False,-6.235295044618109,106.75596622907466,83.63486690954973,True,
2026-08-21T03:45:49.024130+00:00,2188,-6.233655599999991,106.75488135,complex_corridor,FRC2,30,30,32,32,1.0,False,-6.233742064909034,106.75495503627582,12.600808704103487,True,
2026-08-21T03:45:49.290061+00:00,2298,-6.288583799999989,106.77784095,complex_corridor,FRC1,28,40,500,350,1.0,False,-6.288634823320289,106.77780477487897,6.94084144102375,True,
2026-08-21T03:45:49.592854+00:00,2322,-6.2884621,106.7781152,complex_corridor,FRC1,26,26,53,53,1.0,False,-6.288455113550981,106.77822722279888,12.405765015820144,True,
2026-08-21T03:45:49.880228+00:00,2459,-6.23996075,106.79819865,complex_corridor,FRC3,18,27,631,420,1.0,False,-6.239927209643448,106.79835988366938,18.208192291717626,True,
2026-08-21T03:45:50.145411+00:00,2660,-6.288887410002579,106.77817204999796,complex_corridor,FRC1,10,15,44,29,1.0,False,-6.289080056713849,106.77821112954479,21.852459789678804,True,
2026-08-21T03:45:50.417793+00:00,2731,-6.240104349999994,106.79819525,complex_corridor,FRC1,16,21,375,285,1.0,False,-6.254711568502923,106.79717434728451,1628.1638385691926,False,
2026-08-21T03:45:50.688584+00:00,2979,-6.239918790000258,106.79844824999957,complex_corridor,FRC2,15,15,2,2,1.0,False,-6.239928542802509,106.79846583092547,2.2254395550977346,True,
2026-08-21T03:45:50.955616+00:00,3134,-6.2892448600025785,106.77855074999796,complex_corridor,FRC1,9,22,28,11,1.0,False,-6.289262432333267,106.778499467014,5.995427904385316,True,
2026-08-21T03:45:51.224386+00:00,3164,-6.239840140000258,106.79869149999956,complex_corridor,FRC2,21,26,165,134,1.0,False,-6.23981997364873,106.79856239045006,14.446370748590217,True,
2026-08-21T03:45:51.547545+00:00,3940,-6.242815700000143,106.84290446666662,complex_corridor,FRC2,21,21,19,19,1.0,False,-6.242610768682978,106.84288187111798,22.923789898286447,True,
2026-08-21T03:45:51.811156+00:00,3995,-6.2428431,106.8426503,complex_corridor,FRC2,32,32,8,8,1.0,False,-6.24270333943449,106.84230519617961,41.19038604817657,True,
2026-08-21T03:45:52.087182+00:00,4135,-6.242451300001405,106.84346441666648,complex_corridor,FRC3,27,27,15,15,1.0,False,-6.24264159782794,106.84303341592732,52.128779444682614,True,
2026-08-21T03:45:52.365205+00:00,4174,-6.242622250001264,106.84418269999986,complex_corridor,FRC3,21,21,14,14,1.0,False,-6.242365385288672,106.84405667866673,31.777844988721665,True,
2026-08-21T03:45:52.661519+00:00,4307,-6.237238257899974,106.8272395210502,complex_corridor,FRC2,21,21,6,6,1.0,False,-6.237236971031365,106.82743234718856,21.314848279038795,True,
2026-08-21T03:45:52.929925+00:00,4312,-6.237042057899963,106.8269344210502,complex_corridor,FRC2,23,23,6,6,1.0,False,-6.237208807900389,106.82690797532604,18.770772040768108,True,
2026-08-21T03:45:53.211749+00:00,4383,-6.255330045001537,106.84307333999776,complex_corridor,FRC4,25,25,7,7,1.0,False,-6.255170245392188,106.84296367849294,21.509477825194235,True,
2026-08-21T03:45:53.479867+00:00,4421,-6.237577607899957,106.82686737105018,complex_corridor,FRC3,19,19,25,25,1.0,False,-6.237416698431964,106.82692406858013,18.95817050701808,True,
2026-08-21T03:45:53.745727+00:00,5234,-6.255677025000373,106.8431710999986,complex_corridor,FRC4,23,23,6,6,1.0,False,-6.25559934329838,106.84329627241084,16.310649749926508,True,
2026-08-21T03:45:54.008848+00:00,5259,-6.255508725000373,106.84360214999862,complex_corridor,FRC4,29,29,297,297,1.0,False,-6.255457199448482,106.84295563186589,71.6908067558573,True,
2026-08-21T03:45:54.276926+00:00,5296,-6.242909649999996,106.84406470000002,complex_corridor,FRC2,35,35,40,40,1.0,False,-6.24287098327402,106.84404058541264,5.0587612651154314,True,
2026-08-21T04:00:57.689333+00:00,703,-6.235444892859697,106.75583232857385,complex_corridor,FRC2,28,28,6,6,1.0,False,-6.235637002833079,106.75573958241279,23.694334982762854,True,
2026-08-21T04:00:57.953468+00:00,821,-6.288795825000754,106.77763638750048,complex_corridor,FRC1,31,31,35,35,1.0,False,-6.288676397337788,106.77774978959411,18.260596237349766,True,
2026-08-21T04:00:58.217987+00:00,1336,-6.235382350000007,106.7560557,complex_corridor,FRC2,27,27,9,9,1.0,False,-6.235851643158244,106.75634307944131,61.09133400248038,True,
2026-08-21T04:00:58.484102+00:00,2187,-6.234661449999994,106.7555585,complex_corridor,FRC2,18,38,41,19,0.98,False,-6.235295044618109,106.75596622907466,83.63486690954973,True,
2026-08-21T04:00:58.771863+00:00,2188,-6.233655599999991,106.75488135,complex_corridor,FRC2,30,30,32,32,1.0,False,-6.233742064909034,106.75495503627582,12.600808704103487,True,
2026-08-21T04:00:59.038598+00:00,2298,-6.288583799999989,106.77784095,complex_corridor,FRC1,29,41,482,341,1.0,False,-6.288634823320289,106.77780477487897,6.94084144102375,True,
2026-08-21T04:00:59.304973+00:00,2322,-6.2884621,106.7781152,complex_corridor,FRC1,19,26,73,53,1.0,False,-6.288455113550981,106.77822722279888,12.405765015820144,True,
2026-08-21T04:00:59.583888+00:00,2459,-6.23996075,106.79819865,complex_corridor,FRC3,19,27,597,420,1.0,False,-6.239927209643448,106.79835988366938,18.208192291717626,True,
2026-08-21T04:00:59.849928+00:00,2660,-6.288887410002579,106.77817204999796,complex_corridor,FRC1,15,15,29,29,1.0,False,-6.289080056713849,106.77821112954479,21.852459789678804,True,
2026-08-21T04:01:00.119513+00:00,2731,-6.240104349999994,106.79819525,complex_corridor,FRC1,18,21,333,285,1.0,False,-6.254711568502923,106.79717434728451,1628.1638385691926,False,
2026-08-21T04:01:00.384795+00:00,2979,-6.239918790000258,106.79844824999957,complex_corridor,FRC2,6,13,7,3,1.0,False,-6.239928542802509,106.79846583092547,2.2254395550977346,True,
2026-08-21T04:01:00.656086+00:00,3134,-6.2892448600025785,106.77855074999796,complex_corridor,FRC1,22,22,11,11,1.0,False,-6.289262432333267,106.778499467014,5.995427904385316,True,
2026-08-21T04:01:00.923462+00:00,3164,-6.239840140000258,106.79869149999956,complex_corridor,FRC2,24,24,145,145,1.0,False,-6.23981997364873,106.79856239045006,14.446370748590217,True,
2026-08-21T04:01:01.186492+00:00,3940,-6.242815700000143,106.84290446666662,complex_corridor,FRC2,16,21,25,19,1.0,False,-6.242610768682978,106.84288187111798,22.923789898286447,True,
2026-08-21T04:01:01.457460+00:00,3995,-6.2428431,106.8426503,complex_corridor,FRC2,32,32,8,8,1.0,False,-6.24270333943449,106.84230519617961,41.19038604817657,True,
2026-08-21T04:01:01.723570+00:00,4135,-6.242451300001405,106.84346441666648,complex_corridor,FRC3,21,26,19,16,1.0,False,-6.24264159782794,106.84303341592732,52.128779444682614,True,
2026-08-21T04:01:01.997616+00:00,4174,-6.242622250001264,106.84418269999986,complex_corridor,FRC3,21,21,14,14,1.0,False,-6.242365385288672,106.84405667866673,31.777844988721665,True,
2026-08-21T04:01:02.263027+00:00,4307,-6.237238257899974,106.8272395210502,complex_corridor,FRC2,21,21,6,6,1.0,False,-6.237236971031365,106.82743234718856,21.314848279038795,True,
2026-08-21T04:01:02.529618+00:00,4312,-6.237042057899963,106.8269344210502,complex_corridor,FRC2,23,23,6,6,1.0,False,-6.237208807900389,106.82690797532604,18.770772040768108,True,
2026-08-21T04:01:02.794825+00:00,4383,-6.255330045001537,106.84307333999776,complex_corridor,FRC4,19,25,9,7,1.0,False,-6.255170245392188,106.84296367849294,21.509477825194235,True,
2026-08-21T04:01:03.080215+00:00,4421,-6.237577607899957,106.82686737105018,complex_corridor,FRC3,14,18,35,27,0.98,False,-6.237416698431964,106.82692406858013,18.95817050701808,True,
2026-08-21T04:01:03.344908+00:00,5234,-6.255677025000373,106.8431710999986,complex_corridor,FRC4,23,23,6,6,1.0,False,-6.25559934329838,106.84329627241084,16.310649749926508,True,
2026-08-21T04:01:03.612411+00:00,5259,-6.255508725000373,106.84360214999862,complex_corridor,FRC4,29,29,297,297,1.0,False,-6.255457199448482,106.84295563186589,71.6908067558573,True,
2026-08-21T04:01:03.881378+00:00,5296,-6.242909649999996,106.84406470000002,complex_corridor,FRC2,35,35,40,40,1.0,False,-6.24287098327402,106.84404058541264,5.0587612651154314,True,
2026-08-21T04:15:41.507761+00:00,703,-6.235444892859697,106.75583232857385,complex_corridor,FRC2,28,28,6,6,1.0,False,-6.235637002833079,106.75573958241279,23.694334982762854,True,
2026-08-21T04:15:41.776119+00:00,821,-6.288795825000754,106.77763638750048,complex_corridor,FRC1,31,31,35,35,1.0,False,-6.288676397337788,106.77774978959411,18.260596237349766,True,
2026-08-21T04:15:42.043897+00:00,1336,-6.235382350000007,106.7560557,complex_corridor,FRC2,27,27,9,9,1.0,False,-6.235851643158244,106.75634307944131,61.09133400248038,True,
2026-08-21T04:15:42.310016+00:00,2187,-6.234661449999994,106.7555585,complex_corridor,FRC2,39,39,18,18,1.0,False,-6.235295044618109,106.75596622907466,83.63486690954973,True,
2026-08-21T04:15:42.580365+00:00,2188,-6.233655599999991,106.75488135,complex_corridor,FRC2,30,30,32,32,1.0,False,-6.233742064909034,106.75495503627582,12.600808704103487,True,
2026-08-21T04:15:42.848522+00:00,2298,-6.288583799999989,106.77784095,complex_corridor,FRC1,28,41,500,341,1.0,False,-6.288634823320289,106.77780477487897,6.94084144102375,True,
2026-08-21T04:15:43.124126+00:00,2322,-6.2884621,106.7781152,complex_corridor,FRC1,26,26,53,53,1.0,False,-6.288455113550981,106.77822722279888,12.405765015820144,True,
2026-08-21T04:15:43.391555+00:00,2459,-6.23996075,106.79819865,complex_corridor,FRC3,16,28,710,405,1.0,False,-6.239927209643448,106.79835988366938,18.208192291717626,True,
2026-08-21T04:15:43.660022+00:00,2660,-6.288887410002579,106.77817204999796,complex_corridor,FRC1,11,15,40,29,1.0,False,-6.289080056713849,106.77821112954479,21.852459789678804,True,
2026-08-21T04:15:43.939379+00:00,2731,-6.240104349999994,106.79819525,complex_corridor,FRC1,14,20,428,300,1.0,False,-6.254711568502923,106.79717434728451,1628.1638385691926,False,
2026-08-21T04:15:44.207166+00:00,2979,-6.239918790000258,106.79844824999957,complex_corridor,FRC2,9,15,4,2,1.0,False,-6.239928542802509,106.79846583092547,2.2254395550977346,True,
2026-08-21T04:15:44.470767+00:00,3134,-6.2892448600025785,106.77855074999796,complex_corridor,FRC1,22,22,11,11,1.0,False,-6.289262432333267,106.778499467014,5.995427904385316,True,
2026-08-21T04:15:44.737339+00:00,3164,-6.239840140000258,106.79869149999956,complex_corridor,FRC2,24,24,145,145,1.0,False,-6.23981997364873,106.79856239045006,14.446370748590217,True,
2026-08-21T04:15:45.011837+00:00,3940,-6.242815700000143,106.84290446666662,complex_corridor,FRC2,21,21,19,19,1.0,False,-6.242610768682978,106.84288187111798,22.923789898286447,True,
2026-08-21T04:15:45.281687+00:00,3995,-6.2428431,106.8426503,complex_corridor,FRC2,32,32,8,8,1.0,False,-6.24270333943449,106.84230519617961,41.19038604817657,True,
2026-08-21T04:15:45.583143+00:00,4135,-6.242451300001405,106.84346441666648,complex_corridor,FRC3,27,27,15,15,1.0,False,-6.24264159782794,106.84303341592732,52.128779444682614,True,
2026-08-21T04:15:45.850889+00:00,4174,-6.242622250001264,106.84418269999986,complex_corridor,FRC3,21,21,14,14,1.0,False,-6.242365385288672,106.84405667866673,31.777844988721665,True,
2026-08-21T04:15:46.116945+00:00,4307,-6.237238257899974,106.8272395210502,complex_corridor,FRC2,21,21,6,6,1.0,False,-6.237236971031365,106.82743234718856,21.314848279038795,True,
2026-08-21T04:15:46.380849+00:00,4312,-6.237042057899963,106.8269344210502,complex_corridor,FRC2,23,23,6,6,1.0,False,-6.237208807900389,106.82690797532604,18.770772040768108,True,
2026-08-21T04:15:46.667991+00:00,4383,-6.255330045001537,106.84307333999776,complex_corridor,FRC4,25,25,7,7,1.0,False,-6.255170245392188,106.84296367849294,21.509477825194235,True,
2026-08-21T04:15:46.931652+00:00,4421,-6.237577607899957,106.82686737105018,complex_corridor,FRC3,12,18,41,27,0.98,False,-6.237416698431964,106.82692406858013,18.95817050701808,True,
2026-08-21T04:15:47.197697+00:00,5234,-6.255677025000373,106.8431710999986,complex_corridor,FRC4,23,23,6,6,1.0,False,-6.25559934329838,106.84329627241084,16.310649749926508,True,
2026-08-21T04:15:47.479971+00:00,5259,-6.255508725000373,106.84360214999862,complex_corridor,FRC4,29,29,297,297,1.0,False,-6.255457199448482,106.84295563186589,71.6908067558573,True,
2026-08-21T04:15:47.750472+00:00,5296,-6.242909649999996,106.84406470000002,complex_corridor,FRC2,35,35,40,40,1.0,False,-6.24287098327402,106.84404058541264,5.0587612651154314,True,
2026-08-21T04:30:55.408369+00:00,703,-6.235444892859697,106.75583232857385,complex_corridor,FRC2,28,28,6,6,1.0,False,-6.235637002833079,106.75573958241279,23.694334982762854,True,
2026-08-21T04:30:55.700362+00:00,821,-6.288795825000754,106.77763638750048,complex_corridor,FRC1,31,31,35,35,1.0,False,-6.288676397337788,106.77774978959411,18.260596237349766,True,
2026-08-21T04:30:55.994095+00:00,1336,-6.235382350000007,106.7560557,complex_corridor,FRC2,27,27,9,9,1.0,False,-6.235851643158244,106.75634307944131,61.09133400248038,True,
2026-08-21T04:30:56.279436+00:00,2187,-6.234661449999994,106.7555585,complex_corridor,FRC2,39,39,18,18,1.0,False,-6.235295044618109,106.75596622907466,83.63486690954973,True,
2026-08-21T04:30:56.571046+00:00,2188,-6.233655599999991,106.75488135,complex_corridor,FRC2,30,30,32,32,1.0,False,-6.233742064909034,106.75495503627582,12.600808704103487,True,
2026-08-21T04:30:56.866943+00:00,2298,-6.288583799999989,106.77784095,complex_corridor,FRC1,26,40,538,350,1.0,False,-6.288634823320289,106.77780477487897,6.94084144102375,True,
2026-08-21T04:30:57.158596+00:00,2322,-6.2884621,106.7781152,complex_corridor,FRC1,26,26,53,53,1.0,False,-6.288455113550981,106.77822722279888,12.405765015820144,True,
2026-08-21T04:30:57.445720+00:00,2459,-6.23996075,106.79819865,complex_corridor,FRC3,17,28,668,405,1.0,False,-6.239927209643448,106.79835988366938,18.208192291717626,True,
2026-08-21T04:30:57.734414+00:00,2660,-6.288887410002579,106.77817204999796,complex_corridor,FRC1,8,14,55,31,1.0,False,-6.289080056713849,106.77821112954479,21.852459789678804,True,
2026-08-21T04:30:58.022247+00:00,2731,-6.240104349999994,106.79819525,complex_corridor,FRC1,17,21,353,285,1.0,False,-6.254711568502923,106.79717434728451,1628.1638385691926,False,
2026-08-21T04:30:58.326394+00:00,2979,-6.239918790000258,106.79844824999957,complex_corridor,FRC2,15,15,2,2,1.0,False,-6.239928542802509,106.79846583092547,2.2254395550977346,True,
2026-08-21T04:30:58.616320+00:00,3134,-6.2892448600025785,106.77855074999796,complex_corridor,FRC1,22,22,11,11,1.0,False,-6.289262432333267,106.778499467014,5.995427904385316,True,
2026-08-21T04:30:58.904130+00:00,3164,-6.239840140000258,106.79869149999956,complex_corridor,FRC2,24,24,145,145,1.0,False,-6.23981997364873,106.79856239045006,14.446370748590217,True,
2026-08-21T04:30:59.191739+00:00,3940,-6.242815700000143,106.84290446666662,complex_corridor,FRC2,16,20,25,20,0.98,False,-6.242610768682978,106.84288187111798,22.923789898286447,True,
2026-08-21T04:30:59.480736+00:00,3995,-6.2428431,106.8426503,complex_corridor,FRC2,32,32,8,8,1.0,False,-6.24270333943449,106.84230519617961,41.19038604817657,True,
2026-08-21T04:30:59.769873+00:00,4135,-6.242451300001405,106.84346441666648,complex_corridor,FRC3,27,27,15,15,1.0,False,-6.24264159782794,106.84303341592732,52.128779444682614,True,
2026-08-21T04:31:00.058952+00:00,4174,-6.242622250001264,106.84418269999986,complex_corridor,FRC3,21,21,14,14,1.0,False,-6.242365385288672,106.84405667866673,31.777844988721665,True,
2026-08-21T04:31:00.344776+00:00,4307,-6.237238257899974,106.8272395210502,complex_corridor,FRC2,21,21,6,6,1.0,False,-6.237236971031365,106.82743234718856,21.314848279038795,True,
2026-08-21T04:31:00.633444+00:00,4312,-6.237042057899963,106.8269344210502,complex_corridor,FRC2,23,23,6,6,1.0,False,-6.237208807900389,106.82690797532604,18.770772040768108,True,
2026-08-21T04:31:00.925337+00:00,4383,-6.255330045001537,106.84307333999776,complex_corridor,FRC4,19,25,9,7,1.0,False,-6.255170245392188,106.84296367849294,21.509477825194235,True,
2026-08-21T04:31:01.218652+00:00,4421,-6.237577607899957,106.82686737105018,complex_corridor,FRC3,14,18,35,27,0.95,False,-6.237416698431964,106.82692406858013,18.95817050701808,True,
2026-08-21T04:31:01.505782+00:00,5234,-6.255677025000373,106.8431710999986,complex_corridor,FRC4,18,23,7,6,1.0,False,-6.25559934329838,106.84329627241084,16.310649749926508,True,
2026-08-21T04:31:01.791973+00:00,5259,-6.255508725000373,106.84360214999862,complex_corridor,FRC4,25,28,344,307,1.0,False,-6.255457199448482,106.84295563186589,71.6908067558573,True,
2026-08-21T04:31:02.093607+00:00,5296,-6.242909649999996,106.84406470000002,complex_corridor,FRC2,25,35,56,40,1.0,False,-6.24287098327402,106.84404058541264,5.0587612651154314,True,
2026-08-21T04:45:49.574685+00:00,703,-6.235444892859697,106.75583232857385,complex_corridor,FRC2,28,28,6,6,1.0,False,-6.235637002833079,106.75573958241279,23.694334982762854,True,
2026-08-21T04:45:49.843880+00:00,821,-6.288795825000754,106.77763638750048,complex_corridor,FRC1,22,30,49,36,0.99,False,-6.288676397337788,106.77774978959411,18.260596237349766,True,
2026-08-21T04:45:50.111983+00:00,1336,-6.235382350000007,106.7560557,complex_corridor,FRC2,27,27,9,9,1.0,False,-6.235851643158244,106.75634307944131,61.09133400248038,True,
2026-08-21T04:45:50.378850+00:00,2187,-6.234661449999994,106.7555585,complex_corridor,FRC2,39,39,18,18,1.0,False,-6.235295044618109,106.75596622907466,83.63486690954973,True,
2026-08-21T04:45:50.645542+00:00,2188,-6.233655599999991,106.75488135,complex_corridor,FRC2,30,30,32,32,1.0,False,-6.233742064909034,106.75495503627582,12.600808704103487,True,
2026-08-21T04:45:50.911830+00:00,2298,-6.288583799999989,106.77784095,complex_corridor,FRC1,30,41,466,341,1.0,False,-6.288634823320289,106.77780477487897,6.94084144102375,True,
2026-08-21T04:45:51.177409+00:00,2322,-6.2884621,106.7781152,complex_corridor,FRC1,26,26,53,53,1.0,False,-6.288455113550981,106.77822722279888,12.405765015820144,True,
2026-08-21T04:45:51.447226+00:00,2459,-6.23996075,106.79819865,complex_corridor,FRC3,15,28,757,405,1.0,False,-6.239927209643448,106.79835988366938,18.208192291717626,True,
2026-08-21T04:45:51.714321+00:00,2660,-6.288887410002579,106.77817204999796,complex_corridor,FRC1,8,15,55,29,1.0,False,-6.289080056713849,106.77821112954479,21.852459789678804,True,
2026-08-21T04:45:51.982943+00:00,2731,-6.240104349999994,106.79819525,complex_corridor,FRC1,16,21,375,285,1.0,False,-6.254711568502923,106.79717434728451,1628.1638385691926,False,
2026-08-21T04:45:52.249058+00:00,2979,-6.239918790000258,106.79844824999957,complex_corridor,FRC2,8,15,5,2,1.0,False,-6.239928542802509,106.79846583092547,2.2254395550977346,True,
2026-08-21T04:45:52.522097+00:00,3134,-6.2892448600025785,106.77855074999796,complex_corridor,FRC1,14,21,18,12,1.0,False,-6.289262432333267,106.778499467014,5.995427904385316,True,
2026-08-21T04:45:52.788436+00:00,3164,-6.239840140000258,106.79869149999956,complex_corridor,FRC2,24,24,145,145,1.0,False,-6.23981997364873,106.79856239045006,14.446370748590217,True,
2026-08-21T04:45:53.055126+00:00,3940,-6.242815700000143,106.84290446666662,complex_corridor,FRC2,21,21,19,19,1.0,False,-6.242610768682978,106.84288187111798,22.923789898286447,True,
2026-08-21T04:45:53.319223+00:00,3995,-6.2428431,106.8426503,complex_corridor,FRC2,24,30,11,9,0.96,False,-6.24270333943449,106.84230519617961,41.19038604817657,True,
2026-08-21T04:45:53.586573+00:00,4135,-6.242451300001405,106.84346441666648,complex_corridor,FRC3,27,27,15,15,1.0,False,-6.24264159782794,106.84303341592732,52.128779444682614,True,
2026-08-21T04:45:53.858745+00:00,4174,-6.242622250001264,106.84418269999986,complex_corridor,FRC3,21,21,14,14,1.0,False,-6.242365385288672,106.84405667866673,31.777844988721665,True,
2026-08-21T04:45:54.124398+00:00,4307,-6.237238257899974,106.8272395210502,complex_corridor,FRC2,21,21,6,6,1.0,False,-6.237236971031365,106.82743234718856,21.314848279038795,True,
2026-08-21T04:45:54.387223+00:00,4312,-6.237042057899963,106.8269344210502,complex_corridor,FRC2,23,23,6,6,1.0,False,-6.237208807900389,106.82690797532604,18.770772040768108,True,
2026-08-21T04:45:54.655461+00:00,4383,-6.255330045001537,106.84307333999776,complex_corridor,FRC4,25,25,7,7,1.0,False,-6.255170245392188,106.84296367849294,21.509477825194235,True,
2026-08-21T04:45:54.929266+00:00,4421,-6.237577607899957,106.82686737105018,complex_corridor,FRC3,8,19,61,25,0.95,False,-6.237416698431964,106.82692406858013,18.95817050701808,True,
2026-08-21T04:45:55.199830+00:00,5234,-6.255677025000373,106.8431710999986,complex_corridor,FRC4,23,23,6,6,1.0,False,-6.25559934329838,106.84329627241084,16.310649749926508,True,
2026-08-21T04:45:55.466510+00:00,5259,-6.255508725000373,106.84360214999862,complex_corridor,FRC4,29,29,297,297,1.0,False,-6.255457199448482,106.84295563186589,71.6908067558573,True,
2026-08-21T04:45:55.733280+00:00,5296,-6.242909649999996,106.84406470000002,complex_corridor,FRC2,35,35,40,40,1.0,False,-6.24287098327402,106.84404058541264,5.0587612651154314,True,
2026-08-21T05:01:02.936437+00:00,703,-6.235444892859697,106.75583232857385,complex_corridor,FRC2,28,28,6,6,1.0,False,-6.235637002833079,106.75573958241279,23.694334982762854,True,
2026-08-21T05:01:03.233938+00:00,821,-6.288795825000754,106.77763638750048,complex_corridor,FRC1,31,31,35,35,1.0,False,-6.288676397337788,106.77774978959411,18.260596237349766,True,
2026-08-21T05:01:03.527015+00:00,1336,-6.235382350000007,106.7560557,complex_corridor,FRC2,27,27,9,9,1.0,False,-6.235851643158244,106.75634307944131,61.09133400248038,True,
2026-08-21T05:01:03.841700+00:00,2187,-6.234661449999994,106.7555585,complex_corridor,FRC2,39,39,18,18,1.0,False,-6.235295044618109,106.75596622907466,83.63486690954973,True,
2026-08-21T05:01:04.132359+00:00,2188,-6.233655599999991,106.75488135,complex_corridor,FRC2,30,30,32,32,1.0,False,-6.233742064909034,106.75495503627582,12.600808704103487,True,
2026-08-21T05:01:04.434446+00:00,2298,-6.288583799999989,106.77784095,complex_corridor,FRC1,28,40,500,350,1.0,False,-6.288634823320289,106.77780477487897,6.94084144102375,True,
2026-08-21T05:01:04.732323+00:00,2322,-6.2884621,106.7781152,complex_corridor,FRC1,26,26,53,53,1.0,False,-6.288455113550981,106.77822722279888,12.405765015820144,True,
2026-08-21T05:01:05.026976+00:00,2459,-6.23996075,106.79819865,complex_corridor,FRC3,16,27,710,420,1.0,False,-6.239927209643448,106.79835988366938,18.208192291717626,True,
2026-08-21T05:01:05.326242+00:00,2660,-6.288887410002579,106.77817204999796,complex_corridor,FRC1,10,14,44,31,1.0,False,-6.289080056713849,106.77821112954479,21.852459789678804,True,
2026-08-21T05:01:05.634346+00:00,2731,-6.240104349999994,106.79819525,complex_corridor,FRC1,15,21,400,285,1.0,False,-6.254711568502923,106.79717434728451,1628.1638385691926,False,
2026-08-21T05:01:05.933014+00:00,2979,-6.239918790000258,106.79844824999957,complex_corridor,FRC2,15,15,2,2,1.0,False,-6.239928542802509,106.79846583092547,2.2254395550977346,True,
2026-08-21T05:01:06.246858+00:00,3134,-6.2892448600025785,106.77855074999796,complex_corridor,FRC1,13,21,20,12,1.0,False,-6.289262432333267,106.778499467014,5.995427904385316,True,
2026-08-21T05:01:06.542871+00:00,3164,-6.239840140000258,106.79869149999956,complex_corridor,FRC2,20,24,174,145,1.0,False,-6.23981997364873,106.79856239045006,14.446370748590217,True,
2026-08-21T05:01:06.840420+00:00,3940,-6.242815700000143,106.84290446666662,complex_corridor,FRC2,21,21,19,19,1.0,False,-6.242610768682978,106.84288187111798,22.923789898286447,True,
2026-08-21T05:01:07.131340+00:00,3995,-6.2428431,106.8426503,complex_corridor,FRC2,32,32,8,8,1.0,False,-6.24270333943449,106.84230519617961,41.19038604817657,True,
2026-08-21T05:01:07.421583+00:00,4135,-6.242451300001405,106.84346441666648,complex_corridor,FRC3,27,27,15,15,1.0,False,-6.24264159782794,106.84303341592732,52.128779444682614,True,
2026-08-21T05:01:07.726491+00:00,4174,-6.242622250001264,106.84418269999986,complex_corridor,FRC3,17,21,17,14,0.98,False,-6.242365385288672,106.84405667866673,31.777844988721665,True,
2026-08-21T05:01:08.022285+00:00,4307,-6.237238257899974,106.8272395210502,complex_corridor,FRC2,21,21,6,6,1.0,False,-6.237236971031365,106.82743234718856,21.314848279038795,True,
2026-08-21T05:01:08.325265+00:00,4312,-6.237042057899963,106.8269344210502,complex_corridor,FRC2,23,23,6,6,1.0,False,-6.237208807900389,106.82690797532604,18.770772040768108,True,
2026-08-21T05:01:08.617544+00:00,4383,-6.255330045001537,106.84307333999776,complex_corridor,FRC4,25,25,7,7,1.0,False,-6.255170245392188,106.84296367849294,21.509477825194235,True,
2026-08-21T05:01:08.919525+00:00,4421,-6.237577607899957,106.82686737105018,complex_corridor,FRC3,13,19,37,25,0.98,False,-6.237416698431964,106.82692406858013,18.95817050701808,True,
2026-08-21T05:01:09.223117+00:00,5234,-6.255677025000373,106.8431710999986,complex_corridor,FRC4,23,23,6,6,1.0,False,-6.25559934329838,106.84329627241084,16.310649749926508,True,
2026-08-21T05:01:09.518051+00:00,5259,-6.255508725000373,106.84360214999862,complex_corridor,FRC4,29,29,297,297,1.0,False,-6.255457199448482,106.84295563186589,71.6908067558573,True,
2026-08-21T05:01:09.814242+00:00,5296,-6.242909649999996,106.84406470000002,complex_corridor,FRC2,35,35,40,40,1.0,False,-6.24287098327402,106.84404058541264,5.0587612651154314,True,
2026-08-21T05:15:49.510691+00:00,703,-6.235444892859697,106.75583232857385,complex_corridor,FRC2,28,28,6,6,1.0,False,-6.235637002833079,106.75573958241279,23.694334982762854,True,
2026-08-21T05:15:49.786885+00:00,821,-6.288795825000754,106.77763638750048,complex_corridor,FRC1,23,31,47,35,0.99,False,-6.288676397337788,106.77774978959411,18.260596237349766,True,
2026-08-21T05:15:50.058380+00:00,1336,-6.235382350000007,106.7560557,complex_corridor,FRC2,27,27,9,9,1.0,False,-6.235851643158244,106.75634307944131,61.09133400248038,True,
2026-08-21T05:15:50.329103+00:00,2187,-6.234661449999994,106.7555585,complex_corridor,FRC2,39,39,18,18,1.0,False,-6.235295044618109,106.75596622907466,83.63486690954973,True,
2026-08-21T05:15:50.617432+00:00,2188,-6.233655599999991,106.75488135,complex_corridor,FRC2,30,30,32,32,1.0,False,-6.233742064909034,106.75495503627582,12.600808704103487,True,
2026-08-21T05:15:50.890497+00:00,2298,-6.288583799999989,106.77784095,complex_corridor,FRC1,31,41,451,341,1.0,False,-6.288634823320289,106.77780477487897,6.94084144102375,True,
2026-08-21T05:15:51.160943+00:00,2322,-6.2884621,106.7781152,complex_corridor,FRC1,26,26,53,53,1.0,False,-6.288455113550981,106.77822722279888,12.405765015820144,True,
2026-08-21T05:15:51.436458+00:00,2459,-6.23996075,106.79819865,complex_corridor,FRC3,17,29,668,391,1.0,False,-6.239927209643448,106.79835988366938,18.208192291717626,True,
2026-08-21T05:15:51.731688+00:00,2660,-6.288887410002579,106.77817204999796,complex_corridor,FRC1,15,15,29,29,1.0,False,-6.289080056713849,106.77821112954479,21.852459789678804,True,
2026-08-21T05:15:52.006484+00:00,2731,-6.240104349999994,106.79819525,complex_corridor,FRC1,16,21,375,285,1.0,False,-6.254711568502923,106.79717434728451,1628.1638385691926,False,
2026-08-21T05:15:52.283581+00:00,2979,-6.239918790000258,106.79844824999957,complex_corridor,FRC2,15,15,2,2,1.0,False,-6.239928542802509,106.79846583092547,2.2254395550977346,True,
2026-08-21T05:15:52.557720+00:00,3134,-6.2892448600025785,106.77855074999796,complex_corridor,FRC1,14,21,18,12,1.0,False,-6.289262432333267,106.778499467014,5.995427904385316,True,
2026-08-21T05:15:52.830237+00:00,3164,-6.239840140000258,106.79869149999956,complex_corridor,FRC2,24,24,145,145,1.0,False,-6.23981997364873,106.79856239045006,14.446370748590217,True,
2026-08-21T05:15:53.103704+00:00,3940,-6.242815700000143,106.84290446666662,complex_corridor,FRC2,21,21,19,19,1.0,False,-6.242610768682978,106.84288187111798,22.923789898286447,True,
2026-08-21T05:15:53.373713+00:00,3995,-6.2428431,106.8426503,complex_corridor,FRC2,32,32,8,8,1.0,False,-6.24270333943449,106.84230519617961,41.19038604817657,True,
2026-08-21T05:15:53.660348+00:00,4135,-6.242451300001405,106.84346441666648,complex_corridor,FRC3,27,27,15,15,1.0,False,-6.24264159782794,106.84303341592732,52.128779444682614,True,
2026-08-21T05:15:53.930199+00:00,4174,-6.242622250001264,106.84418269999986,complex_corridor,FRC3,21,21,14,14,1.0,False,-6.242365385288672,106.84405667866673,31.777844988721665,True,
2026-08-21T05:15:54.201763+00:00,4307,-6.237238257899974,106.8272395210502,complex_corridor,FRC2,21,21,6,6,1.0,False,-6.237236971031365,106.82743234718856,21.314848279038795,True,
2026-08-21T05:15:54.481581+00:00,4312,-6.237042057899963,106.8269344210502,complex_corridor,FRC2,23,23,6,6,1.0,False,-6.237208807900389,106.82690797532604,18.770772040768108,True,
2026-08-21T05:15:54.757180+00:00,4383,-6.255330045001537,106.84307333999776,complex_corridor,FRC4,25,25,7,7,1.0,False,-6.255170245392188,106.84296367849294,21.509477825194235,True,
2026-08-21T05:15:55.030681+00:00,4421,-6.237577607899957,106.82686737105018,complex_corridor,FRC3,19,19,25,25,1.0,False,-6.237416698431964,106.82692406858013,18.95817050701808,True,
2026-08-21T05:15:55.306623+00:00,5234,-6.255677025000373,106.8431710999986,complex_corridor,FRC4,23,23,6,6,1.0,False,-6.25559934329838,106.84329627241084,16.310649749926508,True,
2026-08-21T05:15:55.578728+00:00,5259,-6.255508725000373,106.84360214999862,complex_corridor,FRC4,29,29,297,297,1.0,False,-6.255457199448482,106.84295563186589,71.6908067558573,True,
2026-08-21T05:15:55.857080+00:00,5296,-6.242909649999996,106.84406470000002,complex_corridor,FRC2,22,35,64,40,1.0,False,-6.24287098327402,106.84404058541264,5.0587612651154314,True,
2026-08-21T05:30:51.326789+00:00,703,-6.235444892859697,106.75583232857385,complex_corridor,FRC2,28,28,6,6,1.0,False,-6.235637002833079,106.75573958241279,23.694334982762854,True,
2026-08-21T05:30:51.628259+00:00,821,-6.288795825000754,106.77763638750048,complex_corridor,FRC1,23,30,47,36,1.0,False,-6.288676397337788,106.77774978959411,18.260596237349766,True,
2026-08-21T05:30:51.939405+00:00,1336,-6.235382350000007,106.7560557,complex_corridor,FRC2,27,27,9,9,1.0,False,-6.235851643158244,106.75634307944131,61.09133400248038,True,
2026-08-21T05:30:52.241736+00:00,2187,-6.234661449999994,106.7555585,complex_corridor,FRC2,39,39,18,18,1.0,False,-6.235295044618109,106.75596622907466,83.63486690954973,True,
2026-08-21T05:30:52.549700+00:00,2188,-6.233655599999991,106.75488135,complex_corridor,FRC2,30,30,32,32,1.0,False,-6.233742064909034,106.75495503627582,12.600808704103487,True,
2026-08-21T05:30:52.855899+00:00,2298,-6.288583799999989,106.77784095,complex_corridor,FRC1,41,41,341,341,1.0,False,-6.288634823320289,106.77780477487897,6.94084144102375,True,
2026-08-21T05:30:53.166108+00:00,2322,-6.2884621,106.7781152,complex_corridor,FRC1,26,26,53,53,1.0,False,-6.288455113550981,106.77822722279888,12.405765015820144,True,
2026-08-21T05:30:53.472335+00:00,2459,-6.23996075,106.79819865,complex_corridor,FRC3,19,28,597,405,1.0,False,-6.239927209643448,106.79835988366938,18.208192291717626,True,
2026-08-21T05:30:53.776040+00:00,2660,-6.288887410002579,106.77817204999796,complex_corridor,FRC1,11,15,40,29,1.0,False,-6.289080056713849,106.77821112954479,21.852459789678804,True,
2026-08-21T05:30:54.076379+00:00,2731,-6.240104349999994,106.79819525,complex_corridor,FRC1,17,21,353,285,1.0,False,-6.254711568502923,106.79717434728451,1628.1638385691926,False,
2026-08-21T05:30:54.378735+00:00,2979,-6.239918790000258,106.79844824999957,complex_corridor,FRC2,15,15,2,2,1.0,False,-6.239928542802509,106.79846583092547,2.2254395550977346,True,
2026-08-21T05:30:54.681498+00:00,3134,-6.2892448600025785,106.77855074999796,complex_corridor,FRC1,22,22,11,11,1.0,False,-6.289262432333267,106.778499467014,5.995427904385316,True,
2026-08-21T05:30:54.986934+00:00,3164,-6.239840140000258,106.79869149999956,complex_corridor,FRC2,24,24,145,145,1.0,False,-6.23981997364873,106.79856239045006,14.446370748590217,True,
2026-08-21T05:30:55.290200+00:00,3940,-6.242815700000143,106.84290446666662,complex_corridor,FRC2,21,21,19,19,1.0,False,-6.242610768682978,106.84288187111798,22.923789898286447,True,
2026-08-21T05:30:55.593436+00:00,3995,-6.2428431,106.8426503,complex_corridor,FRC2,14,32,19,8,0.95,False,-6.24270333943449,106.84230519617961,41.19038604817657,True,
2026-08-21T05:30:55.893326+00:00,4135,-6.242451300001405,106.84346441666648,complex_corridor,FRC3,27,27,15,15,1.0,False,-6.24264159782794,106.84303341592732,52.128779444682614,True,
2026-08-21T05:30:56.196255+00:00,4174,-6.242622250001264,106.84418269999986,complex_corridor,FRC3,21,21,14,14,1.0,False,-6.242365385288672,106.84405667866673,31.777844988721665,True,
2026-08-21T05:30:56.495898+00:00,4307,-6.237238257899974,106.8272395210502,complex_corridor,FRC2,21,21,6,6,1.0,False,-6.237236971031365,106.82743234718856,21.314848279038795,True,
2026-08-21T05:30:56.810907+00:00,4312,-6.237042057899963,106.8269344210502,complex_corridor,FRC2,23,23,6,6,1.0,False,-6.237208807900389,106.82690797532604,18.770772040768108,True,
2026-08-21T05:30:57.112093+00:00,4383,-6.255330045001537,106.84307333999776,complex_corridor,FRC4,25,25,7,7,1.0,False,-6.255170245392188,106.84296367849294,21.509477825194235,True,
2026-08-21T05:30:57.412568+00:00,4421,-6.237577607899957,106.82686737105018,complex_corridor,FRC3,19,19,25,25,1.0,False,-6.237416698431964,106.82692406858013,18.95817050701808,True,
2026-08-21T05:30:57.716752+00:00,5234,-6.255677025000373,106.8431710999986,complex_corridor,FRC4,23,23,6,6,1.0,False,-6.25559934329838,106.84329627241084,16.310649749926508,True,
2026-08-21T05:30:58.015260+00:00,5259,-6.255508725000373,106.84360214999862,complex_corridor,FRC4,29,29,297,297,1.0,False,-6.255457199448482,106.84295563186589,71.6908067558573,True,
2026-08-21T05:30:58.318127+00:00,5296,-6.242909649999996,106.84406470000002,complex_corridor,FRC2,35,35,40,40,1.0,False,-6.24287098327402,106.84404058541264,5.0587612651154314,True,
2026-08-21T05:45:49.288767+00:00,703,-6.235444892859697,106.75583232857385,complex_corridor,FRC2,28,28,6,6,1,False,-6.235637002833079,106.75573958241279,23.694334982762854,True,
2026-08-21T05:45:49.553630+00:00,821,-6.288795825000754,106.77763638750048,complex_corridor,FRC1,31,31,35,35,1,False,-6.288676397337788,106.77774978959411,18.260596237349766,True,
2026-08-21T05:45:49.818743+00:00,1336,-6.235382350000007,106.7560557,complex_corridor,FRC2,27,27,9,9,1,False,-6.235851643158244,106.75634307944131,61.09133400248038,True,
2026-08-21T05:45:50.089844+00:00,2187,-6.234661449999994,106.7555585,complex_corridor,FRC2,39,39,18,18,1,False,-6.235295044618109,106.75596622907466,83.63486690954973,True,
2026-08-21T05:45:50.354293+00:00,2188,-6.233655599999991,106.75488135,complex_corridor,FRC2,30,30,32,32,1,False,-6.233742064909034,106.75495503627582,12.600808704103487,True,
2026-08-21T05:45:50.620519+00:00,2298,-6.288583799999989,106.77784095,complex_corridor,FRC1,41,41,341,341,1,False,-6.288634823320289,106.77780477487897,6.94084144102375,True,
2026-08-21T05:45:50.884777+00:00,2322,-6.2884621,106.7781152,complex_corridor,FRC1,17,25,82,56,1,False,-6.288455113550981,106.77822722279888,12.405765015820144,True,
2026-08-21T05:45:51.159717+00:00,2459,-6.23996075,106.79819865,complex_corridor,FRC3,19,27,597,420,1,False,-6.239927209643448,106.79835988366938,18.208192291717626,True,
2026-08-21T05:45:51.426371+00:00,2660,-6.288887410002579,106.77817204999796,complex_corridor,FRC1,12,15,37,29,1,False,-6.289080056713849,106.77821112954479,21.852459789678804,True,
2026-08-21T05:45:51.699343+00:00,2731,-6.240104349999994,106.79819525,complex_corridor,FRC1,14,22,428,272,1,False,-6.254711568502923,106.79717434728451,1628.1638385691926,False,
2026-08-21T05:45:51.968377+00:00,2979,-6.239918790000258,106.79844824999957,complex_corridor,FRC2,15,15,2,2,1,False,-6.239928542802509,106.79846583092547,2.2254395550977346,True,
2026-08-21T05:45:52.232180+00:00,3134,-6.2892448600025785,106.77855074999796,complex_corridor,FRC1,14,21,18,12,1,False,-6.289262432333267,106.778499467014,5.995427904385316,True,
2026-08-21T05:45:52.497984+00:00,3164,-6.239840140000258,106.79869149999956,complex_corridor,FRC2,24,24,145,145,1,False,-6.23981997364873,106.79856239045006,14.446370748590217,True,
2026-08-21T05:45:52.765523+00:00,3940,-6.242815700000143,106.84290446666662,complex_corridor,FRC2,21,21,19,19,1,False,-6.242610768682978,106.84288187111798,22.923789898286447,True,
2026-08-21T05:45:53.030421+00:00,3995,-6.2428431,106.8426503,complex_corridor,FRC2,32,32,8,8,1,False,-6.24270333943449,106.84230519617961,41.19038604817657,True,
2026-08-21T05:45:53.299979+00:00,4135,-6.242451300001405,106.84346441666648,complex_corridor,FRC3,27,27,15,15,1,False,-6.24264159782794,106.84303341592732,52.128779444682614,True,
2026-08-21T05:45:53.567182+00:00,4174,-6.242622250001264,106.84418269999986,complex_corridor,FRC3,21,21,14,14,1,False,-6.242365385288672,106.84405667866673,31.777844988721665,True,
2026-08-21T05:45:53.834456+00:00,4307,-6.237238257899974,106.8272395210502,complex_corridor,FRC2,21,21,6,6,1,False,-6.237236971031365,106.82743234718856,21.314848279038795,True,
2026-08-21T05:45:54.102493+00:00,4312,-6.237042057899963,106.8269344210502,complex_corridor,FRC2,23,23,6,6,1,False,-6.237208807900389,106.82690797532604,18.770772040768108,True,
2026-08-21T05:45:54.371206+00:00,4383,-6.255330045001537,106.84307333999776,complex_corridor,FRC4,25,25,7,7,1,False,-6.255170245392188,106.84296367849294,21.509477825194235,True,
2026-08-21T05:45:54.635950+00:00,4421,-6.237577607899957,106.82686737105018,complex_corridor,FRC3,19,19,25,25,1,False,-6.237416698431964,106.82692406858013,18.95817050701808,True,
2026-08-21T05:45:54.902793+00:00,5234,-6.255677025000373,106.8431710999986,complex_corridor,FRC4,23,23,6,6,1,False,-6.25559934329838,106.84329627241084,16.310649749926508,True,
2026-08-21T05:45:55.169976+00:00,5259,-6.255508725000373,106.84360214999862,complex_corridor,FRC4,29,29,297,297,1,False,-6.255457199448482,106.84295563186589,71.6908067558573,True,
2026-08-21T05:45:55.440744+00:00,5296,-6.242909649999996,106.84406470000002,complex_corridor,FRC2,35,35,40,40,1,False,-6.24287098327402,106.84404058541264,5.0587612651154314,True,
2026-08-21T06:00:59.895230+00:00,703,-6.235444892859697,106.75583232857385,complex_corridor,FRC2,28,28,6,6,1.0,False,-6.235637002833079,106.75573958241279,23.694334982762854,True,
2026-08-21T06:01:00.183831+00:00,821,-6.288795825000754,106.77763638750048,complex_corridor,FRC1,31,31,35,35,1.0,False,-6.288676397337788,106.77774978959411,18.260596237349766,True,
2026-08-21T06:01:00.469935+00:00,1336,-6.235382350000007,106.7560557,complex_corridor,FRC2,27,27,9,9,1.0,False,-6.235851643158244,106.75634307944131,61.09133400248038,True,
2026-08-21T06:01:00.767580+00:00,2187,-6.234661449999994,106.7555585,complex_corridor,FRC2,39,39,18,18,1.0,False,-6.235295044618109,106.75596622907466,83.63486690954973,True,
2026-08-21T06:01:01.052843+00:00,2188,-6.233655599999991,106.75488135,complex_corridor,FRC2,30,30,32,32,1.0,False,-6.233742064909034,106.75495503627582,12.600808704103487,True,
2026-08-21T06:01:01.346749+00:00,2298,-6.288583799999989,106.77784095,complex_corridor,FRC1,32,41,437,341,1.0,False,-6.288634823320289,106.77780477487897,6.94084144102375,True,
2026-08-21T06:01:01.641851+00:00,2322,-6.2884621,106.7781152,complex_corridor,FRC1,26,26,53,53,1.0,False,-6.288455113550981,106.77822722279888,12.405765015820144,True,
2026-08-21T06:01:01.946250+00:00,2459,-6.23996075,106.79819865,complex_corridor,FRC3,18,27,631,420,1.0,False,-6.239927209643448,106.79835988366938,18.208192291717626,True,
2026-08-21T06:01:02.247018+00:00,2660,-6.288887410002579,106.77817204999796,complex_corridor,FRC1,11,15,40,29,1.0,False,-6.289080056713849,106.77821112954479,21.852459789678804,True,
2026-08-21T06:01:02.533692+00:00,2731,-6.240104349999994,106.79819525,complex_corridor,FRC1,17,22,353,272,1.0,False,-6.254711568502923,106.79717434728451,1628.1638385691926,False,
2026-08-21T06:01:02.822712+00:00,2979,-6.239918790000258,106.79844824999957,complex_corridor,FRC2,15,15,2,2,1.0,False,-6.239928542802509,106.79846583092547,2.2254395550977346,True,
2026-08-21T06:01:03.113909+00:00,3134,-6.2892448600025785,106.77855074999796,complex_corridor,FRC1,17,21,15,12,1.0,False,-6.289262432333267,106.778499467014,5.995427904385316,True,
2026-08-21T06:01:03.406965+00:00,3164,-6.239840140000258,106.79869149999956,complex_corridor,FRC2,19,24,183,145,1.0,False,-6.23981997364873,106.79856239045006,14.446370748590217,True,
2026-08-21T06:01:03.696790+00:00,3940,-6.242815700000143,106.84290446666662,complex_corridor,FRC2,21,21,19,19,1.0,False,-6.242610768682978,106.84288187111798,22.923789898286447,True,
2026-08-21T06:01:03.989611+00:00,3995,-6.2428431,106.8426503,complex_corridor,FRC2,25,30,11,9,0.93,False,-6.24270333943449,106.84230519617961,41.19038604817657,True,
2026-08-21T06:01:04.280794+00:00,4135,-6.242451300001405,106.84346441666648,complex_corridor,FRC3,27,27,15,15,1.0,False,-6.24264159782794,106.84303341592732,52.128779444682614,True,
2026-08-21T06:01:04.570015+00:00,4174,-6.242622250001264,106.84418269999986,complex_corridor,FRC3,21,21,14,14,1.0,False,-6.242365385288672,106.84405667866673,31.777844988721665,True,
2026-08-21T06:01:04.863004+00:00,4307,-6.237238257899974,106.8272395210502,complex_corridor,FRC2,21,21,6,6,1.0,False,-6.237236971031365,106.82743234718856,21.314848279038795,True,
2026-08-21T06:01:05.157913+00:00,4312,-6.237042057899963,106.8269344210502,complex_corridor,FRC2,23,23,6,6,1.0,False,-6.237208807900389,106.82690797532604,18.770772040768108,True,
2026-08-21T06:01:05.444210+00:00,4383,-6.255330045001537,106.84307333999776,complex_corridor,FRC4,25,25,7,7,1.0,False,-6.255170245392188,106.84296367849294,21.509477825194235,True,
2026-08-21T06:01:05.729630+00:00,4421,-6.237577607899957,106.82686737105018,complex_corridor,FRC3,19,19,25,25,1.0,False,-6.237416698431964,106.82692406858013,18.95817050701808,True,
2026-08-21T06:01:06.016252+00:00,5234,-6.255677025000373,106.8431710999986,complex_corridor,FRC4,23,23,6,6,1.0,False,-6.25559934329838,106.84329627241084,16.310649749926508,True,
2026-08-21T06:01:06.312300+00:00,5259,-6.255508725000373,106.84360214999862,complex_corridor,FRC4,22,29,391,297,0.986158,False,-6.255457199448482,106.84295563186589,71.6908067558573,True,
2026-08-21T06:01:06.599207+00:00,5296,-6.242909649999996,106.84406470000002,complex_corridor,FRC2,35,35,40,40,1.0,False,-6.24287098327402,106.84404058541264,5.0587612651154314,True,
2026-08-21T06:15:52.952875+00:00,703,-6.235444892859697,106.75583232857385,complex_corridor,FRC2,28,28,6,6,1.0,False,-6.235637002833079,106.75573958241279,23.694334982762854,True,
2026-08-21T06:15:53.248587+00:00,821,-6.288795825000754,106.77763638750048,complex_corridor,FRC1,31,31,35,35,1.0,False,-6.288676397337788,106.77774978959411,18.260596237349766,True,
2026-08-21T06:15:53.549165+00:00,1336,-6.235382350000007,106.7560557,complex_corridor,FRC2,27,27,9,9,1.0,False,-6.235851643158244,106.75634307944131,61.09133400248038,True,
2026-08-21T06:15:53.838561+00:00,2187,-6.234661449999994,106.7555585,complex_corridor,FRC2,28,39,26,18,0.98,False,-6.235295044618109,106.75596622907466,83.63486690954973,True,
2026-08-21T06:15:54.141610+00:00,2188,-6.233655599999991,106.75488135,complex_corridor,FRC2,30,30,32,32,1.0,False,-6.233742064909034,106.75495503627582,12.600808704103487,True,
2026-08-21T06:15:54.432907+00:00,2298,-6.288583799999989,106.77784095,complex_corridor,FRC1,30,40,466,350,1.0,False,-6.288634823320289,106.77780477487897,6.94084144102375,True,
2026-08-21T06:15:54.721100+00:00,2322,-6.2884621,106.7781152,complex_corridor,FRC1,20,26,70,53,1.0,False,-6.288455113550981,106.77822722279888,12.405765015820144,True,
2026-08-21T06:15:55.006295+00:00,2459,-6.23996075,106.79819865,complex_corridor,FRC3,14,27,811,420,1.0,False,-6.239927209643448,106.79835988366938,18.208192291717626,True,
2026-08-21T06:15:55.301361+00:00,2660,-6.288887410002579,106.77817204999796,complex_corridor,FRC1,11,15,40,29,1.0,False,-6.289080056713849,106.77821112954479,21.852459789678804,True,
2026-08-21T06:15:55.603609+00:00,2731,-6.240104349999994,106.79819525,complex_corridor,FRC1,13,20,461,300,1.0,False,-6.254711568502923,106.79717434728451,1628.1638385691926,False,
2026-08-21T06:15:55.893065+00:00,2979,-6.239918790000258,106.79844824999957,complex_corridor,FRC2,15,15,2,2,1.0,False,-6.239928542802509,106.79846583092547,2.2254395550977346,True,
2026-08-21T06:15:56.197241+00:00,3134,-6.2892448600025785,106.77855074999796,complex_corridor,FRC1,11,21,23,12,1.0,False,-6.289262432333267,106.778499467014,5.995427904385316,True,
2026-08-21T06:15:56.484192+00:00,3164,-6.239840140000258,106.79869149999956,complex_corridor,FRC2,24,24,145,145,1.0,False,-6.23981997364873,106.79856239045006,14.446370748590217,True,
2026-08-21T06:15:56.786832+00:00,3940,-6.242815700000143,106.84290446666662,complex_corridor,FRC2,21,21,19,19,1.0,False,-6.242610768682978,106.84288187111798,22.923789898286447,True,
2026-08-21T06:15:57.072082+00:00,3995,-6.2428431,106.8426503,complex_corridor,FRC2,32,32,8,8,1.0,False,-6.24270333943449,106.84230519617961,41.19038604817657,True,
2026-08-21T06:15:57.360044+00:00,4135,-6.242451300001405,106.84346441666648,complex_corridor,FRC3,27,27,15,15,1.0,False,-6.24264159782794,106.84303341592732,52.128779444682614,True,
2026-08-21T06:15:57.647658+00:00,4174,-6.242622250001264,106.84418269999986,complex_corridor,FRC3,21,21,14,14,1.0,False,-6.242365385288672,106.84405667866673,31.777844988721665,True,
2026-08-21T06:15:57.944120+00:00,4307,-6.237238257899974,106.8272395210502,complex_corridor,FRC2,7,20,18,6,1.0,False,-6.237236971031365,106.82743234718856,21.314848279038795,True,
2026-08-21T06:15:58.231623+00:00,4312,-6.237042057899963,106.8269344210502,complex_corridor,FRC2,23,23,6,6,1.0,False,-6.237208807900389,106.82690797532604,18.770772040768108,True,
2026-08-21T06:15:58.522399+00:00,4383,-6.255330045001537,106.84307333999776,complex_corridor,FRC4,25,25,7,7,1.0,False,-6.255170245392188,106.84296367849294,21.509477825194235,True,
2026-08-21T06:15:58.837540+00:00,4421,-6.237577607899957,106.82686737105018,complex_corridor,FRC3,19,19,25,25,1.0,False,-6.237416698431964,106.82692406858013,18.95817050701808,True,
2026-08-21T06:15:59.124399+00:00,5234,-6.255677025000373,106.8431710999986,complex_corridor,FRC4,23,23,6,6,1.0,False,-6.25559934329838,106.84329627241084,16.310649749926508,True,
2026-08-21T06:15:59.425457+00:00,5259,-6.255508725000373,106.84360214999862,complex_corridor,FRC4,23,29,374,297,1.0,False,-6.255457199448482,106.84295563186589,71.6908067558573,True,
2026-08-21T06:15:59.710657+00:00,5296,-6.242909649999996,106.84406470000002,complex_corridor,FRC2,35,35,40,40,1.0,False,-6.24287098327402,106.84404058541264,5.0587612651154314,True,
2026-08-21T06:30:56.092351+00:00,703,-6.235444892859697,106.75583232857385,complex_corridor,FRC2,28,28,6,6,1.0,False,-6.235637002833079,106.75573958241279,23.694334982762854,True,
2026-08-21T06:30:56.360904+00:00,821,-6.288795825000754,106.77763638750048,complex_corridor,FRC1,31,31,35,35,1.0,False,-6.288676397337788,106.77774978959411,18.260596237349766,True,
2026-08-21T06:30:56.630764+00:00,1336,-6.235382350000007,106.7560557,complex_corridor,FRC2,27,27,9,9,1.0,False,-6.235851643158244,106.75634307944131,61.09133400248038,True,
2026-08-21T06:30:56.900283+00:00,2187,-6.234661449999994,106.7555585,complex_corridor,FRC2,39,39,18,18,1.0,False,-6.235295044618109,106.75596622907466,83.63486690954973,True,
2026-08-21T06:30:57.168955+00:00,2188,-6.233655599999991,106.75488135,complex_corridor,FRC2,30,30,32,32,1.0,False,-6.233742064909034,106.75495503627582,12.600808704103487,True,
2026-08-21T06:30:57.434685+00:00,2298,-6.288583799999989,106.77784095,complex_corridor,FRC1,29,41,482,341,1.0,False,-6.288634823320289,106.77780477487897,6.94084144102375,True,
2026-08-21T06:30:57.701260+00:00,2322,-6.2884621,106.7781152,complex_corridor,FRC1,26,26,53,53,1.0,False,-6.288455113550981,106.77822722279888,12.405765015820144,True,
2026-08-21T06:30:57.971936+00:00,2459,-6.23996075,106.79819865,complex_corridor,FRC3,15,27,757,420,1.0,False,-6.239927209643448,106.79835988366938,18.208192291717626,True,
2026-08-21T06:30:58.238866+00:00,2660,-6.288887410002579,106.77817204999796,complex_corridor,FRC1,7,14,63,31,1.0,False,-6.289080056713849,106.77821112954479,21.852459789678804,True,
2026-08-21T06:30:58.501810+00:00,2731,-6.240104349999994,106.79819525,complex_corridor,FRC1,12,20,500,300,1.0,False,-6.254711568502923,106.79717434728451,1628.1638385691926,False,
2026-08-21T06:30:58.776090+00:00,2979,-6.239918790000258,106.79844824999957,complex_corridor,FRC2,8,13,5,3,1.0,False,-6.239928542802509,106.79846583092547,2.2254395550977346,True,
2026-08-21T06:30:59.040900+00:00,3134,-6.2892448600025785,106.77855074999796,complex_corridor,FRC1,13,21,20,12,1.0,False,-6.289262432333267,106.778499467014,5.995427904385316,True,
2026-08-21T06:30:59.305775+00:00,3164,-6.239840140000258,106.79869149999956,complex_corridor,FRC2,19,25,183,139,1.0,False,-6.23981997364873,106.79856239045006,14.446370748590217,True,
2026-08-21T06:30:59.575562+00:00,3940,-6.242815700000143,106.84290446666662,complex_corridor,FRC2,21,21,19,19,1.0,False,-6.242610768682978,106.84288187111798,22.923789898286447,True,
2026-08-21T06:30:59.848097+00:00,3995,-6.2428431,106.8426503,complex_corridor,FRC2,25,30,11,9,0.98,False,-6.24270333943449,106.84230519617961,41.19038604817657,True,
2026-08-21T06:31:00.113854+00:00,4135,-6.242451300001405,106.84346441666648,complex_corridor,FRC3,27,27,15,15,1.0,False,-6.24264159782794,106.84303341592732,52.128779444682614,True,
2026-08-21T06:31:00.398806+00:00,4174,-6.242622250001264,106.84418269999986,complex_corridor,FRC3,21,21,14,14,1.0,False,-6.242365385288672,106.84405667866673,31.777844988721665,True,
2026-08-21T06:31:00.664527+00:00,4307,-6.237238257899974,106.8272395210502,complex_corridor,FRC2,17,21,7,6,1.0,False,-6.237236971031365,106.82743234718856,21.314848279038795,True,
2026-08-21T06:31:00.930376+00:00,4312,-6.237042057899963,106.8269344210502,complex_corridor,FRC2,23,23,6,6,1.0,False,-6.237208807900389,106.82690797532604,18.770772040768108,True,
2026-08-21T06:31:01.197785+00:00,4383,-6.255330045001537,106.84307333999776,complex_corridor,FRC4,25,25,7,7,1.0,False,-6.255170245392188,106.84296367849294,21.509477825194235,True,
2026-08-21T06:31:01.465852+00:00,4421,-6.237577607899957,106.82686737105018,complex_corridor,FRC3,11,18,44,27,0.99,False,-6.237416698431964,106.82692406858013,18.95817050701808,True,
2026-08-21T06:31:01.745112+00:00,5234,-6.255677025000373,106.8431710999986,complex_corridor,FRC4,18,23,7,6,0.99,False,-6.25559934329838,106.84329627241084,16.310649749926508,True,
2026-08-21T06:31:02.011413+00:00,5259,-6.255508725000373,106.84360214999862,complex_corridor,FRC4,22,27,391,319,1.0,False,-6.255457199448482,106.84295563186589,71.6908067558573,True,
2026-08-21T06:31:02.279778+00:00,5296,-6.242909649999996,106.84406470000002,complex_corridor,FRC2,35,35,40,40,1.0,False,-6.24287098327402,106.84404058541264,5.0587612651154314,True,
2026-08-21T06:45:48.519460+00:00,703,-6.235444892859697,106.75583232857385,complex_corridor,FRC2,28,28,6,6,1.0,False,-6.235637002833079,106.75573958241279,23.694334982762854,True,
2026-08-21T06:45:48.839394+00:00,821,-6.288795825000754,106.77763638750048,complex_corridor,FRC1,31,31,35,35,1.0,False,-6.288676397337788,106.77774978959411,18.260596237349766,True,
2026-08-21T06:45:49.159159+00:00,1336,-6.235382350000007,106.7560557,complex_corridor,FRC2,27,27,9,9,1.0,False,-6.235851643158244,106.75634307944131,61.09133400248038,True,
2026-08-21T06:45:49.475896+00:00,2187,-6.234661449999994,106.7555585,complex_corridor,FRC2,39,39,18,18,1.0,False,-6.235295044618109,106.75596622907466,83.63486690954973,True,
2026-08-21T06:45:49.793399+00:00,2188,-6.233655599999991,106.75488135,complex_corridor,FRC2,30,30,32,32,1.0,False,-6.233742064909034,106.75495503627582,12.600808704103487,True,
2026-08-21T06:45:50.119933+00:00,2298,-6.288583799999989,106.77784095,complex_corridor,FRC1,26,41,538,341,1.0,False,-6.288634823320289,106.77780477487897,6.94084144102375,True,
2026-08-21T06:45:50.447729+00:00,2322,-6.2884621,106.7781152,complex_corridor,FRC1,26,26,53,53,1.0,False,-6.288455113550981,106.77822722279888,12.405765015820144,True,
2026-08-21T06:45:50.766850+00:00,2459,-6.23996075,106.79819865,complex_corridor,FRC3,13,27,873,420,1.0,False,-6.239927209643448,106.79835988366938,18.208192291717626,True,
2026-08-21T06:45:51.080938+00:00,2660,-6.288887410002579,106.77817204999796,complex_corridor,FRC1,13,16,34,27,1.0,False,-6.289080056713849,106.77821112954479,21.852459789678804,True,
2026-08-21T06:45:51.410777+00:00,2731,-6.240104349999994,106.79819525,complex_corridor,FRC1,14,20,428,300,1.0,False,-6.254711568502923,106.79717434728451,1628.1638385691926,False,
2026-08-21T06:45:51.738784+00:00,2979,-6.239918790000258,106.79844824999957,complex_corridor,FRC2,9,13,4,3,1.0,False,-6.239928542802509,106.79846583092547,2.2254395550977346,True,
2026-08-21T06:45:52.056917+00:00,3134,-6.2892448600025785,106.77855074999796,complex_corridor,FRC1,9,22,28,11,1.0,False,-6.289262432333267,106.778499467014,5.995427904385316,True,
2026-08-21T06:45:52.370638+00:00,3164,-6.239840140000258,106.79869149999956,complex_corridor,FRC2,24,24,145,145,1.0,False,-6.23981997364873,106.79856239045006,14.446370748590217,True,
2026-08-21T06:45:52.690526+00:00,3940,-6.242815700000143,106.84290446666662,complex_corridor,FRC2,21,21,19,19,1.0,False,-6.242610768682978,106.84288187111798,22.923789898286447,True,
2026-08-21T06:45:53.009287+00:00,3995,-6.2428431,106.8426503,complex_corridor,FRC2,32,32,8,8,1.0,False,-6.24270333943449,106.84230519617961,41.19038604817657,True,
2026-08-21T06:45:53.329320+00:00,4135,-6.242451300001405,106.84346441666648,complex_corridor,FRC3,27,27,15,15,1.0,False,-6.24264159782794,106.84303341592732,52.128779444682614,True,
2026-08-21T06:45:53.645186+00:00,4174,-6.242622250001264,106.84418269999986,complex_corridor,FRC3,21,21,14,14,1.0,False,-6.242365385288672,106.84405667866673,31.777844988721665,True,
2026-08-21T06:45:53.964096+00:00,4307,-6.237238257899974,106.8272395210502,complex_corridor,FRC2,21,21,6,6,1.0,False,-6.237236971031365,106.82743234718856,21.314848279038795,True,
2026-08-21T06:45:54.279780+00:00,4312,-6.237042057899963,106.8269344210502,complex_corridor,FRC2,17,22,8,6,1.0,False,-6.237208807900389,106.82690797532604,18.770772040768108,True,
2026-08-21T06:45:54.597192+00:00,4383,-6.255330045001537,106.84307333999776,complex_corridor,FRC4,25,25,7,7,1.0,False,-6.255170245392188,106.84296367849294,21.509477825194235,True,
2026-08-21T06:45:54.913852+00:00,4421,-6.237577607899957,106.82686737105018,complex_corridor,FRC3,8,18,61,27,1.0,False,-6.237416698431964,106.82692406858013,18.95817050701808,True,
2026-08-21T06:45:55.234153+00:00,5234,-6.255677025000373,106.8431710999986,complex_corridor,FRC4,17,23,8,6,0.99,False,-6.25559934329838,106.84329627241084,16.310649749926508,True,
2026-08-21T06:45:55.551206+00:00,5259,-6.255508725000373,106.84360214999862,complex_corridor,FRC4,24,29,359,297,0.993079,False,-6.255457199448482,106.84295563186589,71.6908067558573,True,
2026-08-21T06:45:55.868525+00:00,5296,-6.242909649999996,106.84406470000002,complex_corridor,FRC2,20,35,71,40,1.0,False,-6.24287098327402,106.84404058541264,5.0587612651154314,True,
2026-08-21T07:01:02.915246+00:00,703,-6.235444892859697,106.75583232857385,complex_corridor,FRC2,28,28,6,6,1.0,False,-6.235637002833079,106.75573958241279,23.694334982762854,True,
2026-08-21T07:01:03.207984+00:00,821,-6.288795825000754,106.77763638750048,complex_corridor,FRC1,31,31,35,35,1.0,False,-6.288676397337788,106.77774978959411,18.260596237349766,True,
2026-08-21T07:01:03.503873+00:00,1336,-6.235382350000007,106.7560557,complex_corridor,FRC2,27,27,9,9,1.0,False,-6.235851643158244,106.75634307944131,61.09133400248038,True,
2026-08-21T07:01:03.795830+00:00,2187,-6.234661449999994,106.7555585,complex_corridor,FRC2,39,39,18,18,1.0,False,-6.235295044618109,106.75596622907466,83.63486690954973,True,
2026-08-21T07:01:04.085868+00:00,2188,-6.233655599999991,106.75488135,complex_corridor,FRC2,30,30,32,32,1.0,False,-6.233742064909034,106.75495503627582,12.600808704103487,True,
2026-08-21T07:01:04.374168+00:00,2298,-6.288583799999989,106.77784095,complex_corridor,FRC1,28,41,500,341,1.0,False,-6.288634823320289,106.77780477487897,6.94084144102375,True,
2026-08-21T07:01:04.665353+00:00,2322,-6.2884621,106.7781152,complex_corridor,FRC1,26,26,53,53,1.0,False,-6.288455113550981,106.77822722279888,12.405765015820144,True,
2026-08-21T07:01:04.951756+00:00,2459,-6.23996075,106.79819865,complex_corridor,FRC3,15,28,757,405,1.0,False,-6.239927209643448,106.79835988366938,18.208192291717626,True,
2026-08-21T07:01:05.241619+00:00,2660,-6.288887410002579,106.77817204999796,complex_corridor,FRC1,8,15,55,29,1.0,False,-6.289080056713849,106.77821112954479,21.852459789678804,True,
2026-08-21T07:01:05.531270+00:00,2731,-6.240104349999994,106.79819525,complex_corridor,FRC1,13,20,461,300,1.0,False,-6.254711568502923,106.79717434728451,1628.1638385691926,False,
2026-08-21T07:01:05.820130+00:00,2979,-6.239918790000258,106.79844824999957,complex_corridor,FRC2,15,15,2,2,1.0,False,-6.239928542802509,106.79846583092547,2.2254395550977346,True,
2026-08-21T07:01:06.112191+00:00,3134,-6.2892448600025785,106.77855074999796,complex_corridor,FRC1,10,22,26,11,1.0,False,-6.289262432333267,106.778499467014,5.995427904385316,True,
2026-08-21T07:01:06.410014+00:00,3164,-6.239840140000258,106.79869149999956,complex_corridor,FRC2,24,24,145,145,1.0,False,-6.23981997364873,106.79856239045006,14.446370748590217,True,
2026-08-21T07:01:06.703078+00:00,3940,-6.242815700000143,106.84290446666662,complex_corridor,FRC2,21,21,19,19,1.0,False,-6.242610768682978,106.84288187111798,22.923789898286447,True,
2026-08-21T07:01:06.998356+00:00,3995,-6.2428431,106.8426503,complex_corridor,FRC2,32,32,8,8,1.0,False,-6.24270333943449,106.84230519617961,41.19038604817657,True,
2026-08-21T07:01:07.285713+00:00,4135,-6.242451300001405,106.84346441666648,complex_corridor,FRC3,27,27,15,15,1.0,False,-6.24264159782794,106.84303341592732,52.128779444682614,True,
2026-08-21T07:01:07.572851+00:00,4174,-6.242622250001264,106.84418269999986,complex_corridor,FRC3,21,21,14,14,1.0,False,-6.242365385288672,106.84405667866673,31.777844988721665,True,
2026-08-21T07:01:07.863247+00:00,4307,-6.237238257899974,106.8272395210502,complex_corridor,FRC2,21,21,6,6,1.0,False,-6.237236971031365,106.82743234718856,21.314848279038795,True,
2026-08-21T07:01:08.152701+00:00,4312,-6.237042057899963,106.8269344210502,complex_corridor,FRC2,23,23,6,6,1.0,False,-6.237208807900389,106.82690797532604,18.770772040768108,True,
2026-08-21T07:01:08.441288+00:00,4383,-6.255330045001537,106.84307333999776,complex_corridor,FRC4,25,25,7,7,1.0,False,-6.255170245392188,106.84296367849294,21.509477825194235,True,
2026-08-21T07:01:08.736394+00:00,4421,-6.237577607899957,106.82686737105018,complex_corridor,FRC3,14,18,35,27,0.99,False,-6.237416698431964,106.82692406858013,18.95817050701808,True,
2026-08-21T07:01:09.034874+00:00,5234,-6.255677025000373,106.8431710999986,complex_corridor,FRC4,23,23,6,6,1.0,False,-6.25559934329838,106.84329627241084,16.310649749926508,True,
2026-08-21T07:01:09.336321+00:00,5259,-6.255508725000373,106.84360214999862,complex_corridor,FRC4,26,28,331,307,0.991258,False,-6.255457199448482,106.84295563186589,71.6908067558573,True,
2026-08-21T07:01:09.624732+00:00,5296,-6.242909649999996,106.84406470000002,complex_corridor,FRC2,22,34,64,41,1.0,False,-6.24287098327402,106.84404058541264,5.0587612651154314,True,
2026-08-21T07:15:45.038394+00:00,703,-6.235444892859697,106.75583232857385,complex_corridor,FRC2,28,28,6,6,1.0,False,-6.235637002833079,106.75573958241279,23.694334982762854,True,
2026-08-21T07:15:45.319477+00:00,821,-6.288795825000754,106.77763638750048,complex_corridor,FRC1,31,31,35,35,1.0,False,-6.288676397337788,106.77774978959411,18.260596237349766,True,
2026-08-21T07:15:45.603915+00:00,1336,-6.235382350000007,106.7560557,complex_corridor,FRC2,27,27,9,9,1.0,False,-6.235851643158244,106.75634307944131,61.09133400248038,True,
2026-08-21T07:15:45.889833+00:00,2187,-6.234661449999994,106.7555585,complex_corridor,FRC2,39,39,18,18,1.0,False,-6.235295044618109,106.75596622907466,83.63486690954973,True,
2026-08-21T07:15:46.170596+00:00,2188,-6.233655599999991,106.75488135,complex_corridor,FRC2,30,30,32,32,1.0,False,-6.233742064909034,106.75495503627582,12.600808704103487,True,
2026-08-21T07:15:46.452693+00:00,2298,-6.288583799999989,106.77784095,complex_corridor,FRC1,24,40,583,350,1.0,False,-6.288634823320289,106.77780477487897,6.94084144102375,True,
2026-08-21T07:15:46.733423+00:00,2322,-6.2884621,106.7781152,complex_corridor,FRC1,26,26,53,53,1.0,False,-6.288455113550981,106.77822722279888,12.405765015820144,True,
2026-08-21T07:15:47.018053+00:00,2459,-6.23996075,106.79819865,complex_corridor,FRC3,14,27,811,420,1.0,False,-6.239927209643448,106.79835988366938,18.208192291717626,True,
2026-08-21T07:15:47.305748+00:00,2660,-6.288887410002579,106.77817204999796,complex_corridor,FRC1,17,19,26,23,0.995326,False,-6.289080056713849,106.77821112954479,21.852459789678804,True,
2026-08-21T07:15:47.591886+00:00,2731,-6.240104349999994,106.79819525,complex_corridor,FRC1,16,19,375,315,1.0,False,-6.254711568502923,106.79717434728451,1628.1638385691926,False,
2026-08-21T07:15:47.874648+00:00,2979,-6.239918790000258,106.79844824999957,complex_corridor,FRC2,15,15,2,2,1.0,False,-6.239928542802509,106.79846583092547,2.2254395550977346,True,
2026-08-21T07:15:48.159594+00:00,3134,-6.2892448600025785,106.77855074999796,complex_corridor,FRC1,14,22,18,11,1.0,False,-6.289262432333267,106.778499467014,5.995427904385316,True,
2026-08-21T07:15:48.459470+00:00,3164,-6.239840140000258,106.79869149999956,complex_corridor,FRC2,24,24,145,145,1.0,False,-6.23981997364873,106.79856239045006,14.446370748590217,True,
2026-08-21T07:15:48.744503+00:00,3940,-6.242815700000143,106.84290446666662,complex_corridor,FRC2,16,21,25,19,1.0,False,-6.242610768682978,106.84288187111798,22.923789898286447,True,
2026-08-21T07:15:49.027234+00:00,3995,-6.2428431,106.8426503,complex_corridor,FRC2,32,32,8,8,1.0,False,-6.24270333943449,106.84230519617961,41.19038604817657,True,
2026-08-21T07:15:49.310995+00:00,4135,-6.242451300001405,106.84346441666648,complex_corridor,FRC3,27,27,15,15,1.0,False,-6.24264159782794,106.84303341592732,52.128779444682614,True,
2026-08-21T07:15:49.586653+00:00,4174,-6.242622250001264,106.84418269999986,complex_corridor,FRC3,21,21,14,14,1.0,False,-6.242365385288672,106.84405667866673,31.777844988721665,True,
2026-08-21T07:15:49.875797+00:00,4307,-6.237238257899974,106.8272395210502,complex_corridor,FRC2,17,21,7,6,1.0,False,-6.237236971031365,106.82743234718856,21.314848279038795,True,
2026-08-21T07:15:50.156524+00:00,4312,-6.237042057899963,106.8269344210502,complex_corridor,FRC2,23,23,6,6,1.0,False,-6.237208807900389,106.82690797532604,18.770772040768108,True,
2026-08-21T07:15:50.439120+00:00,4383,-6.255330045001537,106.84307333999776,complex_corridor,FRC4,25,25,7,7,1.0,False,-6.255170245392188,106.84296367849294,21.509477825194235,True,
2026-08-21T07:15:50.720172+00:00,4421,-6.237577607899957,106.82686737105018,complex_corridor,FRC3,12,19,41,25,0.94,False,-6.237416698431964,106.82692406858013,18.95817050701808,True,
2026-08-21T07:15:51.021949+00:00,5234,-6.255677025000373,106.8431710999986,complex_corridor,FRC4,18,22,7,6,0.97,False,-6.25559934329838,106.84329627241084,16.310649749926508,True,
2026-08-21T07:15:51.308485+00:00,5259,-6.255508725000373,106.84360214999862,complex_corridor,FRC4,22,29,391,297,0.993079,False,-6.255457199448482,106.84295563186589,71.6908067558573,True,
2026-08-21T07:15:51.590212+00:00,5296,-6.242909649999996,106.84406470000002,complex_corridor,FRC2,25,35,56,40,1.0,False,-6.24287098327402,106.84404058541264,5.0587612651154314,True,
2026-08-21T07:30:55.065191+00:00,703,-6.235444892859697,106.75583232857385,complex_corridor,FRC2,28,28,6,6,1.0,False,-6.235637002833079,106.75573958241279,23.694334982762854,True,
2026-08-21T07:30:55.358150+00:00,821,-6.288795825000754,106.77763638750048,complex_corridor,FRC1,31,31,35,35,1.0,False,-6.288676397337788,106.77774978959411,18.260596237349766,True,
2026-08-21T07:30:55.634290+00:00,1336,-6.235382350000007,106.7560557,complex_corridor,FRC2,27,27,9,9,1.0,False,-6.235851643158244,106.75634307944131,61.09133400248038,True,
2026-08-21T07:30:55.908904+00:00,2187,-6.234661449999994,106.7555585,complex_corridor,FRC2,39,39,18,18,1.0,False,-6.235295044618109,106.75596622907466,83.63486690954973,True,
2026-08-21T07:30:56.181579+00:00,2188,-6.233655599999991,106.75488135,complex_corridor,FRC2,30,30,32,32,1.0,False,-6.233742064909034,106.75495503627582,12.600808704103487,True,
2026-08-21T07:30:56.454879+00:00,2298,-6.288583799999989,106.77784095,complex_corridor,FRC1,26,41,538,341,1.0,False,-6.288634823320289,106.77780477487897,6.94084144102375,True,
2026-08-21T07:30:56.724711+00:00,2322,-6.2884621,106.7781152,complex_corridor,FRC1,16,26,87,53,1.0,False,-6.288455113550981,106.77822722279888,12.405765015820144,True,
2026-08-21T07:30:56.999919+00:00,2459,-6.23996075,106.79819865,complex_corridor,FRC3,15,27,757,420,1.0,False,-6.239927209643448,106.79835988366938,18.208192291717626,True,
2026-08-21T07:30:57.272584+00:00,2660,-6.288887410002579,106.77817204999796,complex_corridor,FRC1,12,15,37,29,1.0,False,-6.289080056713849,106.77821112954479,21.852459789678804,True,
2026-08-21T07:30:57.540443+00:00,2731,-6.240104349999994,106.79819525,complex_corridor,FRC1,14,21,428,285,1.0,False,-6.254711568502923,106.79717434728451,1628.1638385691926,False,
2026-08-21T07:30:57.812790+00:00,2979,-6.239918790000258,106.79844824999957,complex_corridor,FRC2,15,15,2,2,1.0,False,-6.239928542802509,106.79846583092547,2.2254395550977346,True,
2026-08-21T07:30:58.085151+00:00,3134,-6.2892448600025785,106.77855074999796,complex_corridor,FRC1,22,22,11,11,1.0,False,-6.289262432333267,106.778499467014,5.995427904385316,True,
2026-08-21T07:30:58.358633+00:00,3164,-6.239840140000258,106.79869149999956,complex_corridor,FRC2,24,24,145,145,1.0,False,-6.23981997364873,106.79856239045006,14.446370748590217,True,
2026-08-21T07:30:58.629196+00:00,3940,-6.242815700000143,106.84290446666662,complex_corridor,FRC2,21,21,19,19,1.0,False,-6.242610768682978,106.84288187111798,22.923789898286447,True,
2026-08-21T07:30:58.899837+00:00,3995,-6.2428431,106.8426503,complex_corridor,FRC2,32,32,8,8,1.0,False,-6.24270333943449,106.84230519617961,41.19038604817657,True,
2026-08-21T07:30:59.166893+00:00,4135,-6.242451300001405,106.84346441666648,complex_corridor,FRC3,27,27,15,15,1.0,False,-6.24264159782794,106.84303341592732,52.128779444682614,True,
2026-08-21T07:30:59.437160+00:00,4174,-6.242622250001264,106.84418269999986,complex_corridor,FRC3,21,21,14,14,1.0,False,-6.242365385288672,106.84405667866673,31.777844988721665,True,
2026-08-21T07:30:59.709359+00:00,4307,-6.237238257899974,106.8272395210502,complex_corridor,FRC2,17,21,7,6,1.0,False,-6.237236971031365,106.82743234718856,21.314848279038795,True,
2026-08-21T07:30:59.990079+00:00,4312,-6.237042057899963,106.8269344210502,complex_corridor,FRC2,23,23,6,6,1.0,False,-6.237208807900389,106.82690797532604,18.770772040768108,True,
2026-08-21T07:31:00.261704+00:00,4383,-6.255330045001537,106.84307333999776,complex_corridor,FRC4,25,25,7,7,1.0,False,-6.255170245392188,106.84296367849294,21.509477825194235,True,
2026-08-21T07:31:00.541026+00:00,4421,-6.237577607899957,106.82686737105018,complex_corridor,FRC3,9,20,54,24,0.91,False,-6.237416698431964,106.82692406858013,18.95817050701808,True,
2026-08-21T07:31:00.812246+00:00,5234,-6.255677025000373,106.8431710999986,complex_corridor,FRC4,23,23,6,6,1.0,False,-6.25559934329838,106.84329627241084,16.310649749926508,True,
2026-08-21T07:31:01.085010+00:00,5259,-6.255508725000373,106.84360214999862,complex_corridor,FRC4,24,28,359,307,0.991918,False,-6.255457199448482,106.84295563186589,71.6908067558573,True,
2026-08-21T07:31:01.357346+00:00,5296,-6.242909649999996,106.84406470000002,complex_corridor,FRC2,18,34,79,41,1.0,False,-6.24287098327402,106.84404058541264,5.0587612651154314,True,
2026-08-21T07:45:46.821656+00:00,703,-6.235444892859697,106.75583232857385,complex_corridor,FRC2,28,28,6,6,1.0,False,-6.235637002833079,106.75573958241279,23.694334982762854,True,
2026-08-21T07:45:47.124267+00:00,821,-6.288795825000754,106.77763638750048,complex_corridor,FRC1,22,30,49,36,1.0,False,-6.288676397337788,106.77774978959411,18.260596237349766,True,
2026-08-21T07:45:47.424243+00:00,1336,-6.235382350000007,106.7560557,complex_corridor,FRC2,27,27,9,9,1.0,False,-6.235851643158244,106.75634307944131,61.09133400248038,True,
2026-08-21T07:45:47.727726+00:00,2187,-6.234661449999994,106.7555585,complex_corridor,FRC2,39,39,18,18,1.0,False,-6.235295044618109,106.75596622907466,83.63486690954973,True,
2026-08-21T07:45:48.031639+00:00,2188,-6.233655599999991,106.75488135,complex_corridor,FRC2,30,30,32,32,1.0,False,-6.233742064909034,106.75495503627582,12.600808704103487,True,
2026-08-21T07:45:48.349286+00:00,2298,-6.288583799999989,106.77784095,complex_corridor,FRC1,25,41,560,341,1.0,False,-6.288634823320289,106.77780477487897,6.94084144102375,True,
2026-08-21T07:45:48.650501+00:00,2322,-6.2884621,106.7781152,complex_corridor,FRC1,20,26,70,53,1.0,False,-6.288455113550981,106.77822722279888,12.405765015820144,True,
2026-08-21T07:45:48.953575+00:00,2459,-6.23996075,106.79819865,complex_corridor,FRC3,15,27,757,420,1.0,False,-6.239927209643448,106.79835988366938,18.208192291717626,True,
2026-08-21T07:45:49.259664+00:00,2660,-6.288887410002579,106.77817204999796,complex_corridor,FRC1,15,15,29,29,1.0,False,-6.289080056713849,106.77821112954479,21.852459789678804,True,
2026-08-21T07:45:49.582145+00:00,2731,-6.240104349999994,106.79819525,complex_corridor,FRC1,12,19,500,315,1.0,False,-6.254711568502923,106.79717434728451,1628.1638385691926,False,
2026-08-21T07:45:49.887679+00:00,2979,-6.239918790000258,106.79844824999957,complex_corridor,FRC2,15,15,2,2,1.0,False,-6.239928542802509,106.79846583092547,2.2254395550977346,True,
2026-08-21T07:45:50.188903+00:00,3134,-6.2892448600025785,106.77855074999796,complex_corridor,FRC1,10,22,26,11,1.0,False,-6.289262432333267,106.778499467014,5.995427904385316,True,
2026-08-21T07:45:50.489830+00:00,3164,-6.239840140000258,106.79869149999956,complex_corridor,FRC2,24,24,145,145,1.0,False,-6.23981997364873,106.79856239045006,14.446370748590217,True,
2026-08-21T07:45:50.790303+00:00,3940,-6.242815700000143,106.84290446666662,complex_corridor,FRC2,21,21,19,19,1.0,False,-6.242610768682978,106.84288187111798,22.923789898286447,True,
2026-08-21T07:45:51.121172+00:00,3995,-6.2428431,106.8426503,complex_corridor,FRC2,32,32,8,8,1.0,False,-6.24270333943449,106.84230519617961,41.19038604817657,True,
2026-08-21T07:45:51.422596+00:00,4135,-6.242451300001405,106.84346441666648,complex_corridor,FRC3,27,27,15,15,1.0,False,-6.24264159782794,106.84303341592732,52.128779444682614,True,
2026-08-21T07:45:51.722512+00:00,4174,-6.242622250001264,106.84418269999986,complex_corridor,FRC3,17,21,17,14,0.99,False,-6.242365385288672,106.84405667866673,31.777844988721665,True,
2026-08-21T07:45:52.026536+00:00,4307,-6.237238257899974,106.8272395210502,complex_corridor,FRC2,16,20,8,6,1.0,False,-6.237236971031365,106.82743234718856,21.314848279038795,True,
2026-08-21T07:45:52.328013+00:00,4312,-6.237042057899963,106.8269344210502,complex_corridor,FRC2,23,23,6,6,1.0,False,-6.237208807900389,106.82690797532604,18.770772040768108,True,
2026-08-21T07:45:52.629028+00:00,4383,-6.255330045001537,106.84307333999776,complex_corridor,FRC4,25,25,7,7,1.0,False,-6.255170245392188,106.84296367849294,21.509477825194235,True,
2026-08-21T07:45:52.935456+00:00,4421,-6.237577607899957,106.82686737105018,complex_corridor,FRC3,9,20,54,24,0.83,False,-6.237416698431964,106.82692406858013,18.95817050701808,True,
2026-08-21T07:45:53.236657+00:00,5234,-6.255677025000373,106.8431710999986,complex_corridor,FRC4,23,23,6,6,1.0,False,-6.25559934329838,106.84329627241084,16.310649749926508,True,
2026-08-21T07:45:53.538545+00:00,5259,-6.255508725000373,106.84360214999862,complex_corridor,FRC4,20,29,430,297,0.992193,False,-6.255457199448482,106.84295563186589,71.6908067558573,True,
2026-08-21T07:45:53.841353+00:00,5296,-6.242909649999996,106.84406470000002,complex_corridor,FRC2,21,35,67,40,1.0,False,-6.24287098327402,106.84404058541264,5.0587612651154314,True,
2026-08-21T08:00:57.372641+00:00,703,-6.235444892859697,106.75583232857385,complex_corridor,FRC2,28,28,6,6,1.0,False,-6.235637002833079,106.75573958241279,23.694334982762854,True,
2026-08-21T08:00:57.645311+00:00,821,-6.288795825000754,106.77763638750048,complex_corridor,FRC1,31,31,35,35,1.0,False,-6.288676397337788,106.77774978959411,18.260596237349766,True,
2026-08-21T08:00:57.913262+00:00,1336,-6.235382350000007,106.7560557,complex_corridor,FRC2,27,27,9,9,1.0,False,-6.235851643158244,106.75634307944131,61.09133400248038,True,
2026-08-21T08:00:58.189067+00:00,2187,-6.234661449999994,106.7555585,complex_corridor,FRC2,39,39,18,18,1.0,False,-6.235295044618109,106.75596622907466,83.63486690954973,True,
2026-08-21T08:00:58.466270+00:00,2188,-6.233655599999991,106.75488135,complex_corridor,FRC2,30,30,32,32,1.0,False,-6.233742064909034,106.75495503627582,12.600808704103487,True,
2026-08-21T08:00:58.732014+00:00,2298,-6.288583799999989,106.77784095,complex_corridor,FRC1,23,41,608,341,1.0,False,-6.288634823320289,106.77780477487897,6.94084144102375,True,
2026-08-21T08:00:59.007090+00:00,2322,-6.2884621,106.7781152,complex_corridor,FRC1,16,26,87,53,1.0,False,-6.288455113550981,106.77822722279888,12.405765015820144,True,
2026-08-21T08:00:59.280561+00:00,2459,-6.23996075,106.79819865,complex_corridor,FRC3,15,27,757,420,1.0,False,-6.239927209643448,106.79835988366938,18.208192291717626,True,
2026-08-21T08:00:59.555895+00:00,2660,-6.288887410002579,106.77817204999796,complex_corridor,FRC1,8,14,55,31,1.0,False,-6.289080056713849,106.77821112954479,21.852459789678804,True,
2026-08-21T08:00:59.827604+00:00,2731,-6.240104349999994,106.79819525,complex_corridor,FRC1,13,21,461,285,1.0,False,-6.254711568502923,106.79717434728451,1628.1638385691926,False,
2026-08-21T08:01:00.099826+00:00,2979,-6.239918790000258,106.79844824999957,complex_corridor,FRC2,15,15,2,2,1.0,False,-6.239928542802509,106.79846583092547,2.2254395550977346,True,
2026-08-21T08:01:00.388201+00:00,3134,-6.2892448600025785,106.77855074999796,complex_corridor,FRC1,9,23,28,11,1.0,False,-6.289262432333267,106.778499467014,5.995427904385316,True,
2026-08-21T08:01:00.660760+00:00,3164,-6.239840140000258,106.79869149999956,complex_corridor,FRC2,24,24,145,145,1.0,False,-6.23981997364873,106.79856239045006,14.446370748590217,True,
2026-08-21T08:01:00.929367+00:00,3940,-6.242815700000143,106.84290446666662,complex_corridor,FRC2,21,21,19,19,1.0,False,-6.242610768682978,106.84288187111798,22.923789898286447,True,
2026-08-21T08:01:01.195211+00:00,3995,-6.2428431,106.8426503,complex_corridor,FRC2,25,30,11,9,0.95,False,-6.24270333943449,106.84230519617961,41.19038604817657,True,
2026-08-21T08:01:01.467324+00:00,4135,-6.242451300001405,106.84346441666648,complex_corridor,FRC3,27,27,15,15,1.0,False,-6.24264159782794,106.84303341592732,52.128779444682614,True,
2026-08-21T08:01:01.732810+00:00,4174,-6.242622250001264,106.84418269999986,complex_corridor,FRC3,21,21,14,14,1.0,False,-6.242365385288672,106.84405667866673,31.777844988721665,True,
2026-08-21T08:01:02.002378+00:00,4307,-6.237238257899974,106.8272395210502,complex_corridor,FRC2,21,21,6,6,1.0,False,-6.237236971031365,106.82743234718856,21.314848279038795,True,
2026-08-21T08:01:02.270820+00:00,4312,-6.237042057899963,106.8269344210502,complex_corridor,FRC2,23,23,6,6,1.0,False,-6.237208807900389,106.82690797532604,18.770772040768108,True,
2026-08-21T08:01:02.538501+00:00,4383,-6.255330045001537,106.84307333999776,complex_corridor,FRC4,25,25,7,7,1.0,False,-6.255170245392188,106.84296367849294,21.509477825194235,True,
2026-08-21T08:01:02.810339+00:00,4421,-6.237577607899957,106.82686737105018,complex_corridor,FRC3,11,18,44,27,0.92,False,-6.237416698431964,106.82692406858013,18.95817050701808,True,
2026-08-21T08:01:03.085827+00:00,5234,-6.255677025000373,106.8431710999986,complex_corridor,FRC4,23,23,6,6,1.0,False,-6.25559934329838,106.84329627241084,16.310649749926508,True,
2026-08-21T08:01:03.352701+00:00,5259,-6.255508725000373,106.84360214999862,complex_corridor,FRC4,29,29,297,297,1.0,False,-6.255457199448482,106.84295563186589,71.6908067558573,True,
2026-08-21T08:01:03.622648+00:00,5296,-6.242909649999996,106.84406470000002,complex_corridor,FRC2,22,34,64,41,1.0,False,-6.24287098327402,106.84404058541264,5.0587612651154314,True,
2026-08-21T08:15:53.827550+00:00,703,-6.235444892859697,106.75583232857385,complex_corridor,FRC2,28,28,6,6,1.0,False,-6.235637002833079,106.75573958241279,23.694334982762854,True,
2026-08-21T08:15:54.101245+00:00,821,-6.288795825000754,106.77763638750048,complex_corridor,FRC1,31,31,35,35,1.0,False,-6.288676397337788,106.77774978959411,18.260596237349766,True,
2026-08-21T08:15:54.387848+00:00,1336,-6.235382350000007,106.7560557,complex_corridor,FRC2,27,27,9,9,1.0,False,-6.235851643158244,106.75634307944131,61.09133400248038,True,
2026-08-21T08:15:54.663210+00:00,2187,-6.234661449999994,106.7555585,complex_corridor,FRC2,39,39,18,18,1.0,False,-6.235295044618109,106.75596622907466,83.63486690954973,True,
2026-08-21T08:15:54.943919+00:00,2188,-6.233655599999991,106.75488135,complex_corridor,FRC2,30,30,32,32,1.0,False,-6.233742064909034,106.75495503627582,12.600808704103487,True,
2026-08-21T08:15:55.218601+00:00,2298,-6.288583799999989,106.77784095,complex_corridor,FRC1,26,40,538,350,1.0,False,-6.288634823320289,106.77780477487897,6.94084144102375,True,
2026-08-21T08:15:55.489847+00:00,2322,-6.2884621,106.7781152,complex_corridor,FRC1,14,25,100,56,1.0,False,-6.288455113550981,106.77822722279888,12.405765015820144,True,
2026-08-21T08:15:55.763753+00:00,2459,-6.23996075,106.79819865,complex_corridor,FRC3,17,27,668,420,1.0,False,-6.239927209643448,106.79835988366938,18.208192291717626,True,
2026-08-21T08:15:56.049912+00:00,2660,-6.288887410002579,106.77817204999796,complex_corridor,FRC1,15,15,29,29,1.0,False,-6.289080056713849,106.77821112954479,21.852459789678804,True,
2026-08-21T08:15:56.327924+00:00,2731,-6.240104349999994,106.79819525,complex_corridor,FRC1,14,20,428,300,1.0,False,-6.254711568502923,106.79717434728451,1628.1638385691926,False,
2026-08-21T08:15:56.605644+00:00,2979,-6.239918790000258,106.79844824999957,complex_corridor,FRC2,15,15,2,2,1.0,False,-6.239928542802509,106.79846583092547,2.2254395550977346,True,
2026-08-21T08:15:56.878221+00:00,3134,-6.2892448600025785,106.77855074999796,complex_corridor,FRC1,13,22,20,11,1.0,False,-6.289262432333267,106.778499467014,5.995427904385316,True,
2026-08-21T08:15:57.153634+00:00,3164,-6.239840140000258,106.79869149999956,complex_corridor,FRC2,24,24,145,145,1.0,False,-6.23981997364873,106.79856239045006,14.446370748590217,True,
2026-08-21T08:15:57.426213+00:00,3940,-6.242815700000143,106.84290446666662,complex_corridor,FRC2,13,21,30,19,1.0,False,-6.242610768682978,106.84288187111798,22.923789898286447,True,
2026-08-21T08:15:57.702968+00:00,3995,-6.2428431,106.8426503,complex_corridor,FRC2,32,32,8,8,1.0,False,-6.24270333943449,106.84230519617961,41.19038604817657,True,
2026-08-21T08:15:57.975441+00:00,4135,-6.242451300001405,106.84346441666648,complex_corridor,FRC3,27,27,15,15,1.0,False,-6.24264159782794,106.84303341592732,52.128779444682614,True,
2026-08-21T08:15:58.249331+00:00,4174,-6.242622250001264,106.84418269999986,complex_corridor,FRC3,21,21,14,14,1.0,False,-6.242365385288672,106.84405667866673,31.777844988721665,True,
2026-08-21T08:15:58.523527+00:00,4307,-6.237238257899974,106.8272395210502,complex_corridor,FRC2,21,21,6,6,1.0,False,-6.237236971031365,106.82743234718856,21.314848279038795,True,
2026-08-21T08:15:58.794461+00:00,4312,-6.237042057899963,106.8269344210502,complex_corridor,FRC2,23,23,6,6,1.0,False,-6.237208807900389,106.82690797532604,18.770772040768108,True,
2026-08-21T08:15:59.065819+00:00,4383,-6.255330045001537,106.84307333999776,complex_corridor,FRC4,25,25,7,7,1.0,False,-6.255170245392188,106.84296367849294,21.509477825194235,True,
2026-08-21T08:15:59.336465+00:00,4421,-6.237577607899957,106.82686737105018,complex_corridor,FRC3,11,19,44,25,0.99,False,-6.237416698431964,106.82692406858013,18.95817050701808,True,
2026-08-21T08:15:59.609489+00:00,5234,-6.255677025000373,106.8431710999986,complex_corridor,FRC4,6,23,23,6,0.99,False,-6.25559934329838,106.84329627241084,16.310649749926508,True,
2026-08-21T08:15:59.893466+00:00,5259,-6.255508725000373,106.84360214999862,complex_corridor,FRC4,22,28,391,307,0.993079,False,-6.255457199448482,106.84295563186589,71.6908067558573,True,
2026-08-21T08:16:00.168523+00:00,5296,-6.242909649999996,106.84406470000002,complex_corridor,FRC2,15,34,94,41,1.0,False,-6.24287098327402,106.84404058541264,5.0587612651154314,True,
