timestamp_utc,edge_id,requested_lat,requested_lon,highway_tag,frc,currentSpeed,freeFlowSpeed,currentTravelTime,freeFlowTravelTime,confidence,roadClosure,matched_lat,matched_lon,match_distance_m,valid_match,error
2026-07-25T00:01:03.080415+00:00,703,-6.235444892859697,106.75583232857385,complex_corridor,FRC2,28,28,6,6,1,False,-6.235637002833079,106.75573958241279,23.694334982762854,True,
2026-07-25T00:01:03.350406+00:00,821,-6.288795825000754,106.77763638750048,complex_corridor,FRC1,31,31,35,35,1,False,-6.288676397337788,106.77774978959411,18.260596237349766,True,
2026-07-25T00:01:03.632054+00:00,1336,-6.235382350000007,106.7560557,complex_corridor,FRC2,27,27,9,9,1,False,-6.235851643158244,106.75634307944131,61.09133400248038,True,
2026-07-25T00:01:03.913391+00:00,2187,-6.234661449999994,106.7555585,complex_corridor,FRC2,39,39,18,18,1,False,-6.235295044618109,106.75596622907466,83.63486690954973,True,
2026-07-25T00:01:04.183593+00:00,2188,-6.233655599999991,106.75488135,complex_corridor,FRC2,30,30,32,32,1,False,-6.233742064909034,106.75495503627582,12.600808704103487,True,
2026-07-25T00:01:04.458626+00:00,2298,-6.288583799999989,106.77784095,complex_corridor,FRC1,41,41,341,341,1,False,-6.288634823320289,106.77780477487897,6.94084144102375,True,
2026-07-25T00:01:04.729962+00:00,2322,-6.2884621,106.7781152,complex_corridor,FRC1,26,26,53,53,1,False,-6.288455113550981,106.77822722279888,12.405765015820144,True,
2026-07-25T00:01:04.999664+00:00,2459,-6.23996075,106.79819865,complex_corridor,FRC3,28,28,405,405,1,False,-6.239927209643448,106.79835988366938,18.208192291717626,True,
2026-07-25T00:01:05.265802+00:00,2660,-6.288887410002579,106.77817204999796,complex_corridor,FRC1,15,15,29,29,1,False,-6.289080056713849,106.77821112954479,21.852459789678804,True,
2026-07-25T00:01:05.541342+00:00,2731,-6.240104349999994,106.79819525,complex_corridor,FRC1,21,21,285,285,1,False,-6.254711568502923,106.79717434728451,1628.1638385691926,False,
2026-07-25T00:01:05.810041+00:00,2979,-6.239918790000258,106.79844824999957,complex_corridor,FRC2,15,15,2,2,1,False,-6.239928542802509,106.79846583092547,2.2254395550977346,True,
2026-07-25T00:01:06.075964+00:00,3134,-6.2892448600025785,106.77855074999796,complex_corridor,FRC1,22,22,11,11,1,False,-6.289262432333267,106.778499467014,5.995427904385316,True,
2026-07-25T00:01:06.349032+00:00,3164,-6.239840140000258,106.79869149999956,complex_corridor,FRC2,24,24,145,145,1,False,-6.23981997364873,106.79856239045006,14.446370748590217,True,
2026-07-25T00:01:06.623654+00:00,3940,-6.242815700000143,106.84290446666662,complex_corridor,FRC2,21,21,19,19,1,False,-6.242610768682978,106.84288187111798,22.923789898286447,True,
2026-07-25T00:01:06.891442+00:00,3995,-6.2428431,106.8426503,complex_corridor,FRC2,32,32,8,8,1,False,-6.24270333943449,106.84230519617961,41.19038604817657,True,
2026-07-25T00:01:07.158209+00:00,4135,-6.242451300001405,106.84346441666648,complex_corridor,FRC3,27,27,15,15,1,False,-6.24264159782794,106.84303341592732,52.128779444682614,True,
2026-07-25T00:01:07.427483+00:00,4174,-6.242622250001264,106.84418269999986,complex_corridor,FRC3,21,21,14,14,1,False,-6.242365385288672,106.84405667866673,31.777844988721665,True,
2026-07-25T00:01:07.699610+00:00,4307,-6.237238257899974,106.8272395210502,complex_corridor,FRC2,21,21,6,6,1,False,-6.237236971031365,106.82743234718856,21.314848279038795,True,
2026-07-25T00:01:07.971464+00:00,4312,-6.237042057899963,106.8269344210502,complex_corridor,FRC2,23,23,6,6,1,False,-6.237208807900389,106.82690797532604,18.770772040768108,True,
2026-07-25T00:01:08.238985+00:00,4383,-6.255330045001537,106.84307333999776,complex_corridor,FRC4,25,25,7,7,1,False,-6.255170245392188,106.84296367849294,21.509477825194235,True,
2026-07-25T00:01:08.515884+00:00,4421,-6.237577607899957,106.82686737105018,complex_corridor,FRC3,18,18,27,27,1,False,-6.237416698431964,106.82692406858013,18.95817050701808,True,
2026-07-25T00:01:08.788154+00:00,5234,-6.255677025000373,106.8431710999986,complex_corridor,FRC4,23,23,6,6,1,False,-6.25559934329838,106.84329627241084,16.310649749926508,True,
2026-07-25T00:01:09.074741+00:00,5259,-6.255508725000373,106.84360214999862,complex_corridor,FRC4,30,30,287,287,1,False,-6.255457199448482,106.84295563186589,71.6908067558573,True,
2026-07-25T00:01:09.351011+00:00,5296,-6.242909649999996,106.84406470000002,complex_corridor,FRC2,27,35,52,40,1,False,-6.24287098327402,106.84404058541264,5.0587612651154314,True,
2026-07-25T00:15:50.966490+00:00,703,-6.235444892859697,106.75583232857385,complex_corridor,FRC2,28,28,6,6,1.0,False,-6.235637002833079,106.75573958241279,23.694334982762854,True,
2026-07-25T00:15:51.256217+00:00,821,-6.288795825000754,106.77763638750048,complex_corridor,FRC1,31,31,35,35,1.0,False,-6.288676397337788,106.77774978959411,18.260596237349766,True,
2026-07-25T00:15:51.552074+00:00,1336,-6.235382350000007,106.7560557,complex_corridor,FRC2,27,27,9,9,1.0,False,-6.235851643158244,106.75634307944131,61.09133400248038,True,
2026-07-25T00:15:51.839696+00:00,2187,-6.234661449999994,106.7555585,complex_corridor,FRC2,39,39,18,18,1.0,False,-6.235295044618109,106.75596622907466,83.63486690954973,True,
2026-07-25T00:15:52.126491+00:00,2188,-6.233655599999991,106.75488135,complex_corridor,FRC2,30,30,32,32,1.0,False,-6.233742064909034,106.75495503627582,12.600808704103487,True,
2026-07-25T00:15:52.412919+00:00,2298,-6.288583799999989,106.77784095,complex_corridor,FRC1,41,41,341,341,1.0,False,-6.288634823320289,106.77780477487897,6.94084144102375,True,
2026-07-25T00:15:52.698632+00:00,2322,-6.2884621,106.7781152,complex_corridor,FRC1,26,26,53,53,1.0,False,-6.288455113550981,106.77822722279888,12.405765015820144,True,
2026-07-25T00:15:53.001564+00:00,2459,-6.23996075,106.79819865,complex_corridor,FRC3,28,28,405,405,1.0,False,-6.239927209643448,106.79835988366938,18.208192291717626,True,
2026-07-25T00:15:53.314091+00:00,2660,-6.288887410002579,106.77817204999796,complex_corridor,FRC1,8,15,55,29,1.0,False,-6.289080056713849,106.77821112954479,21.852459789678804,True,
2026-07-25T00:15:53.606073+00:00,2731,-6.240104349999994,106.79819525,complex_corridor,FRC1,21,21,285,285,1.0,False,-6.254711568502923,106.79717434728451,1628.1638385691926,False,
2026-07-25T00:15:53.890785+00:00,2979,-6.239918790000258,106.79844824999957,complex_corridor,FRC2,15,15,2,2,1.0,False,-6.239928542802509,106.79846583092547,2.2254395550977346,True,
2026-07-25T00:15:54.178465+00:00,3134,-6.2892448600025785,106.77855074999796,complex_corridor,FRC1,22,22,11,11,1.0,False,-6.289262432333267,106.778499467014,5.995427904385316,True,
2026-07-25T00:15:54.465852+00:00,3164,-6.239840140000258,106.79869149999956,complex_corridor,FRC2,24,24,145,145,1.0,False,-6.23981997364873,106.79856239045006,14.446370748590217,True,
2026-07-25T00:15:54.765041+00:00,3940,-6.242815700000143,106.84290446666662,complex_corridor,FRC2,17,21,23,19,0.98,False,-6.242610768682978,106.84288187111798,22.923789898286447,True,
2026-07-25T00:15:55.063649+00:00,3995,-6.2428431,106.8426503,complex_corridor,FRC2,32,32,8,8,1.0,False,-6.24270333943449,106.84230519617961,41.19038604817657,True,
2026-07-25T00:15:55.403255+00:00,4135,-6.242451300001405,106.84346441666648,complex_corridor,FRC3,27,27,15,15,1.0,False,-6.24264159782794,106.84303341592732,52.128779444682614,True,
2026-07-25T00:15:55.689389+00:00,4174,-6.242622250001264,106.84418269999986,complex_corridor,FRC3,21,21,14,14,1.0,False,-6.242365385288672,106.84405667866673,31.777844988721665,True,
2026-07-25T00:15:55.983980+00:00,4307,-6.237238257899974,106.8272395210502,complex_corridor,FRC2,21,21,6,6,1.0,False,-6.237236971031365,106.82743234718856,21.314848279038795,True,
2026-07-25T00:15:56.324262+00:00,4312,-6.237042057899963,106.8269344210502,complex_corridor,FRC2,23,23,6,6,1.0,False,-6.237208807900389,106.82690797532604,18.770772040768108,True,
2026-07-25T00:15:56.610351+00:00,4383,-6.255330045001537,106.84307333999776,complex_corridor,FRC4,25,25,7,7,1.0,False,-6.255170245392188,106.84296367849294,21.509477825194235,True,
2026-07-25T00:15:56.900308+00:00,4421,-6.237577607899957,106.82686737105018,complex_corridor,FRC3,18,18,27,27,1.0,False,-6.237416698431964,106.82692406858013,18.95817050701808,True,
2026-07-25T00:15:57.186881+00:00,5234,-6.255677025000373,106.8431710999986,complex_corridor,FRC4,23,23,6,6,1.0,False,-6.25559934329838,106.84329627241084,16.310649749926508,True,
2026-07-25T00:15:57.506058+00:00,5259,-6.255508725000373,106.84360214999862,complex_corridor,FRC4,30,30,287,287,1.0,False,-6.255457199448482,106.84295563186589,71.6908067558573,True,
2026-07-25T00:15:57.794260+00:00,5296,-6.242909649999996,106.84406470000002,complex_corridor,FRC2,35,35,40,40,1.0,False,-6.24287098327402,106.84404058541264,5.0587612651154314,True,
2026-07-25T00:30:54.596512+00:00,703,-6.235444892859697,106.75583232857385,complex_corridor,FRC2,28,28,6,6,1,False,-6.235637002833079,106.75573958241279,23.694334982762854,True,
2026-07-25T00:30:54.906194+00:00,821,-6.288795825000754,106.77763638750048,complex_corridor,FRC1,31,31,35,35,1,False,-6.288676397337788,106.77774978959411,18.260596237349766,True,
2026-07-25T00:30:55.210758+00:00,1336,-6.235382350000007,106.7560557,complex_corridor,FRC2,27,27,9,9,1,False,-6.235851643158244,106.75634307944131,61.09133400248038,True,
2026-07-25T00:30:55.526331+00:00,2187,-6.234661449999994,106.7555585,complex_corridor,FRC2,39,39,18,18,1,False,-6.235295044618109,106.75596622907466,83.63486690954973,True,
2026-07-25T00:30:55.834756+00:00,2188,-6.233655599999991,106.75488135,complex_corridor,FRC2,30,30,32,32,1,False,-6.233742064909034,106.75495503627582,12.600808704103487,True,
2026-07-25T00:30:56.138179+00:00,2298,-6.288583799999989,106.77784095,complex_corridor,FRC1,41,41,341,341,1,False,-6.288634823320289,106.77780477487897,6.94084144102375,True,
2026-07-25T00:30:56.437715+00:00,2322,-6.2884621,106.7781152,complex_corridor,FRC1,26,26,53,53,1,False,-6.288455113550981,106.77822722279888,12.405765015820144,True,
2026-07-25T00:30:56.743792+00:00,2459,-6.23996075,106.79819865,complex_corridor,FRC3,28,28,405,405,1,False,-6.239927209643448,106.79835988366938,18.208192291717626,True,
2026-07-25T00:30:57.048711+00:00,2660,-6.288887410002579,106.77817204999796,complex_corridor,FRC1,11,14,40,31,1,False,-6.289080056713849,106.77821112954479,21.852459789678804,True,
2026-07-25T00:30:57.351189+00:00,2731,-6.240104349999994,106.79819525,complex_corridor,FRC1,21,21,285,285,1,False,-6.254711568502923,106.79717434728451,1628.1638385691926,False,
2026-07-25T00:30:57.656993+00:00,2979,-6.239918790000258,106.79844824999957,complex_corridor,FRC2,10,15,4,2,1,False,-6.239928542802509,106.79846583092547,2.2254395550977346,True,
2026-07-25T00:30:57.955726+00:00,3134,-6.2892448600025785,106.77855074999796,complex_corridor,FRC1,22,22,11,11,1,False,-6.289262432333267,106.778499467014,5.995427904385316,True,
2026-07-25T00:30:58.256404+00:00,3164,-6.239840140000258,106.79869149999956,complex_corridor,FRC2,24,24,145,145,1,False,-6.23981997364873,106.79856239045006,14.446370748590217,True,
2026-07-25T00:30:58.561596+00:00,3940,-6.242815700000143,106.84290446666662,complex_corridor,FRC2,21,21,19,19,1,False,-6.242610768682978,106.84288187111798,22.923789898286447,True,
2026-07-25T00:30:58.862331+00:00,3995,-6.2428431,106.8426503,complex_corridor,FRC2,32,32,8,8,1,False,-6.24270333943449,106.84230519617961,41.19038604817657,True,
2026-07-25T00:30:59.165229+00:00,4135,-6.242451300001405,106.84346441666648,complex_corridor,FRC3,27,27,15,15,1,False,-6.24264159782794,106.84303341592732,52.128779444682614,True,
2026-07-25T00:30:59.480495+00:00,4174,-6.242622250001264,106.84418269999986,complex_corridor,FRC3,21,21,14,14,1,False,-6.242365385288672,106.84405667866673,31.777844988721665,True,
2026-07-25T00:30:59.779938+00:00,4307,-6.237238257899974,106.8272395210502,complex_corridor,FRC2,21,21,6,6,1,False,-6.237236971031365,106.82743234718856,21.314848279038795,True,
2026-07-25T00:31:00.091851+00:00,4312,-6.237042057899963,106.8269344210502,complex_corridor,FRC2,23,23,6,6,1,False,-6.237208807900389,106.82690797532604,18.770772040768108,True,
2026-07-25T00:31:00.390138+00:00,4383,-6.255330045001537,106.84307333999776,complex_corridor,FRC4,25,25,7,7,1,False,-6.255170245392188,106.84296367849294,21.509477825194235,True,
2026-07-25T00:31:00.694264+00:00,4421,-6.237577607899957,106.82686737105018,complex_corridor,FRC3,18,18,27,27,1,False,-6.237416698431964,106.82692406858013,18.95817050701808,True,
2026-07-25T00:31:00.994825+00:00,5234,-6.255677025000373,106.8431710999986,complex_corridor,FRC4,23,23,6,6,1,False,-6.25559934329838,106.84329627241084,16.310649749926508,True,
2026-07-25T00:31:01.293816+00:00,5259,-6.255508725000373,106.84360214999862,complex_corridor,FRC4,30,30,287,287,1,False,-6.255457199448482,106.84295563186589,71.6908067558573,True,
2026-07-25T00:31:01.595595+00:00,5296,-6.242909649999996,106.84406470000002,complex_corridor,FRC2,35,35,40,40,1,False,-6.24287098327402,106.84404058541264,5.0587612651154314,True,
2026-07-25T00:45:52.271360+00:00,703,-6.235444892859697,106.75583232857385,complex_corridor,FRC2,28,28,6,6,1,False,-6.235637002833079,106.75573958241279,23.694334982762854,True,
2026-07-25T00:45:52.564231+00:00,821,-6.288795825000754,106.77763638750048,complex_corridor,FRC1,31,31,35,35,1,False,-6.288676397337788,106.77774978959411,18.260596237349766,True,
2026-07-25T00:45:52.854392+00:00,1336,-6.235382350000007,106.7560557,complex_corridor,FRC2,27,27,9,9,1,False,-6.235851643158244,106.75634307944131,61.09133400248038,True,
2026-07-25T00:45:53.143532+00:00,2187,-6.234661449999994,106.7555585,complex_corridor,FRC2,39,39,18,18,1,False,-6.235295044618109,106.75596622907466,83.63486690954973,True,
2026-07-25T00:45:53.433370+00:00,2188,-6.233655599999991,106.75488135,complex_corridor,FRC2,30,30,32,32,1,False,-6.233742064909034,106.75495503627582,12.600808704103487,True,
2026-07-25T00:45:53.722294+00:00,2298,-6.288583799999989,106.77784095,complex_corridor,FRC1,41,41,341,341,1,False,-6.288634823320289,106.77780477487897,6.94084144102375,True,
2026-07-25T00:45:54.009397+00:00,2322,-6.2884621,106.7781152,complex_corridor,FRC1,26,26,53,53,1,False,-6.288455113550981,106.77822722279888,12.405765015820144,True,
2026-07-25T00:45:54.312695+00:00,2459,-6.23996075,106.79819865,complex_corridor,FRC3,28,28,405,405,1,False,-6.239927209643448,106.79835988366938,18.208192291717626,True,
2026-07-25T00:45:54.597764+00:00,2660,-6.288887410002579,106.77817204999796,complex_corridor,FRC1,15,15,29,29,1,False,-6.289080056713849,106.77821112954479,21.852459789678804,True,
2026-07-25T00:45:54.890644+00:00,2731,-6.240104349999994,106.79819525,complex_corridor,FRC1,21,21,285,285,1,False,-6.254711568502923,106.79717434728451,1628.1638385691926,False,
2026-07-25T00:45:55.181298+00:00,2979,-6.239918790000258,106.79844824999957,complex_corridor,FRC2,9,13,4,3,1,False,-6.239928542802509,106.79846583092547,2.2254395550977346,True,
2026-07-25T00:45:55.472005+00:00,3134,-6.2892448600025785,106.77855074999796,complex_corridor,FRC1,22,22,11,11,1,False,-6.289262432333267,106.778499467014,5.995427904385316,True,
2026-07-25T00:45:55.764205+00:00,3164,-6.239840140000258,106.79869149999956,complex_corridor,FRC2,24,24,145,145,1,False,-6.23981997364873,106.79856239045006,14.446370748590217,True,
2026-07-25T00:45:56.062956+00:00,3940,-6.242815700000143,106.84290446666662,complex_corridor,FRC2,21,21,19,19,1,False,-6.242610768682978,106.84288187111798,22.923789898286447,True,
2026-07-25T00:45:56.349799+00:00,3995,-6.2428431,106.8426503,complex_corridor,FRC2,32,32,8,8,1,False,-6.24270333943449,106.84230519617961,41.19038604817657,True,
2026-07-25T00:45:56.645085+00:00,4135,-6.242451300001405,106.84346441666648,complex_corridor,FRC3,27,27,15,15,1,False,-6.24264159782794,106.84303341592732,52.128779444682614,True,
2026-07-25T00:45:56.944219+00:00,4174,-6.242622250001264,106.84418269999986,complex_corridor,FRC3,21,21,14,14,1,False,-6.242365385288672,106.84405667866673,31.777844988721665,True,
2026-07-25T00:45:57.236023+00:00,4307,-6.237238257899974,106.8272395210502,complex_corridor,FRC2,21,21,6,6,1,False,-6.237236971031365,106.82743234718856,21.314848279038795,True,
2026-07-25T00:45:57.527485+00:00,4312,-6.237042057899963,106.8269344210502,complex_corridor,FRC2,23,23,6,6,1,False,-6.237208807900389,106.82690797532604,18.770772040768108,True,
2026-07-25T00:45:57.816924+00:00,4383,-6.255330045001537,106.84307333999776,complex_corridor,FRC4,25,25,7,7,1,False,-6.255170245392188,106.84296367849294,21.509477825194235,True,
2026-07-25T00:45:58.108612+00:00,4421,-6.237577607899957,106.82686737105018,complex_corridor,FRC3,18,18,27,27,1,False,-6.237416698431964,106.82692406858013,18.95817050701808,True,
2026-07-25T00:45:58.406733+00:00,5234,-6.255677025000373,106.8431710999986,complex_corridor,FRC4,23,23,6,6,1,False,-6.25559934329838,106.84329627241084,16.310649749926508,True,
2026-07-25T00:45:58.694105+00:00,5259,-6.255508725000373,106.84360214999862,complex_corridor,FRC4,30,30,287,287,1,False,-6.255457199448482,106.84295563186589,71.6908067558573,True,
2026-07-25T00:45:58.980455+00:00,5296,-6.242909649999996,106.84406470000002,complex_corridor,FRC2,35,35,40,40,1,False,-6.24287098327402,106.84404058541264,5.0587612651154314,True,
2026-07-25T01:01:01.751872+00:00,703,-6.235444892859697,106.75583232857385,complex_corridor,FRC2,28,28,6,6,1,False,-6.235637002833079,106.75573958241279,23.694334982762854,True,
2026-07-25T01:01:02.043217+00:00,821,-6.288795825000754,106.77763638750048,complex_corridor,FRC1,31,31,35,35,1,False,-6.288676397337788,106.77774978959411,18.260596237349766,True,
2026-07-25T01:01:02.338853+00:00,1336,-6.235382350000007,106.7560557,complex_corridor,FRC2,27,27,9,9,1,False,-6.235851643158244,106.75634307944131,61.09133400248038,True,
2026-07-25T01:01:02.631370+00:00,2187,-6.234661449999994,106.7555585,complex_corridor,FRC2,39,39,18,18,1,False,-6.235295044618109,106.75596622907466,83.63486690954973,True,
2026-07-25T01:01:02.930702+00:00,2188,-6.233655599999991,106.75488135,complex_corridor,FRC2,30,30,32,32,1,False,-6.233742064909034,106.75495503627582,12.600808704103487,True,
2026-07-25T01:01:03.224305+00:00,2298,-6.288583799999989,106.77784095,complex_corridor,FRC1,41,41,341,341,1,False,-6.288634823320289,106.77780477487897,6.94084144102375,True,
2026-07-25T01:01:03.511436+00:00,2322,-6.2884621,106.7781152,complex_corridor,FRC1,26,26,53,53,1,False,-6.288455113550981,106.77822722279888,12.405765015820144,True,
2026-07-25T01:01:03.798694+00:00,2459,-6.23996075,106.79819865,complex_corridor,FRC3,28,28,405,405,1,False,-6.239927209643448,106.79835988366938,18.208192291717626,True,
2026-07-25T01:01:04.093874+00:00,2660,-6.288887410002579,106.77817204999796,complex_corridor,FRC1,12,15,37,29,1,False,-6.289080056713849,106.77821112954479,21.852459789678804,True,
2026-07-25T01:01:04.389287+00:00,2731,-6.240104349999994,106.79819525,complex_corridor,FRC1,21,21,285,285,1,False,-6.254711568502923,106.79717434728451,1628.1638385691926,False,
2026-07-25T01:01:04.672885+00:00,2979,-6.239918790000258,106.79844824999957,complex_corridor,FRC2,15,15,2,2,1,False,-6.239928542802509,106.79846583092547,2.2254395550977346,True,
2026-07-25T01:01:04.959945+00:00,3134,-6.2892448600025785,106.77855074999796,complex_corridor,FRC1,22,22,11,11,1,False,-6.289262432333267,106.778499467014,5.995427904385316,True,
2026-07-25T01:01:05.254007+00:00,3164,-6.239840140000258,106.79869149999956,complex_corridor,FRC2,24,24,145,145,1,False,-6.23981997364873,106.79856239045006,14.446370748590217,True,
2026-07-25T01:01:05.543160+00:00,3940,-6.242815700000143,106.84290446666662,complex_corridor,FRC2,21,21,19,19,1,False,-6.242610768682978,106.84288187111798,22.923789898286447,True,
2026-07-25T01:01:05.834310+00:00,3995,-6.2428431,106.8426503,complex_corridor,FRC2,32,32,8,8,1,False,-6.24270333943449,106.84230519617961,41.19038604817657,True,
2026-07-25T01:01:06.136159+00:00,4135,-6.242451300001405,106.84346441666648,complex_corridor,FRC3,27,27,15,15,1,False,-6.24264159782794,106.84303341592732,52.128779444682614,True,
2026-07-25T01:01:06.421533+00:00,4174,-6.242622250001264,106.84418269999986,complex_corridor,FRC3,21,21,14,14,1,False,-6.242365385288672,106.84405667866673,31.777844988721665,True,
2026-07-25T01:01:06.712559+00:00,4307,-6.237238257899974,106.8272395210502,complex_corridor,FRC2,21,21,6,6,1,False,-6.237236971031365,106.82743234718856,21.314848279038795,True,
2026-07-25T01:01:07.004787+00:00,4312,-6.237042057899963,106.8269344210502,complex_corridor,FRC2,23,23,6,6,1,False,-6.237208807900389,106.82690797532604,18.770772040768108,True,
2026-07-25T01:01:07.288619+00:00,4383,-6.255330045001537,106.84307333999776,complex_corridor,FRC4,25,25,7,7,1,False,-6.255170245392188,106.84296367849294,21.509477825194235,True,
2026-07-25T01:01:07.579076+00:00,4421,-6.237577607899957,106.82686737105018,complex_corridor,FRC3,18,18,27,27,1,False,-6.237416698431964,106.82692406858013,18.95817050701808,True,
2026-07-25T01:01:07.882387+00:00,5234,-6.255677025000373,106.8431710999986,complex_corridor,FRC4,23,23,6,6,1,False,-6.25559934329838,106.84329627241084,16.310649749926508,True,
2026-07-25T01:01:08.179826+00:00,5259,-6.255508725000373,106.84360214999862,complex_corridor,FRC4,30,30,287,287,1,False,-6.255457199448482,106.84295563186589,71.6908067558573,True,
2026-07-25T01:01:08.466664+00:00,5296,-6.242909649999996,106.84406470000002,complex_corridor,FRC2,35,35,40,40,1,False,-6.24287098327402,106.84404058541264,5.0587612651154314,True,
2026-07-25T01:15:49.297600+00:00,703,-6.235444892859697,106.75583232857385,complex_corridor,FRC2,28,28,6,6,1,False,-6.235637002833079,106.75573958241279,23.694334982762854,True,
2026-07-25T01:15:49.587094+00:00,821,-6.288795825000754,106.77763638750048,complex_corridor,FRC1,31,31,35,35,1,False,-6.288676397337788,106.77774978959411,18.260596237349766,True,
2026-07-25T01:15:49.879599+00:00,1336,-6.235382350000007,106.7560557,complex_corridor,FRC2,27,27,9,9,1,False,-6.235851643158244,106.75634307944131,61.09133400248038,True,
2026-07-25T01:15:50.166140+00:00,2187,-6.234661449999994,106.7555585,complex_corridor,FRC2,39,39,18,18,1,False,-6.235295044618109,106.75596622907466,83.63486690954973,True,
2026-07-25T01:15:50.455385+00:00,2188,-6.233655599999991,106.75488135,complex_corridor,FRC2,30,30,32,32,1,False,-6.233742064909034,106.75495503627582,12.600808704103487,True,
2026-07-25T01:15:50.743607+00:00,2298,-6.288583799999989,106.77784095,complex_corridor,FRC1,36,40,388,350,1,False,-6.288634823320289,106.77780477487897,6.94084144102375,True,
2026-07-25T01:15:51.030346+00:00,2322,-6.2884621,106.7781152,complex_corridor,FRC1,19,26,73,53,1,False,-6.288455113550981,106.77822722279888,12.405765015820144,True,
2026-07-25T01:15:51.322155+00:00,2459,-6.23996075,106.79819865,complex_corridor,FRC3,24,27,473,420,1,False,-6.239927209643448,106.79835988366938,18.208192291717626,True,
2026-07-25T01:15:51.613140+00:00,2660,-6.288887410002579,106.77817204999796,complex_corridor,FRC1,15,15,29,29,1,False,-6.289080056713849,106.77821112954479,21.852459789678804,True,
2026-07-25T01:15:51.904442+00:00,2731,-6.240104349999994,106.79819525,complex_corridor,FRC1,21,21,285,285,1,False,-6.254711568502923,106.79717434728451,1628.1638385691926,False,
2026-07-25T01:15:52.195138+00:00,2979,-6.239918790000258,106.79844824999957,complex_corridor,FRC2,12,15,3,2,1,False,-6.239928542802509,106.79846583092547,2.2254395550977346,True,
2026-07-25T01:15:52.481106+00:00,3134,-6.2892448600025785,106.77855074999796,complex_corridor,FRC1,22,22,11,11,1,False,-6.289262432333267,106.778499467014,5.995427904385316,True,
2026-07-25T01:15:52.772557+00:00,3164,-6.239840140000258,106.79869149999956,complex_corridor,FRC2,24,24,145,145,1,False,-6.23981997364873,106.79856239045006,14.446370748590217,True,
2026-07-25T01:15:53.063475+00:00,3940,-6.242815700000143,106.84290446666662,complex_corridor,FRC2,21,21,19,19,1,False,-6.242610768682978,106.84288187111798,22.923789898286447,True,
2026-07-25T01:15:53.348931+00:00,3995,-6.2428431,106.8426503,complex_corridor,FRC2,32,32,8,8,1,False,-6.24270333943449,106.84230519617961,41.19038604817657,True,
2026-07-25T01:15:53.633949+00:00,4135,-6.242451300001405,106.84346441666648,complex_corridor,FRC3,27,27,15,15,1,False,-6.24264159782794,106.84303341592732,52.128779444682614,True,
2026-07-25T01:15:53.920324+00:00,4174,-6.242622250001264,106.84418269999986,complex_corridor,FRC3,21,21,14,14,1,False,-6.242365385288672,106.84405667866673,31.777844988721665,True,
2026-07-25T01:15:54.208819+00:00,4307,-6.237238257899974,106.8272395210502,complex_corridor,FRC2,21,21,6,6,1,False,-6.237236971031365,106.82743234718856,21.314848279038795,True,
2026-07-25T01:15:54.494855+00:00,4312,-6.237042057899963,106.8269344210502,complex_corridor,FRC2,23,23,6,6,1,False,-6.237208807900389,106.82690797532604,18.770772040768108,True,
2026-07-25T01:15:54.789801+00:00,4383,-6.255330045001537,106.84307333999776,complex_corridor,FRC4,25,25,7,7,1,False,-6.255170245392188,106.84296367849294,21.509477825194235,True,
2026-07-25T01:15:55.076290+00:00,4421,-6.237577607899957,106.82686737105018,complex_corridor,FRC3,18,18,27,27,1,False,-6.237416698431964,106.82692406858013,18.95817050701808,True,
2026-07-25T01:15:55.368949+00:00,5234,-6.255677025000373,106.8431710999986,complex_corridor,FRC4,23,23,6,6,1,False,-6.25559934329838,106.84329627241084,16.310649749926508,True,
2026-07-25T01:15:55.655581+00:00,5259,-6.255508725000373,106.84360214999862,complex_corridor,FRC4,30,30,287,287,1,False,-6.255457199448482,106.84295563186589,71.6908067558573,True,
2026-07-25T01:15:55.943536+00:00,5296,-6.242909649999996,106.84406470000002,complex_corridor,FRC2,35,35,40,40,1,False,-6.24287098327402,106.84404058541264,5.0587612651154314,True,
2026-07-25T01:30:55.213543+00:00,703,-6.235444892859697,106.75583232857385,complex_corridor,FRC2,28,28,6,6,1,False,-6.235637002833079,106.75573958241279,23.694334982762854,True,
2026-07-25T01:30:55.501883+00:00,821,-6.288795825000754,106.77763638750048,complex_corridor,FRC1,21,31,52,35,1,False,-6.288676397337788,106.77774978959411,18.260596237349766,True,
2026-07-25T01:30:55.792938+00:00,1336,-6.235382350000007,106.7560557,complex_corridor,FRC2,27,27,9,9,1,False,-6.235851643158244,106.75634307944131,61.09133400248038,True,
2026-07-25T01:30:56.087817+00:00,2187,-6.234661449999994,106.7555585,complex_corridor,FRC2,39,39,18,18,1,False,-6.235295044618109,106.75596622907466,83.63486690954973,True,
2026-07-25T01:30:56.383099+00:00,2188,-6.233655599999991,106.75488135,complex_corridor,FRC2,30,30,32,32,1,False,-6.233742064909034,106.75495503627582,12.600808704103487,True,
2026-07-25T01:30:56.676164+00:00,2298,-6.288583799999989,106.77784095,complex_corridor,FRC1,41,41,341,341,1,False,-6.288634823320289,106.77780477487897,6.94084144102375,True,
2026-07-25T01:30:56.970778+00:00,2322,-6.2884621,106.7781152,complex_corridor,FRC1,26,26,53,53,1,False,-6.288455113550981,106.77822722279888,12.405765015820144,True,
2026-07-25T01:30:57.263033+00:00,2459,-6.23996075,106.79819865,complex_corridor,FRC3,22,27,516,420,1,False,-6.239927209643448,106.79835988366938,18.208192291717626,True,
2026-07-25T01:30:57.557856+00:00,2660,-6.288887410002579,106.77817204999796,complex_corridor,FRC1,15,15,29,29,1,False,-6.289080056713849,106.77821112954479,21.852459789678804,True,
2026-07-25T01:30:57.842489+00:00,2731,-6.240104349999994,106.79819525,complex_corridor,FRC1,21,21,285,285,1,False,-6.254711568502923,106.79717434728451,1628.1638385691926,False,
2026-07-25T01:30:58.140379+00:00,2979,-6.239918790000258,106.79844824999957,complex_corridor,FRC2,15,15,2,2,1,False,-6.239928542802509,106.79846583092547,2.2254395550977346,True,
2026-07-25T01:30:58.432067+00:00,3134,-6.2892448600025785,106.77855074999796,complex_corridor,FRC1,22,22,11,11,1,False,-6.289262432333267,106.778499467014,5.995427904385316,True,
2026-07-25T01:30:58.719641+00:00,3164,-6.239840140000258,106.79869149999956,complex_corridor,FRC2,24,24,145,145,1,False,-6.23981997364873,106.79856239045006,14.446370748590217,True,
2026-07-25T01:30:59.015025+00:00,3940,-6.242815700000143,106.84290446666662,complex_corridor,FRC2,21,21,19,19,1,False,-6.242610768682978,106.84288187111798,22.923789898286447,True,
2026-07-25T01:30:59.305336+00:00,3995,-6.2428431,106.8426503,complex_corridor,FRC2,32,32,8,8,1,False,-6.24270333943449,106.84230519617961,41.19038604817657,True,
2026-07-25T01:30:59.589685+00:00,4135,-6.242451300001405,106.84346441666648,complex_corridor,FRC3,27,27,15,15,1,False,-6.24264159782794,106.84303341592732,52.128779444682614,True,
2026-07-25T01:30:59.884467+00:00,4174,-6.242622250001264,106.84418269999986,complex_corridor,FRC3,21,21,14,14,1,False,-6.242365385288672,106.84405667866673,31.777844988721665,True,
2026-07-25T01:31:00.178297+00:00,4307,-6.237238257899974,106.8272395210502,complex_corridor,FRC2,21,21,6,6,1,False,-6.237236971031365,106.82743234718856,21.314848279038795,True,
2026-07-25T01:31:00.466407+00:00,4312,-6.237042057899963,106.8269344210502,complex_corridor,FRC2,23,23,6,6,1,False,-6.237208807900389,106.82690797532604,18.770772040768108,True,
2026-07-25T01:31:00.753320+00:00,4383,-6.255330045001537,106.84307333999776,complex_corridor,FRC4,25,25,7,7,1,False,-6.255170245392188,106.84296367849294,21.509477825194235,True,
2026-07-25T01:31:01.041430+00:00,4421,-6.237577607899957,106.82686737105018,complex_corridor,FRC3,18,18,27,27,1,False,-6.237416698431964,106.82692406858013,18.95817050701808,True,
2026-07-25T01:31:01.330097+00:00,5234,-6.255677025000373,106.8431710999986,complex_corridor,FRC4,23,23,6,6,1,False,-6.25559934329838,106.84329627241084,16.310649749926508,True,
2026-07-25T01:31:01.619805+00:00,5259,-6.255508725000373,106.84360214999862,complex_corridor,FRC4,30,30,287,287,1,False,-6.255457199448482,106.84295563186589,71.6908067558573,True,
2026-07-25T01:31:01.923320+00:00,5296,-6.242909649999996,106.84406470000002,complex_corridor,FRC2,28,35,50,40,1,False,-6.24287098327402,106.84404058541264,5.0587612651154314,True,
2026-07-25T01:45:47.667256+00:00,703,-6.235444892859697,106.75583232857385,complex_corridor,FRC2,28,28,6,6,1,False,-6.235637002833079,106.75573958241279,23.694334982762854,True,
2026-07-25T01:45:47.969562+00:00,821,-6.288795825000754,106.77763638750048,complex_corridor,FRC1,31,31,35,35,1,False,-6.288676397337788,106.77774978959411,18.260596237349766,True,
2026-07-25T01:45:48.273728+00:00,1336,-6.235382350000007,106.7560557,complex_corridor,FRC2,27,27,9,9,1,False,-6.235851643158244,106.75634307944131,61.09133400248038,True,
2026-07-25T01:45:48.574930+00:00,2187,-6.234661449999994,106.7555585,complex_corridor,FRC2,39,39,18,18,1,False,-6.235295044618109,106.75596622907466,83.63486690954973,True,
2026-07-25T01:45:48.887892+00:00,2188,-6.233655599999991,106.75488135,complex_corridor,FRC2,30,30,32,32,1,False,-6.233742064909034,106.75495503627582,12.600808704103487,True,
2026-07-25T01:45:49.195395+00:00,2298,-6.288583799999989,106.77784095,complex_corridor,FRC1,41,41,341,341,1,False,-6.288634823320289,106.77780477487897,6.94084144102375,True,
2026-07-25T01:45:49.499953+00:00,2322,-6.2884621,106.7781152,complex_corridor,FRC1,26,26,53,53,1,False,-6.288455113550981,106.77822722279888,12.405765015820144,True,
2026-07-25T01:45:49.801415+00:00,2459,-6.23996075,106.79819865,complex_corridor,FRC3,22,27,516,420,1,False,-6.239927209643448,106.79835988366938,18.208192291717626,True,
2026-07-25T01:45:50.104977+00:00,2660,-6.288887410002579,106.77817204999796,complex_corridor,FRC1,15,15,29,29,1,False,-6.289080056713849,106.77821112954479,21.852459789678804,True,
2026-07-25T01:45:50.413174+00:00,2731,-6.240104349999994,106.79819525,complex_corridor,FRC1,21,21,285,285,1,False,-6.254711568502923,106.79717434728451,1628.1638385691926,False,
2026-07-25T01:45:50.711731+00:00,2979,-6.239918790000258,106.79844824999957,complex_corridor,FRC2,10,15,4,2,1,False,-6.239928542802509,106.79846583092547,2.2254395550977346,True,
2026-07-25T01:45:51.022997+00:00,3134,-6.2892448600025785,106.77855074999796,complex_corridor,FRC1,22,22,11,11,1,False,-6.289262432333267,106.778499467014,5.995427904385316,True,
2026-07-25T01:45:51.326316+00:00,3164,-6.239840140000258,106.79869149999956,complex_corridor,FRC2,24,24,145,145,1,False,-6.23981997364873,106.79856239045006,14.446370748590217,True,
2026-07-25T01:45:51.624900+00:00,3940,-6.242815700000143,106.84290446666662,complex_corridor,FRC2,21,21,19,19,1,False,-6.242610768682978,106.84288187111798,22.923789898286447,True,
2026-07-25T01:45:51.943397+00:00,3995,-6.2428431,106.8426503,complex_corridor,FRC2,32,32,8,8,1,False,-6.24270333943449,106.84230519617961,41.19038604817657,True,
2026-07-25T01:45:52.252276+00:00,4135,-6.242451300001405,106.84346441666648,complex_corridor,FRC3,27,27,15,15,1,False,-6.24264159782794,106.84303341592732,52.128779444682614,True,
2026-07-25T01:45:52.550736+00:00,4174,-6.242622250001264,106.84418269999986,complex_corridor,FRC3,21,21,14,14,1,False,-6.242365385288672,106.84405667866673,31.777844988721665,True,
2026-07-25T01:45:52.849239+00:00,4307,-6.237238257899974,106.8272395210502,complex_corridor,FRC2,21,21,6,6,1,False,-6.237236971031365,106.82743234718856,21.314848279038795,True,
2026-07-25T01:45:53.165787+00:00,4312,-6.237042057899963,106.8269344210502,complex_corridor,FRC2,23,23,6,6,1,False,-6.237208807900389,106.82690797532604,18.770772040768108,True,
2026-07-25T01:45:53.465287+00:00,4383,-6.255330045001537,106.84307333999776,complex_corridor,FRC4,25,25,7,7,1,False,-6.255170245392188,106.84296367849294,21.509477825194235,True,
2026-07-25T01:45:53.768461+00:00,4421,-6.237577607899957,106.82686737105018,complex_corridor,FRC3,18,18,27,27,1,False,-6.237416698431964,106.82692406858013,18.95817050701808,True,
2026-07-25T01:45:54.073016+00:00,5234,-6.255677025000373,106.8431710999986,complex_corridor,FRC4,23,23,6,6,1,False,-6.25559934329838,106.84329627241084,16.310649749926508,True,
2026-07-25T01:45:54.372380+00:00,5259,-6.255508725000373,106.84360214999862,complex_corridor,FRC4,30,30,287,287,1,False,-6.255457199448482,106.84295563186589,71.6908067558573,True,
2026-07-25T01:45:54.677648+00:00,5296,-6.242909649999996,106.84406470000002,complex_corridor,FRC2,35,35,40,40,1,False,-6.24287098327402,106.84404058541264,5.0587612651154314,True,
2026-07-25T02:00:57.324098+00:00,703,-6.235444892859697,106.75583232857385,complex_corridor,FRC2,28,28,6,6,1.0,False,-6.235637002833079,106.75573958241279,23.694334982762854,True,
2026-07-25T02:00:57.615610+00:00,821,-6.288795825000754,106.77763638750048,complex_corridor,FRC1,31,31,35,35,1.0,False,-6.288676397337788,106.77774978959411,18.260596237349766,True,
2026-07-25T02:00:57.905790+00:00,1336,-6.235382350000007,106.7560557,complex_corridor,FRC2,27,27,9,9,1.0,False,-6.235851643158244,106.75634307944131,61.09133400248038,True,
2026-07-25T02:00:58.191678+00:00,2187,-6.234661449999994,106.7555585,complex_corridor,FRC2,39,39,18,18,1.0,False,-6.235295044618109,106.75596622907466,83.63486690954973,True,
2026-07-25T02:00:58.477117+00:00,2188,-6.233655599999991,106.75488135,complex_corridor,FRC2,30,30,32,32,1.0,False,-6.233742064909034,106.75495503627582,12.600808704103487,True,
2026-07-25T02:00:58.765983+00:00,2298,-6.288583799999989,106.77784095,complex_corridor,FRC1,34,40,411,350,1.0,False,-6.288634823320289,106.77780477487897,6.94084144102375,True,
2026-07-25T02:00:59.059555+00:00,2322,-6.2884621,106.7781152,complex_corridor,FRC1,21,26,66,53,0.99,False,-6.288455113550981,106.77822722279888,12.405765015820144,True,
2026-07-25T02:00:59.354695+00:00,2459,-6.23996075,106.79819865,complex_corridor,FRC3,28,28,405,405,1.0,False,-6.239927209643448,106.79835988366938,18.208192291717626,True,
2026-07-25T02:00:59.676889+00:00,2660,-6.288887410002579,106.77817204999796,complex_corridor,FRC1,15,15,29,29,1.0,False,-6.289080056713849,106.77821112954479,21.852459789678804,True,
2026-07-25T02:00:59.961728+00:00,2731,-6.240104349999994,106.79819525,complex_corridor,FRC1,21,21,285,285,1.0,False,-6.254711568502923,106.79717434728451,1628.1638385691926,False,
2026-07-25T02:01:00.249379+00:00,2979,-6.239918790000258,106.79844824999957,complex_corridor,FRC2,15,15,2,2,1.0,False,-6.239928542802509,106.79846583092547,2.2254395550977346,True,
2026-07-25T02:01:00.547074+00:00,3134,-6.2892448600025785,106.77855074999796,complex_corridor,FRC1,22,22,11,11,1.0,False,-6.289262432333267,106.778499467014,5.995427904385316,True,
2026-07-25T02:01:00.836231+00:00,3164,-6.239840140000258,106.79869149999956,complex_corridor,FRC2,24,24,145,145,1.0,False,-6.23981997364873,106.79856239045006,14.446370748590217,True,
2026-07-25T02:01:01.122125+00:00,3940,-6.242815700000143,106.84290446666662,complex_corridor,FRC2,21,21,19,19,1.0,False,-6.242610768682978,106.84288187111798,22.923789898286447,True,
2026-07-25T02:01:01.420726+00:00,3995,-6.2428431,106.8426503,complex_corridor,FRC2,32,32,8,8,1.0,False,-6.24270333943449,106.84230519617961,41.19038604817657,True,
2026-07-25T02:01:01.708952+00:00,4135,-6.242451300001405,106.84346441666648,complex_corridor,FRC3,27,27,15,15,1.0,False,-6.24264159782794,106.84303341592732,52.128779444682614,True,
2026-07-25T02:01:01.998835+00:00,4174,-6.242622250001264,106.84418269999986,complex_corridor,FRC3,21,21,14,14,1.0,False,-6.242365385288672,106.84405667866673,31.777844988721665,True,
2026-07-25T02:01:02.289850+00:00,4307,-6.237238257899974,106.8272395210502,complex_corridor,FRC2,21,21,6,6,1.0,False,-6.237236971031365,106.82743234718856,21.314848279038795,True,
2026-07-25T02:01:02.583961+00:00,4312,-6.237042057899963,106.8269344210502,complex_corridor,FRC2,23,23,6,6,1.0,False,-6.237208807900389,106.82690797532604,18.770772040768108,True,
2026-07-25T02:01:02.872407+00:00,4383,-6.255330045001537,106.84307333999776,complex_corridor,FRC4,25,25,7,7,1.0,False,-6.255170245392188,106.84296367849294,21.509477825194235,True,
2026-07-25T02:01:03.163767+00:00,4421,-6.237577607899957,106.82686737105018,complex_corridor,FRC3,18,18,27,27,1.0,False,-6.237416698431964,106.82692406858013,18.95817050701808,True,
2026-07-25T02:01:03.450162+00:00,5234,-6.255677025000373,106.8431710999986,complex_corridor,FRC4,23,23,6,6,1.0,False,-6.25559934329838,106.84329627241084,16.310649749926508,True,
2026-07-25T02:01:03.749482+00:00,5259,-6.255508725000373,106.84360214999862,complex_corridor,FRC4,30,30,287,287,1.0,False,-6.255457199448482,106.84295563186589,71.6908067558573,True,
2026-07-25T02:01:04.061591+00:00,5296,-6.242909649999996,106.84406470000002,complex_corridor,FRC2,25,34,56,41,1.0,False,-6.24287098327402,106.84404058541264,5.0587612651154314,True,
2026-07-25T02:15:47.408425+00:00,703,-6.235444892859697,106.75583232857385,complex_corridor,FRC2,28,28,6,6,1.0,False,-6.235637002833079,106.75573958241279,23.694334982762854,True,
2026-07-25T02:15:47.683717+00:00,821,-6.288795825000754,106.77763638750048,complex_corridor,FRC1,19,30,57,36,0.99,False,-6.288676397337788,106.77774978959411,18.260596237349766,True,
2026-07-25T02:15:47.972653+00:00,1336,-6.235382350000007,106.7560557,complex_corridor,FRC2,27,27,9,9,1.0,False,-6.235851643158244,106.75634307944131,61.09133400248038,True,
2026-07-25T02:15:48.256087+00:00,2187,-6.234661449999994,106.7555585,complex_corridor,FRC2,39,39,18,18,1.0,False,-6.235295044618109,106.75596622907466,83.63486690954973,True,
2026-07-25T02:15:48.526208+00:00,2188,-6.233655599999991,106.75488135,complex_corridor,FRC2,30,30,32,32,1.0,False,-6.233742064909034,106.75495503627582,12.600808704103487,True,
2026-07-25T02:15:48.799265+00:00,2298,-6.288583799999989,106.77784095,complex_corridor,FRC1,32,40,437,350,1.0,False,-6.288634823320289,106.77780477487897,6.94084144102375,True,
2026-07-25T02:15:49.075068+00:00,2322,-6.2884621,106.7781152,complex_corridor,FRC1,19,26,73,53,1.0,False,-6.288455113550981,106.77822722279888,12.405765015820144,True,
2026-07-25T02:15:49.347790+00:00,2459,-6.23996075,106.79819865,complex_corridor,FRC3,28,28,405,405,1.0,False,-6.239927209643448,106.79835988366938,18.208192291717626,True,
2026-07-25T02:15:49.625671+00:00,2660,-6.288887410002579,106.77817204999796,complex_corridor,FRC1,15,15,29,29,1.0,False,-6.289080056713849,106.77821112954479,21.852459789678804,True,
2026-07-25T02:15:49.920195+00:00,2731,-6.240104349999994,106.79819525,complex_corridor,FRC1,21,21,285,285,1.0,False,-6.254711568502923,106.79717434728451,1628.1638385691926,False,
2026-07-25T02:15:50.194187+00:00,2979,-6.239918790000258,106.79844824999957,complex_corridor,FRC2,15,15,2,2,1.0,False,-6.239928542802509,106.79846583092547,2.2254395550977346,True,
2026-07-25T02:15:50.464595+00:00,3134,-6.2892448600025785,106.77855074999796,complex_corridor,FRC1,22,22,11,11,1.0,False,-6.289262432333267,106.778499467014,5.995427904385316,True,
2026-07-25T02:15:50.735882+00:00,3164,-6.239840140000258,106.79869149999956,complex_corridor,FRC2,24,24,145,145,1.0,False,-6.23981997364873,106.79856239045006,14.446370748590217,True,
2026-07-25T02:15:51.006408+00:00,3940,-6.242815700000143,106.84290446666662,complex_corridor,FRC2,21,21,19,19,1.0,False,-6.242610768682978,106.84288187111798,22.923789898286447,True,
2026-07-25T02:15:51.278119+00:00,3995,-6.2428431,106.8426503,complex_corridor,FRC2,32,32,8,8,1.0,False,-6.24270333943449,106.84230519617961,41.19038604817657,True,
2026-07-25T02:15:51.554944+00:00,4135,-6.242451300001405,106.84346441666648,complex_corridor,FRC3,27,27,15,15,1.0,False,-6.24264159782794,106.84303341592732,52.128779444682614,True,
2026-07-25T02:15:51.827873+00:00,4174,-6.242622250001264,106.84418269999986,complex_corridor,FRC3,21,21,14,14,1.0,False,-6.242365385288672,106.84405667866673,31.777844988721665,True,
2026-07-25T02:15:52.101246+00:00,4307,-6.237238257899974,106.8272395210502,complex_corridor,FRC2,21,21,6,6,1.0,False,-6.237236971031365,106.82743234718856,21.314848279038795,True,
2026-07-25T02:15:52.373230+00:00,4312,-6.237042057899963,106.8269344210502,complex_corridor,FRC2,23,23,6,6,1.0,False,-6.237208807900389,106.82690797532604,18.770772040768108,True,
2026-07-25T02:15:52.645360+00:00,4383,-6.255330045001537,106.84307333999776,complex_corridor,FRC4,25,25,7,7,1.0,False,-6.255170245392188,106.84296367849294,21.509477825194235,True,
2026-07-25T02:15:52.971350+00:00,4421,-6.237577607899957,106.82686737105018,complex_corridor,FRC3,18,18,27,27,1.0,False,-6.237416698431964,106.82692406858013,18.95817050701808,True,
2026-07-25T02:15:53.245303+00:00,5234,-6.255677025000373,106.8431710999986,complex_corridor,FRC4,23,23,6,6,1.0,False,-6.25559934329838,106.84329627241084,16.310649749926508,True,
2026-07-25T02:15:53.519338+00:00,5259,-6.255508725000373,106.84360214999862,complex_corridor,FRC4,30,30,287,287,1.0,False,-6.255457199448482,106.84295563186589,71.6908067558573,True,
2026-07-25T02:15:53.797672+00:00,5296,-6.242909649999996,106.84406470000002,complex_corridor,FRC2,27,35,52,40,1.0,False,-6.24287098327402,106.84404058541264,5.0587612651154314,True,
2026-07-25T02:30:53.709983+00:00,703,-6.235444892859697,106.75583232857385,complex_corridor,FRC2,28,28,6,6,1.0,False,-6.235637002833079,106.75573958241279,23.694334982762854,True,
2026-07-25T02:30:53.993460+00:00,821,-6.288795825000754,106.77763638750048,complex_corridor,FRC1,31,31,35,35,1.0,False,-6.288676397337788,106.77774978959411,18.260596237349766,True,
2026-07-25T02:30:54.268546+00:00,1336,-6.235382350000007,106.7560557,complex_corridor,FRC2,12,26,22,10,0.98,False,-6.235851643158244,106.75634307944131,61.09133400248038,True,
2026-07-25T02:30:54.540236+00:00,2187,-6.234661449999994,106.7555585,complex_corridor,FRC2,39,39,18,18,1.0,False,-6.235295044618109,106.75596622907466,83.63486690954973,True,
2026-07-25T02:30:54.814273+00:00,2188,-6.233655599999991,106.75488135,complex_corridor,FRC2,30,30,32,32,1.0,False,-6.233742064909034,106.75495503627582,12.600808704103487,True,
2026-07-25T02:30:55.088496+00:00,2298,-6.288583799999989,106.77784095,complex_corridor,FRC1,32,40,437,350,1.0,False,-6.288634823320289,106.77780477487897,6.94084144102375,True,
2026-07-25T02:30:55.384419+00:00,2322,-6.2884621,106.7781152,complex_corridor,FRC1,21,26,66,53,1.0,False,-6.288455113550981,106.77822722279888,12.405765015820144,True,
2026-07-25T02:30:55.666732+00:00,2459,-6.23996075,106.79819865,complex_corridor,FRC3,20,27,568,420,1.0,False,-6.239927209643448,106.79835988366938,18.208192291717626,True,
2026-07-25T02:30:55.939827+00:00,2660,-6.288887410002579,106.77817204999796,complex_corridor,FRC1,11,15,40,29,1.0,False,-6.289080056713849,106.77821112954479,21.852459789678804,True,
2026-07-25T02:30:56.215874+00:00,2731,-6.240104349999994,106.79819525,complex_corridor,FRC1,16,20,375,300,1.0,False,-6.254711568502923,106.79717434728451,1628.1638385691926,False,
2026-07-25T02:30:56.489058+00:00,2979,-6.239918790000258,106.79844824999957,complex_corridor,FRC2,10,15,4,2,1.0,False,-6.239928542802509,106.79846583092547,2.2254395550977346,True,
2026-07-25T02:30:56.758496+00:00,3134,-6.2892448600025785,106.77855074999796,complex_corridor,FRC1,17,22,15,11,1.0,False,-6.289262432333267,106.778499467014,5.995427904385316,True,
2026-07-25T02:30:57.026273+00:00,3164,-6.239840140000258,106.79869149999956,complex_corridor,FRC2,24,24,145,145,1.0,False,-6.23981997364873,106.79856239045006,14.446370748590217,True,
2026-07-25T02:30:57.300643+00:00,3940,-6.242815700000143,106.84290446666662,complex_corridor,FRC2,21,21,19,19,1.0,False,-6.242610768682978,106.84288187111798,22.923789898286447,True,
2026-07-25T02:30:57.569393+00:00,3995,-6.2428431,106.8426503,complex_corridor,FRC2,32,32,8,8,1.0,False,-6.24270333943449,106.84230519617961,41.19038604817657,True,
2026-07-25T02:30:57.838129+00:00,4135,-6.242451300001405,106.84346441666648,complex_corridor,FRC3,27,27,15,15,1.0,False,-6.24264159782794,106.84303341592732,52.128779444682614,True,
2026-07-25T02:30:58.116230+00:00,4174,-6.242622250001264,106.84418269999986,complex_corridor,FRC3,17,21,17,14,0.99,False,-6.242365385288672,106.84405667866673,31.777844988721665,True,
2026-07-25T02:30:58.393324+00:00,4307,-6.237238257899974,106.8272395210502,complex_corridor,FRC2,21,21,6,6,1.0,False,-6.237236971031365,106.82743234718856,21.314848279038795,True,
2026-07-25T02:30:58.673618+00:00,4312,-6.237042057899963,106.8269344210502,complex_corridor,FRC2,9,22,16,6,1.0,False,-6.237208807900389,106.82690797532604,18.770772040768108,True,
2026-07-25T02:30:58.953462+00:00,4383,-6.255330045001537,106.84307333999776,complex_corridor,FRC4,25,25,7,7,1.0,False,-6.255170245392188,106.84296367849294,21.509477825194235,True,
2026-07-25T02:30:59.223082+00:00,4421,-6.237577607899957,106.82686737105018,complex_corridor,FRC3,18,18,27,27,1.0,False,-6.237416698431964,106.82692406858013,18.95817050701808,True,
2026-07-25T02:30:59.492194+00:00,5234,-6.255677025000373,106.8431710999986,complex_corridor,FRC4,23,23,6,6,1.0,False,-6.25559934329838,106.84329627241084,16.310649749926508,True,
2026-07-25T02:30:59.762806+00:00,5259,-6.255508725000373,106.84360214999862,complex_corridor,FRC4,28,30,307,287,0.997256,False,-6.255457199448482,106.84295563186589,71.6908067558573,True,
2026-07-25T02:31:00.037960+00:00,5296,-6.242909649999996,106.84406470000002,complex_corridor,FRC2,20,34,71,41,1.0,False,-6.24287098327402,106.84404058541264,5.0587612651154314,True,
2026-07-25T02:45:54.051856+00:00,703,-6.235444892859697,106.75583232857385,complex_corridor,FRC2,28,28,6,6,1.0,False,-6.235637002833079,106.75573958241279,23.694334982762854,True,
2026-07-25T02:45:54.328573+00:00,821,-6.288795825000754,106.77763638750048,complex_corridor,FRC1,31,31,35,35,1.0,False,-6.288676397337788,106.77774978959411,18.260596237349766,True,
2026-07-25T02:45:54.597756+00:00,1336,-6.235382350000007,106.7560557,complex_corridor,FRC2,27,27,9,9,1.0,False,-6.235851643158244,106.75634307944131,61.09133400248038,True,
2026-07-25T02:45:54.874074+00:00,2187,-6.234661449999994,106.7555585,complex_corridor,FRC2,39,39,18,18,1.0,False,-6.235295044618109,106.75596622907466,83.63486690954973,True,
2026-07-25T02:45:55.139489+00:00,2188,-6.233655599999991,106.75488135,complex_corridor,FRC2,30,30,32,32,1.0,False,-6.233742064909034,106.75495503627582,12.600808704103487,True,
2026-07-25T02:45:55.402779+00:00,2298,-6.288583799999989,106.77784095,complex_corridor,FRC1,34,41,411,341,1.0,False,-6.288634823320289,106.77780477487897,6.94084144102375,True,
2026-07-25T02:45:55.667338+00:00,2322,-6.2884621,106.7781152,complex_corridor,FRC1,21,26,66,53,1.0,False,-6.288455113550981,106.77822722279888,12.405765015820144,True,
2026-07-25T02:45:55.930317+00:00,2459,-6.23996075,106.79819865,complex_corridor,FRC3,20,27,568,420,1.0,False,-6.239927209643448,106.79835988366938,18.208192291717626,True,
2026-07-25T02:45:56.196116+00:00,2660,-6.288887410002579,106.77817204999796,complex_corridor,FRC1,7,14,63,31,1.0,False,-6.289080056713849,106.77821112954479,21.852459789678804,True,
2026-07-25T02:45:56.463613+00:00,2731,-6.240104349999994,106.79819525,complex_corridor,FRC1,21,21,285,285,1.0,False,-6.254711568502923,106.79717434728451,1628.1638385691926,False,
2026-07-25T02:45:56.727397+00:00,2979,-6.239918790000258,106.79844824999957,complex_corridor,FRC2,10,13,4,3,1.0,False,-6.239928542802509,106.79846583092547,2.2254395550977346,True,
2026-07-25T02:45:56.995624+00:00,3134,-6.2892448600025785,106.77855074999796,complex_corridor,FRC1,22,22,11,11,1.0,False,-6.289262432333267,106.778499467014,5.995427904385316,True,
2026-07-25T02:45:57.350510+00:00,3164,-6.239840140000258,106.79869149999956,complex_corridor,FRC2,24,24,145,145,1.0,False,-6.23981997364873,106.79856239045006,14.446370748590217,True,
2026-07-25T02:45:57.614094+00:00,3940,-6.242815700000143,106.84290446666662,complex_corridor,FRC2,21,21,19,19,1.0,False,-6.242610768682978,106.84288187111798,22.923789898286447,True,
2026-07-25T02:45:57.882446+00:00,3995,-6.2428431,106.8426503,complex_corridor,FRC2,32,32,8,8,1.0,False,-6.24270333943449,106.84230519617961,41.19038604817657,True,
2026-07-25T02:45:58.147162+00:00,4135,-6.242451300001405,106.84346441666648,complex_corridor,FRC3,27,27,15,15,1.0,False,-6.24264159782794,106.84303341592732,52.128779444682614,True,
2026-07-25T02:45:58.415406+00:00,4174,-6.242622250001264,106.84418269999986,complex_corridor,FRC3,21,21,14,14,1.0,False,-6.242365385288672,106.84405667866673,31.777844988721665,True,
2026-07-25T02:45:58.679883+00:00,4307,-6.237238257899974,106.8272395210502,complex_corridor,FRC2,21,21,6,6,1.0,False,-6.237236971031365,106.82743234718856,21.314848279038795,True,
2026-07-25T02:45:58.946460+00:00,4312,-6.237042057899963,106.8269344210502,complex_corridor,FRC2,23,23,6,6,1.0,False,-6.237208807900389,106.82690797532604,18.770772040768108,True,
2026-07-25T02:45:59.207265+00:00,4383,-6.255330045001537,106.84307333999776,complex_corridor,FRC4,19,25,9,7,1.0,False,-6.255170245392188,106.84296367849294,21.509477825194235,True,
2026-07-25T02:45:59.471912+00:00,4421,-6.237577607899957,106.82686737105018,complex_corridor,FRC3,18,18,27,27,1.0,False,-6.237416698431964,106.82692406858013,18.95817050701808,True,
2026-07-25T02:45:59.752069+00:00,5234,-6.255677025000373,106.8431710999986,complex_corridor,FRC4,23,23,6,6,1.0,False,-6.25559934329838,106.84329627241084,16.310649749926508,True,
2026-07-25T02:46:00.026517+00:00,5259,-6.255508725000373,106.84360214999862,complex_corridor,FRC4,24,29,359,297,0.990472,False,-6.255457199448482,106.84295563186589,71.6908067558573,True,
2026-07-25T02:46:00.307158+00:00,5296,-6.242909649999996,106.84406470000002,complex_corridor,FRC2,19,35,74,40,1.0,False,-6.24287098327402,106.84404058541264,5.0587612651154314,True,
2026-07-25T03:01:04.402890+00:00,703,-6.235444892859697,106.75583232857385,complex_corridor,FRC2,28,28,6,6,1.0,False,-6.235637002833079,106.75573958241279,23.694334982762854,True,
2026-07-25T03:01:04.694412+00:00,821,-6.288795825000754,106.77763638750048,complex_corridor,FRC1,31,31,35,35,1.0,False,-6.288676397337788,106.77774978959411,18.260596237349766,True,
2026-07-25T03:01:04.982000+00:00,1336,-6.235382350000007,106.7560557,complex_corridor,FRC2,27,27,9,9,1.0,False,-6.235851643158244,106.75634307944131,61.09133400248038,True,
2026-07-25T03:01:05.268858+00:00,2187,-6.234661449999994,106.7555585,complex_corridor,FRC2,39,39,18,18,1.0,False,-6.235295044618109,106.75596622907466,83.63486690954973,True,
2026-07-25T03:01:05.572753+00:00,2188,-6.233655599999991,106.75488135,complex_corridor,FRC2,30,30,32,32,1.0,False,-6.233742064909034,106.75495503627582,12.600808704103487,True,
2026-07-25T03:01:05.860218+00:00,2298,-6.288583799999989,106.77784095,complex_corridor,FRC1,32,41,437,341,1.0,False,-6.288634823320289,106.77780477487897,6.94084144102375,True,
2026-07-25T03:01:06.157548+00:00,2322,-6.2884621,106.7781152,complex_corridor,FRC1,21,26,66,53,0.99,False,-6.288455113550981,106.77822722279888,12.405765015820144,True,
2026-07-25T03:01:06.465971+00:00,2459,-6.23996075,106.79819865,complex_corridor,FRC3,18,27,631,420,1.0,False,-6.239927209643448,106.79835988366938,18.208192291717626,True,
2026-07-25T03:01:06.750825+00:00,2660,-6.288887410002579,106.77817204999796,complex_corridor,FRC1,11,14,40,31,1.0,False,-6.289080056713849,106.77821112954479,21.852459789678804,True,
2026-07-25T03:01:07.041767+00:00,2731,-6.240104349999994,106.79819525,complex_corridor,FRC1,17,21,353,285,1.0,False,-6.254711568502923,106.79717434728451,1628.1638385691926,False,
2026-07-25T03:01:07.331220+00:00,2979,-6.239918790000258,106.79844824999957,complex_corridor,FRC2,6,13,7,3,1.0,False,-6.239928542802509,106.79846583092547,2.2254395550977346,True,
2026-07-25T03:01:07.617189+00:00,3134,-6.2892448600025785,106.77855074999796,complex_corridor,FRC1,22,22,11,11,1.0,False,-6.289262432333267,106.778499467014,5.995427904385316,True,
2026-07-25T03:01:07.910458+00:00,3164,-6.239840140000258,106.79869149999956,complex_corridor,FRC2,24,24,145,145,1.0,False,-6.23981997364873,106.79856239045006,14.446370748590217,True,
2026-07-25T03:01:08.219707+00:00,3940,-6.242815700000143,106.84290446666662,complex_corridor,FRC2,21,21,19,19,1.0,False,-6.242610768682978,106.84288187111798,22.923789898286447,True,
2026-07-25T03:01:08.511474+00:00,3995,-6.2428431,106.8426503,complex_corridor,FRC2,32,32,8,8,1.0,False,-6.24270333943449,106.84230519617961,41.19038604817657,True,
2026-07-25T03:01:08.798442+00:00,4135,-6.242451300001405,106.84346441666648,complex_corridor,FRC3,27,27,15,15,1.0,False,-6.24264159782794,106.84303341592732,52.128779444682614,True,
2026-07-25T03:01:09.085705+00:00,4174,-6.242622250001264,106.84418269999986,complex_corridor,FRC3,21,21,14,14,1.0,False,-6.242365385288672,106.84405667866673,31.777844988721665,True,
2026-07-25T03:01:09.370075+00:00,4307,-6.237238257899974,106.8272395210502,complex_corridor,FRC2,21,21,6,6,1.0,False,-6.237236971031365,106.82743234718856,21.314848279038795,True,
2026-07-25T03:01:09.655518+00:00,4312,-6.237042057899963,106.8269344210502,complex_corridor,FRC2,23,23,6,6,1.0,False,-6.237208807900389,106.82690797532604,18.770772040768108,True,
2026-07-25T03:01:09.943069+00:00,4383,-6.255330045001537,106.84307333999776,complex_corridor,FRC4,25,25,7,7,1.0,False,-6.255170245392188,106.84296367849294,21.509477825194235,True,
2026-07-25T03:01:10.239971+00:00,4421,-6.237577607899957,106.82686737105018,complex_corridor,FRC3,10,17,49,28,1.0,False,-6.237416698431964,106.82692406858013,18.95817050701808,True,
2026-07-25T03:01:10.533498+00:00,5234,-6.255677025000373,106.8431710999986,complex_corridor,FRC4,23,23,6,6,1.0,False,-6.25559934329838,106.84329627241084,16.310649749926508,True,
2026-07-25T03:01:10.817966+00:00,5259,-6.255508725000373,106.84360214999862,complex_corridor,FRC4,23,29,374,297,0.994173,False,-6.255457199448482,106.84295563186589,71.6908067558573,True,
2026-07-25T03:01:11.108012+00:00,5296,-6.242909649999996,106.84406470000002,complex_corridor,FRC2,15,36,94,39,1.0,False,-6.24287098327402,106.84404058541264,5.0587612651154314,True,
2026-07-25T03:15:47.928319+00:00,703,-6.235444892859697,106.75583232857385,complex_corridor,FRC2,28,28,6,6,1.0,False,-6.235637002833079,106.75573958241279,23.694334982762854,True,
2026-07-25T03:15:48.200823+00:00,821,-6.288795825000754,106.77763638750048,complex_corridor,FRC1,31,31,35,35,1.0,False,-6.288676397337788,106.77774978959411,18.260596237349766,True,
2026-07-25T03:15:48.470873+00:00,1336,-6.235382350000007,106.7560557,complex_corridor,FRC2,27,27,9,9,1.0,False,-6.235851643158244,106.75634307944131,61.09133400248038,True,
2026-07-25T03:15:48.741296+00:00,2187,-6.234661449999994,106.7555585,complex_corridor,FRC2,39,39,18,18,1.0,False,-6.235295044618109,106.75596622907466,83.63486690954973,True,
2026-07-25T03:15:49.015392+00:00,2188,-6.233655599999991,106.75488135,complex_corridor,FRC2,30,30,32,32,1.0,False,-6.233742064909034,106.75495503627582,12.600808704103487,True,
2026-07-25T03:15:49.283484+00:00,2298,-6.288583799999989,106.77784095,complex_corridor,FRC1,31,40,451,350,1.0,False,-6.288634823320289,106.77780477487897,6.94084144102375,True,
2026-07-25T03:15:49.551526+00:00,2322,-6.2884621,106.7781152,complex_corridor,FRC1,18,25,77,56,0.99,False,-6.288455113550981,106.77822722279888,12.405765015820144,True,
2026-07-25T03:15:49.822429+00:00,2459,-6.23996075,106.79819865,complex_corridor,FRC3,20,27,568,420,1.0,False,-6.239927209643448,106.79835988366938,18.208192291717626,True,
2026-07-25T03:15:50.089692+00:00,2660,-6.288887410002579,106.77817204999796,complex_corridor,FRC1,12,15,37,29,1.0,False,-6.289080056713849,106.77821112954479,21.852459789678804,True,
2026-07-25T03:15:50.359944+00:00,2731,-6.240104349999994,106.79819525,complex_corridor,FRC1,21,21,285,285,1.0,False,-6.254711568502923,106.79717434728451,1628.1638385691926,False,
2026-07-25T03:15:50.628807+00:00,2979,-6.239918790000258,106.79844824999957,complex_corridor,FRC2,15,15,2,2,1.0,False,-6.239928542802509,106.79846583092547,2.2254395550977346,True,
2026-07-25T03:15:50.911097+00:00,3134,-6.2892448600025785,106.77855074999796,complex_corridor,FRC1,22,22,11,11,1.0,False,-6.289262432333267,106.778499467014,5.995427904385316,True,
2026-07-25T03:15:51.178371+00:00,3164,-6.239840140000258,106.79869149999956,complex_corridor,FRC2,24,24,145,145,1.0,False,-6.23981997364873,106.79856239045006,14.446370748590217,True,
2026-07-25T03:15:51.443082+00:00,3940,-6.242815700000143,106.84290446666662,complex_corridor,FRC2,21,21,19,19,1.0,False,-6.242610768682978,106.84288187111798,22.923789898286447,True,
2026-07-25T03:15:51.705968+00:00,3995,-6.2428431,106.8426503,complex_corridor,FRC2,32,32,8,8,1.0,False,-6.24270333943449,106.84230519617961,41.19038604817657,True,
2026-07-25T03:15:51.971274+00:00,4135,-6.242451300001405,106.84346441666648,complex_corridor,FRC3,27,27,15,15,1.0,False,-6.24264159782794,106.84303341592732,52.128779444682614,True,
2026-07-25T03:15:52.241174+00:00,4174,-6.242622250001264,106.84418269999986,complex_corridor,FRC3,21,21,14,14,1.0,False,-6.242365385288672,106.84405667866673,31.777844988721665,True,
2026-07-25T03:15:52.507535+00:00,4307,-6.237238257899974,106.8272395210502,complex_corridor,FRC2,21,21,6,6,1.0,False,-6.237236971031365,106.82743234718856,21.314848279038795,True,
2026-07-25T03:15:52.775574+00:00,4312,-6.237042057899963,106.8269344210502,complex_corridor,FRC2,23,23,6,6,1.0,False,-6.237208807900389,106.82690797532604,18.770772040768108,True,
2026-07-25T03:15:53.041380+00:00,4383,-6.255330045001537,106.84307333999776,complex_corridor,FRC4,25,25,7,7,1.0,False,-6.255170245392188,106.84296367849294,21.509477825194235,True,
2026-07-25T03:15:53.304226+00:00,4421,-6.237577607899957,106.82686737105018,complex_corridor,FRC3,18,18,27,27,1.0,False,-6.237416698431964,106.82692406858013,18.95817050701808,True,
2026-07-25T03:15:53.577813+00:00,5234,-6.255677025000373,106.8431710999986,complex_corridor,FRC4,23,23,6,6,1.0,False,-6.25559934329838,106.84329627241084,16.310649749926508,True,
2026-07-25T03:15:53.842567+00:00,5259,-6.255508725000373,106.84360214999862,complex_corridor,FRC4,24,30,359,287,0.997256,False,-6.255457199448482,106.84295563186589,71.6908067558573,True,
2026-07-25T03:15:54.108901+00:00,5296,-6.242909649999996,106.84406470000002,complex_corridor,FRC2,13,36,109,39,1.0,False,-6.24287098327402,106.84404058541264,5.0587612651154314,True,
2026-07-25T03:30:52.831936+00:00,703,-6.235444892859697,106.75583232857385,complex_corridor,FRC2,28,28,6,6,1.0,False,-6.235637002833079,106.75573958241279,23.694334982762854,True,
2026-07-25T03:30:53.120553+00:00,821,-6.288795825000754,106.77763638750048,complex_corridor,FRC1,23,30,47,36,0.99,False,-6.288676397337788,106.77774978959411,18.260596237349766,True,
2026-07-25T03:30:53.408856+00:00,1336,-6.235382350000007,106.7560557,complex_corridor,FRC2,27,27,9,9,1.0,False,-6.235851643158244,106.75634307944131,61.09133400248038,True,
2026-07-25T03:30:53.701965+00:00,2187,-6.234661449999994,106.7555585,complex_corridor,FRC2,39,39,18,18,1.0,False,-6.235295044618109,106.75596622907466,83.63486690954973,True,
2026-07-25T03:30:53.991285+00:00,2188,-6.233655599999991,106.75488135,complex_corridor,FRC2,30,30,32,32,1.0,False,-6.233742064909034,106.75495503627582,12.600808704103487,True,
2026-07-25T03:30:54.281289+00:00,2298,-6.288583799999989,106.77784095,complex_corridor,FRC1,28,40,500,350,1.0,False,-6.288634823320289,106.77780477487897,6.94084144102375,True,
2026-07-25T03:30:54.568918+00:00,2322,-6.2884621,106.7781152,complex_corridor,FRC1,14,25,100,56,1.0,False,-6.288455113550981,106.77822722279888,12.405765015820144,True,
2026-07-25T03:30:54.863006+00:00,2459,-6.23996075,106.79819865,complex_corridor,FRC3,22,27,516,420,1.0,False,-6.239927209643448,106.79835988366938,18.208192291717626,True,
2026-07-25T03:30:55.148718+00:00,2660,-6.288887410002579,106.77817204999796,complex_corridor,FRC1,9,14,49,31,1.0,False,-6.289080056713849,106.77821112954479,21.852459789678804,True,
2026-07-25T03:30:55.443619+00:00,2731,-6.240104349999994,106.79819525,complex_corridor,FRC1,21,21,285,285,1.0,False,-6.254711568502923,106.79717434728451,1628.1638385691926,False,
2026-07-25T03:30:55.730453+00:00,2979,-6.239918790000258,106.79844824999957,complex_corridor,FRC2,6,16,7,2,1.0,False,-6.239928542802509,106.79846583092547,2.2254395550977346,True,
2026-07-25T03:30:56.017913+00:00,3134,-6.2892448600025785,106.77855074999796,complex_corridor,FRC1,22,22,11,11,1.0,False,-6.289262432333267,106.778499467014,5.995427904385316,True,
2026-07-25T03:30:56.303314+00:00,3164,-6.239840140000258,106.79869149999956,complex_corridor,FRC2,24,24,145,145,1.0,False,-6.23981997364873,106.79856239045006,14.446370748590217,True,
2026-07-25T03:30:56.588131+00:00,3940,-6.242815700000143,106.84290446666662,complex_corridor,FRC2,21,21,19,19,1.0,False,-6.242610768682978,106.84288187111798,22.923789898286447,True,
2026-07-25T03:30:56.886946+00:00,3995,-6.2428431,106.8426503,complex_corridor,FRC2,32,32,8,8,1.0,False,-6.24270333943449,106.84230519617961,41.19038604817657,True,
2026-07-25T03:30:57.173302+00:00,4135,-6.242451300001405,106.84346441666648,complex_corridor,FRC3,27,27,15,15,1.0,False,-6.24264159782794,106.84303341592732,52.128779444682614,True,
2026-07-25T03:30:57.458807+00:00,4174,-6.242622250001264,106.84418269999986,complex_corridor,FRC3,21,21,14,14,1.0,False,-6.242365385288672,106.84405667866673,31.777844988721665,True,
2026-07-25T03:30:57.746772+00:00,4307,-6.237238257899974,106.8272395210502,complex_corridor,FRC2,21,21,6,6,1.0,False,-6.237236971031365,106.82743234718856,21.314848279038795,True,
2026-07-25T03:30:58.032692+00:00,4312,-6.237042057899963,106.8269344210502,complex_corridor,FRC2,23,23,6,6,1.0,False,-6.237208807900389,106.82690797532604,18.770772040768108,True,
2026-07-25T03:30:58.321624+00:00,4383,-6.255330045001537,106.84307333999776,complex_corridor,FRC4,25,25,7,7,1.0,False,-6.255170245392188,106.84296367849294,21.509477825194235,True,
2026-07-25T03:30:58.609860+00:00,4421,-6.237577607899957,106.82686737105018,complex_corridor,FRC3,18,18,27,27,1.0,False,-6.237416698431964,106.82692406858013,18.95817050701808,True,
2026-07-25T03:30:58.898787+00:00,5234,-6.255677025000373,106.8431710999986,complex_corridor,FRC4,23,23,6,6,1.0,False,-6.25559934329838,106.84329627241084,16.310649749926508,True,
2026-07-25T03:30:59.184707+00:00,5259,-6.255508725000373,106.84360214999862,complex_corridor,FRC4,26,30,331,287,0.997256,False,-6.255457199448482,106.84295563186589,71.6908067558573,True,
2026-07-25T03:30:59.469998+00:00,5296,-6.242909649999996,106.84406470000002,complex_corridor,FRC2,14,35,101,40,1.0,False,-6.24287098327402,106.84404058541264,5.0587612651154314,True,
2026-07-25T03:45:48.960195+00:00,703,-6.235444892859697,106.75583232857385,complex_corridor,FRC2,28,28,6,6,1,False,-6.235637002833079,106.75573958241279,23.694334982762854,True,
2026-07-25T03:45:49.232507+00:00,821,-6.288795825000754,106.77763638750048,complex_corridor,FRC1,31,31,35,35,1,False,-6.288676397337788,106.77774978959411,18.260596237349766,True,
2026-07-25T03:45:49.500239+00:00,1336,-6.235382350000007,106.7560557,complex_corridor,FRC2,27,27,9,9,1,False,-6.235851643158244,106.75634307944131,61.09133400248038,True,
2026-07-25T03:45:49.769183+00:00,2187,-6.234661449999994,106.7555585,complex_corridor,FRC2,39,39,18,18,1,False,-6.235295044618109,106.75596622907466,83.63486690954973,True,
2026-07-25T03:45:50.035350+00:00,2188,-6.233655599999991,106.75488135,complex_corridor,FRC2,30,30,32,32,1,False,-6.233742064909034,106.75495503627582,12.600808704103487,True,
2026-07-25T03:45:50.355842+00:00,2298,-6.288583799999989,106.77784095,complex_corridor,FRC1,26,40,538,350,1,False,-6.288634823320289,106.77780477487897,6.94084144102375,True,
2026-07-25T03:45:50.624720+00:00,2322,-6.2884621,106.7781152,complex_corridor,FRC1,17,26,82,53,1,False,-6.288455113550981,106.77822722279888,12.405765015820144,True,
2026-07-25T03:45:50.886584+00:00,2459,-6.23996075,106.79819865,complex_corridor,FRC3,18,27,631,420,1,False,-6.239927209643448,106.79835988366938,18.208192291717626,True,
2026-07-25T03:45:51.151155+00:00,2660,-6.288887410002579,106.77817204999796,complex_corridor,FRC1,8,14,55,31,1,False,-6.289080056713849,106.77821112954479,21.852459789678804,True,
2026-07-25T03:45:51.420140+00:00,2731,-6.240104349999994,106.79819525,complex_corridor,FRC1,14,20,428,300,1,False,-6.254711568502923,106.79717434728451,1628.1638385691926,False,
2026-07-25T03:45:51.699916+00:00,2979,-6.239918790000258,106.79844824999957,complex_corridor,FRC2,5,16,8,2,1,False,-6.239928542802509,106.79846583092547,2.2254395550977346,True,
2026-07-25T03:45:51.962989+00:00,3134,-6.2892448600025785,106.77855074999796,complex_corridor,FRC1,14,21,18,12,1,False,-6.289262432333267,106.778499467014,5.995427904385316,True,
2026-07-25T03:45:52.228822+00:00,3164,-6.239840140000258,106.79869149999956,complex_corridor,FRC2,24,24,145,145,1,False,-6.23981997364873,106.79856239045006,14.446370748590217,True,
2026-07-25T03:45:52.494998+00:00,3940,-6.242815700000143,106.84290446666662,complex_corridor,FRC2,21,21,19,19,1,False,-6.242610768682978,106.84288187111798,22.923789898286447,True,
2026-07-25T03:45:52.759447+00:00,3995,-6.2428431,106.8426503,complex_corridor,FRC2,32,32,8,8,1,False,-6.24270333943449,106.84230519617961,41.19038604817657,True,
2026-07-25T03:45:53.021865+00:00,4135,-6.242451300001405,106.84346441666648,complex_corridor,FRC3,27,27,15,15,1,False,-6.24264159782794,106.84303341592732,52.128779444682614,True,
2026-07-25T03:45:53.287651+00:00,4174,-6.242622250001264,106.84418269999986,complex_corridor,FRC3,21,21,14,14,1,False,-6.242365385288672,106.84405667866673,31.777844988721665,True,
2026-07-25T03:45:53.551886+00:00,4307,-6.237238257899974,106.8272395210502,complex_corridor,FRC2,21,21,6,6,1,False,-6.237236971031365,106.82743234718856,21.314848279038795,True,
2026-07-25T03:45:53.814163+00:00,4312,-6.237042057899963,106.8269344210502,complex_corridor,FRC2,23,23,6,6,1,False,-6.237208807900389,106.82690797532604,18.770772040768108,True,
2026-07-25T03:45:54.097454+00:00,4383,-6.255330045001537,106.84307333999776,complex_corridor,FRC4,25,25,7,7,1,False,-6.255170245392188,106.84296367849294,21.509477825194235,True,
2026-07-25T03:45:54.364868+00:00,4421,-6.237577607899957,106.82686737105018,complex_corridor,FRC3,18,18,27,27,1,False,-6.237416698431964,106.82692406858013,18.95817050701808,True,
2026-07-25T03:45:54.629357+00:00,5234,-6.255677025000373,106.8431710999986,complex_corridor,FRC4,23,23,6,6,1,False,-6.25559934329838,106.84329627241084,16.310649749926508,True,
2026-07-25T03:45:54.893008+00:00,5259,-6.255508725000373,106.84360214999862,complex_corridor,FRC4,30,30,287,287,1,False,-6.255457199448482,106.84295563186589,71.6908067558573,True,
2026-07-25T03:45:55.156246+00:00,5296,-6.242909649999996,106.84406470000002,complex_corridor,FRC2,14,35,101,40,1,False,-6.24287098327402,106.84404058541264,5.0587612651154314,True,
2026-07-25T04:01:00.055038+00:00,703,-6.235444892859697,106.75583232857385,complex_corridor,FRC2,28,28,6,6,1.0,False,-6.235637002833079,106.75573958241279,23.694334982762854,True,
2026-07-25T04:01:00.328047+00:00,821,-6.288795825000754,106.77763638750048,complex_corridor,FRC1,31,31,35,35,1.0,False,-6.288676397337788,106.77774978959411,18.260596237349766,True,
2026-07-25T04:01:00.594162+00:00,1336,-6.235382350000007,106.7560557,complex_corridor,FRC2,27,27,9,9,1.0,False,-6.235851643158244,106.75634307944131,61.09133400248038,True,
2026-07-25T04:01:00.864883+00:00,2187,-6.234661449999994,106.7555585,complex_corridor,FRC2,39,39,18,18,1.0,False,-6.235295044618109,106.75596622907466,83.63486690954973,True,
2026-07-25T04:01:01.132907+00:00,2188,-6.233655599999991,106.75488135,complex_corridor,FRC2,30,30,32,32,1.0,False,-6.233742064909034,106.75495503627582,12.600808704103487,True,
2026-07-25T04:01:01.400015+00:00,2298,-6.288583799999989,106.77784095,complex_corridor,FRC1,29,40,482,350,1.0,False,-6.288634823320289,106.77780477487897,6.94084144102375,True,
2026-07-25T04:01:01.665705+00:00,2322,-6.2884621,106.7781152,complex_corridor,FRC1,11,25,127,56,1.0,False,-6.288455113550981,106.77822722279888,12.405765015820144,True,
2026-07-25T04:01:01.937864+00:00,2459,-6.23996075,106.79819865,complex_corridor,FRC3,20,28,568,405,1.0,False,-6.239927209643448,106.79835988366938,18.208192291717626,True,
2026-07-25T04:01:02.202238+00:00,2660,-6.288887410002579,106.77817204999796,complex_corridor,FRC1,15,15,29,29,1.0,False,-6.289080056713849,106.77821112954479,21.852459789678804,True,
2026-07-25T04:01:02.475547+00:00,2731,-6.240104349999994,106.79819525,complex_corridor,FRC1,13,20,461,300,1.0,False,-6.254711568502923,106.79717434728451,1628.1638385691926,False,
2026-07-25T04:01:02.748619+00:00,2979,-6.239918790000258,106.79844824999957,complex_corridor,FRC2,11,15,3,2,1.0,False,-6.239928542802509,106.79846583092547,2.2254395550977346,True,
2026-07-25T04:01:03.016075+00:00,3134,-6.2892448600025785,106.77855074999796,complex_corridor,FRC1,12,21,21,12,1.0,False,-6.289262432333267,106.778499467014,5.995427904385316,True,
2026-07-25T04:01:03.282354+00:00,3164,-6.239840140000258,106.79869149999956,complex_corridor,FRC2,24,24,145,145,1.0,False,-6.23981997364873,106.79856239045006,14.446370748590217,True,
2026-07-25T04:01:03.555549+00:00,3940,-6.242815700000143,106.84290446666662,complex_corridor,FRC2,21,21,19,19,1.0,False,-6.242610768682978,106.84288187111798,22.923789898286447,True,
2026-07-25T04:01:03.827117+00:00,3995,-6.2428431,106.8426503,complex_corridor,FRC2,32,32,8,8,1.0,False,-6.24270333943449,106.84230519617961,41.19038604817657,True,
2026-07-25T04:01:04.099445+00:00,4135,-6.242451300001405,106.84346441666648,complex_corridor,FRC3,19,26,22,16,1.0,False,-6.24264159782794,106.84303341592732,52.128779444682614,True,
2026-07-25T04:01:04.371197+00:00,4174,-6.242622250001264,106.84418269999986,complex_corridor,FRC3,21,21,14,14,1.0,False,-6.242365385288672,106.84405667866673,31.777844988721665,True,
2026-07-25T04:01:04.635766+00:00,4307,-6.237238257899974,106.8272395210502,complex_corridor,FRC2,21,21,6,6,1.0,False,-6.237236971031365,106.82743234718856,21.314848279038795,True,
2026-07-25T04:01:04.927080+00:00,4312,-6.237042057899963,106.8269344210502,complex_corridor,FRC2,23,23,6,6,1.0,False,-6.237208807900389,106.82690797532604,18.770772040768108,True,
2026-07-25T04:01:05.192779+00:00,4383,-6.255330045001537,106.84307333999776,complex_corridor,FRC4,25,25,7,7,1.0,False,-6.255170245392188,106.84296367849294,21.509477825194235,True,
2026-07-25T04:01:05.456822+00:00,4421,-6.237577607899957,106.82686737105018,complex_corridor,FRC3,10,17,49,28,0.99,False,-6.237416698431964,106.82692406858013,18.95817050701808,True,
2026-07-25T04:01:05.721320+00:00,5234,-6.255677025000373,106.8431710999986,complex_corridor,FRC4,23,23,6,6,1.0,False,-6.25559934329838,106.84329627241084,16.310649749926508,True,
2026-07-25T04:01:05.985534+00:00,5259,-6.255508725000373,106.84360214999862,complex_corridor,FRC4,30,30,287,287,1.0,False,-6.255457199448482,106.84295563186589,71.6908067558573,True,
2026-07-25T04:01:06.266448+00:00,5296,-6.242909649999996,106.84406470000002,complex_corridor,FRC2,21,35,67,40,1.0,False,-6.24287098327402,106.84404058541264,5.0587612651154314,True,
2026-07-25T04:15:55.335057+00:00,703,-6.235444892859697,106.75583232857385,complex_corridor,FRC2,28,28,6,6,1.0,False,-6.235637002833079,106.75573958241279,23.694334982762854,True,
2026-07-25T04:15:55.625819+00:00,821,-6.288795825000754,106.77763638750048,complex_corridor,FRC1,31,31,35,35,1.0,False,-6.288676397337788,106.77774978959411,18.260596237349766,True,
2026-07-25T04:15:55.923350+00:00,1336,-6.235382350000007,106.7560557,complex_corridor,FRC2,21,26,12,10,0.99,False,-6.235851643158244,106.75634307944131,61.09133400248038,True,
2026-07-25T04:15:56.221403+00:00,2187,-6.234661449999994,106.7555585,complex_corridor,FRC2,39,39,18,18,1.0,False,-6.235295044618109,106.75596622907466,83.63486690954973,True,
2026-07-25T04:15:56.509246+00:00,2188,-6.233655599999991,106.75488135,complex_corridor,FRC2,30,30,32,32,1.0,False,-6.233742064909034,106.75495503627582,12.600808704103487,True,
2026-07-25T04:15:56.797077+00:00,2298,-6.288583799999989,106.77784095,complex_corridor,FRC1,27,41,518,341,1.0,False,-6.288634823320289,106.77780477487897,6.94084144102375,True,
2026-07-25T04:15:57.082405+00:00,2322,-6.2884621,106.7781152,complex_corridor,FRC1,26,26,53,53,1.0,False,-6.288455113550981,106.77822722279888,12.405765015820144,True,
2026-07-25T04:15:57.373845+00:00,2459,-6.23996075,106.79819865,complex_corridor,FRC3,18,27,631,420,1.0,False,-6.239927209643448,106.79835988366938,18.208192291717626,True,
2026-07-25T04:15:57.670540+00:00,2660,-6.288887410002579,106.77817204999796,complex_corridor,FRC1,17,20,26,22,1.0,False,-6.289080056713849,106.77821112954479,21.852459789678804,True,
2026-07-25T04:15:57.957440+00:00,2731,-6.240104349999994,106.79819525,complex_corridor,FRC1,17,21,353,285,1.0,False,-6.254711568502923,106.79717434728451,1628.1638385691926,False,
2026-07-25T04:15:58.241051+00:00,2979,-6.239918790000258,106.79844824999957,complex_corridor,FRC2,15,15,2,2,1.0,False,-6.239928542802509,106.79846583092547,2.2254395550977346,True,
2026-07-25T04:15:58.530424+00:00,3134,-6.2892448600025785,106.77855074999796,complex_corridor,FRC1,22,22,11,11,1.0,False,-6.289262432333267,106.778499467014,5.995427904385316,True,
2026-07-25T04:15:58.817940+00:00,3164,-6.239840140000258,106.79869149999956,complex_corridor,FRC2,24,24,145,145,1.0,False,-6.23981997364873,106.79856239045006,14.446370748590217,True,
2026-07-25T04:15:59.116997+00:00,3940,-6.242815700000143,106.84290446666662,complex_corridor,FRC2,21,21,19,19,1.0,False,-6.242610768682978,106.84288187111798,22.923789898286447,True,
2026-07-25T04:15:59.406433+00:00,3995,-6.2428431,106.8426503,complex_corridor,FRC2,32,32,8,8,1.0,False,-6.24270333943449,106.84230519617961,41.19038604817657,True,
2026-07-25T04:15:59.693352+00:00,4135,-6.242451300001405,106.84346441666648,complex_corridor,FRC3,27,27,15,15,1.0,False,-6.24264159782794,106.84303341592732,52.128779444682614,True,
2026-07-25T04:15:59.981036+00:00,4174,-6.242622250001264,106.84418269999986,complex_corridor,FRC3,21,21,14,14,1.0,False,-6.242365385288672,106.84405667866673,31.777844988721665,True,
2026-07-25T04:16:00.273497+00:00,4307,-6.237238257899974,106.8272395210502,complex_corridor,FRC2,21,21,6,6,1.0,False,-6.237236971031365,106.82743234718856,21.314848279038795,True,
2026-07-25T04:16:00.561866+00:00,4312,-6.237042057899963,106.8269344210502,complex_corridor,FRC2,23,23,6,6,1.0,False,-6.237208807900389,106.82690797532604,18.770772040768108,True,
2026-07-25T04:16:00.850566+00:00,4383,-6.255330045001537,106.84307333999776,complex_corridor,FRC4,25,25,7,7,1.0,False,-6.255170245392188,106.84296367849294,21.509477825194235,True,
2026-07-25T04:16:01.141789+00:00,4421,-6.237577607899957,106.82686737105018,complex_corridor,FRC3,18,18,27,27,1.0,False,-6.237416698431964,106.82692406858013,18.95817050701808,True,
2026-07-25T04:16:01.431241+00:00,5234,-6.255677025000373,106.8431710999986,complex_corridor,FRC4,23,23,6,6,1.0,False,-6.25559934329838,106.84329627241084,16.310649749926508,True,
2026-07-25T04:16:01.721332+00:00,5259,-6.255508725000373,106.84360214999862,complex_corridor,FRC4,25,30,344,287,0.996299,False,-6.255457199448482,106.84295563186589,71.6908067558573,True,
2026-07-25T04:16:02.010581+00:00,5296,-6.242909649999996,106.84406470000002,complex_corridor,FRC2,14,34,101,41,1.0,False,-6.24287098327402,106.84404058541264,5.0587612651154314,True,
2026-07-25T04:30:54.011644+00:00,703,-6.235444892859697,106.75583232857385,complex_corridor,FRC2,28,28,6,6,1.0,False,-6.235637002833079,106.75573958241279,23.694334982762854,True,
2026-07-25T04:30:54.296105+00:00,821,-6.288795825000754,106.77763638750048,complex_corridor,FRC1,31,31,35,35,1.0,False,-6.288676397337788,106.77774978959411,18.260596237349766,True,
2026-07-25T04:30:54.593254+00:00,1336,-6.235382350000007,106.7560557,complex_corridor,FRC2,21,27,12,9,0.98,False,-6.235851643158244,106.75634307944131,61.09133400248038,True,
2026-07-25T04:30:54.880170+00:00,2187,-6.234661449999994,106.7555585,complex_corridor,FRC2,39,39,18,18,1.0,False,-6.235295044618109,106.75596622907466,83.63486690954973,True,
2026-07-25T04:30:55.171994+00:00,2188,-6.233655599999991,106.75488135,complex_corridor,FRC2,13,30,74,32,1.0,False,-6.233742064909034,106.75495503627582,12.600808704103487,True,
2026-07-25T04:30:55.463345+00:00,2298,-6.288583799999989,106.77784095,complex_corridor,FRC1,27,41,518,341,1.0,False,-6.288634823320289,106.77780477487897,6.94084144102375,True,
2026-07-25T04:30:55.753276+00:00,2322,-6.2884621,106.7781152,complex_corridor,FRC1,14,26,100,53,1.0,False,-6.288455113550981,106.77822722279888,12.405765015820144,True,
2026-07-25T04:30:56.044751+00:00,2459,-6.23996075,106.79819865,complex_corridor,FRC3,16,27,710,420,1.0,False,-6.239927209643448,106.79835988366938,18.208192291717626,True,
2026-07-25T04:30:56.332764+00:00,2660,-6.288887410002579,106.77817204999796,complex_corridor,FRC1,17,20,26,22,1.0,False,-6.289080056713849,106.77821112954479,21.852459789678804,True,
2026-07-25T04:30:56.617271+00:00,2731,-6.240104349999994,106.79819525,complex_corridor,FRC1,17,20,353,300,1.0,False,-6.254711568502923,106.79717434728451,1628.1638385691926,False,
2026-07-25T04:30:56.903397+00:00,2979,-6.239918790000258,106.79844824999957,complex_corridor,FRC2,15,15,2,2,1.0,False,-6.239928542802509,106.79846583092547,2.2254395550977346,True,
2026-07-25T04:30:57.225543+00:00,3134,-6.2892448600025785,106.77855074999796,complex_corridor,FRC1,22,22,11,11,1.0,False,-6.289262432333267,106.778499467014,5.995427904385316,True,
2026-07-25T04:30:57.512686+00:00,3164,-6.239840140000258,106.79869149999956,complex_corridor,FRC2,24,24,145,145,1.0,False,-6.23981997364873,106.79856239045006,14.446370748590217,True,
2026-07-25T04:30:57.798022+00:00,3940,-6.242815700000143,106.84290446666662,complex_corridor,FRC2,21,21,19,19,1.0,False,-6.242610768682978,106.84288187111798,22.923789898286447,True,
2026-07-25T04:30:58.110904+00:00,3995,-6.2428431,106.8426503,complex_corridor,FRC2,32,32,8,8,1.0,False,-6.24270333943449,106.84230519617961,41.19038604817657,True,
2026-07-25T04:30:58.402158+00:00,4135,-6.242451300001405,106.84346441666648,complex_corridor,FRC3,27,27,15,15,1.0,False,-6.24264159782794,106.84303341592732,52.128779444682614,True,
2026-07-25T04:30:58.691089+00:00,4174,-6.242622250001264,106.84418269999986,complex_corridor,FRC3,16,20,18,14,1.0,False,-6.242365385288672,106.84405667866673,31.777844988721665,True,
2026-07-25T04:30:58.983300+00:00,4307,-6.237238257899974,106.8272395210502,complex_corridor,FRC2,21,21,6,6,1.0,False,-6.237236971031365,106.82743234718856,21.314848279038795,True,
2026-07-25T04:30:59.299378+00:00,4312,-6.237042057899963,106.8269344210502,complex_corridor,FRC2,23,23,6,6,1.0,False,-6.237208807900389,106.82690797532604,18.770772040768108,True,
2026-07-25T04:30:59.584255+00:00,4383,-6.255330045001537,106.84307333999776,complex_corridor,FRC4,25,25,7,7,1.0,False,-6.255170245392188,106.84296367849294,21.509477825194235,True,
2026-07-25T04:30:59.871521+00:00,4421,-6.237577607899957,106.82686737105018,complex_corridor,FRC3,18,18,27,27,1.0,False,-6.237416698431964,106.82692406858013,18.95817050701808,True,
2026-07-25T04:31:00.160467+00:00,5234,-6.255677025000373,106.8431710999986,complex_corridor,FRC4,23,23,6,6,1.0,False,-6.25559934329838,106.84329627241084,16.310649749926508,True,
2026-07-25T04:31:00.449530+00:00,5259,-6.255508725000373,106.84360214999862,complex_corridor,FRC4,30,30,287,287,1.0,False,-6.255457199448482,106.84295563186589,71.6908067558573,True,
2026-07-25T04:31:00.742209+00:00,5296,-6.242909649999996,106.84406470000002,complex_corridor,FRC2,12,35,118,40,1.0,False,-6.24287098327402,106.84404058541264,5.0587612651154314,True,
2026-07-25T04:45:56.145327+00:00,703,-6.235444892859697,106.75583232857385,complex_corridor,FRC2,28,28,6,6,1.0,False,-6.235637002833079,106.75573958241279,23.694334982762854,True,
2026-07-25T04:45:56.428622+00:00,821,-6.288795825000754,106.77763638750048,complex_corridor,FRC1,22,31,49,35,0.99,False,-6.288676397337788,106.77774978959411,18.260596237349766,True,
2026-07-25T04:45:56.716426+00:00,1336,-6.235382350000007,106.7560557,complex_corridor,FRC2,27,27,9,9,1.0,False,-6.235851643158244,106.75634307944131,61.09133400248038,True,
2026-07-25T04:45:57.004178+00:00,2187,-6.234661449999994,106.7555585,complex_corridor,FRC2,39,39,18,18,1.0,False,-6.235295044618109,106.75596622907466,83.63486690954973,True,
2026-07-25T04:45:57.283768+00:00,2188,-6.233655599999991,106.75488135,complex_corridor,FRC2,30,30,32,32,1.0,False,-6.233742064909034,106.75495503627582,12.600808704103487,True,
2026-07-25T04:45:57.566264+00:00,2298,-6.288583799999989,106.77784095,complex_corridor,FRC1,26,41,538,341,1.0,False,-6.288634823320289,106.77780477487897,6.94084144102375,True,
2026-07-25T04:45:57.846404+00:00,2322,-6.2884621,106.7781152,complex_corridor,FRC1,20,26,70,53,1.0,False,-6.288455113550981,106.77822722279888,12.405765015820144,True,
2026-07-25T04:45:58.127621+00:00,2459,-6.23996075,106.79819865,complex_corridor,FRC3,19,27,597,420,1.0,False,-6.239927209643448,106.79835988366938,18.208192291717626,True,
2026-07-25T04:45:58.421166+00:00,2660,-6.288887410002579,106.77817204999796,complex_corridor,FRC1,14,17,31,26,1.0,False,-6.289080056713849,106.77821112954479,21.852459789678804,True,
2026-07-25T04:45:58.699993+00:00,2731,-6.240104349999994,106.79819525,complex_corridor,FRC1,15,20,400,300,1.0,False,-6.254711568502923,106.79717434728451,1628.1638385691926,False,
2026-07-25T04:45:58.980087+00:00,2979,-6.239918790000258,106.79844824999957,complex_corridor,FRC2,15,15,2,2,1.0,False,-6.239928542802509,106.79846583092547,2.2254395550977346,True,
2026-07-25T04:45:59.260961+00:00,3134,-6.2892448600025785,106.77855074999796,complex_corridor,FRC1,22,22,11,11,1.0,False,-6.289262432333267,106.778499467014,5.995427904385316,True,
2026-07-25T04:45:59.554217+00:00,3164,-6.239840140000258,106.79869149999956,complex_corridor,FRC2,24,24,145,145,1.0,False,-6.23981997364873,106.79856239045006,14.446370748590217,True,
2026-07-25T04:45:59.834099+00:00,3940,-6.242815700000143,106.84290446666662,complex_corridor,FRC2,21,21,19,19,1.0,False,-6.242610768682978,106.84288187111798,22.923789898286447,True,
2026-07-25T04:46:00.111537+00:00,3995,-6.2428431,106.8426503,complex_corridor,FRC2,32,32,8,8,1.0,False,-6.24270333943449,106.84230519617961,41.19038604817657,True,
2026-07-25T04:46:00.395520+00:00,4135,-6.242451300001405,106.84346441666648,complex_corridor,FRC3,27,27,15,15,1.0,False,-6.24264159782794,106.84303341592732,52.128779444682614,True,
2026-07-25T04:46:00.678080+00:00,4174,-6.242622250001264,106.84418269999986,complex_corridor,FRC3,21,21,14,14,1.0,False,-6.242365385288672,106.84405667866673,31.777844988721665,True,
2026-07-25T04:46:00.963376+00:00,4307,-6.237238257899974,106.8272395210502,complex_corridor,FRC2,11,21,11,6,1.0,False,-6.237236971031365,106.82743234718856,21.314848279038795,True,
2026-07-25T04:46:01.242943+00:00,4312,-6.237042057899963,106.8269344210502,complex_corridor,FRC2,23,23,6,6,1.0,False,-6.237208807900389,106.82690797532604,18.770772040768108,True,
2026-07-25T04:46:01.523005+00:00,4383,-6.255330045001537,106.84307333999776,complex_corridor,FRC4,25,25,7,7,1.0,False,-6.255170245392188,106.84296367849294,21.509477825194235,True,
2026-07-25T04:46:01.806434+00:00,4421,-6.237577607899957,106.82686737105018,complex_corridor,FRC3,18,18,27,27,1.0,False,-6.237416698431964,106.82692406858013,18.95817050701808,True,
2026-07-25T04:46:02.089953+00:00,5234,-6.255677025000373,106.8431710999986,complex_corridor,FRC4,18,22,7,6,0.99,False,-6.25559934329838,106.84329627241084,16.310649749926508,True,
2026-07-25T04:46:02.372339+00:00,5259,-6.255508725000373,106.84360214999862,complex_corridor,FRC4,30,30,287,287,1.0,False,-6.255457199448482,106.84295563186589,71.6908067558573,True,
2026-07-25T04:46:02.659635+00:00,5296,-6.242909649999996,106.84406470000002,complex_corridor,FRC2,15,35,94,40,1.0,False,-6.24287098327402,106.84404058541264,5.0587612651154314,True,
2026-07-25T05:01:03.811349+00:00,703,-6.235444892859697,106.75583232857385,complex_corridor,FRC2,28,28,6,6,1.0,False,-6.235637002833079,106.75573958241279,23.694334982762854,True,
2026-07-25T05:01:04.112979+00:00,821,-6.288795825000754,106.77763638750048,complex_corridor,FRC1,24,30,45,36,0.99,False,-6.288676397337788,106.77774978959411,18.260596237349766,True,
2026-07-25T05:01:04.412466+00:00,1336,-6.235382350000007,106.7560557,complex_corridor,FRC2,16,26,16,10,0.99,False,-6.235851643158244,106.75634307944131,61.09133400248038,True,
2026-07-25T05:01:04.707086+00:00,2187,-6.234661449999994,106.7555585,complex_corridor,FRC2,39,39,18,18,1.0,False,-6.235295044618109,106.75596622907466,83.63486690954973,True,
2026-07-25T05:01:05.003914+00:00,2188,-6.233655599999991,106.75488135,complex_corridor,FRC2,30,30,32,32,1.0,False,-6.233742064909034,106.75495503627582,12.600808704103487,True,
2026-07-25T05:01:05.304471+00:00,2298,-6.288583799999989,106.77784095,complex_corridor,FRC1,24,40,583,350,1.0,False,-6.288634823320289,106.77780477487897,6.94084144102375,True,
2026-07-25T05:01:05.597091+00:00,2322,-6.2884621,106.7781152,complex_corridor,FRC1,14,25,100,56,1.0,False,-6.288455113550981,106.77822722279888,12.405765015820144,True,
2026-07-25T05:01:05.900411+00:00,2459,-6.23996075,106.79819865,complex_corridor,FRC3,17,28,668,405,1.0,False,-6.239927209643448,106.79835988366938,18.208192291717626,True,
2026-07-25T05:01:06.192868+00:00,2660,-6.288887410002579,106.77817204999796,complex_corridor,FRC1,18,19,24,23,1.0,False,-6.289080056713849,106.77821112954479,21.852459789678804,True,
2026-07-25T05:01:06.489353+00:00,2731,-6.240104349999994,106.79819525,complex_corridor,FRC1,11,20,545,300,1.0,False,-6.254711568502923,106.79717434728451,1628.1638385691926,False,
2026-07-25T05:01:06.780299+00:00,2979,-6.239918790000258,106.79844824999957,complex_corridor,FRC2,15,15,2,2,1.0,False,-6.239928542802509,106.79846583092547,2.2254395550977346,True,
2026-07-25T05:01:07.075366+00:00,3134,-6.2892448600025785,106.77855074999796,complex_corridor,FRC1,16,22,16,11,1.0,False,-6.289262432333267,106.778499467014,5.995427904385316,True,
2026-07-25T05:01:07.366816+00:00,3164,-6.239840140000258,106.79869149999956,complex_corridor,FRC2,24,24,145,145,1.0,False,-6.23981997364873,106.79856239045006,14.446370748590217,True,
2026-07-25T05:01:07.663721+00:00,3940,-6.242815700000143,106.84290446666662,complex_corridor,FRC2,21,21,19,19,1.0,False,-6.242610768682978,106.84288187111798,22.923789898286447,True,
2026-07-25T05:01:07.965043+00:00,3995,-6.2428431,106.8426503,complex_corridor,FRC2,32,32,8,8,1.0,False,-6.24270333943449,106.84230519617961,41.19038604817657,True,
2026-07-25T05:01:08.287140+00:00,4135,-6.242451300001405,106.84346441666648,complex_corridor,FRC3,27,27,15,15,1.0,False,-6.24264159782794,106.84303341592732,52.128779444682614,True,
2026-07-25T05:01:08.578736+00:00,4174,-6.242622250001264,106.84418269999986,complex_corridor,FRC3,8,20,37,14,0.99,False,-6.242365385288672,106.84405667866673,31.777844988721665,True,
2026-07-25T05:01:08.868136+00:00,4307,-6.237238257899974,106.8272395210502,complex_corridor,FRC2,21,21,6,6,1.0,False,-6.237236971031365,106.82743234718856,21.314848279038795,True,
2026-07-25T05:01:09.164851+00:00,4312,-6.237042057899963,106.8269344210502,complex_corridor,FRC2,23,23,6,6,1.0,False,-6.237208807900389,106.82690797532604,18.770772040768108,True,
2026-07-25T05:01:09.458804+00:00,4383,-6.255330045001537,106.84307333999776,complex_corridor,FRC4,25,25,7,7,1.0,False,-6.255170245392188,106.84296367849294,21.509477825194235,True,
2026-07-25T05:01:09.760128+00:00,4421,-6.237577607899957,106.82686737105018,complex_corridor,FRC3,18,18,27,27,1.0,False,-6.237416698431964,106.82692406858013,18.95817050701808,True,
2026-07-25T05:01:10.059417+00:00,5234,-6.255677025000373,106.8431710999986,complex_corridor,FRC4,12,22,11,6,1.0,False,-6.25559934329838,106.84329627241084,16.310649749926508,True,
2026-07-25T05:01:10.367176+00:00,5259,-6.255508725000373,106.84360214999862,complex_corridor,FRC4,30,30,287,287,1.0,False,-6.255457199448482,106.84295563186589,71.6908067558573,True,
2026-07-25T05:01:10.663269+00:00,5296,-6.242909649999996,106.84406470000002,complex_corridor,FRC2,13,35,109,40,1.0,False,-6.24287098327402,106.84404058541264,5.0587612651154314,True,
2026-07-25T05:15:45.312052+00:00,703,-6.235444892859697,106.75583232857385,complex_corridor,FRC2,28,28,6,6,1.0,False,-6.235637002833079,106.75573958241279,23.694334982762854,True,
2026-07-25T05:15:45.579556+00:00,821,-6.288795825000754,106.77763638750048,complex_corridor,FRC1,31,31,35,35,1.0,False,-6.288676397337788,106.77774978959411,18.260596237349766,True,
2026-07-25T05:15:45.846396+00:00,1336,-6.235382350000007,106.7560557,complex_corridor,FRC2,18,26,14,10,0.99,False,-6.235851643158244,106.75634307944131,61.09133400248038,True,
2026-07-25T05:15:46.131881+00:00,2187,-6.234661449999994,106.7555585,complex_corridor,FRC2,39,39,18,18,1.0,False,-6.235295044618109,106.75596622907466,83.63486690954973,True,
2026-07-25T05:15:46.398640+00:00,2188,-6.233655599999991,106.75488135,complex_corridor,FRC2,30,30,32,32,1.0,False,-6.233742064909034,106.75495503627582,12.600808704103487,True,
2026-07-25T05:15:46.662379+00:00,2298,-6.288583799999989,106.77784095,complex_corridor,FRC1,22,41,636,341,1.0,False,-6.288634823320289,106.77780477487897,6.94084144102375,True,
2026-07-25T05:15:46.931658+00:00,2322,-6.2884621,106.7781152,complex_corridor,FRC1,14,26,100,53,1.0,False,-6.288455113550981,106.77822722279888,12.405765015820144,True,
2026-07-25T05:15:47.195747+00:00,2459,-6.23996075,106.79819865,complex_corridor,FRC3,19,28,597,405,1.0,False,-6.239927209643448,106.79835988366938,18.208192291717626,True,
2026-07-25T05:15:47.469598+00:00,2660,-6.288887410002579,106.77817204999796,complex_corridor,FRC1,15,17,29,26,1.0,False,-6.289080056713849,106.77821112954479,21.852459789678804,True,
2026-07-25T05:15:47.732122+00:00,2731,-6.240104349999994,106.79819525,complex_corridor,FRC1,18,21,333,285,1.0,False,-6.254711568502923,106.79717434728451,1628.1638385691926,False,
2026-07-25T05:15:47.997578+00:00,2979,-6.239918790000258,106.79844824999957,complex_corridor,FRC2,15,15,2,2,1.0,False,-6.239928542802509,106.79846583092547,2.2254395550977346,True,
2026-07-25T05:15:48.259734+00:00,3134,-6.2892448600025785,106.77855074999796,complex_corridor,FRC1,22,22,11,11,1.0,False,-6.289262432333267,106.778499467014,5.995427904385316,True,
2026-07-25T05:15:48.539121+00:00,3164,-6.239840140000258,106.79869149999956,complex_corridor,FRC2,24,24,145,145,1.0,False,-6.23981997364873,106.79856239045006,14.446370748590217,True,
2026-07-25T05:15:48.804418+00:00,3940,-6.242815700000143,106.84290446666662,complex_corridor,FRC2,21,21,19,19,1.0,False,-6.242610768682978,106.84288187111798,22.923789898286447,True,
2026-07-25T05:15:49.068776+00:00,3995,-6.2428431,106.8426503,complex_corridor,FRC2,32,32,8,8,1.0,False,-6.24270333943449,106.84230519617961,41.19038604817657,True,
2026-07-25T05:15:49.331805+00:00,4135,-6.242451300001405,106.84346441666648,complex_corridor,FRC3,27,27,15,15,1.0,False,-6.24264159782794,106.84303341592732,52.128779444682614,True,
2026-07-25T05:15:49.605462+00:00,4174,-6.242622250001264,106.84418269999986,complex_corridor,FRC3,21,21,14,14,1.0,False,-6.242365385288672,106.84405667866673,31.777844988721665,True,
2026-07-25T05:15:49.871925+00:00,4307,-6.237238257899974,106.8272395210502,complex_corridor,FRC2,21,21,6,6,1.0,False,-6.237236971031365,106.82743234718856,21.314848279038795,True,
2026-07-25T05:15:50.149390+00:00,4312,-6.237042057899963,106.8269344210502,complex_corridor,FRC2,23,23,6,6,1.0,False,-6.237208807900389,106.82690797532604,18.770772040768108,True,
2026-07-25T05:15:50.420833+00:00,4383,-6.255330045001537,106.84307333999776,complex_corridor,FRC4,25,25,7,7,1.0,False,-6.255170245392188,106.84296367849294,21.509477825194235,True,
2026-07-25T05:15:50.683592+00:00,4421,-6.237577607899957,106.82686737105018,complex_corridor,FRC3,10,18,49,27,1.0,False,-6.237416698431964,106.82692406858013,18.95817050701808,True,
2026-07-25T05:15:50.948365+00:00,5234,-6.255677025000373,106.8431710999986,complex_corridor,FRC4,23,23,6,6,1.0,False,-6.25559934329838,106.84329627241084,16.310649749926508,True,
2026-07-25T05:15:51.215094+00:00,5259,-6.255508725000373,106.84360214999862,complex_corridor,FRC4,25,30,344,287,0.997256,False,-6.255457199448482,106.84295563186589,71.6908067558573,True,
2026-07-25T05:15:51.478606+00:00,5296,-6.242909649999996,106.84406470000002,complex_corridor,FRC2,19,35,74,40,1.0,False,-6.24287098327402,106.84404058541264,5.0587612651154314,True,
2026-07-25T05:31:10.822897+00:00,703,-6.235444892859697,106.75583232857385,complex_corridor,FRC2,28,28,6,6,1.0,False,-6.235637002833079,106.75573958241279,23.694334982762854,True,
2026-07-25T05:31:11.126932+00:00,821,-6.288795825000754,106.77763638750048,complex_corridor,FRC1,31,31,35,35,1.0,False,-6.288676397337788,106.77774978959411,18.260596237349766,True,
2026-07-25T05:31:11.436721+00:00,1336,-6.235382350000007,106.7560557,complex_corridor,FRC2,27,27,9,9,1.0,False,-6.235851643158244,106.75634307944131,61.09133400248038,True,
2026-07-25T05:31:11.738301+00:00,2187,-6.234661449999994,106.7555585,complex_corridor,FRC2,39,39,18,18,1.0,False,-6.235295044618109,106.75596622907466,83.63486690954973,True,
2026-07-25T05:31:12.041211+00:00,2188,-6.233655599999991,106.75488135,complex_corridor,FRC2,30,30,32,32,1.0,False,-6.233742064909034,106.75495503627582,12.600808704103487,True,
2026-07-25T05:31:12.347389+00:00,2298,-6.288583799999989,106.77784095,complex_corridor,FRC1,21,41,666,341,1.0,False,-6.288634823320289,106.77780477487897,6.94084144102375,True,
2026-07-25T05:31:12.653358+00:00,2322,-6.2884621,106.7781152,complex_corridor,FRC1,18,26,77,53,1.0,False,-6.288455113550981,106.77822722279888,12.405765015820144,True,
2026-07-25T05:31:12.954648+00:00,2459,-6.23996075,106.79819865,complex_corridor,FRC3,16,27,710,420,1.0,False,-6.239927209643448,106.79835988366938,18.208192291717626,True,
2026-07-25T05:31:13.255502+00:00,2660,-6.288887410002579,106.77817204999796,complex_corridor,FRC1,12,15,37,29,1.0,False,-6.289080056713849,106.77821112954479,21.852459789678804,True,
2026-07-25T05:31:13.558147+00:00,2731,-6.240104349999994,106.79819525,complex_corridor,FRC1,11,21,545,285,1.0,False,-6.254711568502923,106.79717434728451,1628.1638385691926,False,
2026-07-25T05:31:13.858325+00:00,2979,-6.239918790000258,106.79844824999957,complex_corridor,FRC2,9,13,4,3,1.0,False,-6.239928542802509,106.79846583092547,2.2254395550977346,True,
2026-07-25T05:31:14.160186+00:00,3134,-6.2892448600025785,106.77855074999796,complex_corridor,FRC1,22,22,11,11,1.0,False,-6.289262432333267,106.778499467014,5.995427904385316,True,
2026-07-25T05:31:14.460739+00:00,3164,-6.239840140000258,106.79869149999956,complex_corridor,FRC2,24,24,145,145,1.0,False,-6.23981997364873,106.79856239045006,14.446370748590217,True,
2026-07-25T05:31:14.761949+00:00,3940,-6.242815700000143,106.84290446666662,complex_corridor,FRC2,21,21,19,19,1.0,False,-6.242610768682978,106.84288187111798,22.923789898286447,True,
2026-07-25T05:31:15.064011+00:00,3995,-6.2428431,106.8426503,complex_corridor,FRC2,32,32,8,8,1.0,False,-6.24270333943449,106.84230519617961,41.19038604817657,True,
2026-07-25T05:31:15.367917+00:00,4135,-6.242451300001405,106.84346441666648,complex_corridor,FRC3,27,27,15,15,1.0,False,-6.24264159782794,106.84303341592732,52.128779444682614,True,
2026-07-25T05:31:15.668280+00:00,4174,-6.242622250001264,106.84418269999986,complex_corridor,FRC3,13,21,22,14,1.0,False,-6.242365385288672,106.84405667866673,31.777844988721665,True,
2026-07-25T05:31:15.968085+00:00,4307,-6.237238257899974,106.8272395210502,complex_corridor,FRC2,21,21,6,6,1.0,False,-6.237236971031365,106.82743234718856,21.314848279038795,True,
2026-07-25T05:31:16.274074+00:00,4312,-6.237042057899963,106.8269344210502,complex_corridor,FRC2,23,23,6,6,1.0,False,-6.237208807900389,106.82690797532604,18.770772040768108,True,
2026-07-25T05:31:16.580636+00:00,4383,-6.255330045001537,106.84307333999776,complex_corridor,FRC4,20,25,9,7,1.0,False,-6.255170245392188,106.84296367849294,21.509477825194235,True,
2026-07-25T05:31:16.883277+00:00,4421,-6.237577607899957,106.82686737105018,complex_corridor,FRC3,18,18,27,27,1.0,False,-6.237416698431964,106.82692406858013,18.95817050701808,True,
2026-07-25T05:31:17.186174+00:00,5234,-6.255677025000373,106.8431710999986,complex_corridor,FRC4,23,23,6,6,1.0,False,-6.25559934329838,106.84329627241084,16.310649749926508,True,
2026-07-25T05:31:17.491411+00:00,5259,-6.255508725000373,106.84360214999862,complex_corridor,FRC4,26,30,331,287,0.997256,False,-6.255457199448482,106.84295563186589,71.6908067558573,True,
2026-07-25T05:31:17.792647+00:00,5296,-6.242909649999996,106.84406470000002,complex_corridor,FRC2,13,35,109,40,1.0,False,-6.24287098327402,106.84404058541264,5.0587612651154314,True,
2026-07-25T05:45:58.744510+00:00,703,-6.235444892859697,106.75583232857385,complex_corridor,FRC2,28,28,6,6,1.0,False,-6.235637002833079,106.75573958241279,23.694334982762854,True,
2026-07-25T05:45:59.037144+00:00,821,-6.288795825000754,106.77763638750048,complex_corridor,FRC1,31,31,35,35,1.0,False,-6.288676397337788,106.77774978959411,18.260596237349766,True,
2026-07-25T05:45:59.336447+00:00,1336,-6.235382350000007,106.7560557,complex_corridor,FRC2,27,27,9,9,1.0,False,-6.235851643158244,106.75634307944131,61.09133400248038,True,
2026-07-25T05:45:59.629164+00:00,2187,-6.234661449999994,106.7555585,complex_corridor,FRC2,39,39,18,18,1.0,False,-6.235295044618109,106.75596622907466,83.63486690954973,True,
2026-07-25T05:45:59.914658+00:00,2188,-6.233655599999991,106.75488135,complex_corridor,FRC2,30,30,32,32,1.0,False,-6.233742064909034,106.75495503627582,12.600808704103487,True,
2026-07-25T05:46:00.209222+00:00,2298,-6.288583799999989,106.77784095,complex_corridor,FRC1,20,41,700,341,1.0,False,-6.288634823320289,106.77780477487897,6.94084144102375,True,
2026-07-25T05:46:00.494094+00:00,2322,-6.2884621,106.7781152,complex_corridor,FRC1,14,25,100,56,1.0,False,-6.288455113550981,106.77822722279888,12.405765015820144,True,
2026-07-25T05:46:00.780768+00:00,2459,-6.23996075,106.79819865,complex_corridor,FRC3,16,27,710,420,1.0,False,-6.239927209643448,106.79835988366938,18.208192291717626,True,
2026-07-25T05:46:01.070713+00:00,2660,-6.288887410002579,106.77817204999796,complex_corridor,FRC1,15,17,29,26,1.0,False,-6.289080056713849,106.77821112954479,21.852459789678804,True,
2026-07-25T05:46:01.364524+00:00,2731,-6.240104349999994,106.79819525,complex_corridor,FRC1,16,21,375,285,1.0,False,-6.254711568502923,106.79717434728451,1628.1638385691926,False,
2026-07-25T05:46:01.650732+00:00,2979,-6.239918790000258,106.79844824999957,complex_corridor,FRC2,10,13,4,3,1.0,False,-6.239928542802509,106.79846583092547,2.2254395550977346,True,
2026-07-25T05:46:01.939249+00:00,3134,-6.2892448600025785,106.77855074999796,complex_corridor,FRC1,22,22,11,11,1.0,False,-6.289262432333267,106.778499467014,5.995427904385316,True,
2026-07-25T05:46:02.231404+00:00,3164,-6.239840140000258,106.79869149999956,complex_corridor,FRC2,24,24,145,145,1.0,False,-6.23981997364873,106.79856239045006,14.446370748590217,True,
2026-07-25T05:46:02.519842+00:00,3940,-6.242815700000143,106.84290446666662,complex_corridor,FRC2,21,21,19,19,1.0,False,-6.242610768682978,106.84288187111798,22.923789898286447,True,
2026-07-25T05:46:02.809676+00:00,3995,-6.2428431,106.8426503,complex_corridor,FRC2,32,32,8,8,1.0,False,-6.24270333943449,106.84230519617961,41.19038604817657,True,
2026-07-25T05:46:03.096233+00:00,4135,-6.242451300001405,106.84346441666648,complex_corridor,FRC3,27,27,15,15,1.0,False,-6.24264159782794,106.84303341592732,52.128779444682614,True,
2026-07-25T05:46:03.386972+00:00,4174,-6.242622250001264,106.84418269999986,complex_corridor,FRC3,10,20,29,14,0.99,False,-6.242365385288672,106.84405667866673,31.777844988721665,True,
2026-07-25T05:46:03.675496+00:00,4307,-6.237238257899974,106.8272395210502,complex_corridor,FRC2,21,21,6,6,1.0,False,-6.237236971031365,106.82743234718856,21.314848279038795,True,
2026-07-25T05:46:03.969938+00:00,4312,-6.237042057899963,106.8269344210502,complex_corridor,FRC2,23,23,6,6,1.0,False,-6.237208807900389,106.82690797532604,18.770772040768108,True,
2026-07-25T05:46:04.261884+00:00,4383,-6.255330045001537,106.84307333999776,complex_corridor,FRC4,25,25,7,7,1.0,False,-6.255170245392188,106.84296367849294,21.509477825194235,True,
2026-07-25T05:46:04.549506+00:00,4421,-6.237577607899957,106.82686737105018,complex_corridor,FRC3,12,18,41,27,1.0,False,-6.237416698431964,106.82692406858013,18.95817050701808,True,
2026-07-25T05:46:04.834678+00:00,5234,-6.255677025000373,106.8431710999986,complex_corridor,FRC4,15,22,9,6,1.0,False,-6.25559934329838,106.84329627241084,16.310649749926508,True,
2026-07-25T05:46:05.120547+00:00,5259,-6.255508725000373,106.84360214999862,complex_corridor,FRC4,23,30,374,287,0.994512,False,-6.255457199448482,106.84295563186589,71.6908067558573,True,
2026-07-25T05:46:05.407388+00:00,5296,-6.242909649999996,106.84406470000002,complex_corridor,FRC2,11,37,129,38,1.0,False,-6.24287098327402,106.84404058541264,5.0587612651154314,True,
2026-07-25T06:01:05.909318+00:00,703,-6.235444892859697,106.75583232857385,complex_corridor,FRC2,28,28,6,6,1.0,False,-6.235637002833079,106.75573958241279,23.694334982762854,True,
2026-07-25T06:01:06.203555+00:00,821,-6.288795825000754,106.77763638750048,complex_corridor,FRC1,31,31,35,35,1.0,False,-6.288676397337788,106.77774978959411,18.260596237349766,True,
2026-07-25T06:01:06.500905+00:00,1336,-6.235382350000007,106.7560557,complex_corridor,FRC2,27,27,9,9,1.0,False,-6.235851643158244,106.75634307944131,61.09133400248038,True,
2026-07-25T06:01:06.797960+00:00,2187,-6.234661449999994,106.7555585,complex_corridor,FRC2,39,39,18,18,1.0,False,-6.235295044618109,106.75596622907466,83.63486690954973,True,
2026-07-25T06:01:07.084032+00:00,2188,-6.233655599999991,106.75488135,complex_corridor,FRC2,30,30,32,32,1.0,False,-6.233742064909034,106.75495503627582,12.600808704103487,True,
2026-07-25T06:01:07.398159+00:00,2298,-6.288583799999989,106.77784095,complex_corridor,FRC1,21,41,666,341,1.0,False,-6.288634823320289,106.77780477487897,6.94084144102375,True,
2026-07-25T06:01:07.683675+00:00,2322,-6.2884621,106.7781152,complex_corridor,FRC1,20,25,70,56,1.0,False,-6.288455113550981,106.77822722279888,12.405765015820144,True,
2026-07-25T06:01:07.976097+00:00,2459,-6.23996075,106.79819865,complex_corridor,FRC3,19,28,597,405,1.0,False,-6.239927209643448,106.79835988366938,18.208192291717626,True,
2026-07-25T06:01:08.268852+00:00,2660,-6.288887410002579,106.77817204999796,complex_corridor,FRC1,15,15,29,29,1.0,False,-6.289080056713849,106.77821112954479,21.852459789678804,True,
2026-07-25T06:01:08.577121+00:00,2731,-6.240104349999994,106.79819525,complex_corridor,FRC1,14,22,428,272,1.0,False,-6.254711568502923,106.79717434728451,1628.1638385691926,False,
2026-07-25T06:01:08.863100+00:00,2979,-6.239918790000258,106.79844824999957,complex_corridor,FRC2,11,13,3,3,1.0,False,-6.239928542802509,106.79846583092547,2.2254395550977346,True,
2026-07-25T06:01:09.149312+00:00,3134,-6.2892448600025785,106.77855074999796,complex_corridor,FRC1,11,22,23,11,1.0,False,-6.289262432333267,106.778499467014,5.995427904385316,True,
2026-07-25T06:01:09.440288+00:00,3164,-6.239840140000258,106.79869149999956,complex_corridor,FRC2,24,24,145,145,1.0,False,-6.23981997364873,106.79856239045006,14.446370748590217,True,
2026-07-25T06:01:09.729699+00:00,3940,-6.242815700000143,106.84290446666662,complex_corridor,FRC2,21,21,19,19,1.0,False,-6.242610768682978,106.84288187111798,22.923789898286447,True,
2026-07-25T06:01:10.023245+00:00,3995,-6.2428431,106.8426503,complex_corridor,FRC2,32,32,8,8,1.0,False,-6.24270333943449,106.84230519617961,41.19038604817657,True,
2026-07-25T06:01:10.320289+00:00,4135,-6.242451300001405,106.84346441666648,complex_corridor,FRC3,27,27,15,15,1.0,False,-6.24264159782794,106.84303341592732,52.128779444682614,True,
2026-07-25T06:01:10.620795+00:00,4174,-6.242622250001264,106.84418269999986,complex_corridor,FRC3,7,22,42,13,0.99,False,-6.242365385288672,106.84405667866673,31.777844988721665,True,
2026-07-25T06:01:10.907879+00:00,4307,-6.237238257899974,106.8272395210502,complex_corridor,FRC2,16,21,8,6,1.0,False,-6.237236971031365,106.82743234718856,21.314848279038795,True,
2026-07-25T06:01:11.195929+00:00,4312,-6.237042057899963,106.8269344210502,complex_corridor,FRC2,23,23,6,6,1.0,False,-6.237208807900389,106.82690797532604,18.770772040768108,True,
2026-07-25T06:01:11.485668+00:00,4383,-6.255330045001537,106.84307333999776,complex_corridor,FRC4,25,25,7,7,1.0,False,-6.255170245392188,106.84296367849294,21.509477825194235,True,
2026-07-25T06:01:11.771836+00:00,4421,-6.237577607899957,106.82686737105018,complex_corridor,FRC3,10,18,49,27,1.0,False,-6.237416698431964,106.82692406858013,18.95817050701808,True,
2026-07-25T06:01:12.060033+00:00,5234,-6.255677025000373,106.8431710999986,complex_corridor,FRC4,23,23,6,6,1.0,False,-6.25559934329838,106.84329627241084,16.310649749926508,True,
2026-07-25T06:01:12.354256+00:00,5259,-6.255508725000373,106.84360214999862,complex_corridor,FRC4,21,29,410,297,0.99726,False,-6.255457199448482,106.84295563186589,71.6908067558573,True,
2026-07-25T06:01:12.646052+00:00,5296,-6.242909649999996,106.84406470000002,complex_corridor,FRC2,9,36,158,39,1.0,False,-6.24287098327402,106.84404058541264,5.0587612651154314,True,
2026-07-25T06:15:47.614510+00:00,703,-6.235444892859697,106.75583232857385,complex_corridor,FRC2,28,28,6,6,1.0,False,-6.235637002833079,106.75573958241279,23.694334982762854,True,
2026-07-25T06:15:47.917604+00:00,821,-6.288795825000754,106.77763638750048,complex_corridor,FRC1,31,31,35,35,1.0,False,-6.288676397337788,106.77774978959411,18.260596237349766,True,
2026-07-25T06:15:48.220315+00:00,1336,-6.235382350000007,106.7560557,complex_corridor,FRC2,27,27,9,9,1.0,False,-6.235851643158244,106.75634307944131,61.09133400248038,True,
2026-07-25T06:15:48.520304+00:00,2187,-6.234661449999994,106.7555585,complex_corridor,FRC2,39,39,18,18,1.0,False,-6.235295044618109,106.75596622907466,83.63486690954973,True,
2026-07-25T06:15:48.823487+00:00,2188,-6.233655599999991,106.75488135,complex_corridor,FRC2,30,30,32,32,1.0,False,-6.233742064909034,106.75495503627582,12.600808704103487,True,
2026-07-25T06:15:49.125240+00:00,2298,-6.288583799999989,106.77784095,complex_corridor,FRC1,22,40,636,350,1.0,False,-6.288634823320289,106.77780477487897,6.94084144102375,True,
2026-07-25T06:15:49.434127+00:00,2322,-6.2884621,106.7781152,complex_corridor,FRC1,17,26,82,53,1.0,False,-6.288455113550981,106.77822722279888,12.405765015820144,True,
2026-07-25T06:15:49.734046+00:00,2459,-6.23996075,106.79819865,complex_corridor,FRC3,17,28,668,405,1.0,False,-6.239927209643448,106.79835988366938,18.208192291717626,True,
2026-07-25T06:15:50.036593+00:00,2660,-6.288887410002579,106.77817204999796,complex_corridor,FRC1,15,15,29,29,1.0,False,-6.289080056713849,106.77821112954479,21.852459789678804,True,
2026-07-25T06:15:50.342237+00:00,2731,-6.240104349999994,106.79819525,complex_corridor,FRC1,13,20,461,300,1.0,False,-6.254711568502923,106.79717434728451,1628.1638385691926,False,
2026-07-25T06:15:50.640670+00:00,2979,-6.239918790000258,106.79844824999957,complex_corridor,FRC2,15,15,2,2,1.0,False,-6.239928542802509,106.79846583092547,2.2254395550977346,True,
2026-07-25T06:15:50.942039+00:00,3134,-6.2892448600025785,106.77855074999796,complex_corridor,FRC1,8,21,32,12,1.0,False,-6.289262432333267,106.778499467014,5.995427904385316,True,
2026-07-25T06:15:51.243883+00:00,3164,-6.239840140000258,106.79869149999956,complex_corridor,FRC2,24,24,145,145,1.0,False,-6.23981997364873,106.79856239045006,14.446370748590217,True,
2026-07-25T06:15:51.556163+00:00,3940,-6.242815700000143,106.84290446666662,complex_corridor,FRC2,21,21,19,19,1.0,False,-6.242610768682978,106.84288187111798,22.923789898286447,True,
2026-07-25T06:15:51.864468+00:00,3995,-6.2428431,106.8426503,complex_corridor,FRC2,32,32,8,8,1.0,False,-6.24270333943449,106.84230519617961,41.19038604817657,True,
2026-07-25T06:15:52.165708+00:00,4135,-6.242451300001405,106.84346441666648,complex_corridor,FRC3,27,27,15,15,1.0,False,-6.24264159782794,106.84303341592732,52.128779444682614,True,
2026-07-25T06:15:52.464343+00:00,4174,-6.242622250001264,106.84418269999986,complex_corridor,FRC3,3,19,98,15,0.99,False,-6.242365385288672,106.84405667866673,31.777844988721665,True,
2026-07-25T06:15:52.767973+00:00,4307,-6.237238257899974,106.8272395210502,complex_corridor,FRC2,15,21,8,6,1.0,False,-6.237236971031365,106.82743234718856,21.314848279038795,True,
2026-07-25T06:15:53.072058+00:00,4312,-6.237042057899963,106.8269344210502,complex_corridor,FRC2,16,22,9,6,1.0,False,-6.237208807900389,106.82690797532604,18.770772040768108,True,
2026-07-25T06:15:53.372707+00:00,4383,-6.255330045001537,106.84307333999776,complex_corridor,FRC4,25,25,7,7,1.0,False,-6.255170245392188,106.84296367849294,21.509477825194235,True,
2026-07-25T06:15:53.674260+00:00,4421,-6.237577607899957,106.82686737105018,complex_corridor,FRC3,10,18,49,27,1.0,False,-6.237416698431964,106.82692406858013,18.95817050701808,True,
2026-07-25T06:15:53.974642+00:00,5234,-6.255677025000373,106.8431710999986,complex_corridor,FRC4,18,23,7,6,1.0,False,-6.25559934329838,106.84329627241084,16.310649749926508,True,
2026-07-25T06:15:54.273989+00:00,5259,-6.255508725000373,106.84360214999862,complex_corridor,FRC4,24,30,359,287,0.99815,False,-6.255457199448482,106.84295563186589,71.6908067558573,True,
2026-07-25T06:15:54.574148+00:00,5296,-6.242909649999996,106.84406470000002,complex_corridor,FRC2,10,38,142,37,1.0,False,-6.24287098327402,106.84404058541264,5.0587612651154314,True,
2026-07-25T06:30:53.252411+00:00,703,-6.235444892859697,106.75583232857385,complex_corridor,FRC2,28,28,6,6,1.0,False,-6.235637002833079,106.75573958241279,23.694334982762854,True,
2026-07-25T06:30:53.542873+00:00,821,-6.288795825000754,106.77763638750048,complex_corridor,FRC1,18,31,60,35,1.0,False,-6.288676397337788,106.77774978959411,18.260596237349766,True,
2026-07-25T06:30:53.822237+00:00,1336,-6.235382350000007,106.7560557,complex_corridor,FRC2,27,27,9,9,1.0,False,-6.235851643158244,106.75634307944131,61.09133400248038,True,
2026-07-25T06:30:54.112691+00:00,2187,-6.234661449999994,106.7555585,complex_corridor,FRC2,39,39,18,18,1.0,False,-6.235295044618109,106.75596622907466,83.63486690954973,True,
2026-07-25T06:30:54.397378+00:00,2188,-6.233655599999991,106.75488135,complex_corridor,FRC2,30,30,32,32,1.0,False,-6.233742064909034,106.75495503627582,12.600808704103487,True,
2026-07-25T06:30:54.683877+00:00,2298,-6.288583799999989,106.77784095,complex_corridor,FRC1,20,41,700,341,1.0,False,-6.288634823320289,106.77780477487897,6.94084144102375,True,
2026-07-25T06:30:54.966657+00:00,2322,-6.2884621,106.7781152,complex_corridor,FRC1,14,25,100,56,1.0,False,-6.288455113550981,106.77822722279888,12.405765015820144,True,
2026-07-25T06:30:55.251226+00:00,2459,-6.23996075,106.79819865,complex_corridor,FRC3,14,28,811,405,1.0,False,-6.239927209643448,106.79835988366938,18.208192291717626,True,
2026-07-25T06:30:55.533941+00:00,2660,-6.288887410002579,106.77817204999796,complex_corridor,FRC1,15,15,29,29,1.0,False,-6.289080056713849,106.77821112954479,21.852459789678804,True,
2026-07-25T06:30:55.818431+00:00,2731,-6.240104349999994,106.79819525,complex_corridor,FRC1,17,21,353,285,1.0,False,-6.254711568502923,106.79717434728451,1628.1638385691926,False,
2026-07-25T06:30:56.097761+00:00,2979,-6.239918790000258,106.79844824999957,complex_corridor,FRC2,15,15,2,2,1.0,False,-6.239928542802509,106.79846583092547,2.2254395550977346,True,
2026-07-25T06:30:56.380950+00:00,3134,-6.2892448600025785,106.77855074999796,complex_corridor,FRC1,17,22,15,11,1.0,False,-6.289262432333267,106.778499467014,5.995427904385316,True,
2026-07-25T06:30:56.675437+00:00,3164,-6.239840140000258,106.79869149999956,complex_corridor,FRC2,24,24,145,145,1.0,False,-6.23981997364873,106.79856239045006,14.446370748590217,True,
2026-07-25T06:30:56.956905+00:00,3940,-6.242815700000143,106.84290446666662,complex_corridor,FRC2,15,20,26,20,1.0,False,-6.242610768682978,106.84288187111798,22.923789898286447,True,
2026-07-25T06:30:57.239855+00:00,3995,-6.2428431,106.8426503,complex_corridor,FRC2,32,32,8,8,1.0,False,-6.24270333943449,106.84230519617961,41.19038604817657,True,
2026-07-25T06:30:57.521126+00:00,4135,-6.242451300001405,106.84346441666648,complex_corridor,FRC3,27,27,15,15,1.0,False,-6.24264159782794,106.84303341592732,52.128779444682614,True,
2026-07-25T06:30:57.801611+00:00,4174,-6.242622250001264,106.84418269999986,complex_corridor,FRC3,2,22,148,13,1.0,False,-6.242365385288672,106.84405667866673,31.777844988721665,True,
2026-07-25T06:30:58.116349+00:00,4307,-6.237238257899974,106.8272395210502,complex_corridor,FRC2,17,21,7,6,1.0,False,-6.237236971031365,106.82743234718856,21.314848279038795,True,
2026-07-25T06:30:58.401766+00:00,4312,-6.237042057899963,106.8269344210502,complex_corridor,FRC2,23,23,6,6,1.0,False,-6.237208807900389,106.82690797532604,18.770772040768108,True,
2026-07-25T06:30:58.688764+00:00,4383,-6.255330045001537,106.84307333999776,complex_corridor,FRC4,25,25,7,7,1.0,False,-6.255170245392188,106.84296367849294,21.509477825194235,True,
2026-07-25T06:30:58.973689+00:00,4421,-6.237577607899957,106.82686737105018,complex_corridor,FRC3,10,18,49,27,1.0,False,-6.237416698431964,106.82692406858013,18.95817050701808,True,
2026-07-25T06:30:59.258199+00:00,5234,-6.255677025000373,106.8431710999986,complex_corridor,FRC4,23,23,6,6,1.0,False,-6.25559934329838,106.84329627241084,16.310649749926508,True,
2026-07-25T06:30:59.540827+00:00,5259,-6.255508725000373,106.84360214999862,complex_corridor,FRC4,20,29,430,297,0.994044,False,-6.255457199448482,106.84295563186589,71.6908067558573,True,
2026-07-25T06:30:59.822990+00:00,5296,-6.242909649999996,106.84406470000002,complex_corridor,FRC2,6,34,237,41,1.0,False,-6.24287098327402,106.84404058541264,5.0587612651154314,True,
2026-07-25T06:45:52.395936+00:00,703,-6.235444892859697,106.75583232857385,complex_corridor,FRC2,28,28,6,6,1.0,False,-6.235637002833079,106.75573958241279,23.694334982762854,True,
2026-07-25T06:45:52.684469+00:00,821,-6.288795825000754,106.77763638750048,complex_corridor,FRC1,24,31,45,35,0.99,False,-6.288676397337788,106.77774978959411,18.260596237349766,True,
2026-07-25T06:45:52.969477+00:00,1336,-6.235382350000007,106.7560557,complex_corridor,FRC2,21,26,12,10,0.99,False,-6.235851643158244,106.75634307944131,61.09133400248038,True,
2026-07-25T06:45:53.264632+00:00,2187,-6.234661449999994,106.7555585,complex_corridor,FRC2,39,39,18,18,1.0,False,-6.235295044618109,106.75596622907466,83.63486690954973,True,
2026-07-25T06:45:53.556988+00:00,2188,-6.233655599999991,106.75488135,complex_corridor,FRC2,30,30,32,32,1.0,False,-6.233742064909034,106.75495503627582,12.600808704103487,True,
2026-07-25T06:45:53.851427+00:00,2298,-6.288583799999989,106.77784095,complex_corridor,FRC1,20,39,700,359,1.0,False,-6.288634823320289,106.77780477487897,6.94084144102375,True,
2026-07-25T06:45:54.139320+00:00,2322,-6.2884621,106.7781152,complex_corridor,FRC1,21,26,66,53,1.0,False,-6.288455113550981,106.77822722279888,12.405765015820144,True,
2026-07-25T06:45:54.431264+00:00,2459,-6.23996075,106.79819865,complex_corridor,FRC3,17,27,668,420,1.0,False,-6.239927209643448,106.79835988366938,18.208192291717626,True,
2026-07-25T06:45:54.723640+00:00,2660,-6.288887410002579,106.77817204999796,complex_corridor,FRC1,15,17,29,26,1.0,False,-6.289080056713849,106.77821112954479,21.852459789678804,True,
2026-07-25T06:45:55.010222+00:00,2731,-6.240104349999994,106.79819525,complex_corridor,FRC1,14,20,428,300,1.0,False,-6.254711568502923,106.79717434728451,1628.1638385691926,False,
2026-07-25T06:45:55.295389+00:00,2979,-6.239918790000258,106.79844824999957,complex_corridor,FRC2,11,15,3,2,1.0,False,-6.239928542802509,106.79846583092547,2.2254395550977346,True,
2026-07-25T06:45:55.584520+00:00,3134,-6.2892448600025785,106.77855074999796,complex_corridor,FRC1,13,22,20,11,1.0,False,-6.289262432333267,106.778499467014,5.995427904385316,True,
2026-07-25T06:45:55.875144+00:00,3164,-6.239840140000258,106.79869149999956,complex_corridor,FRC2,24,24,145,145,1.0,False,-6.23981997364873,106.79856239045006,14.446370748590217,True,
2026-07-25T06:45:56.160997+00:00,3940,-6.242815700000143,106.84290446666662,complex_corridor,FRC2,21,21,19,19,1.0,False,-6.242610768682978,106.84288187111798,22.923789898286447,True,
2026-07-25T06:45:56.446921+00:00,3995,-6.2428431,106.8426503,complex_corridor,FRC2,32,32,8,8,1.0,False,-6.24270333943449,106.84230519617961,41.19038604817657,True,
2026-07-25T06:45:56.736508+00:00,4135,-6.242451300001405,106.84346441666648,complex_corridor,FRC3,27,27,15,15,1.0,False,-6.24264159782794,106.84303341592732,52.128779444682614,True,
2026-07-25T06:45:57.032538+00:00,4174,-6.242622250001264,106.84418269999986,complex_corridor,FRC3,3,21,98,14,1.0,False,-6.242365385288672,106.84405667866673,31.777844988721665,True,
2026-07-25T06:45:57.339595+00:00,4307,-6.237238257899974,106.8272395210502,complex_corridor,FRC2,21,21,6,6,1.0,False,-6.237236971031365,106.82743234718856,21.314848279038795,True,
2026-07-25T06:45:57.626185+00:00,4312,-6.237042057899963,106.8269344210502,complex_corridor,FRC2,23,23,6,6,1.0,False,-6.237208807900389,106.82690797532604,18.770772040768108,True,
2026-07-25T06:45:57.915227+00:00,4383,-6.255330045001537,106.84307333999776,complex_corridor,FRC4,25,25,7,7,1.0,False,-6.255170245392188,106.84296367849294,21.509477825194235,True,
2026-07-25T06:45:58.238552+00:00,4421,-6.237577607899957,106.82686737105018,complex_corridor,FRC3,9,19,54,25,1.0,False,-6.237416698431964,106.82692406858013,18.95817050701808,True,
2026-07-25T06:45:58.527221+00:00,5234,-6.255677025000373,106.8431710999986,complex_corridor,FRC4,23,23,6,6,1.0,False,-6.25559934329838,106.84329627241084,16.310649749926508,True,
2026-07-25T06:45:58.817536+00:00,5259,-6.255508725000373,106.84360214999862,complex_corridor,FRC4,20,29,430,297,0.997293,False,-6.255457199448482,106.84295563186589,71.6908067558573,True,
2026-07-25T06:45:59.102423+00:00,5296,-6.242909649999996,106.84406470000002,complex_corridor,FRC2,7,32,203,44,1.0,False,-6.24287098327402,106.84404058541264,5.0587612651154314,True,
2026-07-25T07:00:58.275353+00:00,703,-6.235444892859697,106.75583232857385,complex_corridor,FRC2,28,28,6,6,1.0,False,-6.235637002833079,106.75573958241279,23.694334982762854,True,
2026-07-25T07:00:58.552241+00:00,821,-6.288795825000754,106.77763638750048,complex_corridor,FRC1,31,31,35,35,1.0,False,-6.288676397337788,106.77774978959411,18.260596237349766,True,
2026-07-25T07:00:58.820689+00:00,1336,-6.235382350000007,106.7560557,complex_corridor,FRC2,27,27,9,9,1.0,False,-6.235851643158244,106.75634307944131,61.09133400248038,True,
2026-07-25T07:00:59.088516+00:00,2187,-6.234661449999994,106.7555585,complex_corridor,FRC2,39,39,18,18,1.0,False,-6.235295044618109,106.75596622907466,83.63486690954973,True,
2026-07-25T07:00:59.358685+00:00,2188,-6.233655599999991,106.75488135,complex_corridor,FRC2,30,30,32,32,1.0,False,-6.233742064909034,106.75495503627582,12.600808704103487,True,
2026-07-25T07:00:59.624216+00:00,2298,-6.288583799999989,106.77784095,complex_corridor,FRC1,20,41,700,341,1.0,False,-6.288634823320289,106.77780477487897,6.94084144102375,True,
2026-07-25T07:00:59.885353+00:00,2322,-6.2884621,106.7781152,complex_corridor,FRC1,17,25,82,56,1.0,False,-6.288455113550981,106.77822722279888,12.405765015820144,True,
2026-07-25T07:01:00.147695+00:00,2459,-6.23996075,106.79819865,complex_corridor,FRC3,14,28,811,405,1.0,False,-6.239927209643448,106.79835988366938,18.208192291717626,True,
2026-07-25T07:01:00.420434+00:00,2660,-6.288887410002579,106.77817204999796,complex_corridor,FRC1,15,15,29,29,1.0,False,-6.289080056713849,106.77821112954479,21.852459789678804,True,
2026-07-25T07:01:00.682105+00:00,2731,-6.240104349999994,106.79819525,complex_corridor,FRC1,12,21,500,285,1.0,False,-6.254711568502923,106.79717434728451,1628.1638385691926,False,
2026-07-25T07:01:00.945058+00:00,2979,-6.239918790000258,106.79844824999957,complex_corridor,FRC2,8,13,5,3,1.0,False,-6.239928542802509,106.79846583092547,2.2254395550977346,True,
2026-07-25T07:01:01.209617+00:00,3134,-6.2892448600025785,106.77855074999796,complex_corridor,FRC1,9,23,28,11,1.0,False,-6.289262432333267,106.778499467014,5.995427904385316,True,
2026-07-25T07:01:01.477251+00:00,3164,-6.239840140000258,106.79869149999956,complex_corridor,FRC2,24,24,145,145,1.0,False,-6.23981997364873,106.79856239045006,14.446370748590217,True,
2026-07-25T07:01:01.740677+00:00,3940,-6.242815700000143,106.84290446666662,complex_corridor,FRC2,21,21,19,19,1.0,False,-6.242610768682978,106.84288187111798,22.923789898286447,True,
2026-07-25T07:01:02.005031+00:00,3995,-6.2428431,106.8426503,complex_corridor,FRC2,32,32,8,8,1.0,False,-6.24270333943449,106.84230519617961,41.19038604817657,True,
2026-07-25T07:01:02.270544+00:00,4135,-6.242451300001405,106.84346441666648,complex_corridor,FRC3,27,27,15,15,1.0,False,-6.24264159782794,106.84303341592732,52.128779444682614,True,
2026-07-25T07:01:02.534357+00:00,4174,-6.242622250001264,106.84418269999986,complex_corridor,FRC3,4,23,74,12,0.99,False,-6.242365385288672,106.84405667866673,31.777844988721665,True,
2026-07-25T07:01:02.799261+00:00,4307,-6.237238257899974,106.8272395210502,complex_corridor,FRC2,21,21,6,6,1.0,False,-6.237236971031365,106.82743234718856,21.314848279038795,True,
2026-07-25T07:01:03.063447+00:00,4312,-6.237042057899963,106.8269344210502,complex_corridor,FRC2,23,23,6,6,1.0,False,-6.237208807900389,106.82690797532604,18.770772040768108,True,
2026-07-25T07:01:03.332733+00:00,4383,-6.255330045001537,106.84307333999776,complex_corridor,FRC4,25,25,7,7,1.0,False,-6.255170245392188,106.84296367849294,21.509477825194235,True,
2026-07-25T07:01:03.598517+00:00,4421,-6.237577607899957,106.82686737105018,complex_corridor,FRC3,7,19,70,25,1.0,False,-6.237416698431964,106.82692406858013,18.95817050701808,True,
2026-07-25T07:01:03.865129+00:00,5234,-6.255677025000373,106.8431710999986,complex_corridor,FRC4,23,23,6,6,1.0,False,-6.25559934329838,106.84329627241084,16.310649749926508,True,
2026-07-25T07:01:04.128057+00:00,5259,-6.255508725000373,106.84360214999862,complex_corridor,FRC4,23,30,374,287,0.994779,False,-6.255457199448482,106.84295563186589,71.6908067558573,True,
2026-07-25T07:01:04.396531+00:00,5296,-6.242909649999996,106.84406470000002,complex_corridor,FRC2,12,37,118,38,1.0,False,-6.24287098327402,106.84404058541264,5.0587612651154314,True,
2026-07-25T07:15:49.003642+00:00,703,-6.235444892859697,106.75583232857385,complex_corridor,FRC2,28,28,6,6,1.0,False,-6.235637002833079,106.75573958241279,23.694334982762854,True,
2026-07-25T07:15:49.272723+00:00,821,-6.288795825000754,106.77763638750048,complex_corridor,FRC1,31,31,35,35,1.0,False,-6.288676397337788,106.77774978959411,18.260596237349766,True,
2026-07-25T07:15:49.542267+00:00,1336,-6.235382350000007,106.7560557,complex_corridor,FRC2,27,27,9,9,1.0,False,-6.235851643158244,106.75634307944131,61.09133400248038,True,
2026-07-25T07:15:49.815126+00:00,2187,-6.234661449999994,106.7555585,complex_corridor,FRC2,39,39,18,18,1.0,False,-6.235295044618109,106.75596622907466,83.63486690954973,True,
2026-07-25T07:15:50.088426+00:00,2188,-6.233655599999991,106.75488135,complex_corridor,FRC2,30,30,32,32,1.0,False,-6.233742064909034,106.75495503627582,12.600808704103487,True,
2026-07-25T07:15:50.356857+00:00,2298,-6.288583799999989,106.77784095,complex_corridor,FRC1,19,39,736,359,1.0,False,-6.288634823320289,106.77780477487897,6.94084144102375,True,
2026-07-25T07:15:50.627523+00:00,2322,-6.2884621,106.7781152,complex_corridor,FRC1,26,26,53,53,1.0,False,-6.288455113550981,106.77822722279888,12.405765015820144,True,
2026-07-25T07:15:50.899779+00:00,2459,-6.23996075,106.79819865,complex_corridor,FRC3,15,27,757,420,1.0,False,-6.239927209643448,106.79835988366938,18.208192291717626,True,
2026-07-25T07:15:51.169040+00:00,2660,-6.288887410002579,106.77817204999796,complex_corridor,FRC1,15,20,29,22,1.0,False,-6.289080056713849,106.77821112954479,21.852459789678804,True,
2026-07-25T07:15:51.442544+00:00,2731,-6.240104349999994,106.79819525,complex_corridor,FRC1,13,21,461,285,1.0,False,-6.254711568502923,106.79717434728451,1628.1638385691926,False,
2026-07-25T07:15:51.714241+00:00,2979,-6.239918790000258,106.79844824999957,complex_corridor,FRC2,10,13,4,3,1.0,False,-6.239928542802509,106.79846583092547,2.2254395550977346,True,
2026-07-25T07:15:51.984563+00:00,3134,-6.2892448600025785,106.77855074999796,complex_corridor,FRC1,11,21,23,12,1.0,False,-6.289262432333267,106.778499467014,5.995427904385316,True,
2026-07-25T07:15:52.254714+00:00,3164,-6.239840140000258,106.79869149999956,complex_corridor,FRC2,24,24,145,145,1.0,False,-6.23981997364873,106.79856239045006,14.446370748590217,True,
2026-07-25T07:15:52.522314+00:00,3940,-6.242815700000143,106.84290446666662,complex_corridor,FRC2,21,21,19,19,1.0,False,-6.242610768682978,106.84288187111798,22.923789898286447,True,
2026-07-25T07:15:52.795943+00:00,3995,-6.2428431,106.8426503,complex_corridor,FRC2,32,32,8,8,1.0,False,-6.24270333943449,106.84230519617961,41.19038604817657,True,
2026-07-25T07:15:53.065086+00:00,4135,-6.242451300001405,106.84346441666648,complex_corridor,FRC3,27,27,15,15,1.0,False,-6.24264159782794,106.84303341592732,52.128779444682614,True,
2026-07-25T07:15:53.341251+00:00,4174,-6.242622250001264,106.84418269999986,complex_corridor,FRC3,1,17,296,17,0.98,False,-6.242365385288672,106.84405667866673,31.777844988721665,True,
2026-07-25T07:15:53.608275+00:00,4307,-6.237238257899974,106.8272395210502,complex_corridor,FRC2,21,21,6,6,1.0,False,-6.237236971031365,106.82743234718856,21.314848279038795,True,
2026-07-25T07:15:53.883609+00:00,4312,-6.237042057899963,106.8269344210502,complex_corridor,FRC2,23,23,6,6,1.0,False,-6.237208807900389,106.82690797532604,18.770772040768108,True,
2026-07-25T07:15:54.158116+00:00,4383,-6.255330045001537,106.84307333999776,complex_corridor,FRC4,25,25,7,7,1.0,False,-6.255170245392188,106.84296367849294,21.509477825194235,True,
2026-07-25T07:15:54.428367+00:00,4421,-6.237577607899957,106.82686737105018,complex_corridor,FRC3,8,18,61,27,1.0,False,-6.237416698431964,106.82692406858013,18.95817050701808,True,
2026-07-25T07:15:54.711471+00:00,5234,-6.255677025000373,106.8431710999986,complex_corridor,FRC4,23,23,6,6,1.0,False,-6.25559934329838,106.84329627241084,16.310649749926508,True,
2026-07-25T07:15:54.986084+00:00,5259,-6.255508725000373,106.84360214999862,complex_corridor,FRC4,24,29,359,297,0.997256,False,-6.255457199448482,106.84295563186589,71.6908067558573,True,
2026-07-25T07:15:55.285379+00:00,5296,-6.242909649999996,106.84406470000002,complex_corridor,FRC2,11,35,129,40,1.0,False,-6.24287098327402,106.84404058541264,5.0587612651154314,True,
2026-07-25T07:30:55.797776+00:00,703,-6.235444892859697,106.75583232857385,complex_corridor,FRC2,28,28,6,6,1.0,False,-6.235637002833079,106.75573958241279,23.694334982762854,True,
2026-07-25T07:30:56.103339+00:00,821,-6.288795825000754,106.77763638750048,complex_corridor,FRC1,31,31,35,35,1.0,False,-6.288676397337788,106.77774978959411,18.260596237349766,True,
2026-07-25T07:30:56.409378+00:00,1336,-6.235382350000007,106.7560557,complex_corridor,FRC2,27,27,9,9,1.0,False,-6.235851643158244,106.75634307944131,61.09133400248038,True,
2026-07-25T07:30:56.717816+00:00,2187,-6.234661449999994,106.7555585,complex_corridor,FRC2,39,39,18,18,1.0,False,-6.235295044618109,106.75596622907466,83.63486690954973,True,
2026-07-25T07:30:57.021278+00:00,2188,-6.233655599999991,106.75488135,complex_corridor,FRC2,30,30,32,32,1.0,False,-6.233742064909034,106.75495503627582,12.600808704103487,True,
2026-07-25T07:30:57.330878+00:00,2298,-6.288583799999989,106.77784095,complex_corridor,FRC1,20,40,700,350,1.0,False,-6.288634823320289,106.77780477487897,6.94084144102375,True,
2026-07-25T07:30:57.634122+00:00,2322,-6.2884621,106.7781152,complex_corridor,FRC1,21,26,66,53,1.0,False,-6.288455113550981,106.77822722279888,12.405765015820144,True,
2026-07-25T07:30:57.941604+00:00,2459,-6.23996075,106.79819865,complex_corridor,FRC3,17,28,668,405,1.0,False,-6.239927209643448,106.79835988366938,18.208192291717626,True,
2026-07-25T07:30:58.247144+00:00,2660,-6.288887410002579,106.77817204999796,complex_corridor,FRC1,14,16,31,27,1.0,False,-6.289080056713849,106.77821112954479,21.852459789678804,True,
2026-07-25T07:30:58.549331+00:00,2731,-6.240104349999994,106.79819525,complex_corridor,FRC1,13,22,461,272,1.0,False,-6.254711568502923,106.79717434728451,1628.1638385691926,False,
2026-07-25T07:30:58.852043+00:00,2979,-6.239918790000258,106.79844824999957,complex_corridor,FRC2,8,13,5,3,1.0,False,-6.239928542802509,106.79846583092547,2.2254395550977346,True,
2026-07-25T07:30:59.157507+00:00,3134,-6.2892448600025785,106.77855074999796,complex_corridor,FRC1,11,22,23,11,1.0,False,-6.289262432333267,106.778499467014,5.995427904385316,True,
2026-07-25T07:30:59.459780+00:00,3164,-6.239840140000258,106.79869149999956,complex_corridor,FRC2,20,24,174,145,1.0,False,-6.23981997364873,106.79856239045006,14.446370748590217,True,
2026-07-25T07:30:59.761348+00:00,3940,-6.242815700000143,106.84290446666662,complex_corridor,FRC2,14,20,28,20,1.0,False,-6.242610768682978,106.84288187111798,22.923789898286447,True,
2026-07-25T07:31:00.069795+00:00,3995,-6.2428431,106.8426503,complex_corridor,FRC2,32,32,8,8,1.0,False,-6.24270333943449,106.84230519617961,41.19038604817657,True,
2026-07-25T07:31:00.372141+00:00,4135,-6.242451300001405,106.84346441666648,complex_corridor,FRC3,21,26,19,16,1.0,False,-6.24264159782794,106.84303341592732,52.128779444682614,True,
2026-07-25T07:31:00.679064+00:00,4174,-6.242622250001264,106.84418269999986,complex_corridor,FRC3,1,17,296,17,0.98,False,-6.242365385288672,106.84405667866673,31.777844988721665,True,
2026-07-25T07:31:00.984092+00:00,4307,-6.237238257899974,106.8272395210502,complex_corridor,FRC2,15,20,8,6,1.0,False,-6.237236971031365,106.82743234718856,21.314848279038795,True,
2026-07-25T07:31:01.288066+00:00,4312,-6.237042057899963,106.8269344210502,complex_corridor,FRC2,23,23,6,6,1.0,False,-6.237208807900389,106.82690797532604,18.770772040768108,True,
2026-07-25T07:31:01.597532+00:00,4383,-6.255330045001537,106.84307333999776,complex_corridor,FRC4,18,24,10,7,1.0,False,-6.255170245392188,106.84296367849294,21.509477825194235,True,
2026-07-25T07:31:01.900509+00:00,4421,-6.237577607899957,106.82686737105018,complex_corridor,FRC3,18,18,27,27,1.0,False,-6.237416698431964,106.82692406858013,18.95817050701808,True,
2026-07-25T07:31:02.210021+00:00,5234,-6.255677025000373,106.8431710999986,complex_corridor,FRC4,18,22,7,6,1.0,False,-6.25559934329838,106.84329627241084,16.310649749926508,True,
2026-07-25T07:31:02.519251+00:00,5259,-6.255508725000373,106.84360214999862,complex_corridor,FRC4,22,29,391,297,0.996951,False,-6.255457199448482,106.84295563186589,71.6908067558573,True,
2026-07-25T07:31:02.824912+00:00,5296,-6.242909649999996,106.84406470000002,complex_corridor,FRC2,11,34,129,41,1.0,False,-6.24287098327402,106.84404058541264,5.0587612651154314,True,
2026-07-25T07:45:46.372616+00:00,703,-6.235444892859697,106.75583232857385,complex_corridor,FRC2,28,28,6,6,1.0,False,-6.235637002833079,106.75573958241279,23.694334982762854,True,
2026-07-25T07:45:46.670551+00:00,821,-6.288795825000754,106.77763638750048,complex_corridor,FRC1,31,31,35,35,1.0,False,-6.288676397337788,106.77774978959411,18.260596237349766,True,
2026-07-25T07:45:46.961221+00:00,1336,-6.235382350000007,106.7560557,complex_corridor,FRC2,21,26,12,10,0.98,False,-6.235851643158244,106.75634307944131,61.09133400248038,True,
2026-07-25T07:45:47.257377+00:00,2187,-6.234661449999994,106.7555585,complex_corridor,FRC2,39,39,18,18,1.0,False,-6.235295044618109,106.75596622907466,83.63486690954973,True,
2026-07-25T07:45:47.554370+00:00,2188,-6.233655599999991,106.75488135,complex_corridor,FRC2,30,30,32,32,1.0,False,-6.233742064909034,106.75495503627582,12.600808704103487,True,
2026-07-25T07:45:47.843954+00:00,2298,-6.288583799999989,106.77784095,complex_corridor,FRC1,19,39,736,359,1.0,False,-6.288634823320289,106.77780477487897,6.94084144102375,True,
2026-07-25T07:45:48.134461+00:00,2322,-6.2884621,106.7781152,complex_corridor,FRC1,26,26,53,53,1.0,False,-6.288455113550981,106.77822722279888,12.405765015820144,True,
2026-07-25T07:45:48.422784+00:00,2459,-6.23996075,106.79819865,complex_corridor,FRC3,17,27,668,420,1.0,False,-6.239927209643448,106.79835988366938,18.208192291717626,True,
2026-07-25T07:45:48.715756+00:00,2660,-6.288887410002579,106.77817204999796,complex_corridor,FRC1,13,16,34,27,1.0,False,-6.289080056713849,106.77821112954479,21.852459789678804,True,
2026-07-25T07:45:49.006123+00:00,2731,-6.240104349999994,106.79819525,complex_corridor,FRC1,15,20,400,300,1.0,False,-6.254711568502923,106.79717434728451,1628.1638385691926,False,
2026-07-25T07:45:49.305889+00:00,2979,-6.239918790000258,106.79844824999957,complex_corridor,FRC2,9,15,4,2,1.0,False,-6.239928542802509,106.79846583092547,2.2254395550977346,True,
2026-07-25T07:45:49.593977+00:00,3134,-6.2892448600025785,106.77855074999796,complex_corridor,FRC1,7,22,37,11,1.0,False,-6.289262432333267,106.778499467014,5.995427904385316,True,
2026-07-25T07:45:49.884133+00:00,3164,-6.239840140000258,106.79869149999956,complex_corridor,FRC2,24,24,145,145,1.0,False,-6.23981997364873,106.79856239045006,14.446370748590217,True,
2026-07-25T07:45:50.177036+00:00,3940,-6.242815700000143,106.84290446666662,complex_corridor,FRC2,21,21,19,19,1.0,False,-6.242610768682978,106.84288187111798,22.923789898286447,True,
2026-07-25T07:45:50.464790+00:00,3995,-6.2428431,106.8426503,complex_corridor,FRC2,32,32,8,8,1.0,False,-6.24270333943449,106.84230519617961,41.19038604817657,True,
2026-07-25T07:45:50.751429+00:00,4135,-6.242451300001405,106.84346441666648,complex_corridor,FRC3,27,27,15,15,1.0,False,-6.24264159782794,106.84303341592732,52.128779444682614,True,
2026-07-25T07:45:51.040847+00:00,4174,-6.242622250001264,106.84418269999986,complex_corridor,FRC3,3,18,98,16,0.97,False,-6.242365385288672,106.84405667866673,31.777844988721665,True,
2026-07-25T07:45:51.354812+00:00,4307,-6.237238257899974,106.8272395210502,complex_corridor,FRC2,15,21,8,6,1.0,False,-6.237236971031365,106.82743234718856,21.314848279038795,True,
2026-07-25T07:45:51.641656+00:00,4312,-6.237042057899963,106.8269344210502,complex_corridor,FRC2,23,23,6,6,1.0,False,-6.237208807900389,106.82690797532604,18.770772040768108,True,
2026-07-25T07:45:51.929271+00:00,4383,-6.255330045001537,106.84307333999776,complex_corridor,FRC4,14,25,12,7,1.0,False,-6.255170245392188,106.84296367849294,21.509477825194235,True,
2026-07-25T07:45:52.221248+00:00,4421,-6.237577607899957,106.82686737105018,complex_corridor,FRC3,10,18,49,27,1.0,False,-6.237416698431964,106.82692406858013,18.95817050701808,True,
2026-07-25T07:45:52.508858+00:00,5234,-6.255677025000373,106.8431710999986,complex_corridor,FRC4,23,23,6,6,1.0,False,-6.25559934329838,106.84329627241084,16.310649749926508,True,
2026-07-25T07:45:52.798786+00:00,5259,-6.255508725000373,106.84360214999862,complex_corridor,FRC4,20,30,430,287,0.996667,False,-6.255457199448482,106.84295563186589,71.6908067558573,True,
2026-07-25T07:45:53.087207+00:00,5296,-6.242909649999996,106.84406470000002,complex_corridor,FRC2,9,34,158,41,1.0,False,-6.24287098327402,106.84404058541264,5.0587612651154314,True,
2026-07-25T08:00:59.187338+00:00,703,-6.235444892859697,106.75583232857385,complex_corridor,FRC2,28,28,6,6,1.0,False,-6.235637002833079,106.75573958241279,23.694334982762854,True,
2026-07-25T08:00:59.466400+00:00,821,-6.288795825000754,106.77763638750048,complex_corridor,FRC1,31,31,35,35,1.0,False,-6.288676397337788,106.77774978959411,18.260596237349766,True,
2026-07-25T08:00:59.739221+00:00,1336,-6.235382350000007,106.7560557,complex_corridor,FRC2,21,26,12,10,0.98,False,-6.235851643158244,106.75634307944131,61.09133400248038,True,
2026-07-25T08:01:00.009983+00:00,2187,-6.234661449999994,106.7555585,complex_corridor,FRC2,39,39,18,18,1.0,False,-6.235295044618109,106.75596622907466,83.63486690954973,True,
2026-07-25T08:01:00.286100+00:00,2188,-6.233655599999991,106.75488135,complex_corridor,FRC2,30,30,32,32,1.0,False,-6.233742064909034,106.75495503627582,12.600808704103487,True,
2026-07-25T08:01:00.557776+00:00,2298,-6.288583799999989,106.77784095,complex_corridor,FRC1,17,40,823,350,1.0,False,-6.288634823320289,106.77780477487897,6.94084144102375,True,
2026-07-25T08:01:00.828065+00:00,2322,-6.2884621,106.7781152,complex_corridor,FRC1,26,26,53,53,1.0,False,-6.288455113550981,106.77822722279888,12.405765015820144,True,
2026-07-25T08:01:01.100300+00:00,2459,-6.23996075,106.79819865,complex_corridor,FRC3,14,28,811,405,1.0,False,-6.239927209643448,106.79835988366938,18.208192291717626,True,
2026-07-25T08:01:01.378297+00:00,2660,-6.288887410002579,106.77817204999796,complex_corridor,FRC1,17,20,26,22,1.0,False,-6.289080056713849,106.77821112954479,21.852459789678804,True,
2026-07-25T08:01:01.644992+00:00,2731,-6.240104349999994,106.79819525,complex_corridor,FRC1,9,20,666,300,1.0,False,-6.254711568502923,106.79717434728451,1628.1638385691926,False,
2026-07-25T08:01:01.933419+00:00,2979,-6.239918790000258,106.79844824999957,complex_corridor,FRC2,15,15,2,2,1.0,False,-6.239928542802509,106.79846583092547,2.2254395550977346,True,
2026-07-25T08:01:02.204142+00:00,3134,-6.2892448600025785,106.77855074999796,complex_corridor,FRC1,22,22,11,11,1.0,False,-6.289262432333267,106.778499467014,5.995427904385316,True,
2026-07-25T08:01:02.476157+00:00,3164,-6.239840140000258,106.79869149999956,complex_corridor,FRC2,24,24,145,145,1.0,False,-6.23981997364873,106.79856239045006,14.446370748590217,True,
2026-07-25T08:01:02.757242+00:00,3940,-6.242815700000143,106.84290446666662,complex_corridor,FRC2,21,21,19,19,1.0,False,-6.242610768682978,106.84288187111798,22.923789898286447,True,
2026-07-25T08:01:03.027657+00:00,3995,-6.2428431,106.8426503,complex_corridor,FRC2,32,32,8,8,1.0,False,-6.24270333943449,106.84230519617961,41.19038604817657,True,
2026-07-25T08:01:03.295564+00:00,4135,-6.242451300001405,106.84346441666648,complex_corridor,FRC3,27,27,15,15,1.0,False,-6.24264159782794,106.84303341592732,52.128779444682614,True,
2026-07-25T08:01:03.590642+00:00,4174,-6.242622250001264,106.84418269999986,complex_corridor,FRC3,2,20,148,14,0.96,False,-6.242365385288672,106.84405667866673,31.777844988721665,True,
2026-07-25T08:01:03.859934+00:00,4307,-6.237238257899974,106.8272395210502,complex_corridor,FRC2,21,21,6,6,1.0,False,-6.237236971031365,106.82743234718856,21.314848279038795,True,
2026-07-25T08:01:04.130298+00:00,4312,-6.237042057899963,106.8269344210502,complex_corridor,FRC2,23,23,6,6,1.0,False,-6.237208807900389,106.82690797532604,18.770772040768108,True,
2026-07-25T08:01:04.398129+00:00,4383,-6.255330045001537,106.84307333999776,complex_corridor,FRC4,25,25,7,7,1.0,False,-6.255170245392188,106.84296367849294,21.509477825194235,True,
2026-07-25T08:01:04.679903+00:00,4421,-6.237577607899957,106.82686737105018,complex_corridor,FRC3,12,18,41,27,1.0,False,-6.237416698431964,106.82692406858013,18.95817050701808,True,
2026-07-25T08:01:04.946830+00:00,5234,-6.255677025000373,106.8431710999986,complex_corridor,FRC4,15,23,9,6,1.0,False,-6.25559934329838,106.84329627241084,16.310649749926508,True,
2026-07-25T08:01:05.217855+00:00,5259,-6.255508725000373,106.84360214999862,complex_corridor,FRC4,21,30,410,287,0.997256,False,-6.255457199448482,106.84295563186589,71.6908067558573,True,
2026-07-25T08:01:05.486586+00:00,5296,-6.242909649999996,106.84406470000002,complex_corridor,FRC2,9,36,158,39,1.0,False,-6.24287098327402,106.84404058541264,5.0587612651154314,True,
2026-07-25T08:15:48.320240+00:00,703,-6.235444892859697,106.75583232857385,complex_corridor,FRC2,28,28,6,6,1.0,False,-6.235637002833079,106.75573958241279,23.694334982762854,True,
2026-07-25T08:15:48.606631+00:00,821,-6.288795825000754,106.77763638750048,complex_corridor,FRC1,23,31,47,35,1.0,False,-6.288676397337788,106.77774978959411,18.260596237349766,True,
2026-07-25T08:15:48.887905+00:00,1336,-6.235382350000007,106.7560557,complex_corridor,FRC2,27,27,9,9,1.0,False,-6.235851643158244,106.75634307944131,61.09133400248038,True,
2026-07-25T08:15:49.171006+00:00,2187,-6.234661449999994,106.7555585,complex_corridor,FRC2,39,39,18,18,1.0,False,-6.235295044618109,106.75596622907466,83.63486690954973,True,
2026-07-25T08:15:49.470546+00:00,2188,-6.233655599999991,106.75488135,complex_corridor,FRC2,30,30,32,32,1.0,False,-6.233742064909034,106.75495503627582,12.600808704103487,True,
2026-07-25T08:15:49.754116+00:00,2298,-6.288583799999989,106.77784095,complex_corridor,FRC1,15,40,933,350,1.0,False,-6.288634823320289,106.77780477487897,6.94084144102375,True,
2026-07-25T08:15:50.059214+00:00,2322,-6.2884621,106.7781152,complex_corridor,FRC1,14,26,100,53,1.0,False,-6.288455113550981,106.77822722279888,12.405765015820144,True,
2026-07-25T08:15:50.344735+00:00,2459,-6.23996075,106.79819865,complex_corridor,FRC3,14,28,811,405,1.0,False,-6.239927209643448,106.79835988366938,18.208192291717626,True,
2026-07-25T08:15:50.634761+00:00,2660,-6.288887410002579,106.77817204999796,complex_corridor,FRC1,8,14,55,31,1.0,False,-6.289080056713849,106.77821112954479,21.852459789678804,True,
2026-07-25T08:15:50.918102+00:00,2731,-6.240104349999994,106.79819525,complex_corridor,FRC1,12,22,500,272,1.0,False,-6.254711568502923,106.79717434728451,1628.1638385691926,False,
2026-07-25T08:15:51.196275+00:00,2979,-6.239918790000258,106.79844824999957,complex_corridor,FRC2,15,15,2,2,1.0,False,-6.239928542802509,106.79846583092547,2.2254395550977346,True,
2026-07-25T08:15:51.475278+00:00,3134,-6.2892448600025785,106.77855074999796,complex_corridor,FRC1,22,22,11,11,1.0,False,-6.289262432333267,106.778499467014,5.995427904385316,True,
2026-07-25T08:15:51.759944+00:00,3164,-6.239840140000258,106.79869149999956,complex_corridor,FRC2,24,24,145,145,1.0,False,-6.23981997364873,106.79856239045006,14.446370748590217,True,
2026-07-25T08:15:52.045947+00:00,3940,-6.242815700000143,106.84290446666662,complex_corridor,FRC2,21,21,19,19,1.0,False,-6.242610768682978,106.84288187111798,22.923789898286447,True,
2026-07-25T08:15:52.325033+00:00,3995,-6.2428431,106.8426503,complex_corridor,FRC2,32,32,8,8,1.0,False,-6.24270333943449,106.84230519617961,41.19038604817657,True,
2026-07-25T08:15:52.604687+00:00,4135,-6.242451300001405,106.84346441666648,complex_corridor,FRC3,27,27,15,15,1.0,False,-6.24264159782794,106.84303341592732,52.128779444682614,True,
2026-07-25T08:15:52.884241+00:00,4174,-6.242622250001264,106.84418269999986,complex_corridor,FRC3,0,19,0,15,0.97,False,-6.242365385288672,106.84405667866673,31.777844988721665,True,
2026-07-25T08:15:53.170238+00:00,4307,-6.237238257899974,106.8272395210502,complex_corridor,FRC2,21,21,6,6,1.0,False,-6.237236971031365,106.82743234718856,21.314848279038795,True,
2026-07-25T08:15:53.448875+00:00,4312,-6.237042057899963,106.8269344210502,complex_corridor,FRC2,23,23,6,6,1.0,False,-6.237208807900389,106.82690797532604,18.770772040768108,True,
2026-07-25T08:15:53.731105+00:00,4383,-6.255330045001537,106.84307333999776,complex_corridor,FRC4,25,25,7,7,1.0,False,-6.255170245392188,106.84296367849294,21.509477825194235,True,
2026-07-25T08:15:54.011316+00:00,4421,-6.237577607899957,106.82686737105018,complex_corridor,FRC3,9,17,54,28,1.0,False,-6.237416698431964,106.82692406858013,18.95817050701808,True,
2026-07-25T08:15:54.293533+00:00,5234,-6.255677025000373,106.8431710999986,complex_corridor,FRC4,15,23,9,6,1.0,False,-6.25559934329838,106.84329627241084,16.310649749926508,True,
2026-07-25T08:15:54.575662+00:00,5259,-6.255508725000373,106.84360214999862,complex_corridor,FRC4,20,30,430,287,0.99452,False,-6.255457199448482,106.84295563186589,71.6908067558573,True,
2026-07-25T08:15:54.855301+00:00,5296,-6.242909649999996,106.84406470000002,complex_corridor,FRC2,10,33,142,43,1.0,False,-6.24287098327402,106.84404058541264,5.0587612651154314,True,
