timestamp_utc,edge_id,requested_lat,requested_lon,highway_tag,frc,currentSpeed,freeFlowSpeed,currentTravelTime,freeFlowTravelTime,confidence,roadClosure,matched_lat,matched_lon,match_distance_m,valid_match,error
2026-08-07T00:00:58.766355+00:00,703,-6.235444892859697,106.75583232857385,complex_corridor,FRC2,28,28,6,6,1.0,False,-6.235637002833079,106.75573958241279,23.694334982762854,True,
2026-08-07T00:00:59.051220+00:00,821,-6.288795825000754,106.77763638750048,complex_corridor,FRC1,20,31,54,35,0.99,False,-6.288676397337788,106.77774978959411,18.260596237349766,True,
2026-08-07T00:00:59.329022+00:00,1336,-6.235382350000007,106.7560557,complex_corridor,FRC2,20,26,13,10,0.88,False,-6.235851643158244,106.75634307944131,61.09133400248038,True,
2026-08-07T00:00:59.607075+00:00,2187,-6.234661449999994,106.7555585,complex_corridor,FRC2,17,39,43,18,0.97,False,-6.235295044618109,106.75596622907466,83.63486690954973,True,
2026-08-07T00:00:59.880396+00:00,2188,-6.233655599999991,106.75488135,complex_corridor,FRC2,30,30,32,32,1.0,False,-6.233742064909034,106.75495503627582,12.600808704103487,True,
2026-08-07T00:01:00.158789+00:00,2298,-6.288583799999989,106.77784095,complex_corridor,FRC1,28,40,500,350,1.0,False,-6.288634823320289,106.77780477487897,6.94084144102375,True,
2026-08-07T00:01:00.438331+00:00,2322,-6.2884621,106.7781152,complex_corridor,FRC1,18,25,77,56,0.99,False,-6.288455113550981,106.77822722279888,12.405765015820144,True,
2026-08-07T00:01:00.712407+00:00,2459,-6.23996075,106.79819865,complex_corridor,FRC3,28,28,405,405,1.0,False,-6.239927209643448,106.79835988366938,18.208192291717626,True,
2026-08-07T00:01:00.990736+00:00,2660,-6.288887410002579,106.77817204999796,complex_corridor,FRC1,9,14,49,31,1.0,False,-6.289080056713849,106.77821112954479,21.852459789678804,True,
2026-08-07T00:01:01.262866+00:00,2731,-6.240104349999994,106.79819525,complex_corridor,FRC1,21,21,285,285,1.0,False,-6.254711568502923,106.79717434728451,1628.1638385691926,False,
2026-08-07T00:01:01.533796+00:00,2979,-6.239918790000258,106.79844824999957,complex_corridor,FRC2,15,15,2,2,1.0,False,-6.239928542802509,106.79846583092547,2.2254395550977346,True,
2026-08-07T00:01:01.816261+00:00,3134,-6.2892448600025785,106.77855074999796,complex_corridor,FRC1,22,22,11,11,1.0,False,-6.289262432333267,106.778499467014,5.995427904385316,True,
2026-08-07T00:01:02.089147+00:00,3164,-6.239840140000258,106.79869149999956,complex_corridor,FRC2,24,24,145,145,1.0,False,-6.23981997364873,106.79856239045006,14.446370748590217,True,
2026-08-07T00:01:02.359480+00:00,3940,-6.242815700000143,106.84290446666662,complex_corridor,FRC2,16,21,25,19,0.97,False,-6.242610768682978,106.84288187111798,22.923789898286447,True,
2026-08-07T00:01:02.628456+00:00,3995,-6.2428431,106.8426503,complex_corridor,FRC2,32,32,8,8,1.0,False,-6.24270333943449,106.84230519617961,41.19038604817657,True,
2026-08-07T00:01:02.899848+00:00,4135,-6.242451300001405,106.84346441666648,complex_corridor,FRC3,27,27,15,15,1.0,False,-6.24264159782794,106.84303341592732,52.128779444682614,True,
2026-08-07T00:01:03.170013+00:00,4174,-6.242622250001264,106.84418269999986,complex_corridor,FRC3,21,21,14,14,1.0,False,-6.242365385288672,106.84405667866673,31.777844988721665,True,
2026-08-07T00:01:03.443208+00:00,4307,-6.237238257899974,106.8272395210502,complex_corridor,FRC2,21,21,6,6,1.0,False,-6.237236971031365,106.82743234718856,21.314848279038795,True,
2026-08-07T00:01:03.718151+00:00,4312,-6.237042057899963,106.8269344210502,complex_corridor,FRC2,23,23,6,6,1.0,False,-6.237208807900389,106.82690797532604,18.770772040768108,True,
2026-08-07T00:01:03.991457+00:00,4383,-6.255330045001537,106.84307333999776,complex_corridor,FRC4,25,25,7,7,1.0,False,-6.255170245392188,106.84296367849294,21.509477825194235,True,
2026-08-07T00:01:04.261337+00:00,4421,-6.237577607899957,106.82686737105018,complex_corridor,FRC3,18,18,27,27,1.0,False,-6.237416698431964,106.82692406858013,18.95817050701808,True,
2026-08-07T00:01:04.532355+00:00,5234,-6.255677025000373,106.8431710999986,complex_corridor,FRC4,23,23,6,6,1.0,False,-6.25559934329838,106.84329627241084,16.310649749926508,True,
2026-08-07T00:01:04.802629+00:00,5259,-6.255508725000373,106.84360214999862,complex_corridor,FRC4,26,30,331,287,0.99815,False,-6.255457199448482,106.84295563186589,71.6908067558573,True,
2026-08-07T00:01:05.098998+00:00,5296,-6.242909649999996,106.84406470000002,complex_corridor,FRC2,35,35,40,40,1.0,False,-6.24287098327402,106.84404058541264,5.0587612651154314,True,
2026-08-07T00:15:51.173701+00:00,703,-6.235444892859697,106.75583232857385,complex_corridor,FRC2,28,28,6,6,1.0,False,-6.235637002833079,106.75573958241279,23.694334982762854,True,
2026-08-07T00:15:51.468934+00:00,821,-6.288795825000754,106.77763638750048,complex_corridor,FRC1,20,30,54,36,1.0,False,-6.288676397337788,106.77774978959411,18.260596237349766,True,
2026-08-07T00:15:51.762653+00:00,1336,-6.235382350000007,106.7560557,complex_corridor,FRC2,17,26,15,10,0.6,False,-6.235851643158244,106.75634307944131,61.09133400248038,True,
2026-08-07T00:15:52.059893+00:00,2187,-6.234661449999994,106.7555585,complex_corridor,FRC2,22,39,33,18,0.98,False,-6.235295044618109,106.75596622907466,83.63486690954973,True,
2026-08-07T00:15:52.361516+00:00,2188,-6.233655599999991,106.75488135,complex_corridor,FRC2,30,30,32,32,1.0,False,-6.233742064909034,106.75495503627582,12.600808704103487,True,
2026-08-07T00:15:52.658480+00:00,2298,-6.288583799999989,106.77784095,complex_corridor,FRC1,28,41,500,341,1.0,False,-6.288634823320289,106.77780477487897,6.94084144102375,True,
2026-08-07T00:15:52.951020+00:00,2322,-6.2884621,106.7781152,complex_corridor,FRC1,14,25,100,56,0.99,False,-6.288455113550981,106.77822722279888,12.405765015820144,True,
2026-08-07T00:15:53.243578+00:00,2459,-6.23996075,106.79819865,complex_corridor,FRC3,22,28,516,405,1.0,False,-6.239927209643448,106.79835988366938,18.208192291717626,True,
2026-08-07T00:15:53.535913+00:00,2660,-6.288887410002579,106.77817204999796,complex_corridor,FRC1,10,14,44,31,1.0,False,-6.289080056713849,106.77821112954479,21.852459789678804,True,
2026-08-07T00:15:53.829276+00:00,2731,-6.240104349999994,106.79819525,complex_corridor,FRC1,21,21,285,285,1.0,False,-6.254711568502923,106.79717434728451,1628.1638385691926,False,
2026-08-07T00:15:54.123167+00:00,2979,-6.239918790000258,106.79844824999957,complex_corridor,FRC2,6,13,7,3,1.0,False,-6.239928542802509,106.79846583092547,2.2254395550977346,True,
2026-08-07T00:15:54.420186+00:00,3134,-6.2892448600025785,106.77855074999796,complex_corridor,FRC1,17,22,15,11,1.0,False,-6.289262432333267,106.778499467014,5.995427904385316,True,
2026-08-07T00:15:54.709482+00:00,3164,-6.239840140000258,106.79869149999956,complex_corridor,FRC2,24,24,145,145,1.0,False,-6.23981997364873,106.79856239045006,14.446370748590217,True,
2026-08-07T00:15:55.003990+00:00,3940,-6.242815700000143,106.84290446666662,complex_corridor,FRC2,21,21,19,19,1.0,False,-6.242610768682978,106.84288187111798,22.923789898286447,True,
2026-08-07T00:15:55.297958+00:00,3995,-6.2428431,106.8426503,complex_corridor,FRC2,32,32,8,8,1.0,False,-6.24270333943449,106.84230519617961,41.19038604817657,True,
2026-08-07T00:15:55.590784+00:00,4135,-6.242451300001405,106.84346441666648,complex_corridor,FRC3,16,26,26,16,1.0,False,-6.24264159782794,106.84303341592732,52.128779444682614,True,
2026-08-07T00:15:55.885549+00:00,4174,-6.242622250001264,106.84418269999986,complex_corridor,FRC3,21,21,14,14,1.0,False,-6.242365385288672,106.84405667866673,31.777844988721665,True,
2026-08-07T00:15:56.176670+00:00,4307,-6.237238257899974,106.8272395210502,complex_corridor,FRC2,21,21,6,6,1.0,False,-6.237236971031365,106.82743234718856,21.314848279038795,True,
2026-08-07T00:15:56.471125+00:00,4312,-6.237042057899963,106.8269344210502,complex_corridor,FRC2,23,23,6,6,1.0,False,-6.237208807900389,106.82690797532604,18.770772040768108,True,
2026-08-07T00:15:56.760900+00:00,4383,-6.255330045001537,106.84307333999776,complex_corridor,FRC4,25,25,7,7,1.0,False,-6.255170245392188,106.84296367849294,21.509477825194235,True,
2026-08-07T00:15:57.064764+00:00,4421,-6.237577607899957,106.82686737105018,complex_corridor,FRC3,18,18,27,27,1.0,False,-6.237416698431964,106.82692406858013,18.95817050701808,True,
2026-08-07T00:15:57.358572+00:00,5234,-6.255677025000373,106.8431710999986,complex_corridor,FRC4,17,23,8,6,0.99,False,-6.25559934329838,106.84329627241084,16.310649749926508,True,
2026-08-07T00:15:57.656854+00:00,5259,-6.255508725000373,106.84360214999862,complex_corridor,FRC4,30,30,287,287,1.0,False,-6.255457199448482,106.84295563186589,71.6908067558573,True,
2026-08-07T00:15:57.952882+00:00,5296,-6.242909649999996,106.84406470000002,complex_corridor,FRC2,35,35,40,40,1.0,False,-6.24287098327402,106.84404058541264,5.0587612651154314,True,
2026-08-07T00:31:01.442496+00:00,703,-6.235444892859697,106.75583232857385,complex_corridor,FRC2,28,28,6,6,1.0,False,-6.235637002833079,106.75573958241279,23.694334982762854,True,
2026-08-07T00:31:01.713318+00:00,821,-6.288795825000754,106.77763638750048,complex_corridor,FRC1,14,30,78,36,1.0,False,-6.288676397337788,106.77774978959411,18.260596237349766,True,
2026-08-07T00:31:01.998007+00:00,1336,-6.235382350000007,106.7560557,complex_corridor,FRC2,16,26,16,10,0.94,False,-6.235851643158244,106.75634307944131,61.09133400248038,True,
2026-08-07T00:31:02.283475+00:00,2187,-6.234661449999994,106.7555585,complex_corridor,FRC2,39,39,18,18,1.0,False,-6.235295044618109,106.75596622907466,83.63486690954973,True,
2026-08-07T00:31:02.565878+00:00,2188,-6.233655599999991,106.75488135,complex_corridor,FRC2,30,30,32,32,1.0,False,-6.233742064909034,106.75495503627582,12.600808704103487,True,
2026-08-07T00:31:02.830360+00:00,2298,-6.288583799999989,106.77784095,complex_corridor,FRC1,30,40,466,350,1.0,False,-6.288634823320289,106.77780477487897,6.94084144102375,True,
2026-08-07T00:31:03.093304+00:00,2322,-6.2884621,106.7781152,complex_corridor,FRC1,26,26,53,53,1.0,False,-6.288455113550981,106.77822722279888,12.405765015820144,True,
2026-08-07T00:31:03.374019+00:00,2459,-6.23996075,106.79819865,complex_corridor,FRC3,28,28,405,405,1.0,False,-6.239927209643448,106.79835988366938,18.208192291717626,True,
2026-08-07T00:31:03.640355+00:00,2660,-6.288887410002579,106.77817204999796,complex_corridor,FRC1,17,20,26,22,1.0,False,-6.289080056713849,106.77821112954479,21.852459789678804,True,
2026-08-07T00:31:03.910686+00:00,2731,-6.240104349999994,106.79819525,complex_corridor,FRC1,21,21,285,285,1.0,False,-6.254711568502923,106.79717434728451,1628.1638385691926,False,
2026-08-07T00:31:04.176106+00:00,2979,-6.239918790000258,106.79844824999957,complex_corridor,FRC2,8,15,5,2,1.0,False,-6.239928542802509,106.79846583092547,2.2254395550977346,True,
2026-08-07T00:31:04.450131+00:00,3134,-6.2892448600025785,106.77855074999796,complex_corridor,FRC1,22,22,11,11,1.0,False,-6.289262432333267,106.778499467014,5.995427904385316,True,
2026-08-07T00:31:04.721543+00:00,3164,-6.239840140000258,106.79869149999956,complex_corridor,FRC2,20,24,174,145,1.0,False,-6.23981997364873,106.79856239045006,14.446370748590217,True,
2026-08-07T00:31:04.990375+00:00,3940,-6.242815700000143,106.84290446666662,complex_corridor,FRC2,21,21,19,19,1.0,False,-6.242610768682978,106.84288187111798,22.923789898286447,True,
2026-08-07T00:31:05.259564+00:00,3995,-6.2428431,106.8426503,complex_corridor,FRC2,32,32,8,8,1.0,False,-6.24270333943449,106.84230519617961,41.19038604817657,True,
2026-08-07T00:31:05.523826+00:00,4135,-6.242451300001405,106.84346441666648,complex_corridor,FRC3,27,27,15,15,1.0,False,-6.24264159782794,106.84303341592732,52.128779444682614,True,
2026-08-07T00:31:05.789253+00:00,4174,-6.242622250001264,106.84418269999986,complex_corridor,FRC3,16,21,18,14,0.95,False,-6.242365385288672,106.84405667866673,31.777844988721665,True,
2026-08-07T00:31:06.056097+00:00,4307,-6.237238257899974,106.8272395210502,complex_corridor,FRC2,21,21,6,6,1.0,False,-6.237236971031365,106.82743234718856,21.314848279038795,True,
2026-08-07T00:31:06.333212+00:00,4312,-6.237042057899963,106.8269344210502,complex_corridor,FRC2,23,23,6,6,1.0,False,-6.237208807900389,106.82690797532604,18.770772040768108,True,
2026-08-07T00:31:06.605573+00:00,4383,-6.255330045001537,106.84307333999776,complex_corridor,FRC4,17,24,10,7,1.0,False,-6.255170245392188,106.84296367849294,21.509477825194235,True,
2026-08-07T00:31:06.884573+00:00,4421,-6.237577607899957,106.82686737105018,complex_corridor,FRC3,18,18,27,27,1.0,False,-6.237416698431964,106.82692406858013,18.95817050701808,True,
2026-08-07T00:31:07.157514+00:00,5234,-6.255677025000373,106.8431710999986,complex_corridor,FRC4,23,23,6,6,1.0,False,-6.25559934329838,106.84329627241084,16.310649749926508,True,
2026-08-07T00:31:07.429879+00:00,5259,-6.255508725000373,106.84360214999862,complex_corridor,FRC4,24,30,359,287,1.0,False,-6.255457199448482,106.84295563186589,71.6908067558573,True,
2026-08-07T00:31:07.709589+00:00,5296,-6.242909649999996,106.84406470000002,complex_corridor,FRC2,35,35,40,40,1.0,False,-6.24287098327402,106.84404058541264,5.0587612651154314,True,
2026-08-07T00:45:52.582640+00:00,703,-6.235444892859697,106.75583232857385,complex_corridor,FRC2,28,28,6,6,1.0,False,-6.235637002833079,106.75573958241279,23.694334982762854,True,
2026-08-07T00:45:52.880230+00:00,821,-6.288795825000754,106.77763638750048,complex_corridor,FRC1,13,31,84,35,1.0,False,-6.288676397337788,106.77774978959411,18.260596237349766,True,
2026-08-07T00:45:53.180277+00:00,1336,-6.235382350000007,106.7560557,complex_corridor,FRC2,27,27,9,9,1.0,False,-6.235851643158244,106.75634307944131,61.09133400248038,True,
2026-08-07T00:45:53.477070+00:00,2187,-6.234661449999994,106.7555585,complex_corridor,FRC2,39,39,18,18,1.0,False,-6.235295044618109,106.75596622907466,83.63486690954973,True,
2026-08-07T00:45:53.773723+00:00,2188,-6.233655599999991,106.75488135,complex_corridor,FRC2,30,30,32,32,1.0,False,-6.233742064909034,106.75495503627582,12.600808704103487,True,
2026-08-07T00:45:54.066700+00:00,2298,-6.288583799999989,106.77784095,complex_corridor,FRC1,29,41,482,341,1.0,False,-6.288634823320289,106.77780477487897,6.94084144102375,True,
2026-08-07T00:45:54.356884+00:00,2322,-6.2884621,106.7781152,complex_corridor,FRC1,17,25,82,56,1.0,False,-6.288455113550981,106.77822722279888,12.405765015820144,True,
2026-08-07T00:45:54.654978+00:00,2459,-6.23996075,106.79819865,complex_corridor,FRC3,20,27,568,420,1.0,False,-6.239927209643448,106.79835988366938,18.208192291717626,True,
2026-08-07T00:45:54.959636+00:00,2660,-6.288887410002579,106.77817204999796,complex_corridor,FRC1,16,20,27,22,1.0,False,-6.289080056713849,106.77821112954479,21.852459789678804,True,
2026-08-07T00:45:55.251713+00:00,2731,-6.240104349999994,106.79819525,complex_corridor,FRC1,21,21,285,285,1.0,False,-6.254711568502923,106.79717434728451,1628.1638385691926,False,
2026-08-07T00:45:55.543360+00:00,2979,-6.239918790000258,106.79844824999957,complex_corridor,FRC2,10,13,4,3,1.0,False,-6.239928542802509,106.79846583092547,2.2254395550977346,True,
2026-08-07T00:45:55.835609+00:00,3134,-6.2892448600025785,106.77855074999796,complex_corridor,FRC1,11,22,23,11,1.0,False,-6.289262432333267,106.778499467014,5.995427904385316,True,
2026-08-07T00:45:56.138916+00:00,3164,-6.239840140000258,106.79869149999956,complex_corridor,FRC2,24,24,145,145,1.0,False,-6.23981997364873,106.79856239045006,14.446370748590217,True,
2026-08-07T00:45:56.431894+00:00,3940,-6.242815700000143,106.84290446666662,complex_corridor,FRC2,21,21,19,19,1.0,False,-6.242610768682978,106.84288187111798,22.923789898286447,True,
2026-08-07T00:45:56.730420+00:00,3995,-6.2428431,106.8426503,complex_corridor,FRC2,32,32,8,8,1.0,False,-6.24270333943449,106.84230519617961,41.19038604817657,True,
2026-08-07T00:45:57.024860+00:00,4135,-6.242451300001405,106.84346441666648,complex_corridor,FRC3,27,27,15,15,1.0,False,-6.24264159782794,106.84303341592732,52.128779444682614,True,
2026-08-07T00:45:57.317778+00:00,4174,-6.242622250001264,106.84418269999986,complex_corridor,FRC3,16,20,18,14,0.95,False,-6.242365385288672,106.84405667866673,31.777844988721665,True,
2026-08-07T00:45:57.607555+00:00,4307,-6.237238257899974,106.8272395210502,complex_corridor,FRC2,21,21,6,6,1.0,False,-6.237236971031365,106.82743234718856,21.314848279038795,True,
2026-08-07T00:45:57.897688+00:00,4312,-6.237042057899963,106.8269344210502,complex_corridor,FRC2,23,23,6,6,1.0,False,-6.237208807900389,106.82690797532604,18.770772040768108,True,
2026-08-07T00:45:58.198682+00:00,4383,-6.255330045001537,106.84307333999776,complex_corridor,FRC4,25,25,7,7,1.0,False,-6.255170245392188,106.84296367849294,21.509477825194235,True,
2026-08-07T00:45:58.492895+00:00,4421,-6.237577607899957,106.82686737105018,complex_corridor,FRC3,18,18,27,27,1.0,False,-6.237416698431964,106.82692406858013,18.95817050701808,True,
2026-08-07T00:45:58.791147+00:00,5234,-6.255677025000373,106.8431710999986,complex_corridor,FRC4,18,23,7,6,1.0,False,-6.25559934329838,106.84329627241084,16.310649749926508,True,
2026-08-07T00:45:59.082645+00:00,5259,-6.255508725000373,106.84360214999862,complex_corridor,FRC4,26,29,331,297,1.0,False,-6.255457199448482,106.84295563186589,71.6908067558573,True,
2026-08-07T00:45:59.373950+00:00,5296,-6.242909649999996,106.84406470000002,complex_corridor,FRC2,35,35,40,40,1.0,False,-6.24287098327402,106.84404058541264,5.0587612651154314,True,
2026-08-07T01:01:03.499319+00:00,703,-6.235444892859697,106.75583232857385,complex_corridor,FRC2,28,28,6,6,1.0,False,-6.235637002833079,106.75573958241279,23.694334982762854,True,
2026-08-07T01:01:03.818904+00:00,821,-6.288795825000754,106.77763638750048,complex_corridor,FRC1,15,31,73,35,1.0,False,-6.288676397337788,106.77774978959411,18.260596237349766,True,
2026-08-07T01:01:04.122844+00:00,1336,-6.235382350000007,106.7560557,complex_corridor,FRC2,27,27,9,9,1.0,False,-6.235851643158244,106.75634307944131,61.09133400248038,True,
2026-08-07T01:01:04.426189+00:00,2187,-6.234661449999994,106.7555585,complex_corridor,FRC2,39,39,18,18,1.0,False,-6.235295044618109,106.75596622907466,83.63486690954973,True,
2026-08-07T01:01:04.733174+00:00,2188,-6.233655599999991,106.75488135,complex_corridor,FRC2,30,30,32,32,1.0,False,-6.233742064909034,106.75495503627582,12.600808704103487,True,
2026-08-07T01:01:05.041730+00:00,2298,-6.288583799999989,106.77784095,complex_corridor,FRC1,29,40,482,350,1.0,False,-6.288634823320289,106.77780477487897,6.94084144102375,True,
2026-08-07T01:01:05.344007+00:00,2322,-6.2884621,106.7781152,complex_corridor,FRC1,19,25,73,56,1.0,False,-6.288455113550981,106.77822722279888,12.405765015820144,True,
2026-08-07T01:01:05.652497+00:00,2459,-6.23996075,106.79819865,complex_corridor,FRC3,19,27,597,420,1.0,False,-6.239927209643448,106.79835988366938,18.208192291717626,True,
2026-08-07T01:01:05.982140+00:00,2660,-6.288887410002579,106.77817204999796,complex_corridor,FRC1,8,14,55,31,1.0,False,-6.289080056713849,106.77821112954479,21.852459789678804,True,
2026-08-07T01:01:06.284639+00:00,2731,-6.240104349999994,106.79819525,complex_corridor,FRC1,21,21,285,285,1.0,False,-6.254711568502923,106.79717434728451,1628.1638385691926,False,
2026-08-07T01:01:06.588583+00:00,2979,-6.239918790000258,106.79844824999957,complex_corridor,FRC2,15,15,2,2,1.0,False,-6.239928542802509,106.79846583092547,2.2254395550977346,True,
2026-08-07T01:01:06.895778+00:00,3134,-6.2892448600025785,106.77855074999796,complex_corridor,FRC1,17,21,15,12,1.0,False,-6.289262432333267,106.778499467014,5.995427904385316,True,
2026-08-07T01:01:07.206352+00:00,3164,-6.239840140000258,106.79869149999956,complex_corridor,FRC2,24,24,145,145,1.0,False,-6.23981997364873,106.79856239045006,14.446370748590217,True,
2026-08-07T01:01:07.508796+00:00,3940,-6.242815700000143,106.84290446666662,complex_corridor,FRC2,21,21,19,19,1.0,False,-6.242610768682978,106.84288187111798,22.923789898286447,True,
2026-08-07T01:01:07.814632+00:00,3995,-6.2428431,106.8426503,complex_corridor,FRC2,32,32,8,8,1.0,False,-6.24270333943449,106.84230519617961,41.19038604817657,True,
2026-08-07T01:01:08.123801+00:00,4135,-6.242451300001405,106.84346441666648,complex_corridor,FRC3,27,27,15,15,1.0,False,-6.24264159782794,106.84303341592732,52.128779444682614,True,
2026-08-07T01:01:08.447274+00:00,4174,-6.242622250001264,106.84418269999986,complex_corridor,FRC3,8,21,37,14,0.94,False,-6.242365385288672,106.84405667866673,31.777844988721665,True,
2026-08-07T01:01:08.749942+00:00,4307,-6.237238257899974,106.8272395210502,complex_corridor,FRC2,21,21,6,6,1.0,False,-6.237236971031365,106.82743234718856,21.314848279038795,True,
2026-08-07T01:01:09.058782+00:00,4312,-6.237042057899963,106.8269344210502,complex_corridor,FRC2,23,23,6,6,1.0,False,-6.237208807900389,106.82690797532604,18.770772040768108,True,
2026-08-07T01:01:09.365017+00:00,4383,-6.255330045001537,106.84307333999776,complex_corridor,FRC4,20,25,9,7,1.0,False,-6.255170245392188,106.84296367849294,21.509477825194235,True,
2026-08-07T01:01:09.669266+00:00,4421,-6.237577607899957,106.82686737105018,complex_corridor,FRC3,18,18,27,27,1.0,False,-6.237416698431964,106.82692406858013,18.95817050701808,True,
2026-08-07T01:01:09.974128+00:00,5234,-6.255677025000373,106.8431710999986,complex_corridor,FRC4,23,23,6,6,1.0,False,-6.25559934329838,106.84329627241084,16.310649749926508,True,
2026-08-07T01:01:10.290793+00:00,5259,-6.255508725000373,106.84360214999862,complex_corridor,FRC4,30,30,287,287,1.0,False,-6.255457199448482,106.84295563186589,71.6908067558573,True,
2026-08-07T01:01:10.597866+00:00,5296,-6.242909649999996,106.84406470000002,complex_corridor,FRC2,35,35,40,40,1.0,False,-6.24287098327402,106.84404058541264,5.0587612651154314,True,
2026-08-07T01:15:57.354846+00:00,703,-6.235444892859697,106.75583232857385,complex_corridor,FRC2,28,28,6,6,1.0,False,-6.235637002833079,106.75573958241279,23.694334982762854,True,
2026-08-07T01:15:57.641197+00:00,821,-6.288795825000754,106.77763638750048,complex_corridor,FRC1,9,30,121,36,1.0,False,-6.288676397337788,106.77774978959411,18.260596237349766,True,
2026-08-07T01:15:57.928819+00:00,1336,-6.235382350000007,106.7560557,complex_corridor,FRC2,27,27,9,9,1.0,False,-6.235851643158244,106.75634307944131,61.09133400248038,True,
2026-08-07T01:15:58.219070+00:00,2187,-6.234661449999994,106.7555585,complex_corridor,FRC2,39,39,18,18,1.0,False,-6.235295044618109,106.75596622907466,83.63486690954973,True,
2026-08-07T01:15:58.514115+00:00,2188,-6.233655599999991,106.75488135,complex_corridor,FRC2,30,30,32,32,1.0,False,-6.233742064909034,106.75495503627582,12.600808704103487,True,
2026-08-07T01:15:58.802194+00:00,2298,-6.288583799999989,106.77784095,complex_corridor,FRC1,28,40,500,350,1.0,False,-6.288634823320289,106.77780477487897,6.94084144102375,True,
2026-08-07T01:15:59.090708+00:00,2322,-6.2884621,106.7781152,complex_corridor,FRC1,17,26,82,53,1.0,False,-6.288455113550981,106.77822722279888,12.405765015820144,True,
2026-08-07T01:15:59.370829+00:00,2459,-6.23996075,106.79819865,complex_corridor,FRC3,19,27,597,420,1.0,False,-6.239927209643448,106.79835988366938,18.208192291717626,True,
2026-08-07T01:15:59.652410+00:00,2660,-6.288887410002579,106.77817204999796,complex_corridor,FRC1,8,14,55,31,1.0,False,-6.289080056713849,106.77821112954479,21.852459789678804,True,
2026-08-07T01:15:59.930033+00:00,2731,-6.240104349999994,106.79819525,complex_corridor,FRC1,21,21,285,285,1.0,False,-6.254711568502923,106.79717434728451,1628.1638385691926,False,
2026-08-07T01:16:00.218059+00:00,2979,-6.239918790000258,106.79844824999957,complex_corridor,FRC2,10,15,4,2,1.0,False,-6.239928542802509,106.79846583092547,2.2254395550977346,True,
2026-08-07T01:16:00.506005+00:00,3134,-6.2892448600025785,106.77855074999796,complex_corridor,FRC1,22,22,11,11,1.0,False,-6.289262432333267,106.778499467014,5.995427904385316,True,
2026-08-07T01:16:00.786044+00:00,3164,-6.239840140000258,106.79869149999956,complex_corridor,FRC2,24,24,145,145,1.0,False,-6.23981997364873,106.79856239045006,14.446370748590217,True,
2026-08-07T01:16:01.084392+00:00,3940,-6.242815700000143,106.84290446666662,complex_corridor,FRC2,15,20,26,20,0.99,False,-6.242610768682978,106.84288187111798,22.923789898286447,True,
2026-08-07T01:16:01.367210+00:00,3995,-6.2428431,106.8426503,complex_corridor,FRC2,32,32,8,8,1.0,False,-6.24270333943449,106.84230519617961,41.19038604817657,True,
2026-08-07T01:16:01.662798+00:00,4135,-6.242451300001405,106.84346441666648,complex_corridor,FRC3,10,27,41,15,1.0,False,-6.24264159782794,106.84303341592732,52.128779444682614,True,
2026-08-07T01:16:01.941169+00:00,4174,-6.242622250001264,106.84418269999986,complex_corridor,FRC3,15,21,19,14,0.97,False,-6.242365385288672,106.84405667866673,31.777844988721665,True,
2026-08-07T01:16:02.231195+00:00,4307,-6.237238257899974,106.8272395210502,complex_corridor,FRC2,21,21,6,6,1.0,False,-6.237236971031365,106.82743234718856,21.314848279038795,True,
2026-08-07T01:16:02.517892+00:00,4312,-6.237042057899963,106.8269344210502,complex_corridor,FRC2,23,23,6,6,1.0,False,-6.237208807900389,106.82690797532604,18.770772040768108,True,
2026-08-07T01:16:02.795683+00:00,4383,-6.255330045001537,106.84307333999776,complex_corridor,FRC4,25,25,7,7,1.0,False,-6.255170245392188,106.84296367849294,21.509477825194235,True,
2026-08-07T01:16:03.078664+00:00,4421,-6.237577607899957,106.82686737105018,complex_corridor,FRC3,18,18,27,27,1.0,False,-6.237416698431964,106.82692406858013,18.95817050701808,True,
2026-08-07T01:16:03.359206+00:00,5234,-6.255677025000373,106.8431710999986,complex_corridor,FRC4,23,23,6,6,1.0,False,-6.25559934329838,106.84329627241084,16.310649749926508,True,
2026-08-07T01:16:03.649129+00:00,5259,-6.255508725000373,106.84360214999862,complex_corridor,FRC4,30,30,287,287,1.0,False,-6.255457199448482,106.84295563186589,71.6908067558573,True,
2026-08-07T01:16:03.929573+00:00,5296,-6.242909649999996,106.84406470000002,complex_corridor,FRC2,35,35,40,40,1.0,False,-6.24287098327402,106.84404058541264,5.0587612651154314,True,
2026-08-07T01:30:52.279694+00:00,703,-6.235444892859697,106.75583232857385,complex_corridor,FRC2,28,28,6,6,1.0,False,-6.235637002833079,106.75573958241279,23.694334982762854,True,
2026-08-07T01:30:52.564613+00:00,821,-6.288795825000754,106.77763638750048,complex_corridor,FRC1,11,30,99,36,1.0,False,-6.288676397337788,106.77774978959411,18.260596237349766,True,
2026-08-07T01:30:52.865369+00:00,1336,-6.235382350000007,106.7560557,complex_corridor,FRC2,27,27,9,9,1.0,False,-6.235851643158244,106.75634307944131,61.09133400248038,True,
2026-08-07T01:30:53.151123+00:00,2187,-6.234661449999994,106.7555585,complex_corridor,FRC2,39,39,18,18,1.0,False,-6.235295044618109,106.75596622907466,83.63486690954973,True,
2026-08-07T01:30:53.436492+00:00,2188,-6.233655599999991,106.75488135,complex_corridor,FRC2,22,30,44,32,0.99,False,-6.233742064909034,106.75495503627582,12.600808704103487,True,
2026-08-07T01:30:53.715242+00:00,2298,-6.288583799999989,106.77784095,complex_corridor,FRC1,28,40,500,350,1.0,False,-6.288634823320289,106.77780477487897,6.94084144102375,True,
2026-08-07T01:30:53.996951+00:00,2322,-6.2884621,106.7781152,complex_corridor,FRC1,16,26,87,53,0.99,False,-6.288455113550981,106.77822722279888,12.405765015820144,True,
2026-08-07T01:30:54.278649+00:00,2459,-6.23996075,106.79819865,complex_corridor,FRC3,19,28,597,405,1.0,False,-6.239927209643448,106.79835988366938,18.208192291717626,True,
2026-08-07T01:30:54.558460+00:00,2660,-6.288887410002579,106.77817204999796,complex_corridor,FRC1,12,15,37,29,1.0,False,-6.289080056713849,106.77821112954479,21.852459789678804,True,
2026-08-07T01:30:54.842517+00:00,2731,-6.240104349999994,106.79819525,complex_corridor,FRC1,21,21,285,285,1.0,False,-6.254711568502923,106.79717434728451,1628.1638385691926,False,
2026-08-07T01:30:55.123071+00:00,2979,-6.239918790000258,106.79844824999957,complex_corridor,FRC2,15,15,2,2,1.0,False,-6.239928542802509,106.79846583092547,2.2254395550977346,True,
2026-08-07T01:30:55.408423+00:00,3134,-6.2892448600025785,106.77855074999796,complex_corridor,FRC1,22,22,11,11,1.0,False,-6.289262432333267,106.778499467014,5.995427904385316,True,
2026-08-07T01:30:55.690127+00:00,3164,-6.239840140000258,106.79869149999956,complex_corridor,FRC2,24,24,145,145,1.0,False,-6.23981997364873,106.79856239045006,14.446370748590217,True,
2026-08-07T01:30:55.969327+00:00,3940,-6.242815700000143,106.84290446666662,complex_corridor,FRC2,21,21,19,19,1.0,False,-6.242610768682978,106.84288187111798,22.923789898286447,True,
2026-08-07T01:30:56.251401+00:00,3995,-6.2428431,106.8426503,complex_corridor,FRC2,32,32,8,8,1.0,False,-6.24270333943449,106.84230519617961,41.19038604817657,True,
2026-08-07T01:30:56.539932+00:00,4135,-6.242451300001405,106.84346441666648,complex_corridor,FRC3,12,27,34,15,1.0,False,-6.24264159782794,106.84303341592732,52.128779444682614,True,
2026-08-07T01:30:56.825999+00:00,4174,-6.242622250001264,106.84418269999986,complex_corridor,FRC3,21,21,14,14,1.0,False,-6.242365385288672,106.84405667866673,31.777844988721665,True,
2026-08-07T01:30:57.105343+00:00,4307,-6.237238257899974,106.8272395210502,complex_corridor,FRC2,21,21,6,6,1.0,False,-6.237236971031365,106.82743234718856,21.314848279038795,True,
2026-08-07T01:30:57.388658+00:00,4312,-6.237042057899963,106.8269344210502,complex_corridor,FRC2,15,23,9,6,1.0,False,-6.237208807900389,106.82690797532604,18.770772040768108,True,
2026-08-07T01:30:57.670600+00:00,4383,-6.255330045001537,106.84307333999776,complex_corridor,FRC4,18,25,10,7,1.0,False,-6.255170245392188,106.84296367849294,21.509477825194235,True,
2026-08-07T01:30:57.951598+00:00,4421,-6.237577607899957,106.82686737105018,complex_corridor,FRC3,18,18,27,27,1.0,False,-6.237416698431964,106.82692406858013,18.95817050701808,True,
2026-08-07T01:30:58.230923+00:00,5234,-6.255677025000373,106.8431710999986,complex_corridor,FRC4,23,23,6,6,1.0,False,-6.25559934329838,106.84329627241084,16.310649749926508,True,
2026-08-07T01:30:58.515639+00:00,5259,-6.255508725000373,106.84360214999862,complex_corridor,FRC4,30,30,287,287,1.0,False,-6.255457199448482,106.84295563186589,71.6908067558573,True,
2026-08-07T01:30:58.797672+00:00,5296,-6.242909649999996,106.84406470000002,complex_corridor,FRC2,35,35,40,40,1.0,False,-6.24287098327402,106.84404058541264,5.0587612651154314,True,
2026-08-07T01:45:52.873631+00:00,703,-6.235444892859697,106.75583232857385,complex_corridor,FRC2,28,28,6,6,1.0,False,-6.235637002833079,106.75573958241279,23.694334982762854,True,
2026-08-07T01:45:53.164622+00:00,821,-6.288795825000754,106.77763638750048,complex_corridor,FRC1,19,30,57,36,1.0,False,-6.288676397337788,106.77774978959411,18.260596237349766,True,
2026-08-07T01:45:53.458885+00:00,1336,-6.235382350000007,106.7560557,complex_corridor,FRC2,27,27,9,9,1.0,False,-6.235851643158244,106.75634307944131,61.09133400248038,True,
2026-08-07T01:45:53.763213+00:00,2187,-6.234661449999994,106.7555585,complex_corridor,FRC2,39,39,18,18,1.0,False,-6.235295044618109,106.75596622907466,83.63486690954973,True,
2026-08-07T01:45:54.056175+00:00,2188,-6.233655599999991,106.75488135,complex_corridor,FRC2,30,30,32,32,1.0,False,-6.233742064909034,106.75495503627582,12.600808704103487,True,
2026-08-07T01:45:54.356997+00:00,2298,-6.288583799999989,106.77784095,complex_corridor,FRC1,30,41,466,341,1.0,False,-6.288634823320289,106.77780477487897,6.94084144102375,True,
2026-08-07T01:45:54.643355+00:00,2322,-6.2884621,106.7781152,complex_corridor,FRC1,14,25,100,56,0.99,False,-6.288455113550981,106.77822722279888,12.405765015820144,True,
2026-08-07T01:45:54.930602+00:00,2459,-6.23996075,106.79819865,complex_corridor,FRC3,28,28,405,405,1.0,False,-6.239927209643448,106.79835988366938,18.208192291717626,True,
2026-08-07T01:45:55.223935+00:00,2660,-6.288887410002579,106.77817204999796,complex_corridor,FRC1,7,14,63,31,1.0,False,-6.289080056713849,106.77821112954479,21.852459789678804,True,
2026-08-07T01:45:55.515707+00:00,2731,-6.240104349999994,106.79819525,complex_corridor,FRC1,21,21,285,285,1.0,False,-6.254711568502923,106.79717434728451,1628.1638385691926,False,
2026-08-07T01:45:55.810163+00:00,2979,-6.239918790000258,106.79844824999957,complex_corridor,FRC2,9,13,4,3,1.0,False,-6.239928542802509,106.79846583092547,2.2254395550977346,True,
2026-08-07T01:45:56.107000+00:00,3134,-6.2892448600025785,106.77855074999796,complex_corridor,FRC1,22,22,11,11,1.0,False,-6.289262432333267,106.778499467014,5.995427904385316,True,
2026-08-07T01:45:56.403440+00:00,3164,-6.239840140000258,106.79869149999956,complex_corridor,FRC2,24,24,145,145,1.0,False,-6.23981997364873,106.79856239045006,14.446370748590217,True,
2026-08-07T01:45:56.692749+00:00,3940,-6.242815700000143,106.84290446666662,complex_corridor,FRC2,21,21,19,19,1.0,False,-6.242610768682978,106.84288187111798,22.923789898286447,True,
2026-08-07T01:45:56.990770+00:00,3995,-6.2428431,106.8426503,complex_corridor,FRC2,32,32,8,8,1.0,False,-6.24270333943449,106.84230519617961,41.19038604817657,True,
2026-08-07T01:45:57.288151+00:00,4135,-6.242451300001405,106.84346441666648,complex_corridor,FRC3,27,27,15,15,1.0,False,-6.24264159782794,106.84303341592732,52.128779444682614,True,
2026-08-07T01:45:57.576351+00:00,4174,-6.242622250001264,106.84418269999986,complex_corridor,FRC3,21,21,14,14,1.0,False,-6.242365385288672,106.84405667866673,31.777844988721665,True,
2026-08-07T01:45:57.867939+00:00,4307,-6.237238257899974,106.8272395210502,complex_corridor,FRC2,21,21,6,6,1.0,False,-6.237236971031365,106.82743234718856,21.314848279038795,True,
2026-08-07T01:45:58.165178+00:00,4312,-6.237042057899963,106.8269344210502,complex_corridor,FRC2,23,23,6,6,1.0,False,-6.237208807900389,106.82690797532604,18.770772040768108,True,
2026-08-07T01:45:58.457472+00:00,4383,-6.255330045001537,106.84307333999776,complex_corridor,FRC4,25,25,7,7,1.0,False,-6.255170245392188,106.84296367849294,21.509477825194235,True,
2026-08-07T01:45:58.762477+00:00,4421,-6.237577607899957,106.82686737105018,complex_corridor,FRC3,18,18,27,27,1.0,False,-6.237416698431964,106.82692406858013,18.95817050701808,True,
2026-08-07T01:45:59.054085+00:00,5234,-6.255677025000373,106.8431710999986,complex_corridor,FRC4,23,23,6,6,1.0,False,-6.25559934329838,106.84329627241084,16.310649749926508,True,
2026-08-07T01:45:59.345222+00:00,5259,-6.255508725000373,106.84360214999862,complex_corridor,FRC4,24,30,359,287,0.99815,False,-6.255457199448482,106.84295563186589,71.6908067558573,True,
2026-08-07T01:45:59.637110+00:00,5296,-6.242909649999996,106.84406470000002,complex_corridor,FRC2,27,35,52,40,1.0,False,-6.24287098327402,106.84404058541264,5.0587612651154314,True,
2026-08-07T02:01:04.249034+00:00,703,-6.235444892859697,106.75583232857385,complex_corridor,FRC2,28,28,6,6,1.0,False,-6.235637002833079,106.75573958241279,23.694334982762854,True,
2026-08-07T02:01:04.517853+00:00,821,-6.288795825000754,106.77763638750048,complex_corridor,FRC1,24,30,45,36,1.0,False,-6.288676397337788,106.77774978959411,18.260596237349766,True,
2026-08-07T02:01:04.783863+00:00,1336,-6.235382350000007,106.7560557,complex_corridor,FRC2,27,27,9,9,1.0,False,-6.235851643158244,106.75634307944131,61.09133400248038,True,
2026-08-07T02:01:05.063215+00:00,2187,-6.234661449999994,106.7555585,complex_corridor,FRC2,39,39,18,18,1.0,False,-6.235295044618109,106.75596622907466,83.63486690954973,True,
2026-08-07T02:01:05.331106+00:00,2188,-6.233655599999991,106.75488135,complex_corridor,FRC2,30,30,32,32,1.0,False,-6.233742064909034,106.75495503627582,12.600808704103487,True,
2026-08-07T02:01:05.598503+00:00,2298,-6.288583799999989,106.77784095,complex_corridor,FRC1,31,40,451,350,1.0,False,-6.288634823320289,106.77780477487897,6.94084144102375,True,
2026-08-07T02:01:05.865558+00:00,2322,-6.2884621,106.7781152,complex_corridor,FRC1,20,25,70,56,1.0,False,-6.288455113550981,106.77822722279888,12.405765015820144,True,
2026-08-07T02:01:06.136360+00:00,2459,-6.23996075,106.79819865,complex_corridor,FRC3,23,27,493,420,1.0,False,-6.239927209643448,106.79835988366938,18.208192291717626,True,
2026-08-07T02:01:06.400607+00:00,2660,-6.288887410002579,106.77817204999796,complex_corridor,FRC1,15,15,29,29,1.0,False,-6.289080056713849,106.77821112954479,21.852459789678804,True,
2026-08-07T02:01:06.664618+00:00,2731,-6.240104349999994,106.79819525,complex_corridor,FRC1,21,21,285,285,1.0,False,-6.254711568502923,106.79717434728451,1628.1638385691926,False,
2026-08-07T02:01:06.954656+00:00,2979,-6.239918790000258,106.79844824999957,complex_corridor,FRC2,12,15,3,2,1.0,False,-6.239928542802509,106.79846583092547,2.2254395550977346,True,
2026-08-07T02:01:07.224036+00:00,3134,-6.2892448600025785,106.77855074999796,complex_corridor,FRC1,17,21,15,12,1.0,False,-6.289262432333267,106.778499467014,5.995427904385316,True,
2026-08-07T02:01:07.496047+00:00,3164,-6.239840140000258,106.79869149999956,complex_corridor,FRC2,24,24,145,145,1.0,False,-6.23981997364873,106.79856239045006,14.446370748590217,True,
2026-08-07T02:01:07.761328+00:00,3940,-6.242815700000143,106.84290446666662,complex_corridor,FRC2,21,21,19,19,1.0,False,-6.242610768682978,106.84288187111798,22.923789898286447,True,
2026-08-07T02:01:08.039056+00:00,3995,-6.2428431,106.8426503,complex_corridor,FRC2,32,32,8,8,1.0,False,-6.24270333943449,106.84230519617961,41.19038604817657,True,
2026-08-07T02:01:08.308574+00:00,4135,-6.242451300001405,106.84346441666648,complex_corridor,FRC3,18,26,23,16,1.0,False,-6.24264159782794,106.84303341592732,52.128779444682614,True,
2026-08-07T02:01:08.574358+00:00,4174,-6.242622250001264,106.84418269999986,complex_corridor,FRC3,21,21,14,14,1.0,False,-6.242365385288672,106.84405667866673,31.777844988721665,True,
2026-08-07T02:01:08.851705+00:00,4307,-6.237238257899974,106.8272395210502,complex_corridor,FRC2,5,22,25,5,1.0,False,-6.237236971031365,106.82743234718856,21.314848279038795,True,
2026-08-07T02:01:09.123875+00:00,4312,-6.237042057899963,106.8269344210502,complex_corridor,FRC2,23,23,6,6,1.0,False,-6.237208807900389,106.82690797532604,18.770772040768108,True,
2026-08-07T02:01:09.391503+00:00,4383,-6.255330045001537,106.84307333999776,complex_corridor,FRC4,25,25,7,7,1.0,False,-6.255170245392188,106.84296367849294,21.509477825194235,True,
2026-08-07T02:01:09.666761+00:00,4421,-6.237577607899957,106.82686737105018,complex_corridor,FRC3,18,18,27,27,1.0,False,-6.237416698431964,106.82692406858013,18.95817050701808,True,
2026-08-07T02:01:09.930502+00:00,5234,-6.255677025000373,106.8431710999986,complex_corridor,FRC4,23,23,6,6,1.0,False,-6.25559934329838,106.84329627241084,16.310649749926508,True,
2026-08-07T02:01:10.200694+00:00,5259,-6.255508725000373,106.84360214999862,complex_corridor,FRC4,24,30,359,287,0.997256,False,-6.255457199448482,106.84295563186589,71.6908067558573,True,
2026-08-07T02:01:10.462901+00:00,5296,-6.242909649999996,106.84406470000002,complex_corridor,FRC2,35,35,40,40,1.0,False,-6.24287098327402,106.84404058541264,5.0587612651154314,True,
2026-08-07T02:15:58.805851+00:00,703,-6.235444892859697,106.75583232857385,complex_corridor,FRC2,28,28,6,6,1.0,False,-6.235637002833079,106.75573958241279,23.694334982762854,True,
2026-08-07T02:15:59.094918+00:00,821,-6.288795825000754,106.77763638750048,complex_corridor,FRC1,31,31,35,35,1.0,False,-6.288676397337788,106.77774978959411,18.260596237349766,True,
2026-08-07T02:15:59.384850+00:00,1336,-6.235382350000007,106.7560557,complex_corridor,FRC2,27,27,9,9,1.0,False,-6.235851643158244,106.75634307944131,61.09133400248038,True,
2026-08-07T02:15:59.680921+00:00,2187,-6.234661449999994,106.7555585,complex_corridor,FRC2,39,39,18,18,1.0,False,-6.235295044618109,106.75596622907466,83.63486690954973,True,
2026-08-07T02:15:59.981832+00:00,2188,-6.233655599999991,106.75488135,complex_corridor,FRC2,30,30,32,32,1.0,False,-6.233742064909034,106.75495503627582,12.600808704103487,True,
2026-08-07T02:16:00.265085+00:00,2298,-6.288583799999989,106.77784095,complex_corridor,FRC1,32,40,437,350,1.0,False,-6.288634823320289,106.77780477487897,6.94084144102375,True,
2026-08-07T02:16:00.552917+00:00,2322,-6.2884621,106.7781152,complex_corridor,FRC1,26,26,53,53,1.0,False,-6.288455113550981,106.77822722279888,12.405765015820144,True,
2026-08-07T02:16:00.842388+00:00,2459,-6.23996075,106.79819865,complex_corridor,FRC3,28,28,405,405,1.0,False,-6.239927209643448,106.79835988366938,18.208192291717626,True,
2026-08-07T02:16:01.155176+00:00,2660,-6.288887410002579,106.77817204999796,complex_corridor,FRC1,15,15,29,29,1.0,False,-6.289080056713849,106.77821112954479,21.852459789678804,True,
2026-08-07T02:16:01.437393+00:00,2731,-6.240104349999994,106.79819525,complex_corridor,FRC1,21,21,285,285,1.0,False,-6.254711568502923,106.79717434728451,1628.1638385691926,False,
2026-08-07T02:16:01.722871+00:00,2979,-6.239918790000258,106.79844824999957,complex_corridor,FRC2,15,15,2,2,1.0,False,-6.239928542802509,106.79846583092547,2.2254395550977346,True,
2026-08-07T02:16:02.023881+00:00,3134,-6.2892448600025785,106.77855074999796,complex_corridor,FRC1,22,22,11,11,1.0,False,-6.289262432333267,106.778499467014,5.995427904385316,True,
2026-08-07T02:16:02.309692+00:00,3164,-6.239840140000258,106.79869149999956,complex_corridor,FRC2,24,24,145,145,1.0,False,-6.23981997364873,106.79856239045006,14.446370748590217,True,
2026-08-07T02:16:02.592203+00:00,3940,-6.242815700000143,106.84290446666662,complex_corridor,FRC2,21,21,19,19,1.0,False,-6.242610768682978,106.84288187111798,22.923789898286447,True,
2026-08-07T02:16:02.875384+00:00,3995,-6.2428431,106.8426503,complex_corridor,FRC2,32,32,8,8,1.0,False,-6.24270333943449,106.84230519617961,41.19038604817657,True,
2026-08-07T02:16:03.157243+00:00,4135,-6.242451300001405,106.84346441666648,complex_corridor,FRC3,27,27,15,15,1.0,False,-6.24264159782794,106.84303341592732,52.128779444682614,True,
2026-08-07T02:16:03.451349+00:00,4174,-6.242622250001264,106.84418269999986,complex_corridor,FRC3,21,21,14,14,1.0,False,-6.242365385288672,106.84405667866673,31.777844988721665,True,
2026-08-07T02:16:03.735131+00:00,4307,-6.237238257899974,106.8272395210502,complex_corridor,FRC2,21,21,6,6,1.0,False,-6.237236971031365,106.82743234718856,21.314848279038795,True,
2026-08-07T02:16:04.023792+00:00,4312,-6.237042057899963,106.8269344210502,complex_corridor,FRC2,23,23,6,6,1.0,False,-6.237208807900389,106.82690797532604,18.770772040768108,True,
2026-08-07T02:16:04.362323+00:00,4383,-6.255330045001537,106.84307333999776,complex_corridor,FRC4,25,25,7,7,1.0,False,-6.255170245392188,106.84296367849294,21.509477825194235,True,
2026-08-07T02:16:04.645054+00:00,4421,-6.237577607899957,106.82686737105018,complex_corridor,FRC3,8,18,61,27,1.0,False,-6.237416698431964,106.82692406858013,18.95817050701808,True,
2026-08-07T02:16:04.927811+00:00,5234,-6.255677025000373,106.8431710999986,complex_corridor,FRC4,23,23,6,6,1.0,False,-6.25559934329838,106.84329627241084,16.310649749926508,True,
2026-08-07T02:16:05.218124+00:00,5259,-6.255508725000373,106.84360214999862,complex_corridor,FRC4,21,29,410,297,0.99726,False,-6.255457199448482,106.84295563186589,71.6908067558573,True,
2026-08-07T02:16:05.509000+00:00,5296,-6.242909649999996,106.84406470000002,complex_corridor,FRC2,35,35,40,40,1.0,False,-6.24287098327402,106.84404058541264,5.0587612651154314,True,
2026-08-07T02:30:59.542909+00:00,703,-6.235444892859697,106.75583232857385,complex_corridor,FRC2,28,28,6,6,1.0,False,-6.235637002833079,106.75573958241279,23.694334982762854,True,
2026-08-07T02:30:59.842974+00:00,821,-6.288795825000754,106.77763638750048,complex_corridor,FRC1,18,31,60,35,1.0,False,-6.288676397337788,106.77774978959411,18.260596237349766,True,
2026-08-07T02:31:00.145100+00:00,1336,-6.235382350000007,106.7560557,complex_corridor,FRC2,21,26,12,10,0.98,False,-6.235851643158244,106.75634307944131,61.09133400248038,True,
2026-08-07T02:31:00.454684+00:00,2187,-6.234661449999994,106.7555585,complex_corridor,FRC2,31,39,23,18,0.99,False,-6.235295044618109,106.75596622907466,83.63486690954973,True,
2026-08-07T02:31:00.764910+00:00,2188,-6.233655599999991,106.75488135,complex_corridor,FRC2,30,30,32,32,1.0,False,-6.233742064909034,106.75495503627582,12.600808704103487,True,
2026-08-07T02:31:01.079039+00:00,2298,-6.288583799999989,106.77784095,complex_corridor,FRC1,33,41,424,341,1.0,False,-6.288634823320289,106.77780477487897,6.94084144102375,True,
2026-08-07T02:31:01.380841+00:00,2322,-6.2884621,106.7781152,complex_corridor,FRC1,26,26,53,53,1.0,False,-6.288455113550981,106.77822722279888,12.405765015820144,True,
2026-08-07T02:31:01.688999+00:00,2459,-6.23996075,106.79819865,complex_corridor,FRC3,21,28,541,405,1.0,False,-6.239927209643448,106.79835988366938,18.208192291717626,True,
2026-08-07T02:31:01.992896+00:00,2660,-6.288887410002579,106.77817204999796,complex_corridor,FRC1,11,14,40,31,1.0,False,-6.289080056713849,106.77821112954479,21.852459789678804,True,
2026-08-07T02:31:02.292418+00:00,2731,-6.240104349999994,106.79819525,complex_corridor,FRC1,21,21,285,285,1.0,False,-6.254711568502923,106.79717434728451,1628.1638385691926,False,
2026-08-07T02:31:02.603831+00:00,2979,-6.239918790000258,106.79844824999957,complex_corridor,FRC2,15,15,2,2,1.0,False,-6.239928542802509,106.79846583092547,2.2254395550977346,True,
2026-08-07T02:31:02.911430+00:00,3134,-6.2892448600025785,106.77855074999796,complex_corridor,FRC1,13,22,20,11,1.0,False,-6.289262432333267,106.778499467014,5.995427904385316,True,
2026-08-07T02:31:03.213246+00:00,3164,-6.239840140000258,106.79869149999956,complex_corridor,FRC2,24,24,145,145,1.0,False,-6.23981997364873,106.79856239045006,14.446370748590217,True,
2026-08-07T02:31:03.514908+00:00,3940,-6.242815700000143,106.84290446666662,complex_corridor,FRC2,21,21,19,19,1.0,False,-6.242610768682978,106.84288187111798,22.923789898286447,True,
2026-08-07T02:31:03.814069+00:00,3995,-6.2428431,106.8426503,complex_corridor,FRC2,32,32,8,8,1.0,False,-6.24270333943449,106.84230519617961,41.19038604817657,True,
2026-08-07T02:31:04.133370+00:00,4135,-6.242451300001405,106.84346441666648,complex_corridor,FRC3,21,26,19,16,1.0,False,-6.24264159782794,106.84303341592732,52.128779444682614,True,
2026-08-07T02:31:04.437633+00:00,4174,-6.242622250001264,106.84418269999986,complex_corridor,FRC3,5,22,59,13,0.98,False,-6.242365385288672,106.84405667866673,31.777844988721665,True,
2026-08-07T02:31:04.768560+00:00,4307,-6.237238257899974,106.8272395210502,complex_corridor,FRC2,21,21,6,6,1.0,False,-6.237236971031365,106.82743234718856,21.314848279038795,True,
2026-08-07T02:31:05.081175+00:00,4312,-6.237042057899963,106.8269344210502,complex_corridor,FRC2,14,23,10,6,1.0,False,-6.237208807900389,106.82690797532604,18.770772040768108,True,
2026-08-07T02:31:05.379696+00:00,4383,-6.255330045001537,106.84307333999776,complex_corridor,FRC4,25,25,7,7,1.0,False,-6.255170245392188,106.84296367849294,21.509477825194235,True,
2026-08-07T02:31:05.684616+00:00,4421,-6.237577607899957,106.82686737105018,complex_corridor,FRC3,11,18,44,27,1.0,False,-6.237416698431964,106.82692406858013,18.95817050701808,True,
2026-08-07T02:31:05.993280+00:00,5234,-6.255677025000373,106.8431710999986,complex_corridor,FRC4,23,23,6,6,1.0,False,-6.25559934329838,106.84329627241084,16.310649749926508,True,
2026-08-07T02:31:06.294282+00:00,5259,-6.255508725000373,106.84360214999862,complex_corridor,FRC4,19,29,453,297,0.99541,False,-6.255457199448482,106.84295563186589,71.6908067558573,True,
2026-08-07T02:31:06.598000+00:00,5296,-6.242909649999996,106.84406470000002,complex_corridor,FRC2,35,35,40,40,1.0,False,-6.24287098327402,106.84404058541264,5.0587612651154314,True,
2026-08-07T02:45:49.788142+00:00,703,-6.235444892859697,106.75583232857385,complex_corridor,FRC2,28,28,6,6,1.0,False,-6.235637002833079,106.75573958241279,23.694334982762854,True,
2026-08-07T02:45:50.102963+00:00,821,-6.288795825000754,106.77763638750048,complex_corridor,FRC1,21,30,52,36,0.99,False,-6.288676397337788,106.77774978959411,18.260596237349766,True,
2026-08-07T02:45:50.404710+00:00,1336,-6.235382350000007,106.7560557,complex_corridor,FRC2,27,27,9,9,1.0,False,-6.235851643158244,106.75634307944131,61.09133400248038,True,
2026-08-07T02:45:50.706830+00:00,2187,-6.234661449999994,106.7555585,complex_corridor,FRC2,39,39,18,18,1.0,False,-6.235295044618109,106.75596622907466,83.63486690954973,True,
2026-08-07T02:45:51.014638+00:00,2188,-6.233655599999991,106.75488135,complex_corridor,FRC2,30,30,32,32,1.0,False,-6.233742064909034,106.75495503627582,12.600808704103487,True,
2026-08-07T02:45:51.328872+00:00,2298,-6.288583799999989,106.77784095,complex_corridor,FRC1,34,41,411,341,1.0,False,-6.288634823320289,106.77780477487897,6.94084144102375,True,
2026-08-07T02:45:51.630102+00:00,2322,-6.2884621,106.7781152,complex_corridor,FRC1,26,26,53,53,1.0,False,-6.288455113550981,106.77822722279888,12.405765015820144,True,
2026-08-07T02:45:51.932306+00:00,2459,-6.23996075,106.79819865,complex_corridor,FRC3,22,27,516,420,1.0,False,-6.239927209643448,106.79835988366938,18.208192291717626,True,
2026-08-07T02:45:52.239290+00:00,2660,-6.288887410002579,106.77817204999796,complex_corridor,FRC1,15,15,29,29,1.0,False,-6.289080056713849,106.77821112954479,21.852459789678804,True,
2026-08-07T02:45:52.537980+00:00,2731,-6.240104349999994,106.79819525,complex_corridor,FRC1,21,21,285,285,1.0,False,-6.254711568502923,106.79717434728451,1628.1638385691926,False,
2026-08-07T02:45:52.856798+00:00,2979,-6.239918790000258,106.79844824999957,complex_corridor,FRC2,15,15,2,2,1.0,False,-6.239928542802509,106.79846583092547,2.2254395550977346,True,
2026-08-07T02:45:53.158204+00:00,3134,-6.2892448600025785,106.77855074999796,complex_corridor,FRC1,16,22,16,11,1.0,False,-6.289262432333267,106.778499467014,5.995427904385316,True,
2026-08-07T02:45:53.460414+00:00,3164,-6.239840140000258,106.79869149999956,complex_corridor,FRC2,24,24,145,145,1.0,False,-6.23981997364873,106.79856239045006,14.446370748590217,True,
2026-08-07T02:45:53.776333+00:00,3940,-6.242815700000143,106.84290446666662,complex_corridor,FRC2,12,21,33,19,0.99,False,-6.242610768682978,106.84288187111798,22.923789898286447,True,
2026-08-07T02:45:54.079318+00:00,3995,-6.2428431,106.8426503,complex_corridor,FRC2,32,32,8,8,1.0,False,-6.24270333943449,106.84230519617961,41.19038604817657,True,
2026-08-07T02:45:54.382925+00:00,4135,-6.242451300001405,106.84346441666648,complex_corridor,FRC3,27,27,15,15,1.0,False,-6.24264159782794,106.84303341592732,52.128779444682614,True,
2026-08-07T02:45:54.684130+00:00,4174,-6.242622250001264,106.84418269999986,complex_corridor,FRC3,21,21,14,14,1.0,False,-6.242365385288672,106.84405667866673,31.777844988721665,True,
2026-08-07T02:45:54.987853+00:00,4307,-6.237238257899974,106.8272395210502,complex_corridor,FRC2,21,21,6,6,1.0,False,-6.237236971031365,106.82743234718856,21.314848279038795,True,
2026-08-07T02:45:55.298865+00:00,4312,-6.237042057899963,106.8269344210502,complex_corridor,FRC2,23,23,6,6,1.0,False,-6.237208807900389,106.82690797532604,18.770772040768108,True,
2026-08-07T02:45:55.607738+00:00,4383,-6.255330045001537,106.84307333999776,complex_corridor,FRC4,25,25,7,7,1.0,False,-6.255170245392188,106.84296367849294,21.509477825194235,True,
2026-08-07T02:45:55.909556+00:00,4421,-6.237577607899957,106.82686737105018,complex_corridor,FRC3,18,18,27,27,1.0,False,-6.237416698431964,106.82692406858013,18.95817050701808,True,
2026-08-07T02:45:56.214234+00:00,5234,-6.255677025000373,106.8431710999986,complex_corridor,FRC4,23,23,6,6,1.0,False,-6.25559934329838,106.84329627241084,16.310649749926508,True,
2026-08-07T02:45:56.522632+00:00,5259,-6.255508725000373,106.84360214999862,complex_corridor,FRC4,19,30,453,287,0.994512,False,-6.255457199448482,106.84295563186589,71.6908067558573,True,
2026-08-07T02:45:56.824296+00:00,5296,-6.242909649999996,106.84406470000002,complex_corridor,FRC2,35,35,40,40,1.0,False,-6.24287098327402,106.84404058541264,5.0587612651154314,True,
2026-08-07T03:01:07.058011+00:00,703,-6.235444892859697,106.75583232857385,complex_corridor,FRC2,28,28,6,6,1.0,False,-6.235637002833079,106.75573958241279,23.694334982762854,True,
2026-08-07T03:01:07.343307+00:00,821,-6.288795825000754,106.77763638750048,complex_corridor,FRC1,24,31,45,35,0.99,False,-6.288676397337788,106.77774978959411,18.260596237349766,True,
2026-08-07T03:01:07.611319+00:00,1336,-6.235382350000007,106.7560557,complex_corridor,FRC2,27,27,9,9,1.0,False,-6.235851643158244,106.75634307944131,61.09133400248038,True,
2026-08-07T03:01:07.877579+00:00,2187,-6.234661449999994,106.7555585,complex_corridor,FRC2,39,39,18,18,1.0,False,-6.235295044618109,106.75596622907466,83.63486690954973,True,
2026-08-07T03:01:08.146651+00:00,2188,-6.233655599999991,106.75488135,complex_corridor,FRC2,30,30,32,32,1.0,False,-6.233742064909034,106.75495503627582,12.600808704103487,True,
2026-08-07T03:01:08.411759+00:00,2298,-6.288583799999989,106.77784095,complex_corridor,FRC1,32,41,437,341,1.0,False,-6.288634823320289,106.77780477487897,6.94084144102375,True,
2026-08-07T03:01:08.679709+00:00,2322,-6.2884621,106.7781152,complex_corridor,FRC1,26,26,53,53,1.0,False,-6.288455113550981,106.77822722279888,12.405765015820144,True,
2026-08-07T03:01:08.946806+00:00,2459,-6.23996075,106.79819865,complex_corridor,FRC3,21,27,541,420,1.0,False,-6.239927209643448,106.79835988366938,18.208192291717626,True,
2026-08-07T03:01:09.213510+00:00,2660,-6.288887410002579,106.77817204999796,complex_corridor,FRC1,10,14,44,31,1.0,False,-6.289080056713849,106.77821112954479,21.852459789678804,True,
2026-08-07T03:01:09.506694+00:00,2731,-6.240104349999994,106.79819525,complex_corridor,FRC1,21,21,285,285,1.0,False,-6.254711568502923,106.79717434728451,1628.1638385691926,False,
2026-08-07T03:01:09.779973+00:00,2979,-6.239918790000258,106.79844824999957,complex_corridor,FRC2,15,15,2,2,1.0,False,-6.239928542802509,106.79846583092547,2.2254395550977346,True,
2026-08-07T03:01:10.052494+00:00,3134,-6.2892448600025785,106.77855074999796,complex_corridor,FRC1,22,22,11,11,1.0,False,-6.289262432333267,106.778499467014,5.995427904385316,True,
2026-08-07T03:01:10.339209+00:00,3164,-6.239840140000258,106.79869149999956,complex_corridor,FRC2,24,24,145,145,1.0,False,-6.23981997364873,106.79856239045006,14.446370748590217,True,
2026-08-07T03:01:10.607551+00:00,3940,-6.242815700000143,106.84290446666662,complex_corridor,FRC2,21,21,19,19,1.0,False,-6.242610768682978,106.84288187111798,22.923789898286447,True,
2026-08-07T03:01:10.872012+00:00,3995,-6.2428431,106.8426503,complex_corridor,FRC2,6,32,46,8,0.99,False,-6.24270333943449,106.84230519617961,41.19038604817657,True,
2026-08-07T03:01:11.143526+00:00,4135,-6.242451300001405,106.84346441666648,complex_corridor,FRC3,20,26,20,16,1.0,False,-6.24264159782794,106.84303341592732,52.128779444682614,True,
2026-08-07T03:01:11.411323+00:00,4174,-6.242622250001264,106.84418269999986,complex_corridor,FRC3,16,20,18,14,0.95,False,-6.242365385288672,106.84405667866673,31.777844988721665,True,
2026-08-07T03:01:11.684841+00:00,4307,-6.237238257899974,106.8272395210502,complex_corridor,FRC2,21,21,6,6,1.0,False,-6.237236971031365,106.82743234718856,21.314848279038795,True,
2026-08-07T03:01:11.950950+00:00,4312,-6.237042057899963,106.8269344210502,complex_corridor,FRC2,23,23,6,6,1.0,False,-6.237208807900389,106.82690797532604,18.770772040768108,True,
2026-08-07T03:01:12.214776+00:00,4383,-6.255330045001537,106.84307333999776,complex_corridor,FRC4,20,25,9,7,1.0,False,-6.255170245392188,106.84296367849294,21.509477825194235,True,
2026-08-07T03:01:12.479360+00:00,4421,-6.237577607899957,106.82686737105018,complex_corridor,FRC3,18,18,27,27,1.0,False,-6.237416698431964,106.82692406858013,18.95817050701808,True,
2026-08-07T03:01:12.761610+00:00,5234,-6.255677025000373,106.8431710999986,complex_corridor,FRC4,23,23,6,6,1.0,False,-6.25559934329838,106.84329627241084,16.310649749926508,True,
2026-08-07T03:01:13.034221+00:00,5259,-6.255508725000373,106.84360214999862,complex_corridor,FRC4,19,29,453,297,0.995389,False,-6.255457199448482,106.84295563186589,71.6908067558573,True,
2026-08-07T03:01:13.301443+00:00,5296,-6.242909649999996,106.84406470000002,complex_corridor,FRC2,35,35,40,40,1.0,False,-6.24287098327402,106.84404058541264,5.0587612651154314,True,
2026-08-07T03:15:54.275047+00:00,703,-6.235444892859697,106.75583232857385,complex_corridor,FRC2,28,28,6,6,1.0,False,-6.235637002833079,106.75573958241279,23.694334982762854,True,
2026-08-07T03:15:54.550872+00:00,821,-6.288795825000754,106.77763638750048,complex_corridor,FRC1,31,31,35,35,1.0,False,-6.288676397337788,106.77774978959411,18.260596237349766,True,
2026-08-07T03:15:54.815888+00:00,1336,-6.235382350000007,106.7560557,complex_corridor,FRC2,27,27,9,9,1.0,False,-6.235851643158244,106.75634307944131,61.09133400248038,True,
2026-08-07T03:15:55.087204+00:00,2187,-6.234661449999994,106.7555585,complex_corridor,FRC2,39,39,18,18,1.0,False,-6.235295044618109,106.75596622907466,83.63486690954973,True,
2026-08-07T03:15:55.352100+00:00,2188,-6.233655599999991,106.75488135,complex_corridor,FRC2,24,30,40,32,0.98,False,-6.233742064909034,106.75495503627582,12.600808704103487,True,
2026-08-07T03:15:55.623203+00:00,2298,-6.288583799999989,106.77784095,complex_corridor,FRC1,29,41,482,341,1.0,False,-6.288634823320289,106.77780477487897,6.94084144102375,True,
2026-08-07T03:15:55.886137+00:00,2322,-6.2884621,106.7781152,complex_corridor,FRC1,16,26,87,53,0.97,False,-6.288455113550981,106.77822722279888,12.405765015820144,True,
2026-08-07T03:15:56.157736+00:00,2459,-6.23996075,106.79819865,complex_corridor,FRC3,20,28,568,405,1.0,False,-6.239927209643448,106.79835988366938,18.208192291717626,True,
2026-08-07T03:15:56.423548+00:00,2660,-6.288887410002579,106.77817204999796,complex_corridor,FRC1,15,15,29,29,1.0,False,-6.289080056713849,106.77821112954479,21.852459789678804,True,
2026-08-07T03:15:56.693945+00:00,2731,-6.240104349999994,106.79819525,complex_corridor,FRC1,14,20,428,300,1.0,False,-6.254711568502923,106.79717434728451,1628.1638385691926,False,
2026-08-07T03:15:56.958781+00:00,2979,-6.239918790000258,106.79844824999957,complex_corridor,FRC2,11,15,3,2,1.0,False,-6.239928542802509,106.79846583092547,2.2254395550977346,True,
2026-08-07T03:15:57.225817+00:00,3134,-6.2892448600025785,106.77855074999796,complex_corridor,FRC1,18,22,14,11,1.0,False,-6.289262432333267,106.778499467014,5.995427904385316,True,
2026-08-07T03:15:57.490083+00:00,3164,-6.239840140000258,106.79869149999956,complex_corridor,FRC2,24,24,145,145,1.0,False,-6.23981997364873,106.79856239045006,14.446370748590217,True,
2026-08-07T03:15:57.769097+00:00,3940,-6.242815700000143,106.84290446666662,complex_corridor,FRC2,21,21,19,19,1.0,False,-6.242610768682978,106.84288187111798,22.923789898286447,True,
2026-08-07T03:15:58.032274+00:00,3995,-6.2428431,106.8426503,complex_corridor,FRC2,6,32,46,8,0.91,False,-6.24270333943449,106.84230519617961,41.19038604817657,True,
2026-08-07T03:15:58.337473+00:00,4135,-6.242451300001405,106.84346441666648,complex_corridor,FRC3,27,27,15,15,1.0,False,-6.24264159782794,106.84303341592732,52.128779444682614,True,
2026-08-07T03:15:58.601203+00:00,4174,-6.242622250001264,106.84418269999986,complex_corridor,FRC3,21,21,14,14,1.0,False,-6.242365385288672,106.84405667866673,31.777844988721665,True,
2026-08-07T03:15:58.866438+00:00,4307,-6.237238257899974,106.8272395210502,complex_corridor,FRC2,21,21,6,6,1.0,False,-6.237236971031365,106.82743234718856,21.314848279038795,True,
2026-08-07T03:15:59.140441+00:00,4312,-6.237042057899963,106.8269344210502,complex_corridor,FRC2,23,23,6,6,1.0,False,-6.237208807900389,106.82690797532604,18.770772040768108,True,
2026-08-07T03:15:59.404521+00:00,4383,-6.255330045001537,106.84307333999776,complex_corridor,FRC4,25,25,7,7,1.0,False,-6.255170245392188,106.84296367849294,21.509477825194235,True,
2026-08-07T03:15:59.668445+00:00,4421,-6.237577607899957,106.82686737105018,complex_corridor,FRC3,13,18,37,27,0.99,False,-6.237416698431964,106.82692406858013,18.95817050701808,True,
2026-08-07T03:15:59.935783+00:00,5234,-6.255677025000373,106.8431710999986,complex_corridor,FRC4,23,23,6,6,1.0,False,-6.25559934329838,106.84329627241084,16.310649749926508,True,
2026-08-07T03:16:00.203633+00:00,5259,-6.255508725000373,106.84360214999862,complex_corridor,FRC4,17,30,506,287,0.989771,False,-6.255457199448482,106.84295563186589,71.6908067558573,True,
2026-08-07T03:16:00.471406+00:00,5296,-6.242909649999996,106.84406470000002,complex_corridor,FRC2,24,35,59,40,1.0,False,-6.24287098327402,106.84404058541264,5.0587612651154314,True,
2026-08-07T03:30:48.361546+00:00,703,-6.235444892859697,106.75583232857385,complex_corridor,FRC2,28,28,6,6,1.0,False,-6.235637002833079,106.75573958241279,23.694334982762854,True,
2026-08-07T03:30:48.650593+00:00,821,-6.288795825000754,106.77763638750048,complex_corridor,FRC1,21,31,52,35,0.99,False,-6.288676397337788,106.77774978959411,18.260596237349766,True,
2026-08-07T03:30:48.945401+00:00,1336,-6.235382350000007,106.7560557,complex_corridor,FRC2,27,27,9,9,1.0,False,-6.235851643158244,106.75634307944131,61.09133400248038,True,
2026-08-07T03:30:49.234344+00:00,2187,-6.234661449999994,106.7555585,complex_corridor,FRC2,39,39,18,18,1.0,False,-6.235295044618109,106.75596622907466,83.63486690954973,True,
2026-08-07T03:30:49.518678+00:00,2188,-6.233655599999991,106.75488135,complex_corridor,FRC2,30,30,32,32,1.0,False,-6.233742064909034,106.75495503627582,12.600808704103487,True,
2026-08-07T03:30:49.802587+00:00,2298,-6.288583799999989,106.77784095,complex_corridor,FRC1,31,41,451,341,1.0,False,-6.288634823320289,106.77780477487897,6.94084144102375,True,
2026-08-07T03:30:50.090553+00:00,2322,-6.2884621,106.7781152,complex_corridor,FRC1,18,26,77,53,0.99,False,-6.288455113550981,106.77822722279888,12.405765015820144,True,
2026-08-07T03:30:50.379852+00:00,2459,-6.23996075,106.79819865,complex_corridor,FRC3,20,27,568,420,1.0,False,-6.239927209643448,106.79835988366938,18.208192291717626,True,
2026-08-07T03:30:50.672078+00:00,2660,-6.288887410002579,106.77817204999796,complex_corridor,FRC1,15,15,29,29,1.0,False,-6.289080056713849,106.77821112954479,21.852459789678804,True,
2026-08-07T03:30:50.957274+00:00,2731,-6.240104349999994,106.79819525,complex_corridor,FRC1,21,21,285,285,1.0,False,-6.254711568502923,106.79717434728451,1628.1638385691926,False,
2026-08-07T03:30:51.242120+00:00,2979,-6.239918790000258,106.79844824999957,complex_corridor,FRC2,6,13,7,3,1.0,False,-6.239928542802509,106.79846583092547,2.2254395550977346,True,
2026-08-07T03:30:51.524751+00:00,3134,-6.2892448600025785,106.77855074999796,complex_corridor,FRC1,16,22,16,11,1.0,False,-6.289262432333267,106.778499467014,5.995427904385316,True,
2026-08-07T03:30:51.814547+00:00,3164,-6.239840140000258,106.79869149999956,complex_corridor,FRC2,24,24,145,145,1.0,False,-6.23981997364873,106.79856239045006,14.446370748590217,True,
2026-08-07T03:30:52.107910+00:00,3940,-6.242815700000143,106.84290446666662,complex_corridor,FRC2,21,21,19,19,1.0,False,-6.242610768682978,106.84288187111798,22.923789898286447,True,
2026-08-07T03:30:52.393827+00:00,3995,-6.2428431,106.8426503,complex_corridor,FRC2,32,32,8,8,1.0,False,-6.24270333943449,106.84230519617961,41.19038604817657,True,
2026-08-07T03:30:52.675544+00:00,4135,-6.242451300001405,106.84346441666648,complex_corridor,FRC3,27,27,15,15,1.0,False,-6.24264159782794,106.84303341592732,52.128779444682614,True,
2026-08-07T03:30:52.961637+00:00,4174,-6.242622250001264,106.84418269999986,complex_corridor,FRC3,21,21,14,14,1.0,False,-6.242365385288672,106.84405667866673,31.777844988721665,True,
2026-08-07T03:30:53.251042+00:00,4307,-6.237238257899974,106.8272395210502,complex_corridor,FRC2,21,21,6,6,1.0,False,-6.237236971031365,106.82743234718856,21.314848279038795,True,
2026-08-07T03:30:53.536052+00:00,4312,-6.237042057899963,106.8269344210502,complex_corridor,FRC2,23,23,6,6,1.0,False,-6.237208807900389,106.82690797532604,18.770772040768108,True,
2026-08-07T03:30:53.832183+00:00,4383,-6.255330045001537,106.84307333999776,complex_corridor,FRC4,19,25,9,7,1.0,False,-6.255170245392188,106.84296367849294,21.509477825194235,True,
2026-08-07T03:30:54.118753+00:00,4421,-6.237577607899957,106.82686737105018,complex_corridor,FRC3,10,18,49,27,0.98,False,-6.237416698431964,106.82692406858013,18.95817050701808,True,
2026-08-07T03:30:54.406629+00:00,5234,-6.255677025000373,106.8431710999986,complex_corridor,FRC4,18,23,7,6,1.0,False,-6.25559934329838,106.84329627241084,16.310649749926508,True,
2026-08-07T03:30:54.692252+00:00,5259,-6.255508725000373,106.84360214999862,complex_corridor,FRC4,20,30,430,287,0.992741,False,-6.255457199448482,106.84295563186589,71.6908067558573,True,
2026-08-07T03:30:54.975495+00:00,5296,-6.242909649999996,106.84406470000002,complex_corridor,FRC2,25,35,56,40,1.0,False,-6.24287098327402,106.84404058541264,5.0587612651154314,True,
2026-08-07T03:45:48.891488+00:00,703,-6.235444892859697,106.75583232857385,complex_corridor,FRC2,28,28,6,6,1.0,False,-6.235637002833079,106.75573958241279,23.694334982762854,True,
2026-08-07T03:45:49.178475+00:00,821,-6.288795825000754,106.77763638750048,complex_corridor,FRC1,31,31,35,35,1.0,False,-6.288676397337788,106.77774978959411,18.260596237349766,True,
2026-08-07T03:45:49.460912+00:00,1336,-6.235382350000007,106.7560557,complex_corridor,FRC2,20,27,13,9,0.97,False,-6.235851643158244,106.75634307944131,61.09133400248038,True,
2026-08-07T03:45:49.742192+00:00,2187,-6.234661449999994,106.7555585,complex_corridor,FRC2,39,39,18,18,1.0,False,-6.235295044618109,106.75596622907466,83.63486690954973,True,
2026-08-07T03:45:50.026145+00:00,2188,-6.233655599999991,106.75488135,complex_corridor,FRC2,30,30,32,32,1.0,False,-6.233742064909034,106.75495503627582,12.600808704103487,True,
2026-08-07T03:45:50.307901+00:00,2298,-6.288583799999989,106.77784095,complex_corridor,FRC1,28,40,500,350,1.0,False,-6.288634823320289,106.77780477487897,6.94084144102375,True,
2026-08-07T03:45:50.589145+00:00,2322,-6.2884621,106.7781152,complex_corridor,FRC1,26,26,53,53,1.0,False,-6.288455113550981,106.77822722279888,12.405765015820144,True,
2026-08-07T03:45:50.870821+00:00,2459,-6.23996075,106.79819865,complex_corridor,FRC3,20,27,568,420,1.0,False,-6.239927209643448,106.79835988366938,18.208192291717626,True,
2026-08-07T03:45:51.155581+00:00,2660,-6.288887410002579,106.77817204999796,complex_corridor,FRC1,15,15,29,29,1.0,False,-6.289080056713849,106.77821112954479,21.852459789678804,True,
2026-08-07T03:45:51.438383+00:00,2731,-6.240104349999994,106.79819525,complex_corridor,FRC1,13,20,461,300,1.0,False,-6.254711568502923,106.79717434728451,1628.1638385691926,False,
2026-08-07T03:45:51.728870+00:00,2979,-6.239918790000258,106.79844824999957,complex_corridor,FRC2,15,15,2,2,1.0,False,-6.239928542802509,106.79846583092547,2.2254395550977346,True,
2026-08-07T03:45:52.014389+00:00,3134,-6.2892448600025785,106.77855074999796,complex_corridor,FRC1,13,21,20,12,1.0,False,-6.289262432333267,106.778499467014,5.995427904385316,True,
2026-08-07T03:45:52.297460+00:00,3164,-6.239840140000258,106.79869149999956,complex_corridor,FRC2,24,24,145,145,1.0,False,-6.23981997364873,106.79856239045006,14.446370748590217,True,
2026-08-07T03:45:52.577118+00:00,3940,-6.242815700000143,106.84290446666662,complex_corridor,FRC2,21,21,19,19,1.0,False,-6.242610768682978,106.84288187111798,22.923789898286447,True,
2026-08-07T03:45:52.862845+00:00,3995,-6.2428431,106.8426503,complex_corridor,FRC2,32,32,8,8,1.0,False,-6.24270333943449,106.84230519617961,41.19038604817657,True,
2026-08-07T03:45:53.144133+00:00,4135,-6.242451300001405,106.84346441666648,complex_corridor,FRC3,18,26,23,16,1.0,False,-6.24264159782794,106.84303341592732,52.128779444682614,True,
2026-08-07T03:45:53.423108+00:00,4174,-6.242622250001264,106.84418269999986,complex_corridor,FRC3,21,21,14,14,1.0,False,-6.242365385288672,106.84405667866673,31.777844988721665,True,
2026-08-07T03:45:53.703037+00:00,4307,-6.237238257899974,106.8272395210502,complex_corridor,FRC2,12,20,10,6,0.99,False,-6.237236971031365,106.82743234718856,21.314848279038795,True,
2026-08-07T03:45:53.997694+00:00,4312,-6.237042057899963,106.8269344210502,complex_corridor,FRC2,23,23,6,6,1.0,False,-6.237208807900389,106.82690797532604,18.770772040768108,True,
2026-08-07T03:45:54.280185+00:00,4383,-6.255330045001537,106.84307333999776,complex_corridor,FRC4,16,25,11,7,0.99,False,-6.255170245392188,106.84296367849294,21.509477825194235,True,
2026-08-07T03:45:54.566487+00:00,4421,-6.237577607899957,106.82686737105018,complex_corridor,FRC3,11,18,44,27,0.99,False,-6.237416698431964,106.82692406858013,18.95817050701808,True,
2026-08-07T03:45:54.845480+00:00,5234,-6.255677025000373,106.8431710999986,complex_corridor,FRC4,18,22,7,6,1.0,False,-6.25559934329838,106.84329627241084,16.310649749926508,True,
2026-08-07T03:45:55.142241+00:00,5259,-6.255508725000373,106.84360214999862,complex_corridor,FRC4,22,30,391,287,0.994044,False,-6.255457199448482,106.84295563186589,71.6908067558573,True,
2026-08-07T03:45:55.424916+00:00,5296,-6.242909649999996,106.84406470000002,complex_corridor,FRC2,25,35,56,40,1.0,False,-6.24287098327402,106.84404058541264,5.0587612651154314,True,
2026-08-07T04:01:03.689166+00:00,703,-6.235444892859697,106.75583232857385,complex_corridor,FRC2,28,28,6,6,1.0,False,-6.235637002833079,106.75573958241279,23.694334982762854,True,
2026-08-07T04:01:03.981358+00:00,821,-6.288795825000754,106.77763638750048,complex_corridor,FRC1,31,31,35,35,1.0,False,-6.288676397337788,106.77774978959411,18.260596237349766,True,
2026-08-07T04:01:04.275236+00:00,1336,-6.235382350000007,106.7560557,complex_corridor,FRC2,21,27,12,9,0.97,False,-6.235851643158244,106.75634307944131,61.09133400248038,True,
2026-08-07T04:01:04.565944+00:00,2187,-6.234661449999994,106.7555585,complex_corridor,FRC2,39,39,18,18,1.0,False,-6.235295044618109,106.75596622907466,83.63486690954973,True,
2026-08-07T04:01:04.854486+00:00,2188,-6.233655599999991,106.75488135,complex_corridor,FRC2,30,30,32,32,1.0,False,-6.233742064909034,106.75495503627582,12.600808704103487,True,
2026-08-07T04:01:05.143626+00:00,2298,-6.288583799999989,106.77784095,complex_corridor,FRC1,26,41,538,341,1.0,False,-6.288634823320289,106.77780477487897,6.94084144102375,True,
2026-08-07T04:01:05.431614+00:00,2322,-6.2884621,106.7781152,complex_corridor,FRC1,26,26,53,53,1.0,False,-6.288455113550981,106.77822722279888,12.405765015820144,True,
2026-08-07T04:01:05.719571+00:00,2459,-6.23996075,106.79819865,complex_corridor,FRC3,19,27,597,420,1.0,False,-6.239927209643448,106.79835988366938,18.208192291717626,True,
2026-08-07T04:01:06.006382+00:00,2660,-6.288887410002579,106.77817204999796,complex_corridor,FRC1,9,14,49,31,1.0,False,-6.289080056713849,106.77821112954479,21.852459789678804,True,
2026-08-07T04:01:06.304059+00:00,2731,-6.240104349999994,106.79819525,complex_corridor,FRC1,16,21,375,285,1.0,False,-6.254711568502923,106.79717434728451,1628.1638385691926,False,
2026-08-07T04:01:06.607794+00:00,2979,-6.239918790000258,106.79844824999957,complex_corridor,FRC2,15,15,2,2,1.0,False,-6.239928542802509,106.79846583092547,2.2254395550977346,True,
2026-08-07T04:01:06.897000+00:00,3134,-6.2892448600025785,106.77855074999796,complex_corridor,FRC1,22,22,11,11,1.0,False,-6.289262432333267,106.778499467014,5.995427904385316,True,
2026-08-07T04:01:07.185513+00:00,3164,-6.239840140000258,106.79869149999956,complex_corridor,FRC2,24,24,145,145,1.0,False,-6.23981997364873,106.79856239045006,14.446370748590217,True,
2026-08-07T04:01:07.482174+00:00,3940,-6.242815700000143,106.84290446666662,complex_corridor,FRC2,21,21,19,19,1.0,False,-6.242610768682978,106.84288187111798,22.923789898286447,True,
2026-08-07T04:01:07.774493+00:00,3995,-6.2428431,106.8426503,complex_corridor,FRC2,32,32,8,8,1.0,False,-6.24270333943449,106.84230519617961,41.19038604817657,True,
2026-08-07T04:01:08.071298+00:00,4135,-6.242451300001405,106.84346441666648,complex_corridor,FRC3,19,26,22,16,1.0,False,-6.24264159782794,106.84303341592732,52.128779444682614,True,
2026-08-07T04:01:08.361138+00:00,4174,-6.242622250001264,106.84418269999986,complex_corridor,FRC3,21,21,14,14,1.0,False,-6.242365385288672,106.84405667866673,31.777844988721665,True,
2026-08-07T04:01:08.648767+00:00,4307,-6.237238257899974,106.8272395210502,complex_corridor,FRC2,21,21,6,6,1.0,False,-6.237236971031365,106.82743234718856,21.314848279038795,True,
2026-08-07T04:01:08.940301+00:00,4312,-6.237042057899963,106.8269344210502,complex_corridor,FRC2,23,23,6,6,1.0,False,-6.237208807900389,106.82690797532604,18.770772040768108,True,
2026-08-07T04:01:09.225263+00:00,4383,-6.255330045001537,106.84307333999776,complex_corridor,FRC4,25,25,7,7,1.0,False,-6.255170245392188,106.84296367849294,21.509477825194235,True,
2026-08-07T04:01:09.514050+00:00,4421,-6.237577607899957,106.82686737105018,complex_corridor,FRC3,18,18,27,27,1.0,False,-6.237416698431964,106.82692406858013,18.95817050701808,True,
2026-08-07T04:01:09.807770+00:00,5234,-6.255677025000373,106.8431710999986,complex_corridor,FRC4,23,23,6,6,1.0,False,-6.25559934329838,106.84329627241084,16.310649749926508,True,
2026-08-07T04:01:10.099290+00:00,5259,-6.255508725000373,106.84360214999862,complex_corridor,FRC4,22,29,391,297,0.997018,False,-6.255457199448482,106.84295563186589,71.6908067558573,True,
2026-08-07T04:01:10.387164+00:00,5296,-6.242909649999996,106.84406470000002,complex_corridor,FRC2,35,35,40,40,1.0,False,-6.24287098327402,106.84404058541264,5.0587612651154314,True,
2026-08-07T04:15:50.193002+00:00,703,-6.235444892859697,106.75583232857385,complex_corridor,FRC2,28,28,6,6,1.0,False,-6.235637002833079,106.75573958241279,23.694334982762854,True,
2026-08-07T04:15:50.475721+00:00,821,-6.288795825000754,106.77763638750048,complex_corridor,FRC1,31,31,35,35,1.0,False,-6.288676397337788,106.77774978959411,18.260596237349766,True,
2026-08-07T04:15:50.755444+00:00,1336,-6.235382350000007,106.7560557,complex_corridor,FRC2,27,27,9,9,1.0,False,-6.235851643158244,106.75634307944131,61.09133400248038,True,
2026-08-07T04:15:51.036752+00:00,2187,-6.234661449999994,106.7555585,complex_corridor,FRC2,29,39,25,18,0.97,False,-6.235295044618109,106.75596622907466,83.63486690954973,True,
2026-08-07T04:15:51.316517+00:00,2188,-6.233655599999991,106.75488135,complex_corridor,FRC2,30,30,32,32,1.0,False,-6.233742064909034,106.75495503627582,12.600808704103487,True,
2026-08-07T04:15:51.609654+00:00,2298,-6.288583799999989,106.77784095,complex_corridor,FRC1,26,40,538,350,1.0,False,-6.288634823320289,106.77780477487897,6.94084144102375,True,
2026-08-07T04:15:51.889323+00:00,2322,-6.2884621,106.7781152,complex_corridor,FRC1,26,26,53,53,1.0,False,-6.288455113550981,106.77822722279888,12.405765015820144,True,
2026-08-07T04:15:52.188254+00:00,2459,-6.23996075,106.79819865,complex_corridor,FRC3,16,28,710,405,1.0,False,-6.239927209643448,106.79835988366938,18.208192291717626,True,
2026-08-07T04:15:52.472002+00:00,2660,-6.288887410002579,106.77817204999796,complex_corridor,FRC1,9,15,49,29,1.0,False,-6.289080056713849,106.77821112954479,21.852459789678804,True,
2026-08-07T04:15:52.758995+00:00,2731,-6.240104349999994,106.79819525,complex_corridor,FRC1,13,20,461,300,1.0,False,-6.254711568502923,106.79717434728451,1628.1638385691926,False,
2026-08-07T04:15:53.052476+00:00,2979,-6.239918790000258,106.79844824999957,complex_corridor,FRC2,8,13,5,3,1.0,False,-6.239928542802509,106.79846583092547,2.2254395550977346,True,
2026-08-07T04:15:53.333757+00:00,3134,-6.2892448600025785,106.77855074999796,complex_corridor,FRC1,22,22,11,11,1.0,False,-6.289262432333267,106.778499467014,5.995427904385316,True,
2026-08-07T04:15:53.630968+00:00,3164,-6.239840140000258,106.79869149999956,complex_corridor,FRC2,24,24,145,145,1.0,False,-6.23981997364873,106.79856239045006,14.446370748590217,True,
2026-08-07T04:15:53.915353+00:00,3940,-6.242815700000143,106.84290446666662,complex_corridor,FRC2,21,21,19,19,1.0,False,-6.242610768682978,106.84288187111798,22.923789898286447,True,
2026-08-07T04:15:54.199819+00:00,3995,-6.2428431,106.8426503,complex_corridor,FRC2,32,32,8,8,1.0,False,-6.24270333943449,106.84230519617961,41.19038604817657,True,
2026-08-07T04:15:54.479660+00:00,4135,-6.242451300001405,106.84346441666648,complex_corridor,FRC3,27,27,15,15,1.0,False,-6.24264159782794,106.84303341592732,52.128779444682614,True,
2026-08-07T04:15:54.759467+00:00,4174,-6.242622250001264,106.84418269999986,complex_corridor,FRC3,21,21,14,14,1.0,False,-6.242365385288672,106.84405667866673,31.777844988721665,True,
2026-08-07T04:15:55.044244+00:00,4307,-6.237238257899974,106.8272395210502,complex_corridor,FRC2,21,21,6,6,1.0,False,-6.237236971031365,106.82743234718856,21.314848279038795,True,
2026-08-07T04:15:55.326935+00:00,4312,-6.237042057899963,106.8269344210502,complex_corridor,FRC2,23,23,6,6,1.0,False,-6.237208807900389,106.82690797532604,18.770772040768108,True,
2026-08-07T04:15:55.610421+00:00,4383,-6.255330045001537,106.84307333999776,complex_corridor,FRC4,13,25,13,7,1.0,False,-6.255170245392188,106.84296367849294,21.509477825194235,True,
2026-08-07T04:15:55.891696+00:00,4421,-6.237577607899957,106.82686737105018,complex_corridor,FRC3,18,18,27,27,1.0,False,-6.237416698431964,106.82692406858013,18.95817050701808,True,
2026-08-07T04:15:56.178611+00:00,5234,-6.255677025000373,106.8431710999986,complex_corridor,FRC4,23,23,6,6,1.0,False,-6.25559934329838,106.84329627241084,16.310649749926508,True,
2026-08-07T04:15:56.459945+00:00,5259,-6.255508725000373,106.84360214999862,complex_corridor,FRC4,26,30,331,287,0.997256,False,-6.255457199448482,106.84295563186589,71.6908067558573,True,
2026-08-07T04:15:56.745939+00:00,5296,-6.242909649999996,106.84406470000002,complex_corridor,FRC2,20,35,71,40,1.0,False,-6.24287098327402,106.84404058541264,5.0587612651154314,True,
2026-08-07T04:30:51.115324+00:00,703,-6.235444892859697,106.75583232857385,complex_corridor,FRC2,28,28,6,6,1.0,False,-6.235637002833079,106.75573958241279,23.694334982762854,True,
2026-08-07T04:30:51.399727+00:00,821,-6.288795825000754,106.77763638750048,complex_corridor,FRC1,31,31,35,35,1.0,False,-6.288676397337788,106.77774978959411,18.260596237349766,True,
2026-08-07T04:30:51.667097+00:00,1336,-6.235382350000007,106.7560557,complex_corridor,FRC2,27,27,9,9,1.0,False,-6.235851643158244,106.75634307944131,61.09133400248038,True,
2026-08-07T04:30:51.935166+00:00,2187,-6.234661449999994,106.7555585,complex_corridor,FRC2,39,39,18,18,1.0,False,-6.235295044618109,106.75596622907466,83.63486690954973,True,
2026-08-07T04:30:52.197272+00:00,2188,-6.233655599999991,106.75488135,complex_corridor,FRC2,30,30,32,32,1.0,False,-6.233742064909034,106.75495503627582,12.600808704103487,True,
2026-08-07T04:30:52.498376+00:00,2298,-6.288583799999989,106.77784095,complex_corridor,FRC1,27,41,518,341,1.0,False,-6.288634823320289,106.77780477487897,6.94084144102375,True,
2026-08-07T04:30:52.772311+00:00,2322,-6.2884621,106.7781152,complex_corridor,FRC1,26,26,53,53,1.0,False,-6.288455113550981,106.77822722279888,12.405765015820144,True,
2026-08-07T04:30:53.041148+00:00,2459,-6.23996075,106.79819865,complex_corridor,FRC3,17,27,668,420,1.0,False,-6.239927209643448,106.79835988366938,18.208192291717626,True,
2026-08-07T04:30:53.305695+00:00,2660,-6.288887410002579,106.77817204999796,complex_corridor,FRC1,9,14,49,31,1.0,False,-6.289080056713849,106.77821112954479,21.852459789678804,True,
2026-08-07T04:30:53.571527+00:00,2731,-6.240104349999994,106.79819525,complex_corridor,FRC1,16,22,375,272,1.0,False,-6.254711568502923,106.79717434728451,1628.1638385691926,False,
2026-08-07T04:30:53.848656+00:00,2979,-6.239918790000258,106.79844824999957,complex_corridor,FRC2,6,13,7,3,1.0,False,-6.239928542802509,106.79846583092547,2.2254395550977346,True,
2026-08-07T04:30:54.113846+00:00,3134,-6.2892448600025785,106.77855074999796,complex_corridor,FRC1,17,22,15,11,1.0,False,-6.289262432333267,106.778499467014,5.995427904385316,True,
2026-08-07T04:30:54.378796+00:00,3164,-6.239840140000258,106.79869149999956,complex_corridor,FRC2,20,24,174,145,1.0,False,-6.23981997364873,106.79856239045006,14.446370748590217,True,
2026-08-07T04:30:54.643050+00:00,3940,-6.242815700000143,106.84290446666662,complex_corridor,FRC2,21,21,19,19,1.0,False,-6.242610768682978,106.84288187111798,22.923789898286447,True,
2026-08-07T04:30:54.906119+00:00,3995,-6.2428431,106.8426503,complex_corridor,FRC2,32,32,8,8,1.0,False,-6.24270333943449,106.84230519617961,41.19038604817657,True,
2026-08-07T04:30:55.169964+00:00,4135,-6.242451300001405,106.84346441666648,complex_corridor,FRC3,27,27,15,15,1.0,False,-6.24264159782794,106.84303341592732,52.128779444682614,True,
2026-08-07T04:30:55.435793+00:00,4174,-6.242622250001264,106.84418269999986,complex_corridor,FRC3,11,22,26,13,0.97,False,-6.242365385288672,106.84405667866673,31.777844988721665,True,
2026-08-07T04:30:55.698429+00:00,4307,-6.237238257899974,106.8272395210502,complex_corridor,FRC2,21,21,6,6,1.0,False,-6.237236971031365,106.82743234718856,21.314848279038795,True,
2026-08-07T04:30:55.963062+00:00,4312,-6.237042057899963,106.8269344210502,complex_corridor,FRC2,17,22,8,6,1.0,False,-6.237208807900389,106.82690797532604,18.770772040768108,True,
2026-08-07T04:30:56.247407+00:00,4383,-6.255330045001537,106.84307333999776,complex_corridor,FRC4,25,25,7,7,1.0,False,-6.255170245392188,106.84296367849294,21.509477825194235,True,
2026-08-07T04:30:56.511727+00:00,4421,-6.237577607899957,106.82686737105018,complex_corridor,FRC3,10,18,49,27,1.0,False,-6.237416698431964,106.82692406858013,18.95817050701808,True,
2026-08-07T04:30:56.776987+00:00,5234,-6.255677025000373,106.8431710999986,complex_corridor,FRC4,23,23,6,6,1.0,False,-6.25559934329838,106.84329627241084,16.310649749926508,True,
2026-08-07T04:30:57.043917+00:00,5259,-6.255508725000373,106.84360214999862,complex_corridor,FRC4,24,30,359,287,0.997256,False,-6.255457199448482,106.84295563186589,71.6908067558573,True,
2026-08-07T04:30:57.315615+00:00,5296,-6.242909649999996,106.84406470000002,complex_corridor,FRC2,18,34,79,41,1.0,False,-6.24287098327402,106.84404058541264,5.0587612651154314,True,
2026-08-07T04:45:54.216198+00:00,703,-6.235444892859697,106.75583232857385,complex_corridor,FRC2,28,28,6,6,1.0,False,-6.235637002833079,106.75573958241279,23.694334982762854,True,
2026-08-07T04:45:54.518747+00:00,821,-6.288795825000754,106.77763638750048,complex_corridor,FRC1,31,31,35,35,1.0,False,-6.288676397337788,106.77774978959411,18.260596237349766,True,
2026-08-07T04:45:54.814003+00:00,1336,-6.235382350000007,106.7560557,complex_corridor,FRC2,27,27,9,9,1.0,False,-6.235851643158244,106.75634307944131,61.09133400248038,True,
2026-08-07T04:45:55.106182+00:00,2187,-6.234661449999994,106.7555585,complex_corridor,FRC2,39,39,18,18,1.0,False,-6.235295044618109,106.75596622907466,83.63486690954973,True,
2026-08-07T04:45:55.394577+00:00,2188,-6.233655599999991,106.75488135,complex_corridor,FRC2,23,30,42,32,0.98,False,-6.233742064909034,106.75495503627582,12.600808704103487,True,
2026-08-07T04:45:55.686693+00:00,2298,-6.288583799999989,106.77784095,complex_corridor,FRC1,27,41,518,341,1.0,False,-6.288634823320289,106.77780477487897,6.94084144102375,True,
2026-08-07T04:45:55.974367+00:00,2322,-6.2884621,106.7781152,complex_corridor,FRC1,20,25,70,56,0.99,False,-6.288455113550981,106.77822722279888,12.405765015820144,True,
2026-08-07T04:45:56.264938+00:00,2459,-6.23996075,106.79819865,complex_corridor,FRC3,15,27,757,420,1.0,False,-6.239927209643448,106.79835988366938,18.208192291717626,True,
2026-08-07T04:45:56.560428+00:00,2660,-6.288887410002579,106.77817204999796,complex_corridor,FRC1,6,14,74,31,1.0,False,-6.289080056713849,106.77821112954479,21.852459789678804,True,
2026-08-07T04:45:56.854558+00:00,2731,-6.240104349999994,106.79819525,complex_corridor,FRC1,17,21,353,285,1.0,False,-6.254711568502923,106.79717434728451,1628.1638385691926,False,
2026-08-07T04:45:57.142383+00:00,2979,-6.239918790000258,106.79844824999957,complex_corridor,FRC2,11,13,3,3,1.0,False,-6.239928542802509,106.79846583092547,2.2254395550977346,True,
2026-08-07T04:45:57.430954+00:00,3134,-6.2892448600025785,106.77855074999796,complex_corridor,FRC1,17,21,15,12,1.0,False,-6.289262432333267,106.778499467014,5.995427904385316,True,
2026-08-07T04:45:57.719799+00:00,3164,-6.239840140000258,106.79869149999956,complex_corridor,FRC2,24,24,145,145,1.0,False,-6.23981997364873,106.79856239045006,14.446370748590217,True,
2026-08-07T04:45:58.005243+00:00,3940,-6.242815700000143,106.84290446666662,complex_corridor,FRC2,21,21,19,19,1.0,False,-6.242610768682978,106.84288187111798,22.923789898286447,True,
2026-08-07T04:45:58.291000+00:00,3995,-6.2428431,106.8426503,complex_corridor,FRC2,23,32,12,8,0.97,False,-6.24270333943449,106.84230519617961,41.19038604817657,True,
2026-08-07T04:45:58.577682+00:00,4135,-6.242451300001405,106.84346441666648,complex_corridor,FRC3,21,27,19,15,1.0,False,-6.24264159782794,106.84303341592732,52.128779444682614,True,
2026-08-07T04:45:58.864678+00:00,4174,-6.242622250001264,106.84418269999986,complex_corridor,FRC3,21,21,14,14,1.0,False,-6.242365385288672,106.84405667866673,31.777844988721665,True,
2026-08-07T04:45:59.152359+00:00,4307,-6.237238257899974,106.8272395210502,complex_corridor,FRC2,21,21,6,6,1.0,False,-6.237236971031365,106.82743234718856,21.314848279038795,True,
2026-08-07T04:45:59.438305+00:00,4312,-6.237042057899963,106.8269344210502,complex_corridor,FRC2,23,23,6,6,1.0,False,-6.237208807900389,106.82690797532604,18.770772040768108,True,
2026-08-07T04:45:59.728046+00:00,4383,-6.255330045001537,106.84307333999776,complex_corridor,FRC4,25,25,7,7,1.0,False,-6.255170245392188,106.84296367849294,21.509477825194235,True,
2026-08-07T04:46:00.016913+00:00,4421,-6.237577607899957,106.82686737105018,complex_corridor,FRC3,18,18,27,27,1.0,False,-6.237416698431964,106.82692406858013,18.95817050701808,True,
2026-08-07T04:46:00.307426+00:00,5234,-6.255677025000373,106.8431710999986,complex_corridor,FRC4,23,23,6,6,1.0,False,-6.25559934329838,106.84329627241084,16.310649749926508,True,
2026-08-07T04:46:00.596769+00:00,5259,-6.255508725000373,106.84360214999862,complex_corridor,FRC4,25,30,344,287,0.994816,False,-6.255457199448482,106.84295563186589,71.6908067558573,True,
2026-08-07T04:46:00.892945+00:00,5296,-6.242909649999996,106.84406470000002,complex_corridor,FRC2,35,35,40,40,1.0,False,-6.24287098327402,106.84404058541264,5.0587612651154314,True,
2026-08-07T05:01:02.333904+00:00,703,-6.235444892859697,106.75583232857385,complex_corridor,FRC2,28,28,6,6,1.0,False,-6.235637002833079,106.75573958241279,23.694334982762854,True,
2026-08-07T05:01:02.601232+00:00,821,-6.288795825000754,106.77763638750048,complex_corridor,FRC1,31,31,35,35,1.0,False,-6.288676397337788,106.77774978959411,18.260596237349766,True,
2026-08-07T05:01:02.868982+00:00,1336,-6.235382350000007,106.7560557,complex_corridor,FRC2,27,27,9,9,1.0,False,-6.235851643158244,106.75634307944131,61.09133400248038,True,
2026-08-07T05:01:03.135907+00:00,2187,-6.234661449999994,106.7555585,complex_corridor,FRC2,39,39,18,18,1.0,False,-6.235295044618109,106.75596622907466,83.63486690954973,True,
2026-08-07T05:01:03.401496+00:00,2188,-6.233655599999991,106.75488135,complex_corridor,FRC2,30,30,32,32,1.0,False,-6.233742064909034,106.75495503627582,12.600808704103487,True,
2026-08-07T05:01:03.670545+00:00,2298,-6.288583799999989,106.77784095,complex_corridor,FRC1,28,40,500,350,1.0,False,-6.288634823320289,106.77780477487897,6.94084144102375,True,
2026-08-07T05:01:03.934838+00:00,2322,-6.2884621,106.7781152,complex_corridor,FRC1,26,26,53,53,1.0,False,-6.288455113550981,106.77822722279888,12.405765015820144,True,
2026-08-07T05:01:04.199156+00:00,2459,-6.23996075,106.79819865,complex_corridor,FRC3,18,28,631,405,1.0,False,-6.239927209643448,106.79835988366938,18.208192291717626,True,
2026-08-07T05:01:04.466910+00:00,2660,-6.288887410002579,106.77817204999796,complex_corridor,FRC1,9,15,49,29,1.0,False,-6.289080056713849,106.77821112954479,21.852459789678804,True,
2026-08-07T05:01:04.732092+00:00,2731,-6.240104349999994,106.79819525,complex_corridor,FRC1,18,22,333,272,1.0,False,-6.254711568502923,106.79717434728451,1628.1638385691926,False,
2026-08-07T05:01:04.998854+00:00,2979,-6.239918790000258,106.79844824999957,complex_corridor,FRC2,12,15,3,2,1.0,False,-6.239928542802509,106.79846583092547,2.2254395550977346,True,
2026-08-07T05:01:05.269117+00:00,3134,-6.2892448600025785,106.77855074999796,complex_corridor,FRC1,12,22,21,11,1.0,False,-6.289262432333267,106.778499467014,5.995427904385316,True,
2026-08-07T05:01:05.543582+00:00,3164,-6.239840140000258,106.79869149999956,complex_corridor,FRC2,24,24,145,145,1.0,False,-6.23981997364873,106.79856239045006,14.446370748590217,True,
2026-08-07T05:01:05.807104+00:00,3940,-6.242815700000143,106.84290446666662,complex_corridor,FRC2,17,21,23,19,1.0,False,-6.242610768682978,106.84288187111798,22.923789898286447,True,
2026-08-07T05:01:06.073814+00:00,3995,-6.2428431,106.8426503,complex_corridor,FRC2,32,32,8,8,1.0,False,-6.24270333943449,106.84230519617961,41.19038604817657,True,
2026-08-07T05:01:06.343254+00:00,4135,-6.242451300001405,106.84346441666648,complex_corridor,FRC3,27,27,15,15,1.0,False,-6.24264159782794,106.84303341592732,52.128779444682614,True,
2026-08-07T05:01:06.624418+00:00,4174,-6.242622250001264,106.84418269999986,complex_corridor,FRC3,21,21,14,14,1.0,False,-6.242365385288672,106.84405667866673,31.777844988721665,True,
2026-08-07T05:01:06.904847+00:00,4307,-6.237238257899974,106.8272395210502,complex_corridor,FRC2,15,21,8,6,1.0,False,-6.237236971031365,106.82743234718856,21.314848279038795,True,
2026-08-07T05:01:07.175971+00:00,4312,-6.237042057899963,106.8269344210502,complex_corridor,FRC2,17,22,8,6,1.0,False,-6.237208807900389,106.82690797532604,18.770772040768108,True,
2026-08-07T05:01:07.449332+00:00,4383,-6.255330045001537,106.84307333999776,complex_corridor,FRC4,25,25,7,7,1.0,False,-6.255170245392188,106.84296367849294,21.509477825194235,True,
2026-08-07T05:01:07.729557+00:00,4421,-6.237577607899957,106.82686737105018,complex_corridor,FRC3,9,18,54,27,1.0,False,-6.237416698431964,106.82692406858013,18.95817050701808,True,
2026-08-07T05:01:07.992821+00:00,5234,-6.255677025000373,106.8431710999986,complex_corridor,FRC4,23,23,6,6,1.0,False,-6.25559934329838,106.84329627241084,16.310649749926508,True,
2026-08-07T05:01:08.264240+00:00,5259,-6.255508725000373,106.84360214999862,complex_corridor,FRC4,27,29,319,297,0.994449,False,-6.255457199448482,106.84295563186589,71.6908067558573,True,
2026-08-07T05:01:08.527585+00:00,5296,-6.242909649999996,106.84406470000002,complex_corridor,FRC2,35,35,40,40,1.0,False,-6.24287098327402,106.84404058541264,5.0587612651154314,True,
2026-08-07T05:15:53.205422+00:00,703,-6.235444892859697,106.75583232857385,complex_corridor,FRC2,28,28,6,6,1.0,False,-6.235637002833079,106.75573958241279,23.694334982762854,True,
2026-08-07T05:15:53.495532+00:00,821,-6.288795825000754,106.77763638750048,complex_corridor,FRC1,31,31,35,35,1.0,False,-6.288676397337788,106.77774978959411,18.260596237349766,True,
2026-08-07T05:15:53.779452+00:00,1336,-6.235382350000007,106.7560557,complex_corridor,FRC2,27,27,9,9,1.0,False,-6.235851643158244,106.75634307944131,61.09133400248038,True,
2026-08-07T05:15:54.066960+00:00,2187,-6.234661449999994,106.7555585,complex_corridor,FRC2,39,39,18,18,1.0,False,-6.235295044618109,106.75596622907466,83.63486690954973,True,
2026-08-07T05:15:54.349975+00:00,2188,-6.233655599999991,106.75488135,complex_corridor,FRC2,30,30,32,32,1.0,False,-6.233742064909034,106.75495503627582,12.600808704103487,True,
2026-08-07T05:15:54.638100+00:00,2298,-6.288583799999989,106.77784095,complex_corridor,FRC1,31,41,451,341,1.0,False,-6.288634823320289,106.77780477487897,6.94084144102375,True,
2026-08-07T05:15:54.926253+00:00,2322,-6.2884621,106.7781152,complex_corridor,FRC1,26,26,53,53,1.0,False,-6.288455113550981,106.77822722279888,12.405765015820144,True,
2026-08-07T05:15:55.212395+00:00,2459,-6.23996075,106.79819865,complex_corridor,FRC3,23,27,493,420,1.0,False,-6.239927209643448,106.79835988366938,18.208192291717626,True,
2026-08-07T05:15:55.496779+00:00,2660,-6.288887410002579,106.77817204999796,complex_corridor,FRC1,9,14,49,31,1.0,False,-6.289080056713849,106.77821112954479,21.852459789678804,True,
2026-08-07T05:15:55.781303+00:00,2731,-6.240104349999994,106.79819525,complex_corridor,FRC1,17,21,353,285,1.0,False,-6.254711568502923,106.79717434728451,1628.1638385691926,False,
2026-08-07T05:15:56.063776+00:00,2979,-6.239918790000258,106.79844824999957,complex_corridor,FRC2,15,15,2,2,1.0,False,-6.239928542802509,106.79846583092547,2.2254395550977346,True,
2026-08-07T05:15:56.347994+00:00,3134,-6.2892448600025785,106.77855074999796,complex_corridor,FRC1,12,22,21,11,1.0,False,-6.289262432333267,106.778499467014,5.995427904385316,True,
2026-08-07T05:15:56.633991+00:00,3164,-6.239840140000258,106.79869149999956,complex_corridor,FRC2,24,24,145,145,1.0,False,-6.23981997364873,106.79856239045006,14.446370748590217,True,
2026-08-07T05:15:56.919151+00:00,3940,-6.242815700000143,106.84290446666662,complex_corridor,FRC2,21,21,19,19,1.0,False,-6.242610768682978,106.84288187111798,22.923789898286447,True,
2026-08-07T05:15:57.204977+00:00,3995,-6.2428431,106.8426503,complex_corridor,FRC2,14,30,19,9,0.94,False,-6.24270333943449,106.84230519617961,41.19038604817657,True,
2026-08-07T05:15:57.487146+00:00,4135,-6.242451300001405,106.84346441666648,complex_corridor,FRC3,27,27,15,15,1.0,False,-6.24264159782794,106.84303341592732,52.128779444682614,True,
2026-08-07T05:15:57.770266+00:00,4174,-6.242622250001264,106.84418269999986,complex_corridor,FRC3,21,21,14,14,1.0,False,-6.242365385288672,106.84405667866673,31.777844988721665,True,
2026-08-07T05:15:58.059695+00:00,4307,-6.237238257899974,106.8272395210502,complex_corridor,FRC2,16,21,8,6,1.0,False,-6.237236971031365,106.82743234718856,21.314848279038795,True,
2026-08-07T05:15:58.344069+00:00,4312,-6.237042057899963,106.8269344210502,complex_corridor,FRC2,23,23,6,6,1.0,False,-6.237208807900389,106.82690797532604,18.770772040768108,True,
2026-08-07T05:15:58.629599+00:00,4383,-6.255330045001537,106.84307333999776,complex_corridor,FRC4,25,25,7,7,1.0,False,-6.255170245392188,106.84296367849294,21.509477825194235,True,
2026-08-07T05:15:58.912380+00:00,4421,-6.237577607899957,106.82686737105018,complex_corridor,FRC3,18,18,27,27,1.0,False,-6.237416698431964,106.82692406858013,18.95817050701808,True,
2026-08-07T05:15:59.201220+00:00,5234,-6.255677025000373,106.8431710999986,complex_corridor,FRC4,23,23,6,6,1.0,False,-6.25559934329838,106.84329627241084,16.310649749926508,True,
2026-08-07T05:15:59.484273+00:00,5259,-6.255508725000373,106.84360214999862,complex_corridor,FRC4,30,30,287,287,1.0,False,-6.255457199448482,106.84295563186589,71.6908067558573,True,
2026-08-07T05:15:59.804997+00:00,5296,-6.242909649999996,106.84406470000002,complex_corridor,FRC2,35,35,40,40,1.0,False,-6.24287098327402,106.84404058541264,5.0587612651154314,True,
2026-08-07T05:31:01.233742+00:00,703,-6.235444892859697,106.75583232857385,complex_corridor,FRC2,28,28,6,6,1.0,False,-6.235637002833079,106.75573958241279,23.694334982762854,True,
2026-08-07T05:31:01.520605+00:00,821,-6.288795825000754,106.77763638750048,complex_corridor,FRC1,31,31,35,35,1.0,False,-6.288676397337788,106.77774978959411,18.260596237349766,True,
2026-08-07T05:31:01.784488+00:00,1336,-6.235382350000007,106.7560557,complex_corridor,FRC2,27,27,9,9,1.0,False,-6.235851643158244,106.75634307944131,61.09133400248038,True,
2026-08-07T05:31:02.051488+00:00,2187,-6.234661449999994,106.7555585,complex_corridor,FRC2,39,39,18,18,1.0,False,-6.235295044618109,106.75596622907466,83.63486690954973,True,
2026-08-07T05:31:02.320082+00:00,2188,-6.233655599999991,106.75488135,complex_corridor,FRC2,30,30,32,32,1.0,False,-6.233742064909034,106.75495503627582,12.600808704103487,True,
2026-08-07T05:31:02.594216+00:00,2298,-6.288583799999989,106.77784095,complex_corridor,FRC1,41,41,341,341,1.0,False,-6.288634823320289,106.77780477487897,6.94084144102375,True,
2026-08-07T05:31:02.858343+00:00,2322,-6.2884621,106.7781152,complex_corridor,FRC1,26,26,53,53,1.0,False,-6.288455113550981,106.77822722279888,12.405765015820144,True,
2026-08-07T05:31:03.127139+00:00,2459,-6.23996075,106.79819865,complex_corridor,FRC3,20,28,568,405,1.0,False,-6.239927209643448,106.79835988366938,18.208192291717626,True,
2026-08-07T05:31:03.388780+00:00,2660,-6.288887410002579,106.77817204999796,complex_corridor,FRC1,15,15,29,29,1.0,False,-6.289080056713849,106.77821112954479,21.852459789678804,True,
2026-08-07T05:31:03.652660+00:00,2731,-6.240104349999994,106.79819525,complex_corridor,FRC1,16,20,375,300,1.0,False,-6.254711568502923,106.79717434728451,1628.1638385691926,False,
2026-08-07T05:31:03.929805+00:00,2979,-6.239918790000258,106.79844824999957,complex_corridor,FRC2,15,15,2,2,1.0,False,-6.239928542802509,106.79846583092547,2.2254395550977346,True,
2026-08-07T05:31:04.196212+00:00,3134,-6.2892448600025785,106.77855074999796,complex_corridor,FRC1,16,22,16,11,1.0,False,-6.289262432333267,106.778499467014,5.995427904385316,True,
2026-08-07T05:31:04.464797+00:00,3164,-6.239840140000258,106.79869149999956,complex_corridor,FRC2,24,24,145,145,1.0,False,-6.23981997364873,106.79856239045006,14.446370748590217,True,
2026-08-07T05:31:04.736852+00:00,3940,-6.242815700000143,106.84290446666662,complex_corridor,FRC2,21,21,19,19,1.0,False,-6.242610768682978,106.84288187111798,22.923789898286447,True,
2026-08-07T05:31:05.006441+00:00,3995,-6.2428431,106.8426503,complex_corridor,FRC2,32,32,8,8,1.0,False,-6.24270333943449,106.84230519617961,41.19038604817657,True,
2026-08-07T05:31:05.277856+00:00,4135,-6.242451300001405,106.84346441666648,complex_corridor,FRC3,27,27,15,15,1.0,False,-6.24264159782794,106.84303341592732,52.128779444682614,True,
2026-08-07T05:31:05.545244+00:00,4174,-6.242622250001264,106.84418269999986,complex_corridor,FRC3,21,21,14,14,1.0,False,-6.242365385288672,106.84405667866673,31.777844988721665,True,
2026-08-07T05:31:05.809927+00:00,4307,-6.237238257899974,106.8272395210502,complex_corridor,FRC2,21,21,6,6,1.0,False,-6.237236971031365,106.82743234718856,21.314848279038795,True,
2026-08-07T05:31:06.073930+00:00,4312,-6.237042057899963,106.8269344210502,complex_corridor,FRC2,23,23,6,6,1.0,False,-6.237208807900389,106.82690797532604,18.770772040768108,True,
2026-08-07T05:31:06.338922+00:00,4383,-6.255330045001537,106.84307333999776,complex_corridor,FRC4,25,25,7,7,1.0,False,-6.255170245392188,106.84296367849294,21.509477825194235,True,
2026-08-07T05:31:06.601925+00:00,4421,-6.237577607899957,106.82686737105018,complex_corridor,FRC3,18,18,27,27,1.0,False,-6.237416698431964,106.82692406858013,18.95817050701808,True,
2026-08-07T05:31:06.891996+00:00,5234,-6.255677025000373,106.8431710999986,complex_corridor,FRC4,23,23,6,6,1.0,False,-6.25559934329838,106.84329627241084,16.310649749926508,True,
2026-08-07T05:31:07.160492+00:00,5259,-6.255508725000373,106.84360214999862,complex_corridor,FRC4,24,29,359,297,0.996299,False,-6.255457199448482,106.84295563186589,71.6908067558573,True,
2026-08-07T05:31:07.427072+00:00,5296,-6.242909649999996,106.84406470000002,complex_corridor,FRC2,35,35,40,40,1.0,False,-6.24287098327402,106.84404058541264,5.0587612651154314,True,
2026-08-07T05:45:49.019334+00:00,703,-6.235444892859697,106.75583232857385,complex_corridor,FRC2,28,28,6,6,1,False,-6.235637002833079,106.75573958241279,23.694334982762854,True,
2026-08-07T05:45:49.308397+00:00,821,-6.288795825000754,106.77763638750048,complex_corridor,FRC1,31,31,35,35,1,False,-6.288676397337788,106.77774978959411,18.260596237349766,True,
2026-08-07T05:45:49.574198+00:00,1336,-6.235382350000007,106.7560557,complex_corridor,FRC2,27,27,9,9,1,False,-6.235851643158244,106.75634307944131,61.09133400248038,True,
2026-08-07T05:45:49.840994+00:00,2187,-6.234661449999994,106.7555585,complex_corridor,FRC2,39,39,18,18,1,False,-6.235295044618109,106.75596622907466,83.63486690954973,True,
2026-08-07T05:45:50.105805+00:00,2188,-6.233655599999991,106.75488135,complex_corridor,FRC2,30,30,32,32,1,False,-6.233742064909034,106.75495503627582,12.600808704103487,True,
2026-08-07T05:45:50.371440+00:00,2298,-6.288583799999989,106.77784095,complex_corridor,FRC1,41,41,341,341,1,False,-6.288634823320289,106.77780477487897,6.94084144102375,True,
2026-08-07T05:45:50.634454+00:00,2322,-6.2884621,106.7781152,complex_corridor,FRC1,26,26,53,53,1,False,-6.288455113550981,106.77822722279888,12.405765015820144,True,
2026-08-07T05:45:50.910458+00:00,2459,-6.23996075,106.79819865,complex_corridor,FRC3,23,29,493,391,1,False,-6.239927209643448,106.79835988366938,18.208192291717626,True,
2026-08-07T05:45:51.172729+00:00,2660,-6.288887410002579,106.77817204999796,complex_corridor,FRC1,15,15,29,29,1,False,-6.289080056713849,106.77821112954479,21.852459789678804,True,
2026-08-07T05:45:51.436922+00:00,2731,-6.240104349999994,106.79819525,complex_corridor,FRC1,21,21,285,285,1,False,-6.254711568502923,106.79717434728451,1628.1638385691926,False,
2026-08-07T05:45:51.702752+00:00,2979,-6.239918790000258,106.79844824999957,complex_corridor,FRC2,15,15,2,2,1,False,-6.239928542802509,106.79846583092547,2.2254395550977346,True,
2026-08-07T05:45:51.965791+00:00,3134,-6.2892448600025785,106.77855074999796,complex_corridor,FRC1,22,22,11,11,1,False,-6.289262432333267,106.778499467014,5.995427904385316,True,
2026-08-07T05:45:52.233114+00:00,3164,-6.239840140000258,106.79869149999956,complex_corridor,FRC2,24,24,145,145,1,False,-6.23981997364873,106.79856239045006,14.446370748590217,True,
2026-08-07T05:45:52.497361+00:00,3940,-6.242815700000143,106.84290446666662,complex_corridor,FRC2,21,21,19,19,1,False,-6.242610768682978,106.84288187111798,22.923789898286447,True,
2026-08-07T05:45:52.758940+00:00,3995,-6.2428431,106.8426503,complex_corridor,FRC2,32,32,8,8,1,False,-6.24270333943449,106.84230519617961,41.19038604817657,True,
2026-08-07T05:45:53.024740+00:00,4135,-6.242451300001405,106.84346441666648,complex_corridor,FRC3,27,27,15,15,1,False,-6.24264159782794,106.84303341592732,52.128779444682614,True,
2026-08-07T05:45:53.287784+00:00,4174,-6.242622250001264,106.84418269999986,complex_corridor,FRC3,21,21,14,14,1,False,-6.242365385288672,106.84405667866673,31.777844988721665,True,
2026-08-07T05:45:53.552126+00:00,4307,-6.237238257899974,106.8272395210502,complex_corridor,FRC2,21,21,6,6,1,False,-6.237236971031365,106.82743234718856,21.314848279038795,True,
2026-08-07T05:45:53.816913+00:00,4312,-6.237042057899963,106.8269344210502,complex_corridor,FRC2,17,23,8,6,1,False,-6.237208807900389,106.82690797532604,18.770772040768108,True,
2026-08-07T05:45:54.080593+00:00,4383,-6.255330045001537,106.84307333999776,complex_corridor,FRC4,25,25,7,7,1,False,-6.255170245392188,106.84296367849294,21.509477825194235,True,
2026-08-07T05:45:54.345274+00:00,4421,-6.237577607899957,106.82686737105018,complex_corridor,FRC3,18,18,27,27,1,False,-6.237416698431964,106.82692406858013,18.95817050701808,True,
2026-08-07T05:45:54.609317+00:00,5234,-6.255677025000373,106.8431710999986,complex_corridor,FRC4,23,23,6,6,1,False,-6.25559934329838,106.84329627241084,16.310649749926508,True,
2026-08-07T05:45:54.873076+00:00,5259,-6.255508725000373,106.84360214999862,complex_corridor,FRC4,30,30,287,287,1,False,-6.255457199448482,106.84295563186589,71.6908067558573,True,
2026-08-07T05:45:55.148662+00:00,5296,-6.242909649999996,106.84406470000002,complex_corridor,FRC2,25,34,56,41,1,False,-6.24287098327402,106.84404058541264,5.0587612651154314,True,
2026-08-07T06:01:01.067449+00:00,703,-6.235444892859697,106.75583232857385,complex_corridor,FRC2,28,28,6,6,1.0,False,-6.235637002833079,106.75573958241279,23.694334982762854,True,
2026-08-07T06:01:01.378938+00:00,821,-6.288795825000754,106.77763638750048,complex_corridor,FRC1,31,31,35,35,1.0,False,-6.288676397337788,106.77774978959411,18.260596237349766,True,
2026-08-07T06:01:01.650193+00:00,1336,-6.235382350000007,106.7560557,complex_corridor,FRC2,27,27,9,9,1.0,False,-6.235851643158244,106.75634307944131,61.09133400248038,True,
2026-08-07T06:01:01.957850+00:00,2187,-6.234661449999994,106.7555585,complex_corridor,FRC2,39,39,18,18,1.0,False,-6.235295044618109,106.75596622907466,83.63486690954973,True,
2026-08-07T06:01:02.228586+00:00,2188,-6.233655599999991,106.75488135,complex_corridor,FRC2,30,30,32,32,1.0,False,-6.233742064909034,106.75495503627582,12.600808704103487,True,
2026-08-07T06:01:02.500455+00:00,2298,-6.288583799999989,106.77784095,complex_corridor,FRC1,32,41,437,341,1.0,False,-6.288634823320289,106.77780477487897,6.94084144102375,True,
2026-08-07T06:01:02.772543+00:00,2322,-6.2884621,106.7781152,complex_corridor,FRC1,26,26,53,53,1.0,False,-6.288455113550981,106.77822722279888,12.405765015820144,True,
2026-08-07T06:01:03.047948+00:00,2459,-6.23996075,106.79819865,complex_corridor,FRC3,20,29,568,391,1.0,False,-6.239927209643448,106.79835988366938,18.208192291717626,True,
2026-08-07T06:01:03.321369+00:00,2660,-6.288887410002579,106.77817204999796,complex_corridor,FRC1,10,14,44,31,1.0,False,-6.289080056713849,106.77821112954479,21.852459789678804,True,
2026-08-07T06:01:03.593770+00:00,2731,-6.240104349999994,106.79819525,complex_corridor,FRC1,17,21,353,285,1.0,False,-6.254711568502923,106.79717434728451,1628.1638385691926,False,
2026-08-07T06:01:03.869181+00:00,2979,-6.239918790000258,106.79844824999957,complex_corridor,FRC2,12,15,3,2,1.0,False,-6.239928542802509,106.79846583092547,2.2254395550977346,True,
2026-08-07T06:01:04.139275+00:00,3134,-6.2892448600025785,106.77855074999796,complex_corridor,FRC1,22,22,11,11,1.0,False,-6.289262432333267,106.778499467014,5.995427904385316,True,
2026-08-07T06:01:04.412199+00:00,3164,-6.239840140000258,106.79869149999956,complex_corridor,FRC2,17,24,205,145,1.0,False,-6.23981997364873,106.79856239045006,14.446370748590217,True,
2026-08-07T06:01:04.694757+00:00,3940,-6.242815700000143,106.84290446666662,complex_corridor,FRC2,15,21,26,19,1.0,False,-6.242610768682978,106.84288187111798,22.923789898286447,True,
2026-08-07T06:01:04.965037+00:00,3995,-6.2428431,106.8426503,complex_corridor,FRC2,32,32,8,8,1.0,False,-6.24270333943449,106.84230519617961,41.19038604817657,True,
2026-08-07T06:01:05.236689+00:00,4135,-6.242451300001405,106.84346441666648,complex_corridor,FRC3,27,27,15,15,1.0,False,-6.24264159782794,106.84303341592732,52.128779444682614,True,
2026-08-07T06:01:05.507497+00:00,4174,-6.242622250001264,106.84418269999986,complex_corridor,FRC3,21,21,14,14,1.0,False,-6.242365385288672,106.84405667866673,31.777844988721665,True,
2026-08-07T06:01:05.776452+00:00,4307,-6.237238257899974,106.8272395210502,complex_corridor,FRC2,15,20,8,6,0.99,False,-6.237236971031365,106.82743234718856,21.314848279038795,True,
2026-08-07T06:01:06.047685+00:00,4312,-6.237042057899963,106.8269344210502,complex_corridor,FRC2,23,23,6,6,1.0,False,-6.237208807900389,106.82690797532604,18.770772040768108,True,
2026-08-07T06:01:06.328747+00:00,4383,-6.255330045001537,106.84307333999776,complex_corridor,FRC4,25,25,7,7,1.0,False,-6.255170245392188,106.84296367849294,21.509477825194235,True,
2026-08-07T06:01:06.601510+00:00,4421,-6.237577607899957,106.82686737105018,complex_corridor,FRC3,18,18,27,27,1.0,False,-6.237416698431964,106.82692406858013,18.95817050701808,True,
2026-08-07T06:01:06.883064+00:00,5234,-6.255677025000373,106.8431710999986,complex_corridor,FRC4,23,23,6,6,1.0,False,-6.25559934329838,106.84329627241084,16.310649749926508,True,
2026-08-07T06:01:07.152469+00:00,5259,-6.255508725000373,106.84360214999862,complex_corridor,FRC4,30,30,287,287,1.0,False,-6.255457199448482,106.84295563186589,71.6908067558573,True,
2026-08-07T06:01:07.423470+00:00,5296,-6.242909649999996,106.84406470000002,complex_corridor,FRC2,24,35,59,40,1.0,False,-6.24287098327402,106.84404058541264,5.0587612651154314,True,
2026-08-07T06:15:48.206152+00:00,703,-6.235444892859697,106.75583232857385,complex_corridor,FRC2,28,28,6,6,1.0,False,-6.235637002833079,106.75573958241279,23.694334982762854,True,
2026-08-07T06:15:48.498216+00:00,821,-6.288795825000754,106.77763638750048,complex_corridor,FRC1,31,31,35,35,1.0,False,-6.288676397337788,106.77774978959411,18.260596237349766,True,
2026-08-07T06:15:48.786330+00:00,1336,-6.235382350000007,106.7560557,complex_corridor,FRC2,27,27,9,9,1.0,False,-6.235851643158244,106.75634307944131,61.09133400248038,True,
2026-08-07T06:15:49.077605+00:00,2187,-6.234661449999994,106.7555585,complex_corridor,FRC2,39,39,18,18,1.0,False,-6.235295044618109,106.75596622907466,83.63486690954973,True,
2026-08-07T06:15:49.372604+00:00,2188,-6.233655599999991,106.75488135,complex_corridor,FRC2,30,30,32,32,1.0,False,-6.233742064909034,106.75495503627582,12.600808704103487,True,
2026-08-07T06:15:49.686703+00:00,2298,-6.288583799999989,106.77784095,complex_corridor,FRC1,30,40,466,350,1.0,False,-6.288634823320289,106.77780477487897,6.94084144102375,True,
2026-08-07T06:15:49.976059+00:00,2322,-6.2884621,106.7781152,complex_corridor,FRC1,26,26,53,53,1.0,False,-6.288455113550981,106.77822722279888,12.405765015820144,True,
2026-08-07T06:15:50.275145+00:00,2459,-6.23996075,106.79819865,complex_corridor,FRC3,18,28,631,405,1.0,False,-6.239927209643448,106.79835988366938,18.208192291717626,True,
2026-08-07T06:15:50.572626+00:00,2660,-6.288887410002579,106.77817204999796,complex_corridor,FRC1,8,15,55,29,1.0,False,-6.289080056713849,106.77821112954479,21.852459789678804,True,
2026-08-07T06:15:50.858357+00:00,2731,-6.240104349999994,106.79819525,complex_corridor,FRC1,18,22,333,272,1.0,False,-6.254711568502923,106.79717434728451,1628.1638385691926,False,
2026-08-07T06:15:51.149880+00:00,2979,-6.239918790000258,106.79844824999957,complex_corridor,FRC2,11,15,3,2,1.0,False,-6.239928542802509,106.79846583092547,2.2254395550977346,True,
2026-08-07T06:15:51.436586+00:00,3134,-6.2892448600025785,106.77855074999796,complex_corridor,FRC1,17,21,15,12,1.0,False,-6.289262432333267,106.778499467014,5.995427904385316,True,
2026-08-07T06:15:51.723956+00:00,3164,-6.239840140000258,106.79869149999956,complex_corridor,FRC2,20,24,174,145,1.0,False,-6.23981997364873,106.79856239045006,14.446370748590217,True,
2026-08-07T06:15:52.013719+00:00,3940,-6.242815700000143,106.84290446666662,complex_corridor,FRC2,21,21,19,19,1.0,False,-6.242610768682978,106.84288187111798,22.923789898286447,True,
2026-08-07T06:15:52.301013+00:00,3995,-6.2428431,106.8426503,complex_corridor,FRC2,32,32,8,8,1.0,False,-6.24270333943449,106.84230519617961,41.19038604817657,True,
2026-08-07T06:15:52.590300+00:00,4135,-6.242451300001405,106.84346441666648,complex_corridor,FRC3,20,27,20,15,1.0,False,-6.24264159782794,106.84303341592732,52.128779444682614,True,
2026-08-07T06:15:52.877649+00:00,4174,-6.242622250001264,106.84418269999986,complex_corridor,FRC3,21,21,14,14,1.0,False,-6.242365385288672,106.84405667866673,31.777844988721665,True,
2026-08-07T06:15:53.166366+00:00,4307,-6.237238257899974,106.8272395210502,complex_corridor,FRC2,21,21,6,6,1.0,False,-6.237236971031365,106.82743234718856,21.314848279038795,True,
2026-08-07T06:15:53.450445+00:00,4312,-6.237042057899963,106.8269344210502,complex_corridor,FRC2,23,23,6,6,1.0,False,-6.237208807900389,106.82690797532604,18.770772040768108,True,
2026-08-07T06:15:53.733893+00:00,4383,-6.255330045001537,106.84307333999776,complex_corridor,FRC4,25,25,7,7,1.0,False,-6.255170245392188,106.84296367849294,21.509477825194235,True,
2026-08-07T06:15:54.020141+00:00,4421,-6.237577607899957,106.82686737105018,complex_corridor,FRC3,18,18,27,27,1.0,False,-6.237416698431964,106.82692406858013,18.95817050701808,True,
2026-08-07T06:15:54.306723+00:00,5234,-6.255677025000373,106.8431710999986,complex_corridor,FRC4,18,22,7,6,1.0,False,-6.25559934329838,106.84329627241084,16.310649749926508,True,
2026-08-07T06:15:54.595362+00:00,5259,-6.255508725000373,106.84360214999862,complex_corridor,FRC4,26,30,331,287,0.997256,False,-6.255457199448482,106.84295563186589,71.6908067558573,True,
2026-08-07T06:15:54.886793+00:00,5296,-6.242909649999996,106.84406470000002,complex_corridor,FRC2,24,34,59,41,1.0,False,-6.24287098327402,106.84404058541264,5.0587612651154314,True,
2026-08-07T06:30:52.742565+00:00,703,-6.235444892859697,106.75583232857385,complex_corridor,FRC2,28,28,6,6,1.0,False,-6.235637002833079,106.75573958241279,23.694334982762854,True,
2026-08-07T06:30:53.013554+00:00,821,-6.288795825000754,106.77763638750048,complex_corridor,FRC1,31,31,35,35,1.0,False,-6.288676397337788,106.77774978959411,18.260596237349766,True,
2026-08-07T06:30:53.290633+00:00,1336,-6.235382350000007,106.7560557,complex_corridor,FRC2,19,26,14,10,0.98,False,-6.235851643158244,106.75634307944131,61.09133400248038,True,
2026-08-07T06:30:53.561158+00:00,2187,-6.234661449999994,106.7555585,complex_corridor,FRC2,39,39,18,18,1.0,False,-6.235295044618109,106.75596622907466,83.63486690954973,True,
2026-08-07T06:30:53.832284+00:00,2188,-6.233655599999991,106.75488135,complex_corridor,FRC2,30,30,32,32,1.0,False,-6.233742064909034,106.75495503627582,12.600808704103487,True,
2026-08-07T06:30:54.104111+00:00,2298,-6.288583799999989,106.77784095,complex_corridor,FRC1,29,40,482,350,1.0,False,-6.288634823320289,106.77780477487897,6.94084144102375,True,
2026-08-07T06:30:54.382649+00:00,2322,-6.2884621,106.7781152,complex_corridor,FRC1,18,26,77,53,1.0,False,-6.288455113550981,106.77822722279888,12.405765015820144,True,
2026-08-07T06:30:54.655851+00:00,2459,-6.23996075,106.79819865,complex_corridor,FRC3,17,27,668,420,1.0,False,-6.239927209643448,106.79835988366938,18.208192291717626,True,
2026-08-07T06:30:54.927775+00:00,2660,-6.288887410002579,106.77817204999796,complex_corridor,FRC1,15,15,29,29,1.0,False,-6.289080056713849,106.77821112954479,21.852459789678804,True,
2026-08-07T06:30:55.204627+00:00,2731,-6.240104349999994,106.79819525,complex_corridor,FRC1,16,21,375,285,1.0,False,-6.254711568502923,106.79717434728451,1628.1638385691926,False,
2026-08-07T06:30:55.471003+00:00,2979,-6.239918790000258,106.79844824999957,complex_corridor,FRC2,15,15,2,2,1.0,False,-6.239928542802509,106.79846583092547,2.2254395550977346,True,
2026-08-07T06:30:55.743017+00:00,3134,-6.2892448600025785,106.77855074999796,complex_corridor,FRC1,11,21,23,12,1.0,False,-6.289262432333267,106.778499467014,5.995427904385316,True,
2026-08-07T06:30:56.020967+00:00,3164,-6.239840140000258,106.79869149999956,complex_corridor,FRC2,20,24,174,145,1.0,False,-6.23981997364873,106.79856239045006,14.446370748590217,True,
2026-08-07T06:30:56.296787+00:00,3940,-6.242815700000143,106.84290446666662,complex_corridor,FRC2,21,21,19,19,1.0,False,-6.242610768682978,106.84288187111798,22.923789898286447,True,
2026-08-07T06:30:56.563226+00:00,3995,-6.2428431,106.8426503,complex_corridor,FRC2,22,30,12,9,0.94,False,-6.24270333943449,106.84230519617961,41.19038604817657,True,
2026-08-07T06:30:56.832529+00:00,4135,-6.242451300001405,106.84346441666648,complex_corridor,FRC3,27,27,15,15,1.0,False,-6.24264159782794,106.84303341592732,52.128779444682614,True,
2026-08-07T06:30:57.102042+00:00,4174,-6.242622250001264,106.84418269999986,complex_corridor,FRC3,21,21,14,14,1.0,False,-6.242365385288672,106.84405667866673,31.777844988721665,True,
2026-08-07T06:30:57.368611+00:00,4307,-6.237238257899974,106.8272395210502,complex_corridor,FRC2,21,21,6,6,1.0,False,-6.237236971031365,106.82743234718856,21.314848279038795,True,
2026-08-07T06:30:57.640225+00:00,4312,-6.237042057899963,106.8269344210502,complex_corridor,FRC2,23,23,6,6,1.0,False,-6.237208807900389,106.82690797532604,18.770772040768108,True,
2026-08-07T06:30:57.910804+00:00,4383,-6.255330045001537,106.84307333999776,complex_corridor,FRC4,25,25,7,7,1.0,False,-6.255170245392188,106.84296367849294,21.509477825194235,True,
2026-08-07T06:30:58.183485+00:00,4421,-6.237577607899957,106.82686737105018,complex_corridor,FRC3,14,17,35,28,1.0,False,-6.237416698431964,106.82692406858013,18.95817050701808,True,
2026-08-07T06:30:58.453736+00:00,5234,-6.255677025000373,106.8431710999986,complex_corridor,FRC4,15,23,9,6,1.0,False,-6.25559934329838,106.84329627241084,16.310649749926508,True,
2026-08-07T06:30:58.726882+00:00,5259,-6.255508725000373,106.84360214999862,complex_corridor,FRC4,23,30,374,287,0.997256,False,-6.255457199448482,106.84295563186589,71.6908067558573,True,
2026-08-07T06:30:58.995741+00:00,5296,-6.242909649999996,106.84406470000002,complex_corridor,FRC2,26,34,54,41,1.0,False,-6.24287098327402,106.84404058541264,5.0587612651154314,True,
2026-08-07T06:45:50.334273+00:00,703,-6.235444892859697,106.75583232857385,complex_corridor,FRC2,28,28,6,6,1.0,False,-6.235637002833079,106.75573958241279,23.694334982762854,True,
2026-08-07T06:45:50.618951+00:00,821,-6.288795825000754,106.77763638750048,complex_corridor,FRC1,31,31,35,35,1.0,False,-6.288676397337788,106.77774978959411,18.260596237349766,True,
2026-08-07T06:45:50.946155+00:00,1336,-6.235382350000007,106.7560557,complex_corridor,FRC2,27,27,9,9,1.0,False,-6.235851643158244,106.75634307944131,61.09133400248038,True,
2026-08-07T06:45:51.237970+00:00,2187,-6.234661449999994,106.7555585,complex_corridor,FRC2,39,39,18,18,1.0,False,-6.235295044618109,106.75596622907466,83.63486690954973,True,
2026-08-07T06:45:51.526577+00:00,2188,-6.233655599999991,106.75488135,complex_corridor,FRC2,30,30,32,32,1.0,False,-6.233742064909034,106.75495503627582,12.600808704103487,True,
2026-08-07T06:45:51.818840+00:00,2298,-6.288583799999989,106.77784095,complex_corridor,FRC1,26,40,538,350,1.0,False,-6.288634823320289,106.77780477487897,6.94084144102375,True,
2026-08-07T06:45:52.105193+00:00,2322,-6.2884621,106.7781152,complex_corridor,FRC1,26,26,53,53,1.0,False,-6.288455113550981,106.77822722279888,12.405765015820144,True,
2026-08-07T06:45:52.416556+00:00,2459,-6.23996075,106.79819865,complex_corridor,FRC3,19,27,597,420,1.0,False,-6.239927209643448,106.79835988366938,18.208192291717626,True,
2026-08-07T06:45:52.703007+00:00,2660,-6.288887410002579,106.77817204999796,complex_corridor,FRC1,18,20,24,22,1.0,False,-6.289080056713849,106.77821112954479,21.852459789678804,True,
2026-08-07T06:45:52.991457+00:00,2731,-6.240104349999994,106.79819525,complex_corridor,FRC1,13,21,461,285,1.0,False,-6.254711568502923,106.79717434728451,1628.1638385691926,False,
2026-08-07T06:45:53.281932+00:00,2979,-6.239918790000258,106.79844824999957,complex_corridor,FRC2,15,15,2,2,1.0,False,-6.239928542802509,106.79846583092547,2.2254395550977346,True,
2026-08-07T06:45:53.580898+00:00,3134,-6.2892448600025785,106.77855074999796,complex_corridor,FRC1,9,23,28,11,1.0,False,-6.289262432333267,106.778499467014,5.995427904385316,True,
2026-08-07T06:45:53.878868+00:00,3164,-6.239840140000258,106.79869149999956,complex_corridor,FRC2,24,24,145,145,1.0,False,-6.23981997364873,106.79856239045006,14.446370748590217,True,
2026-08-07T06:45:54.166250+00:00,3940,-6.242815700000143,106.84290446666662,complex_corridor,FRC2,21,21,19,19,1.0,False,-6.242610768682978,106.84288187111798,22.923789898286447,True,
2026-08-07T06:45:54.473612+00:00,3995,-6.2428431,106.8426503,complex_corridor,FRC2,32,32,8,8,1.0,False,-6.24270333943449,106.84230519617961,41.19038604817657,True,
2026-08-07T06:45:54.800199+00:00,4135,-6.242451300001405,106.84346441666648,complex_corridor,FRC3,27,27,15,15,1.0,False,-6.24264159782794,106.84303341592732,52.128779444682614,True,
2026-08-07T06:45:55.090139+00:00,4174,-6.242622250001264,106.84418269999986,complex_corridor,FRC3,21,21,14,14,1.0,False,-6.242365385288672,106.84405667866673,31.777844988721665,True,
2026-08-07T06:45:55.382167+00:00,4307,-6.237238257899974,106.8272395210502,complex_corridor,FRC2,13,20,9,6,1.0,False,-6.237236971031365,106.82743234718856,21.314848279038795,True,
2026-08-07T06:45:55.669969+00:00,4312,-6.237042057899963,106.8269344210502,complex_corridor,FRC2,23,23,6,6,1.0,False,-6.237208807900389,106.82690797532604,18.770772040768108,True,
2026-08-07T06:45:55.958780+00:00,4383,-6.255330045001537,106.84307333999776,complex_corridor,FRC4,25,25,7,7,1.0,False,-6.255170245392188,106.84296367849294,21.509477825194235,True,
2026-08-07T06:45:56.275439+00:00,4421,-6.237577607899957,106.82686737105018,complex_corridor,FRC3,13,17,37,28,1.0,False,-6.237416698431964,106.82692406858013,18.95817050701808,True,
2026-08-07T06:45:56.561252+00:00,5234,-6.255677025000373,106.8431710999986,complex_corridor,FRC4,23,23,6,6,1.0,False,-6.25559934329838,106.84329627241084,16.310649749926508,True,
2026-08-07T06:45:56.851250+00:00,5259,-6.255508725000373,106.84360214999862,complex_corridor,FRC4,20,29,430,297,0.99911,False,-6.255457199448482,106.84295563186589,71.6908067558573,True,
2026-08-07T06:45:57.152989+00:00,5296,-6.242909649999996,106.84406470000002,complex_corridor,FRC2,16,34,88,41,1.0,False,-6.24287098327402,106.84404058541264,5.0587612651154314,True,
2026-08-07T07:01:01.804774+00:00,703,-6.235444892859697,106.75583232857385,complex_corridor,FRC2,28,28,6,6,1.0,False,-6.235637002833079,106.75573958241279,23.694334982762854,True,
2026-08-07T07:01:02.096798+00:00,821,-6.288795825000754,106.77763638750048,complex_corridor,FRC1,31,31,35,35,1.0,False,-6.288676397337788,106.77774978959411,18.260596237349766,True,
2026-08-07T07:01:02.389415+00:00,1336,-6.235382350000007,106.7560557,complex_corridor,FRC2,27,27,9,9,1.0,False,-6.235851643158244,106.75634307944131,61.09133400248038,True,
2026-08-07T07:01:02.670615+00:00,2187,-6.234661449999994,106.7555585,complex_corridor,FRC2,39,39,18,18,1.0,False,-6.235295044618109,106.75596622907466,83.63486690954973,True,
2026-08-07T07:01:02.944143+00:00,2188,-6.233655599999991,106.75488135,complex_corridor,FRC2,30,30,32,32,1.0,False,-6.233742064909034,106.75495503627582,12.600808704103487,True,
2026-08-07T07:01:03.213871+00:00,2298,-6.288583799999989,106.77784095,complex_corridor,FRC1,26,41,538,341,1.0,False,-6.288634823320289,106.77780477487897,6.94084144102375,True,
2026-08-07T07:01:03.516454+00:00,2322,-6.2884621,106.7781152,complex_corridor,FRC1,19,25,73,56,1.0,False,-6.288455113550981,106.77822722279888,12.405765015820144,True,
2026-08-07T07:01:03.800718+00:00,2459,-6.23996075,106.79819865,complex_corridor,FRC3,15,29,757,391,1.0,False,-6.239927209643448,106.79835988366938,18.208192291717626,True,
2026-08-07T07:01:04.081703+00:00,2660,-6.288887410002579,106.77817204999796,complex_corridor,FRC1,14,17,31,26,1.0,False,-6.289080056713849,106.77821112954479,21.852459789678804,True,
2026-08-07T07:01:04.350508+00:00,2731,-6.240104349999994,106.79819525,complex_corridor,FRC1,21,21,285,285,1.0,False,-6.254711568502923,106.79717434728451,1628.1638385691926,False,
2026-08-07T07:01:04.614131+00:00,2979,-6.239918790000258,106.79844824999957,complex_corridor,FRC2,10,15,4,2,1.0,False,-6.239928542802509,106.79846583092547,2.2254395550977346,True,
2026-08-07T07:01:04.914874+00:00,3134,-6.2892448600025785,106.77855074999796,complex_corridor,FRC1,22,22,11,11,1.0,False,-6.289262432333267,106.778499467014,5.995427904385316,True,
2026-08-07T07:01:05.216490+00:00,3164,-6.239840140000258,106.79869149999956,complex_corridor,FRC2,24,24,145,145,1.0,False,-6.23981997364873,106.79856239045006,14.446370748590217,True,
2026-08-07T07:01:05.482958+00:00,3940,-6.242815700000143,106.84290446666662,complex_corridor,FRC2,21,21,19,19,1.0,False,-6.242610768682978,106.84288187111798,22.923789898286447,True,
2026-08-07T07:01:05.751498+00:00,3995,-6.2428431,106.8426503,complex_corridor,FRC2,32,32,8,8,1.0,False,-6.24270333943449,106.84230519617961,41.19038604817657,True,
2026-08-07T07:01:06.025913+00:00,4135,-6.242451300001405,106.84346441666648,complex_corridor,FRC3,27,27,15,15,1.0,False,-6.24264159782794,106.84303341592732,52.128779444682614,True,
2026-08-07T07:01:06.381507+00:00,4174,-6.242622250001264,106.84418269999986,complex_corridor,FRC3,21,21,14,14,1.0,False,-6.242365385288672,106.84405667866673,31.777844988721665,True,
2026-08-07T07:01:06.652938+00:00,4307,-6.237238257899974,106.8272395210502,complex_corridor,FRC2,14,20,9,6,0.99,False,-6.237236971031365,106.82743234718856,21.314848279038795,True,
2026-08-07T07:01:06.925957+00:00,4312,-6.237042057899963,106.8269344210502,complex_corridor,FRC2,23,23,6,6,1.0,False,-6.237208807900389,106.82690797532604,18.770772040768108,True,
2026-08-07T07:01:07.191793+00:00,4383,-6.255330045001537,106.84307333999776,complex_corridor,FRC4,25,25,7,7,1.0,False,-6.255170245392188,106.84296367849294,21.509477825194235,True,
2026-08-07T07:01:07.475962+00:00,4421,-6.237577607899957,106.82686737105018,complex_corridor,FRC3,10,18,49,27,1.0,False,-6.237416698431964,106.82692406858013,18.95817050701808,True,
2026-08-07T07:01:07.743167+00:00,5234,-6.255677025000373,106.8431710999986,complex_corridor,FRC4,11,22,12,6,1.0,False,-6.25559934329838,106.84329627241084,16.310649749926508,True,
2026-08-07T07:01:08.034498+00:00,5259,-6.255508725000373,106.84360214999862,complex_corridor,FRC4,21,30,410,287,0.995894,False,-6.255457199448482,106.84295563186589,71.6908067558573,True,
2026-08-07T07:01:08.303526+00:00,5296,-6.242909649999996,106.84406470000002,complex_corridor,FRC2,20,35,71,40,1.0,False,-6.24287098327402,106.84404058541264,5.0587612651154314,True,
2026-08-07T07:15:53.232746+00:00,703,-6.235444892859697,106.75583232857385,complex_corridor,FRC2,28,28,6,6,1.0,False,-6.235637002833079,106.75573958241279,23.694334982762854,True,
2026-08-07T07:15:53.534557+00:00,821,-6.288795825000754,106.77763638750048,complex_corridor,FRC1,31,31,35,35,1.0,False,-6.288676397337788,106.77774978959411,18.260596237349766,True,
2026-08-07T07:15:53.815933+00:00,1336,-6.235382350000007,106.7560557,complex_corridor,FRC2,20,26,13,10,0.99,False,-6.235851643158244,106.75634307944131,61.09133400248038,True,
2026-08-07T07:15:54.097872+00:00,2187,-6.234661449999994,106.7555585,complex_corridor,FRC2,39,39,18,18,1.0,False,-6.235295044618109,106.75596622907466,83.63486690954973,True,
2026-08-07T07:15:54.379311+00:00,2188,-6.233655599999991,106.75488135,complex_corridor,FRC2,30,30,32,32,1.0,False,-6.233742064909034,106.75495503627582,12.600808704103487,True,
2026-08-07T07:15:54.661724+00:00,2298,-6.288583799999989,106.77784095,complex_corridor,FRC1,25,41,560,341,1.0,False,-6.288634823320289,106.77780477487897,6.94084144102375,True,
2026-08-07T07:15:54.957575+00:00,2322,-6.2884621,106.7781152,complex_corridor,FRC1,14,26,100,53,1.0,False,-6.288455113550981,106.77822722279888,12.405765015820144,True,
2026-08-07T07:15:55.239258+00:00,2459,-6.23996075,106.79819865,complex_corridor,FRC3,17,27,668,420,1.0,False,-6.239927209643448,106.79835988366938,18.208192291717626,True,
2026-08-07T07:15:55.521197+00:00,2660,-6.288887410002579,106.77817204999796,complex_corridor,FRC1,11,14,40,31,1.0,False,-6.289080056713849,106.77821112954479,21.852459789678804,True,
2026-08-07T07:15:55.802275+00:00,2731,-6.240104349999994,106.79819525,complex_corridor,FRC1,13,21,461,285,1.0,False,-6.254711568502923,106.79717434728451,1628.1638385691926,False,
2026-08-07T07:15:56.108329+00:00,2979,-6.239918790000258,106.79844824999957,complex_corridor,FRC2,12,15,3,2,1.0,False,-6.239928542802509,106.79846583092547,2.2254395550977346,True,
2026-08-07T07:15:56.398822+00:00,3134,-6.2892448600025785,106.77855074999796,complex_corridor,FRC1,8,21,32,12,1.0,False,-6.289262432333267,106.778499467014,5.995427904385316,True,
2026-08-07T07:15:56.679459+00:00,3164,-6.239840140000258,106.79869149999956,complex_corridor,FRC2,18,23,193,151,1.0,False,-6.23981997364873,106.79856239045006,14.446370748590217,True,
2026-08-07T07:15:56.960008+00:00,3940,-6.242815700000143,106.84290446666662,complex_corridor,FRC2,21,21,19,19,1.0,False,-6.242610768682978,106.84288187111798,22.923789898286447,True,
2026-08-07T07:15:57.255685+00:00,3995,-6.2428431,106.8426503,complex_corridor,FRC2,32,32,8,8,1.0,False,-6.24270333943449,106.84230519617961,41.19038604817657,True,
2026-08-07T07:15:57.534831+00:00,4135,-6.242451300001405,106.84346441666648,complex_corridor,FRC3,27,27,15,15,1.0,False,-6.24264159782794,106.84303341592732,52.128779444682614,True,
2026-08-07T07:15:57.824077+00:00,4174,-6.242622250001264,106.84418269999986,complex_corridor,FRC3,21,21,14,14,1.0,False,-6.242365385288672,106.84405667866673,31.777844988721665,True,
2026-08-07T07:15:58.106084+00:00,4307,-6.237238257899974,106.8272395210502,complex_corridor,FRC2,14,21,9,6,1.0,False,-6.237236971031365,106.82743234718856,21.314848279038795,True,
2026-08-07T07:15:58.385837+00:00,4312,-6.237042057899963,106.8269344210502,complex_corridor,FRC2,17,22,8,6,1.0,False,-6.237208807900389,106.82690797532604,18.770772040768108,True,
2026-08-07T07:15:58.672299+00:00,4383,-6.255330045001537,106.84307333999776,complex_corridor,FRC4,25,25,7,7,1.0,False,-6.255170245392188,106.84296367849294,21.509477825194235,True,
2026-08-07T07:15:58.960775+00:00,4421,-6.237577607899957,106.82686737105018,complex_corridor,FRC3,10,18,49,27,1.0,False,-6.237416698431964,106.82692406858013,18.95817050701808,True,
2026-08-07T07:15:59.245483+00:00,5234,-6.255677025000373,106.8431710999986,complex_corridor,FRC4,18,22,7,6,1.0,False,-6.25559934329838,106.84329627241084,16.310649749926508,True,
2026-08-07T07:15:59.547938+00:00,5259,-6.255508725000373,106.84360214999862,complex_corridor,FRC4,24,30,359,287,0.99637,False,-6.255457199448482,106.84295563186589,71.6908067558573,True,
2026-08-07T07:15:59.827968+00:00,5296,-6.242909649999996,106.84406470000002,complex_corridor,FRC2,25,34,56,41,1.0,False,-6.24287098327402,106.84404058541264,5.0587612651154314,True,
2026-08-07T07:31:05.974717+00:00,703,-6.235444892859697,106.75583232857385,complex_corridor,FRC2,28,28,6,6,1.0,False,-6.235637002833079,106.75573958241279,23.694334982762854,True,
2026-08-07T07:31:06.259839+00:00,821,-6.288795825000754,106.77763638750048,complex_corridor,FRC1,31,31,35,35,1.0,False,-6.288676397337788,106.77774978959411,18.260596237349766,True,
2026-08-07T07:31:06.550788+00:00,1336,-6.235382350000007,106.7560557,complex_corridor,FRC2,27,27,9,9,1.0,False,-6.235851643158244,106.75634307944131,61.09133400248038,True,
2026-08-07T07:31:06.841863+00:00,2187,-6.234661449999994,106.7555585,complex_corridor,FRC2,39,39,18,18,1.0,False,-6.235295044618109,106.75596622907466,83.63486690954973,True,
2026-08-07T07:31:07.139774+00:00,2188,-6.233655599999991,106.75488135,complex_corridor,FRC2,30,30,32,32,1.0,False,-6.233742064909034,106.75495503627582,12.600808704103487,True,
2026-08-07T07:31:07.465960+00:00,2298,-6.288583799999989,106.77784095,complex_corridor,FRC1,24,40,583,350,1.0,False,-6.288634823320289,106.77780477487897,6.94084144102375,True,
2026-08-07T07:31:07.752677+00:00,2322,-6.2884621,106.7781152,complex_corridor,FRC1,21,26,66,53,1.0,False,-6.288455113550981,106.77822722279888,12.405765015820144,True,
2026-08-07T07:31:08.064785+00:00,2459,-6.23996075,106.79819865,complex_corridor,FRC3,18,28,631,405,1.0,False,-6.239927209643448,106.79835988366938,18.208192291717626,True,
2026-08-07T07:31:08.393244+00:00,2660,-6.288887410002579,106.77817204999796,complex_corridor,FRC1,7,14,63,31,1.0,False,-6.289080056713849,106.77821112954479,21.852459789678804,True,
2026-08-07T07:31:08.690973+00:00,2731,-6.240104349999994,106.79819525,complex_corridor,FRC1,14,20,428,300,1.0,False,-6.254711568502923,106.79717434728451,1628.1638385691926,False,
2026-08-07T07:31:08.975245+00:00,2979,-6.239918790000258,106.79844824999957,complex_corridor,FRC2,15,15,2,2,1.0,False,-6.239928542802509,106.79846583092547,2.2254395550977346,True,
2026-08-07T07:31:09.264516+00:00,3134,-6.2892448600025785,106.77855074999796,complex_corridor,FRC1,10,21,26,12,1.0,False,-6.289262432333267,106.778499467014,5.995427904385316,True,
2026-08-07T07:31:09.556065+00:00,3164,-6.239840140000258,106.79869149999956,complex_corridor,FRC2,24,24,145,145,1.0,False,-6.23981997364873,106.79856239045006,14.446370748590217,True,
2026-08-07T07:31:09.852700+00:00,3940,-6.242815700000143,106.84290446666662,complex_corridor,FRC2,21,21,19,19,1.0,False,-6.242610768682978,106.84288187111798,22.923789898286447,True,
2026-08-07T07:31:10.138092+00:00,3995,-6.2428431,106.8426503,complex_corridor,FRC2,32,32,8,8,1.0,False,-6.24270333943449,106.84230519617961,41.19038604817657,True,
2026-08-07T07:31:10.435932+00:00,4135,-6.242451300001405,106.84346441666648,complex_corridor,FRC3,27,27,15,15,1.0,False,-6.24264159782794,106.84303341592732,52.128779444682614,True,
2026-08-07T07:31:10.721730+00:00,4174,-6.242622250001264,106.84418269999986,complex_corridor,FRC3,16,20,18,14,0.99,False,-6.242365385288672,106.84405667866673,31.777844988721665,True,
2026-08-07T07:31:11.008640+00:00,4307,-6.237238257899974,106.8272395210502,complex_corridor,FRC2,21,21,6,6,1.0,False,-6.237236971031365,106.82743234718856,21.314848279038795,True,
2026-08-07T07:31:11.348528+00:00,4312,-6.237042057899963,106.8269344210502,complex_corridor,FRC2,18,22,8,6,1.0,False,-6.237208807900389,106.82690797532604,18.770772040768108,True,
2026-08-07T07:31:11.641847+00:00,4383,-6.255330045001537,106.84307333999776,complex_corridor,FRC4,18,25,10,7,1.0,False,-6.255170245392188,106.84296367849294,21.509477825194235,True,
2026-08-07T07:31:11.926802+00:00,4421,-6.237577607899957,106.82686737105018,complex_corridor,FRC3,13,18,37,27,1.0,False,-6.237416698431964,106.82692406858013,18.95817050701808,True,
2026-08-07T07:31:12.215764+00:00,5234,-6.255677025000373,106.8431710999986,complex_corridor,FRC4,13,23,10,6,1.0,False,-6.25559934329838,106.84329627241084,16.310649749926508,True,
2026-08-07T07:31:12.504090+00:00,5259,-6.255508725000373,106.84360214999862,complex_corridor,FRC4,21,29,410,297,0.996967,False,-6.255457199448482,106.84295563186589,71.6908067558573,True,
2026-08-07T07:31:12.793236+00:00,5296,-6.242909649999996,106.84406470000002,complex_corridor,FRC2,35,35,40,40,1.0,False,-6.24287098327402,106.84404058541264,5.0587612651154314,True,
2026-08-07T07:45:48.402266+00:00,703,-6.235444892859697,106.75583232857385,complex_corridor,FRC2,28,28,6,6,1.0,False,-6.235637002833079,106.75573958241279,23.694334982762854,True,
2026-08-07T07:45:48.673445+00:00,821,-6.288795825000754,106.77763638750048,complex_corridor,FRC1,31,31,35,35,1.0,False,-6.288676397337788,106.77774978959411,18.260596237349766,True,
2026-08-07T07:45:48.954830+00:00,1336,-6.235382350000007,106.7560557,complex_corridor,FRC2,27,27,9,9,1.0,False,-6.235851643158244,106.75634307944131,61.09133400248038,True,
2026-08-07T07:45:49.230556+00:00,2187,-6.234661449999994,106.7555585,complex_corridor,FRC2,39,39,18,18,1.0,False,-6.235295044618109,106.75596622907466,83.63486690954973,True,
2026-08-07T07:45:49.499168+00:00,2188,-6.233655599999991,106.75488135,complex_corridor,FRC2,30,30,32,32,1.0,False,-6.233742064909034,106.75495503627582,12.600808704103487,True,
2026-08-07T07:45:49.791917+00:00,2298,-6.288583799999989,106.77784095,complex_corridor,FRC1,25,41,560,341,1.0,False,-6.288634823320289,106.77780477487897,6.94084144102375,True,
2026-08-07T07:45:50.061260+00:00,2322,-6.2884621,106.7781152,complex_corridor,FRC1,26,26,53,53,1.0,False,-6.288455113550981,106.77822722279888,12.405765015820144,True,
2026-08-07T07:45:50.334768+00:00,2459,-6.23996075,106.79819865,complex_corridor,FRC3,18,27,631,420,1.0,False,-6.239927209643448,106.79835988366938,18.208192291717626,True,
2026-08-07T07:45:50.605120+00:00,2660,-6.288887410002579,106.77817204999796,complex_corridor,FRC1,8,14,55,31,1.0,False,-6.289080056713849,106.77821112954479,21.852459789678804,True,
2026-08-07T07:45:50.873027+00:00,2731,-6.240104349999994,106.79819525,complex_corridor,FRC1,15,21,400,285,1.0,False,-6.254711568502923,106.79717434728451,1628.1638385691926,False,
2026-08-07T07:45:51.144645+00:00,2979,-6.239918790000258,106.79844824999957,complex_corridor,FRC2,8,15,5,2,1.0,False,-6.239928542802509,106.79846583092547,2.2254395550977346,True,
2026-08-07T07:45:51.410897+00:00,3134,-6.2892448600025785,106.77855074999796,complex_corridor,FRC1,13,22,20,11,1.0,False,-6.289262432333267,106.778499467014,5.995427904385316,True,
2026-08-07T07:45:51.677442+00:00,3164,-6.239840140000258,106.79869149999956,complex_corridor,FRC2,16,24,217,145,1.0,False,-6.23981997364873,106.79856239045006,14.446370748590217,True,
2026-08-07T07:45:51.947645+00:00,3940,-6.242815700000143,106.84290446666662,complex_corridor,FRC2,21,21,19,19,1.0,False,-6.242610768682978,106.84288187111798,22.923789898286447,True,
2026-08-07T07:45:52.215509+00:00,3995,-6.2428431,106.8426503,complex_corridor,FRC2,32,32,8,8,1.0,False,-6.24270333943449,106.84230519617961,41.19038604817657,True,
2026-08-07T07:45:52.483576+00:00,4135,-6.242451300001405,106.84346441666648,complex_corridor,FRC3,27,27,15,15,1.0,False,-6.24264159782794,106.84303341592732,52.128779444682614,True,
2026-08-07T07:45:52.751587+00:00,4174,-6.242622250001264,106.84418269999986,complex_corridor,FRC3,21,21,14,14,1.0,False,-6.242365385288672,106.84405667866673,31.777844988721665,True,
2026-08-07T07:45:53.032126+00:00,4307,-6.237238257899974,106.8272395210502,complex_corridor,FRC2,5,22,25,5,1.0,False,-6.237236971031365,106.82743234718856,21.314848279038795,True,
2026-08-07T07:45:53.300870+00:00,4312,-6.237042057899963,106.8269344210502,complex_corridor,FRC2,23,23,6,6,1.0,False,-6.237208807900389,106.82690797532604,18.770772040768108,True,
2026-08-07T07:45:53.570087+00:00,4383,-6.255330045001537,106.84307333999776,complex_corridor,FRC4,25,25,7,7,1.0,False,-6.255170245392188,106.84296367849294,21.509477825194235,True,
2026-08-07T07:45:53.840442+00:00,4421,-6.237577607899957,106.82686737105018,complex_corridor,FRC3,10,18,49,27,1.0,False,-6.237416698431964,106.82692406858013,18.95817050701808,True,
2026-08-07T07:45:54.113802+00:00,5234,-6.255677025000373,106.8431710999986,complex_corridor,FRC4,23,23,6,6,1.0,False,-6.25559934329838,106.84329627241084,16.310649749926508,True,
2026-08-07T07:45:54.383379+00:00,5259,-6.255508725000373,106.84360214999862,complex_corridor,FRC4,23,29,374,297,0.99815,False,-6.255457199448482,106.84295563186589,71.6908067558573,True,
2026-08-07T07:45:54.653976+00:00,5296,-6.242909649999996,106.84406470000002,complex_corridor,FRC2,21,34,67,41,1.0,False,-6.24287098327402,106.84404058541264,5.0587612651154314,True,
2026-08-07T08:00:59.934384+00:00,703,-6.235444892859697,106.75583232857385,complex_corridor,FRC2,28,28,6,6,1.0,False,-6.235637002833079,106.75573958241279,23.694334982762854,True,
2026-08-07T08:01:00.204687+00:00,821,-6.288795825000754,106.77763638750048,complex_corridor,FRC1,31,31,35,35,1.0,False,-6.288676397337788,106.77774978959411,18.260596237349766,True,
2026-08-07T08:01:00.480536+00:00,1336,-6.235382350000007,106.7560557,complex_corridor,FRC2,27,27,9,9,1.0,False,-6.235851643158244,106.75634307944131,61.09133400248038,True,
2026-08-07T08:01:00.750445+00:00,2187,-6.234661449999994,106.7555585,complex_corridor,FRC2,39,39,18,18,1.0,False,-6.235295044618109,106.75596622907466,83.63486690954973,True,
2026-08-07T08:01:01.022709+00:00,2188,-6.233655599999991,106.75488135,complex_corridor,FRC2,30,30,32,32,1.0,False,-6.233742064909034,106.75495503627582,12.600808704103487,True,
2026-08-07T08:01:01.300875+00:00,2298,-6.288583799999989,106.77784095,complex_corridor,FRC1,26,41,538,341,1.0,False,-6.288634823320289,106.77780477487897,6.94084144102375,True,
2026-08-07T08:01:01.570562+00:00,2322,-6.2884621,106.7781152,complex_corridor,FRC1,26,26,53,53,1.0,False,-6.288455113550981,106.77822722279888,12.405765015820144,True,
2026-08-07T08:01:01.857876+00:00,2459,-6.23996075,106.79819865,complex_corridor,FRC3,14,28,811,405,1.0,False,-6.239927209643448,106.79835988366938,18.208192291717626,True,
2026-08-07T08:01:02.139664+00:00,2660,-6.288887410002579,106.77817204999796,complex_corridor,FRC1,6,16,74,27,1.0,False,-6.289080056713849,106.77821112954479,21.852459789678804,True,
2026-08-07T08:01:02.416010+00:00,2731,-6.240104349999994,106.79819525,complex_corridor,FRC1,14,21,428,285,1.0,False,-6.254711568502923,106.79717434728451,1628.1638385691926,False,
2026-08-07T08:01:02.689919+00:00,2979,-6.239918790000258,106.79844824999957,complex_corridor,FRC2,8,15,5,2,1.0,False,-6.239928542802509,106.79846583092547,2.2254395550977346,True,
2026-08-07T08:01:02.962658+00:00,3134,-6.2892448600025785,106.77855074999796,complex_corridor,FRC1,12,22,21,11,1.0,False,-6.289262432333267,106.778499467014,5.995427904385316,True,
2026-08-07T08:01:03.234256+00:00,3164,-6.239840140000258,106.79869149999956,complex_corridor,FRC2,24,24,145,145,1.0,False,-6.23981997364873,106.79856239045006,14.446370748590217,True,
2026-08-07T08:01:03.503177+00:00,3940,-6.242815700000143,106.84290446666662,complex_corridor,FRC2,21,21,19,19,1.0,False,-6.242610768682978,106.84288187111798,22.923789898286447,True,
2026-08-07T08:01:03.781365+00:00,3995,-6.2428431,106.8426503,complex_corridor,FRC2,32,32,8,8,1.0,False,-6.24270333943449,106.84230519617961,41.19038604817657,True,
2026-08-07T08:01:04.056528+00:00,4135,-6.242451300001405,106.84346441666648,complex_corridor,FRC3,27,27,15,15,1.0,False,-6.24264159782794,106.84303341592732,52.128779444682614,True,
2026-08-07T08:01:04.355012+00:00,4174,-6.242622250001264,106.84418269999986,complex_corridor,FRC3,21,21,14,14,1.0,False,-6.242365385288672,106.84405667866673,31.777844988721665,True,
2026-08-07T08:01:04.623991+00:00,4307,-6.237238257899974,106.8272395210502,complex_corridor,FRC2,21,21,6,6,1.0,False,-6.237236971031365,106.82743234718856,21.314848279038795,True,
2026-08-07T08:01:04.910582+00:00,4312,-6.237042057899963,106.8269344210502,complex_corridor,FRC2,23,23,6,6,1.0,False,-6.237208807900389,106.82690797532604,18.770772040768108,True,
2026-08-07T08:01:05.177633+00:00,4383,-6.255330045001537,106.84307333999776,complex_corridor,FRC4,25,25,7,7,1.0,False,-6.255170245392188,106.84296367849294,21.509477825194235,True,
2026-08-07T08:01:05.451016+00:00,4421,-6.237577607899957,106.82686737105018,complex_corridor,FRC3,10,17,49,28,1.0,False,-6.237416698431964,106.82692406858013,18.95817050701808,True,
2026-08-07T08:01:05.722983+00:00,5234,-6.255677025000373,106.8431710999986,complex_corridor,FRC4,15,23,9,6,1.0,False,-6.25559934329838,106.84329627241084,16.310649749926508,True,
2026-08-07T08:01:05.989184+00:00,5259,-6.255508725000373,106.84360214999862,complex_corridor,FRC4,22,30,391,287,0.99726,False,-6.255457199448482,106.84295563186589,71.6908067558573,True,
2026-08-07T08:01:06.266200+00:00,5296,-6.242909649999996,106.84406470000002,complex_corridor,FRC2,18,35,79,40,1.0,False,-6.24287098327402,106.84404058541264,5.0587612651154314,True,
2026-08-07T08:15:53.442434+00:00,703,-6.235444892859697,106.75583232857385,complex_corridor,FRC2,28,28,6,6,1.0,False,-6.235637002833079,106.75573958241279,23.694334982762854,True,
2026-08-07T08:15:53.732098+00:00,821,-6.288795825000754,106.77763638750048,complex_corridor,FRC1,31,31,35,35,1.0,False,-6.288676397337788,106.77774978959411,18.260596237349766,True,
2026-08-07T08:15:54.031823+00:00,1336,-6.235382350000007,106.7560557,complex_corridor,FRC2,27,27,9,9,1.0,False,-6.235851643158244,106.75634307944131,61.09133400248038,True,
2026-08-07T08:15:54.321805+00:00,2187,-6.234661449999994,106.7555585,complex_corridor,FRC2,39,39,18,18,1.0,False,-6.235295044618109,106.75596622907466,83.63486690954973,True,
2026-08-07T08:15:54.629988+00:00,2188,-6.233655599999991,106.75488135,complex_corridor,FRC2,30,30,32,32,1.0,False,-6.233742064909034,106.75495503627582,12.600808704103487,True,
2026-08-07T08:15:54.925812+00:00,2298,-6.288583799999989,106.77784095,complex_corridor,FRC1,25,40,560,350,1.0,False,-6.288634823320289,106.77780477487897,6.94084144102375,True,
2026-08-07T08:15:55.220747+00:00,2322,-6.2884621,106.7781152,complex_corridor,FRC1,26,26,53,53,1.0,False,-6.288455113550981,106.77822722279888,12.405765015820144,True,
2026-08-07T08:15:55.511604+00:00,2459,-6.23996075,106.79819865,complex_corridor,FRC3,14,28,811,405,1.0,False,-6.239927209643448,106.79835988366938,18.208192291717626,True,
2026-08-07T08:15:55.834426+00:00,2660,-6.288887410002579,106.77817204999796,complex_corridor,FRC1,15,15,29,29,1.0,False,-6.289080056713849,106.77821112954479,21.852459789678804,True,
2026-08-07T08:15:56.130103+00:00,2731,-6.240104349999994,106.79819525,complex_corridor,FRC1,14,21,428,285,1.0,False,-6.254711568502923,106.79717434728451,1628.1638385691926,False,
2026-08-07T08:15:56.422141+00:00,2979,-6.239918790000258,106.79844824999957,complex_corridor,FRC2,8,13,5,3,1.0,False,-6.239928542802509,106.79846583092547,2.2254395550977346,True,
2026-08-07T08:15:56.715039+00:00,3134,-6.2892448600025785,106.77855074999796,complex_corridor,FRC1,22,22,11,11,1.0,False,-6.289262432333267,106.778499467014,5.995427904385316,True,
2026-08-07T08:15:57.004735+00:00,3164,-6.239840140000258,106.79869149999956,complex_corridor,FRC2,24,24,145,145,1.0,False,-6.23981997364873,106.79856239045006,14.446370748590217,True,
2026-08-07T08:15:57.305905+00:00,3940,-6.242815700000143,106.84290446666662,complex_corridor,FRC2,16,20,25,20,0.99,False,-6.242610768682978,106.84288187111798,22.923789898286447,True,
2026-08-07T08:15:57.617500+00:00,3995,-6.2428431,106.8426503,complex_corridor,FRC2,21,32,13,8,0.95,False,-6.24270333943449,106.84230519617961,41.19038604817657,True,
2026-08-07T08:15:57.913036+00:00,4135,-6.242451300001405,106.84346441666648,complex_corridor,FRC3,27,27,15,15,1.0,False,-6.24264159782794,106.84303341592732,52.128779444682614,True,
2026-08-07T08:15:58.207527+00:00,4174,-6.242622250001264,106.84418269999986,complex_corridor,FRC3,16,20,18,14,0.98,False,-6.242365385288672,106.84405667866673,31.777844988721665,True,
2026-08-07T08:15:58.507925+00:00,4307,-6.237238257899974,106.8272395210502,complex_corridor,FRC2,21,21,6,6,1.0,False,-6.237236971031365,106.82743234718856,21.314848279038795,True,
2026-08-07T08:15:58.828942+00:00,4312,-6.237042057899963,106.8269344210502,complex_corridor,FRC2,23,23,6,6,1.0,False,-6.237208807900389,106.82690797532604,18.770772040768108,True,
2026-08-07T08:15:59.125928+00:00,4383,-6.255330045001537,106.84307333999776,complex_corridor,FRC4,25,25,7,7,1.0,False,-6.255170245392188,106.84296367849294,21.509477825194235,True,
2026-08-07T08:15:59.411266+00:00,4421,-6.237577607899957,106.82686737105018,complex_corridor,FRC3,10,17,49,28,1.0,False,-6.237416698431964,106.82692406858013,18.95817050701808,True,
2026-08-07T08:15:59.710405+00:00,5234,-6.255677025000373,106.8431710999986,complex_corridor,FRC4,23,23,6,6,1.0,False,-6.25559934329838,106.84329627241084,16.310649749926508,True,
2026-08-07T08:15:59.998399+00:00,5259,-6.255508725000373,106.84360214999862,complex_corridor,FRC4,21,29,410,297,0.996583,False,-6.255457199448482,106.84295563186589,71.6908067558573,True,
2026-08-07T08:16:00.299747+00:00,5296,-6.242909649999996,106.84406470000002,complex_corridor,FRC2,22,34,64,41,1.0,False,-6.24287098327402,106.84404058541264,5.0587612651154314,True,
2026-08-07T08:31:00.362657+00:00,703,-6.235444892859697,106.75583232857385,complex_corridor,FRC2,28,28,6,6,1.0,False,-6.235637002833079,106.75573958241279,23.694334982762854,True,
2026-08-07T08:31:00.656631+00:00,821,-6.288795825000754,106.77763638750048,complex_corridor,FRC1,23,31,47,35,1.0,False,-6.288676397337788,106.77774978959411,18.260596237349766,True,
2026-08-07T08:31:00.946614+00:00,1336,-6.235382350000007,106.7560557,complex_corridor,FRC2,27,27,9,9,1.0,False,-6.235851643158244,106.75634307944131,61.09133400248038,True,
2026-08-07T08:31:01.239092+00:00,2187,-6.234661449999994,106.7555585,complex_corridor,FRC2,39,39,18,18,1.0,False,-6.235295044618109,106.75596622907466,83.63486690954973,True,
2026-08-07T08:31:01.536598+00:00,2188,-6.233655599999991,106.75488135,complex_corridor,FRC2,30,30,32,32,1.0,False,-6.233742064909034,106.75495503627582,12.600808704103487,True,
2026-08-07T08:31:01.829030+00:00,2298,-6.288583799999989,106.77784095,complex_corridor,FRC1,25,40,560,350,1.0,False,-6.288634823320289,106.77780477487897,6.94084144102375,True,
2026-08-07T08:31:02.119062+00:00,2322,-6.2884621,106.7781152,complex_corridor,FRC1,26,26,53,53,1.0,False,-6.288455113550981,106.77822722279888,12.405765015820144,True,
2026-08-07T08:31:02.415242+00:00,2459,-6.23996075,106.79819865,complex_corridor,FRC3,17,28,668,405,1.0,False,-6.239927209643448,106.79835988366938,18.208192291717626,True,
2026-08-07T08:31:02.711613+00:00,2660,-6.288887410002579,106.77817204999796,complex_corridor,FRC1,11,14,40,31,1.0,False,-6.289080056713849,106.77821112954479,21.852459789678804,True,
2026-08-07T08:31:02.997724+00:00,2731,-6.240104349999994,106.79819525,complex_corridor,FRC1,15,21,400,285,1.0,False,-6.254711568502923,106.79717434728451,1628.1638385691926,False,
2026-08-07T08:31:03.357426+00:00,2979,-6.239918790000258,106.79844824999957,complex_corridor,FRC2,6,16,7,2,1.0,False,-6.239928542802509,106.79846583092547,2.2254395550977346,True,
2026-08-07T08:31:03.642610+00:00,3134,-6.2892448600025785,106.77855074999796,complex_corridor,FRC1,12,21,21,12,1.0,False,-6.289262432333267,106.778499467014,5.995427904385316,True,
2026-08-07T08:31:03.935056+00:00,3164,-6.239840140000258,106.79869149999956,complex_corridor,FRC2,21,26,165,134,1.0,False,-6.23981997364873,106.79856239045006,14.446370748590217,True,
2026-08-07T08:31:04.222670+00:00,3940,-6.242815700000143,106.84290446666662,complex_corridor,FRC2,14,20,28,20,0.99,False,-6.242610768682978,106.84288187111798,22.923789898286447,True,
2026-08-07T08:31:04.513769+00:00,3995,-6.2428431,106.8426503,complex_corridor,FRC2,32,32,8,8,1.0,False,-6.24270333943449,106.84230519617961,41.19038604817657,True,
2026-08-07T08:31:04.836491+00:00,4135,-6.242451300001405,106.84346441666648,complex_corridor,FRC3,27,27,15,15,1.0,False,-6.24264159782794,106.84303341592732,52.128779444682614,True,
2026-08-07T08:31:05.131643+00:00,4174,-6.242622250001264,106.84418269999986,complex_corridor,FRC3,21,21,14,14,1.0,False,-6.242365385288672,106.84405667866673,31.777844988721665,True,
2026-08-07T08:31:05.421089+00:00,4307,-6.237238257899974,106.8272395210502,complex_corridor,FRC2,21,21,6,6,1.0,False,-6.237236971031365,106.82743234718856,21.314848279038795,True,
2026-08-07T08:31:05.708871+00:00,4312,-6.237042057899963,106.8269344210502,complex_corridor,FRC2,23,23,6,6,1.0,False,-6.237208807900389,106.82690797532604,18.770772040768108,True,
2026-08-07T08:31:05.993628+00:00,4383,-6.255330045001537,106.84307333999776,complex_corridor,FRC4,25,25,7,7,1.0,False,-6.255170245392188,106.84296367849294,21.509477825194235,True,
2026-08-07T08:31:06.298475+00:00,4421,-6.237577607899957,106.82686737105018,complex_corridor,FRC3,7,19,70,25,0.99,False,-6.237416698431964,106.82692406858013,18.95817050701808,True,
2026-08-07T08:31:06.588420+00:00,5234,-6.255677025000373,106.8431710999986,complex_corridor,FRC4,23,23,6,6,1.0,False,-6.25559934329838,106.84329627241084,16.310649749926508,True,
2026-08-07T08:31:06.876461+00:00,5259,-6.255508725000373,106.84360214999862,complex_corridor,FRC4,21,30,410,287,0.994248,False,-6.255457199448482,106.84295563186589,71.6908067558573,True,
2026-08-07T08:31:07.163210+00:00,5296,-6.242909649999996,106.84406470000002,complex_corridor,FRC2,35,35,40,40,1.0,False,-6.24287098327402,106.84404058541264,5.0587612651154314,True,
2026-08-07T08:45:51.298812+00:00,703,-6.235444892859697,106.75583232857385,complex_corridor,FRC2,28,28,6,6,1.0,False,-6.235637002833079,106.75573958241279,23.694334982762854,True,
2026-08-07T08:45:51.570411+00:00,821,-6.288795825000754,106.77763638750048,complex_corridor,FRC1,31,31,35,35,1.0,False,-6.288676397337788,106.77774978959411,18.260596237349766,True,
2026-08-07T08:45:51.836153+00:00,1336,-6.235382350000007,106.7560557,complex_corridor,FRC2,21,26,12,10,0.96,False,-6.235851643158244,106.75634307944131,61.09133400248038,True,
2026-08-07T08:45:52.101751+00:00,2187,-6.234661449999994,106.7555585,complex_corridor,FRC2,39,39,18,18,1.0,False,-6.235295044618109,106.75596622907466,83.63486690954973,True,
2026-08-07T08:45:52.373817+00:00,2188,-6.233655599999991,106.75488135,complex_corridor,FRC2,30,30,32,32,1.0,False,-6.233742064909034,106.75495503627582,12.600808704103487,True,
2026-08-07T08:45:52.636802+00:00,2298,-6.288583799999989,106.77784095,complex_corridor,FRC1,28,40,500,350,1.0,False,-6.288634823320289,106.77780477487897,6.94084144102375,True,
2026-08-07T08:45:52.902847+00:00,2322,-6.2884621,106.7781152,complex_corridor,FRC1,26,26,53,53,1.0,False,-6.288455113550981,106.77822722279888,12.405765015820144,True,
2026-08-07T08:45:53.173213+00:00,2459,-6.23996075,106.79819865,complex_corridor,FRC3,16,27,710,420,1.0,False,-6.239927209643448,106.79835988366938,18.208192291717626,True,
2026-08-07T08:45:53.444219+00:00,2660,-6.288887410002579,106.77817204999796,complex_corridor,FRC1,10,15,44,29,1.0,False,-6.289080056713849,106.77821112954479,21.852459789678804,True,
2026-08-07T08:45:53.711696+00:00,2731,-6.240104349999994,106.79819525,complex_corridor,FRC1,14,20,428,300,1.0,False,-6.254711568502923,106.79717434728451,1628.1638385691926,False,
2026-08-07T08:45:53.984166+00:00,2979,-6.239918790000258,106.79844824999957,complex_corridor,FRC2,11,13,3,3,1.0,False,-6.239928542802509,106.79846583092547,2.2254395550977346,True,
2026-08-07T08:45:54.247244+00:00,3134,-6.2892448600025785,106.77855074999796,complex_corridor,FRC1,22,22,11,11,1.0,False,-6.289262432333267,106.778499467014,5.995427904385316,True,
2026-08-07T08:45:54.514036+00:00,3164,-6.239840140000258,106.79869149999956,complex_corridor,FRC2,20,24,174,145,1.0,False,-6.23981997364873,106.79856239045006,14.446370748590217,True,
2026-08-07T08:45:54.777351+00:00,3940,-6.242815700000143,106.84290446666662,complex_corridor,FRC2,21,21,19,19,1.0,False,-6.242610768682978,106.84288187111798,22.923789898286447,True,
2026-08-07T08:45:55.043886+00:00,3995,-6.2428431,106.8426503,complex_corridor,FRC2,32,32,8,8,1.0,False,-6.24270333943449,106.84230519617961,41.19038604817657,True,
2026-08-07T08:45:55.318671+00:00,4135,-6.242451300001405,106.84346441666648,complex_corridor,FRC3,13,26,32,16,1.0,False,-6.24264159782794,106.84303341592732,52.128779444682614,True,
2026-08-07T08:45:55.581480+00:00,4174,-6.242622250001264,106.84418269999986,complex_corridor,FRC3,21,21,14,14,1.0,False,-6.242365385288672,106.84405667866673,31.777844988721665,True,
2026-08-07T08:45:55.852785+00:00,4307,-6.237238257899974,106.8272395210502,complex_corridor,FRC2,21,21,6,6,1.0,False,-6.237236971031365,106.82743234718856,21.314848279038795,True,
2026-08-07T08:45:56.115803+00:00,4312,-6.237042057899963,106.8269344210502,complex_corridor,FRC2,23,23,6,6,1.0,False,-6.237208807900389,106.82690797532604,18.770772040768108,True,
2026-08-07T08:45:56.383094+00:00,4383,-6.255330045001537,106.84307333999776,complex_corridor,FRC4,25,25,7,7,1.0,False,-6.255170245392188,106.84296367849294,21.509477825194235,True,
2026-08-07T08:45:56.645195+00:00,4421,-6.237577607899957,106.82686737105018,complex_corridor,FRC3,8,18,61,27,0.99,False,-6.237416698431964,106.82692406858013,18.95817050701808,True,
2026-08-07T08:45:56.917905+00:00,5234,-6.255677025000373,106.8431710999986,complex_corridor,FRC4,23,23,6,6,1.0,False,-6.25559934329838,106.84329627241084,16.310649749926508,True,
2026-08-07T08:45:57.194914+00:00,5259,-6.255508725000373,106.84360214999862,complex_corridor,FRC4,30,30,287,287,1.0,False,-6.255457199448482,106.84295563186589,71.6908067558573,True,
2026-08-07T08:45:57.459648+00:00,5296,-6.242909649999996,106.84406470000002,complex_corridor,FRC2,16,34,88,41,1.0,False,-6.24287098327402,106.84404058541264,5.0587612651154314,True,
2026-08-07T09:00:54.795648+00:00,703,-6.235444892859697,106.75583232857385,complex_corridor,FRC2,28,28,6,6,1.0,False,-6.235637002833079,106.75573958241279,23.694334982762854,True,
2026-08-07T09:00:55.102470+00:00,821,-6.288795825000754,106.77763638750048,complex_corridor,FRC1,17,31,64,35,1.0,False,-6.288676397337788,106.77774978959411,18.260596237349766,True,
2026-08-07T09:00:55.404307+00:00,1336,-6.235382350000007,106.7560557,complex_corridor,FRC2,20,27,13,9,0.99,False,-6.235851643158244,106.75634307944131,61.09133400248038,True,
2026-08-07T09:00:55.712354+00:00,2187,-6.234661449999994,106.7555585,complex_corridor,FRC2,39,39,18,18,1.0,False,-6.235295044618109,106.75596622907466,83.63486690954973,True,
2026-08-07T09:00:56.014798+00:00,2188,-6.233655599999991,106.75488135,complex_corridor,FRC2,25,30,38,32,0.98,False,-6.233742064909034,106.75495503627582,12.600808704103487,True,
2026-08-07T09:00:56.333261+00:00,2298,-6.288583799999989,106.77784095,complex_corridor,FRC1,28,41,500,341,1.0,False,-6.288634823320289,106.77780477487897,6.94084144102375,True,
2026-08-07T09:00:56.642737+00:00,2322,-6.2884621,106.7781152,complex_corridor,FRC1,26,26,53,53,1.0,False,-6.288455113550981,106.77822722279888,12.405765015820144,True,
2026-08-07T09:00:56.946381+00:00,2459,-6.23996075,106.79819865,complex_corridor,FRC3,18,27,631,420,1.0,False,-6.239927209643448,106.79835988366938,18.208192291717626,True,
2026-08-07T09:00:57.276444+00:00,2660,-6.288887410002579,106.77817204999796,complex_corridor,FRC1,12,15,37,29,1.0,False,-6.289080056713849,106.77821112954479,21.852459789678804,True,
2026-08-07T09:00:57.581086+00:00,2731,-6.240104349999994,106.79819525,complex_corridor,FRC1,11,21,545,285,1.0,False,-6.254711568502923,106.79717434728451,1628.1638385691926,False,
2026-08-07T09:00:57.888123+00:00,2979,-6.239918790000258,106.79844824999957,complex_corridor,FRC2,9,13,4,3,1.0,False,-6.239928542802509,106.79846583092547,2.2254395550977346,True,
2026-08-07T09:00:58.189046+00:00,3134,-6.2892448600025785,106.77855074999796,complex_corridor,FRC1,22,22,11,11,1.0,False,-6.289262432333267,106.778499467014,5.995427904385316,True,
2026-08-07T09:00:58.488109+00:00,3164,-6.239840140000258,106.79869149999956,complex_corridor,FRC2,24,24,145,145,1.0,False,-6.23981997364873,106.79856239045006,14.446370748590217,True,
2026-08-07T09:00:58.807740+00:00,3940,-6.242815700000143,106.84290446666662,complex_corridor,FRC2,21,21,19,19,1.0,False,-6.242610768682978,106.84288187111798,22.923789898286447,True,
2026-08-07T09:00:59.110298+00:00,3995,-6.2428431,106.8426503,complex_corridor,FRC2,32,32,8,8,1.0,False,-6.24270333943449,106.84230519617961,41.19038604817657,True,
2026-08-07T09:00:59.412529+00:00,4135,-6.242451300001405,106.84346441666648,complex_corridor,FRC3,19,27,22,15,1.0,False,-6.24264159782794,106.84303341592732,52.128779444682614,True,
2026-08-07T09:00:59.716158+00:00,4174,-6.242622250001264,106.84418269999986,complex_corridor,FRC3,21,21,14,14,1.0,False,-6.242365385288672,106.84405667866673,31.777844988721665,True,
2026-08-07T09:01:00.028493+00:00,4307,-6.237238257899974,106.8272395210502,complex_corridor,FRC2,21,21,6,6,1.0,False,-6.237236971031365,106.82743234718856,21.314848279038795,True,
2026-08-07T09:01:00.339000+00:00,4312,-6.237042057899963,106.8269344210502,complex_corridor,FRC2,23,23,6,6,1.0,False,-6.237208807900389,106.82690797532604,18.770772040768108,True,
2026-08-07T09:01:00.643139+00:00,4383,-6.255330045001537,106.84307333999776,complex_corridor,FRC4,25,25,7,7,1.0,False,-6.255170245392188,106.84296367849294,21.509477825194235,True,
2026-08-07T09:01:00.964286+00:00,4421,-6.237577607899957,106.82686737105018,complex_corridor,FRC3,10,17,49,28,1.0,False,-6.237416698431964,106.82692406858013,18.95817050701808,True,
2026-08-07T09:01:01.272076+00:00,5234,-6.255677025000373,106.8431710999986,complex_corridor,FRC4,12,23,11,6,1.0,False,-6.25559934329838,106.84329627241084,16.310649749926508,True,
2026-08-07T09:01:01.597244+00:00,5259,-6.255508725000373,106.84360214999862,complex_corridor,FRC4,24,29,359,297,0.99815,False,-6.255457199448482,106.84295563186589,71.6908067558573,True,
2026-08-07T09:01:01.909594+00:00,5296,-6.242909649999996,106.84406470000002,complex_corridor,FRC2,20,34,71,41,1.0,False,-6.24287098327402,106.84404058541264,5.0587612651154314,True,
