timestamp_utc,edge_id,requested_lat,requested_lon,highway_tag,frc,currentSpeed,freeFlowSpeed,currentTravelTime,freeFlowTravelTime,confidence,roadClosure,matched_lat,matched_lon,match_distance_m,valid_match,error
2026-07-26T08:45:49.977343+00:00,703,-6.235444892859697,106.75583232857385,complex_corridor,FRC2,28,28,6,6,1.0,False,-6.235637002833079,106.75573958241279,23.694334982762854,True,
2026-07-26T08:45:50.247239+00:00,821,-6.288795825000754,106.77763638750048,complex_corridor,FRC1,31,31,35,35,1.0,False,-6.288676397337788,106.77774978959411,18.260596237349766,True,
2026-07-26T08:45:50.516213+00:00,1336,-6.235382350000007,106.7560557,complex_corridor,FRC2,27,27,9,9,1.0,False,-6.235851643158244,106.75634307944131,61.09133400248038,True,
2026-07-26T08:45:50.792546+00:00,2187,-6.234661449999994,106.7555585,complex_corridor,FRC2,39,39,18,18,1.0,False,-6.235295044618109,106.75596622907466,83.63486690954973,True,
2026-07-26T08:45:51.061281+00:00,2188,-6.233655599999991,106.75488135,complex_corridor,FRC2,30,30,32,32,1.0,False,-6.233742064909034,106.75495503627582,12.600808704103487,True,
2026-07-26T08:45:51.332298+00:00,2298,-6.288583799999989,106.77784095,complex_corridor,FRC1,29,41,482,341,1.0,False,-6.288634823320289,106.77780477487897,6.94084144102375,True,
2026-07-26T08:45:51.600852+00:00,2322,-6.2884621,106.7781152,complex_corridor,FRC1,19,25,73,56,1.0,False,-6.288455113550981,106.77822722279888,12.405765015820144,True,
2026-07-26T08:45:51.871652+00:00,2459,-6.23996075,106.79819865,complex_corridor,FRC3,20,27,568,420,1.0,False,-6.239927209643448,106.79835988366938,18.208192291717626,True,
2026-07-26T08:45:52.140784+00:00,2660,-6.288887410002579,106.77817204999796,complex_corridor,FRC1,15,15,29,29,1.0,False,-6.289080056713849,106.77821112954479,21.852459789678804,True,
2026-07-26T08:45:52.409498+00:00,2731,-6.240104349999994,106.79819525,complex_corridor,FRC1,14,21,428,285,1.0,False,-6.254711568502923,106.79717434728451,1628.1638385691926,False,
2026-07-26T08:45:52.678039+00:00,2979,-6.239918790000258,106.79844824999957,complex_corridor,FRC2,15,15,2,2,1.0,False,-6.239928542802509,106.79846583092547,2.2254395550977346,True,
2026-07-26T08:45:52.953837+00:00,3134,-6.2892448600025785,106.77855074999796,complex_corridor,FRC1,22,22,11,11,1.0,False,-6.289262432333267,106.778499467014,5.995427904385316,True,
2026-07-26T08:45:53.221030+00:00,3164,-6.239840140000258,106.79869149999956,complex_corridor,FRC2,24,24,145,145,1.0,False,-6.23981997364873,106.79856239045006,14.446370748590217,True,
2026-07-26T08:45:53.491726+00:00,3940,-6.242815700000143,106.84290446666662,complex_corridor,FRC2,21,21,19,19,1.0,False,-6.242610768682978,106.84288187111798,22.923789898286447,True,
2026-07-26T08:45:53.763401+00:00,3995,-6.2428431,106.8426503,complex_corridor,FRC2,32,32,8,8,1.0,False,-6.24270333943449,106.84230519617961,41.19038604817657,True,
2026-07-26T08:45:54.031490+00:00,4135,-6.242451300001405,106.84346441666648,complex_corridor,FRC3,27,27,15,15,1.0,False,-6.24264159782794,106.84303341592732,52.128779444682614,True,
2026-07-26T08:45:54.300489+00:00,4174,-6.242622250001264,106.84418269999986,complex_corridor,FRC3,21,21,14,14,1.0,False,-6.242365385288672,106.84405667866673,31.777844988721665,True,
2026-07-26T08:45:54.570629+00:00,4307,-6.237238257899974,106.8272395210502,complex_corridor,FRC2,21,21,6,6,1.0,False,-6.237236971031365,106.82743234718856,21.314848279038795,True,
2026-07-26T08:45:54.838033+00:00,4312,-6.237042057899963,106.8269344210502,complex_corridor,FRC2,15,23,9,6,1.0,False,-6.237208807900389,106.82690797532604,18.770772040768108,True,
2026-07-26T08:45:55.106174+00:00,4383,-6.255330045001537,106.84307333999776,complex_corridor,FRC4,25,25,7,7,1.0,False,-6.255170245392188,106.84296367849294,21.509477825194235,True,
2026-07-26T08:45:55.372628+00:00,4421,-6.237577607899957,106.82686737105018,complex_corridor,FRC3,14,17,35,28,0.98,False,-6.237416698431964,106.82692406858013,18.95817050701808,True,
2026-07-26T08:45:55.640444+00:00,5234,-6.255677025000373,106.8431710999986,complex_corridor,FRC4,23,23,6,6,1.0,False,-6.25559934329838,106.84329627241084,16.310649749926508,True,
2026-07-26T08:45:55.912775+00:00,5259,-6.255508725000373,106.84360214999862,complex_corridor,FRC4,30,30,287,287,1.0,False,-6.255457199448482,106.84295563186589,71.6908067558573,True,
2026-07-26T08:45:56.181255+00:00,5296,-6.242909649999996,106.84406470000002,complex_corridor,FRC2,35,35,40,40,1.0,False,-6.24287098327402,106.84404058541264,5.0587612651154314,True,
2026-07-26T09:01:00.095309+00:00,703,-6.235444892859697,106.75583232857385,complex_corridor,FRC2,28,28,6,6,1,False,-6.235637002833079,106.75573958241279,23.694334982762854,True,
2026-07-26T09:01:00.410892+00:00,821,-6.288795825000754,106.77763638750048,complex_corridor,FRC1,31,31,35,35,1,False,-6.288676397337788,106.77774978959411,18.260596237349766,True,
2026-07-26T09:01:00.712353+00:00,1336,-6.235382350000007,106.7560557,complex_corridor,FRC2,27,27,9,9,1,False,-6.235851643158244,106.75634307944131,61.09133400248038,True,
2026-07-26T09:01:01.015968+00:00,2187,-6.234661449999994,106.7555585,complex_corridor,FRC2,39,39,18,18,1,False,-6.235295044618109,106.75596622907466,83.63486690954973,True,
2026-07-26T09:01:01.320111+00:00,2188,-6.233655599999991,106.75488135,complex_corridor,FRC2,30,30,32,32,1,False,-6.233742064909034,106.75495503627582,12.600808704103487,True,
2026-07-26T09:01:01.627818+00:00,2298,-6.288583799999989,106.77784095,complex_corridor,FRC1,30,40,466,350,1,False,-6.288634823320289,106.77780477487897,6.94084144102375,True,
2026-07-26T09:01:01.932741+00:00,2322,-6.2884621,106.7781152,complex_corridor,FRC1,26,26,53,53,1,False,-6.288455113550981,106.77822722279888,12.405765015820144,True,
2026-07-26T09:01:02.236747+00:00,2459,-6.23996075,106.79819865,complex_corridor,FRC3,20,27,568,420,1,False,-6.239927209643448,106.79835988366938,18.208192291717626,True,
2026-07-26T09:01:02.538151+00:00,2660,-6.288887410002579,106.77817204999796,complex_corridor,FRC1,10,14,44,31,1,False,-6.289080056713849,106.77821112954479,21.852459789678804,True,
2026-07-26T09:01:02.840770+00:00,2731,-6.240104349999994,106.79819525,complex_corridor,FRC1,12,21,500,285,1,False,-6.254711568502923,106.79717434728451,1628.1638385691926,False,
2026-07-26T09:01:03.144627+00:00,2979,-6.239918790000258,106.79844824999957,complex_corridor,FRC2,15,15,2,2,1,False,-6.239928542802509,106.79846583092547,2.2254395550977346,True,
2026-07-26T09:01:03.449855+00:00,3134,-6.2892448600025785,106.77855074999796,complex_corridor,FRC1,12,22,21,11,1,False,-6.289262432333267,106.778499467014,5.995427904385316,True,
2026-07-26T09:01:03.752348+00:00,3164,-6.239840140000258,106.79869149999956,complex_corridor,FRC2,24,24,145,145,1,False,-6.23981997364873,106.79856239045006,14.446370748590217,True,
2026-07-26T09:01:04.054698+00:00,3940,-6.242815700000143,106.84290446666662,complex_corridor,FRC2,21,21,19,19,1,False,-6.242610768682978,106.84288187111798,22.923789898286447,True,
2026-07-26T09:01:04.357239+00:00,3995,-6.2428431,106.8426503,complex_corridor,FRC2,32,32,8,8,1,False,-6.24270333943449,106.84230519617961,41.19038604817657,True,
2026-07-26T09:01:04.662570+00:00,4135,-6.242451300001405,106.84346441666648,complex_corridor,FRC3,27,27,15,15,1,False,-6.24264159782794,106.84303341592732,52.128779444682614,True,
2026-07-26T09:01:04.962539+00:00,4174,-6.242622250001264,106.84418269999986,complex_corridor,FRC3,21,21,14,14,1,False,-6.242365385288672,106.84405667866673,31.777844988721665,True,
2026-07-26T09:01:05.264965+00:00,4307,-6.237238257899974,106.8272395210502,complex_corridor,FRC2,21,21,6,6,1,False,-6.237236971031365,106.82743234718856,21.314848279038795,True,
2026-07-26T09:01:05.571784+00:00,4312,-6.237042057899963,106.8269344210502,complex_corridor,FRC2,23,23,6,6,1,False,-6.237208807900389,106.82690797532604,18.770772040768108,True,
2026-07-26T09:01:05.884798+00:00,4383,-6.255330045001537,106.84307333999776,complex_corridor,FRC4,25,25,7,7,1,False,-6.255170245392188,106.84296367849294,21.509477825194235,True,
2026-07-26T09:01:06.184795+00:00,4421,-6.237577607899957,106.82686737105018,complex_corridor,FRC3,18,18,27,27,1,False,-6.237416698431964,106.82692406858013,18.95817050701808,True,
2026-07-26T09:01:06.486330+00:00,5234,-6.255677025000373,106.8431710999986,complex_corridor,FRC4,23,23,6,6,1,False,-6.25559934329838,106.84329627241084,16.310649749926508,True,
2026-07-26T09:01:06.796765+00:00,5259,-6.255508725000373,106.84360214999862,complex_corridor,FRC4,30,30,287,287,1,False,-6.255457199448482,106.84295563186589,71.6908067558573,True,
2026-07-26T09:01:07.108223+00:00,5296,-6.242909649999996,106.84406470000002,complex_corridor,FRC2,21,34,67,41,1,False,-6.24287098327402,106.84404058541264,5.0587612651154314,True,
2026-07-26T09:15:54.095969+00:00,703,-6.235444892859697,106.75583232857385,complex_corridor,FRC2,28,28,6,6,1.0,False,-6.235637002833079,106.75573958241279,23.694334982762854,True,
2026-07-26T09:15:54.398024+00:00,821,-6.288795825000754,106.77763638750048,complex_corridor,FRC1,31,31,35,35,1.0,False,-6.288676397337788,106.77774978959411,18.260596237349766,True,
2026-07-26T09:15:54.699272+00:00,1336,-6.235382350000007,106.7560557,complex_corridor,FRC2,27,27,9,9,1.0,False,-6.235851643158244,106.75634307944131,61.09133400248038,True,
2026-07-26T09:15:55.000173+00:00,2187,-6.234661449999994,106.7555585,complex_corridor,FRC2,39,39,18,18,1.0,False,-6.235295044618109,106.75596622907466,83.63486690954973,True,
2026-07-26T09:15:55.302281+00:00,2188,-6.233655599999991,106.75488135,complex_corridor,FRC2,30,30,32,32,1.0,False,-6.233742064909034,106.75495503627582,12.600808704103487,True,
2026-07-26T09:15:55.609620+00:00,2298,-6.288583799999989,106.77784095,complex_corridor,FRC1,29,41,482,341,1.0,False,-6.288634823320289,106.77780477487897,6.94084144102375,True,
2026-07-26T09:15:55.914863+00:00,2322,-6.2884621,106.7781152,complex_corridor,FRC1,26,26,53,53,1.0,False,-6.288455113550981,106.77822722279888,12.405765015820144,True,
2026-07-26T09:15:56.214149+00:00,2459,-6.23996075,106.79819865,complex_corridor,FRC3,20,27,568,420,1.0,False,-6.239927209643448,106.79835988366938,18.208192291717626,True,
2026-07-26T09:15:56.516430+00:00,2660,-6.288887410002579,106.77817204999796,complex_corridor,FRC1,10,15,44,29,1.0,False,-6.289080056713849,106.77821112954479,21.852459789678804,True,
2026-07-26T09:15:56.821622+00:00,2731,-6.240104349999994,106.79819525,complex_corridor,FRC1,12,22,500,272,1.0,False,-6.254711568502923,106.79717434728451,1628.1638385691926,False,
2026-07-26T09:15:57.122091+00:00,2979,-6.239918790000258,106.79844824999957,complex_corridor,FRC2,8,15,5,2,1.0,False,-6.239928542802509,106.79846583092547,2.2254395550977346,True,
2026-07-26T09:15:57.422888+00:00,3134,-6.2892448600025785,106.77855074999796,complex_corridor,FRC1,14,22,18,11,1.0,False,-6.289262432333267,106.778499467014,5.995427904385316,True,
2026-07-26T09:15:57.723423+00:00,3164,-6.239840140000258,106.79869149999956,complex_corridor,FRC2,24,24,145,145,1.0,False,-6.23981997364873,106.79856239045006,14.446370748590217,True,
2026-07-26T09:15:58.037197+00:00,3940,-6.242815700000143,106.84290446666662,complex_corridor,FRC2,21,21,19,19,1.0,False,-6.242610768682978,106.84288187111798,22.923789898286447,True,
2026-07-26T09:15:58.338507+00:00,3995,-6.2428431,106.8426503,complex_corridor,FRC2,21,30,13,9,0.97,False,-6.24270333943449,106.84230519617961,41.19038604817657,True,
2026-07-26T09:15:58.637610+00:00,4135,-6.242451300001405,106.84346441666648,complex_corridor,FRC3,27,27,15,15,1.0,False,-6.24264159782794,106.84303341592732,52.128779444682614,True,
2026-07-26T09:15:58.938346+00:00,4174,-6.242622250001264,106.84418269999986,complex_corridor,FRC3,21,21,14,14,1.0,False,-6.242365385288672,106.84405667866673,31.777844988721665,True,
2026-07-26T09:15:59.240714+00:00,4307,-6.237238257899974,106.8272395210502,complex_corridor,FRC2,21,21,6,6,1.0,False,-6.237236971031365,106.82743234718856,21.314848279038795,True,
2026-07-26T09:15:59.544433+00:00,4312,-6.237042057899963,106.8269344210502,complex_corridor,FRC2,23,23,6,6,1.0,False,-6.237208807900389,106.82690797532604,18.770772040768108,True,
2026-07-26T09:15:59.848862+00:00,4383,-6.255330045001537,106.84307333999776,complex_corridor,FRC4,25,25,7,7,1.0,False,-6.255170245392188,106.84296367849294,21.509477825194235,True,
2026-07-26T09:16:00.154541+00:00,4421,-6.237577607899957,106.82686737105018,complex_corridor,FRC3,18,18,27,27,1.0,False,-6.237416698431964,106.82692406858013,18.95817050701808,True,
2026-07-26T09:16:00.460294+00:00,5234,-6.255677025000373,106.8431710999986,complex_corridor,FRC4,9,22,15,6,1.0,False,-6.25559934329838,106.84329627241084,16.310649749926508,True,
2026-07-26T09:16:00.762670+00:00,5259,-6.255508725000373,106.84360214999862,complex_corridor,FRC4,24,29,359,297,0.991767,False,-6.255457199448482,106.84295563186589,71.6908067558573,True,
2026-07-26T09:16:01.063960+00:00,5296,-6.242909649999996,106.84406470000002,complex_corridor,FRC2,35,35,40,40,1.0,False,-6.24287098327402,106.84404058541264,5.0587612651154314,True,
2026-07-26T09:30:50.671943+00:00,703,-6.235444892859697,106.75583232857385,complex_corridor,FRC2,28,28,6,6,1.0,False,-6.235637002833079,106.75573958241279,23.694334982762854,True,
2026-07-26T09:30:50.937987+00:00,821,-6.288795825000754,106.77763638750048,complex_corridor,FRC1,24,30,45,36,0.99,False,-6.288676397337788,106.77774978959411,18.260596237349766,True,
2026-07-26T09:30:51.199342+00:00,1336,-6.235382350000007,106.7560557,complex_corridor,FRC2,27,27,9,9,1.0,False,-6.235851643158244,106.75634307944131,61.09133400248038,True,
2026-07-26T09:30:51.466804+00:00,2187,-6.234661449999994,106.7555585,complex_corridor,FRC2,29,38,25,19,0.99,False,-6.235295044618109,106.75596622907466,83.63486690954973,True,
2026-07-26T09:30:51.737153+00:00,2188,-6.233655599999991,106.75488135,complex_corridor,FRC2,30,30,32,32,1.0,False,-6.233742064909034,106.75495503627582,12.600808704103487,True,
2026-07-26T09:30:52.005680+00:00,2298,-6.288583799999989,106.77784095,complex_corridor,FRC1,30,40,466,350,1.0,False,-6.288634823320289,106.77780477487897,6.94084144102375,True,
2026-07-26T09:30:52.267502+00:00,2322,-6.2884621,106.7781152,complex_corridor,FRC1,26,26,53,53,1.0,False,-6.288455113550981,106.77822722279888,12.405765015820144,True,
2026-07-26T09:30:52.530976+00:00,2459,-6.23996075,106.79819865,complex_corridor,FRC3,19,27,597,420,1.0,False,-6.239927209643448,106.79835988366938,18.208192291717626,True,
2026-07-26T09:30:52.794680+00:00,2660,-6.288887410002579,106.77817204999796,complex_corridor,FRC1,7,14,63,31,1.0,False,-6.289080056713849,106.77821112954479,21.852459789678804,True,
2026-07-26T09:30:53.058430+00:00,2731,-6.240104349999994,106.79819525,complex_corridor,FRC1,14,21,428,285,1.0,False,-6.254711568502923,106.79717434728451,1628.1638385691926,False,
2026-07-26T09:30:53.321636+00:00,2979,-6.239918790000258,106.79844824999957,complex_corridor,FRC2,15,15,2,2,1.0,False,-6.239928542802509,106.79846583092547,2.2254395550977346,True,
2026-07-26T09:30:53.587185+00:00,3134,-6.2892448600025785,106.77855074999796,complex_corridor,FRC1,9,23,28,11,1.0,False,-6.289262432333267,106.778499467014,5.995427904385316,True,
2026-07-26T09:30:53.851381+00:00,3164,-6.239840140000258,106.79869149999956,complex_corridor,FRC2,24,24,145,145,1.0,False,-6.23981997364873,106.79856239045006,14.446370748590217,True,
2026-07-26T09:30:54.115636+00:00,3940,-6.242815700000143,106.84290446666662,complex_corridor,FRC2,17,21,23,19,1.0,False,-6.242610768682978,106.84288187111798,22.923789898286447,True,
2026-07-26T09:30:54.386473+00:00,3995,-6.2428431,106.8426503,complex_corridor,FRC2,32,32,8,8,1.0,False,-6.24270333943449,106.84230519617961,41.19038604817657,True,
2026-07-26T09:30:54.650311+00:00,4135,-6.242451300001405,106.84346441666648,complex_corridor,FRC3,27,27,15,15,1.0,False,-6.24264159782794,106.84303341592732,52.128779444682614,True,
2026-07-26T09:30:54.914515+00:00,4174,-6.242622250001264,106.84418269999986,complex_corridor,FRC3,21,21,14,14,1.0,False,-6.242365385288672,106.84405667866673,31.777844988721665,True,
2026-07-26T09:30:55.183312+00:00,4307,-6.237238257899974,106.8272395210502,complex_corridor,FRC2,21,21,6,6,1.0,False,-6.237236971031365,106.82743234718856,21.314848279038795,True,
2026-07-26T09:30:55.452670+00:00,4312,-6.237042057899963,106.8269344210502,complex_corridor,FRC2,23,23,6,6,1.0,False,-6.237208807900389,106.82690797532604,18.770772040768108,True,
2026-07-26T09:30:55.715785+00:00,4383,-6.255330045001537,106.84307333999776,complex_corridor,FRC4,25,25,7,7,1.0,False,-6.255170245392188,106.84296367849294,21.509477825194235,True,
2026-07-26T09:30:55.979121+00:00,4421,-6.237577607899957,106.82686737105018,complex_corridor,FRC3,18,18,27,27,1.0,False,-6.237416698431964,106.82692406858013,18.95817050701808,True,
2026-07-26T09:30:56.242903+00:00,5234,-6.255677025000373,106.8431710999986,complex_corridor,FRC4,10,22,14,6,1.0,False,-6.25559934329838,106.84329627241084,16.310649749926508,True,
2026-07-26T09:30:56.512411+00:00,5259,-6.255508725000373,106.84360214999862,complex_corridor,FRC4,30,30,287,287,1.0,False,-6.255457199448482,106.84295563186589,71.6908067558573,True,
2026-07-26T09:30:56.773248+00:00,5296,-6.242909649999996,106.84406470000002,complex_corridor,FRC2,20,34,71,41,1.0,False,-6.24287098327402,106.84404058541264,5.0587612651154314,True,
2026-07-26T09:45:50.344770+00:00,703,-6.235444892859697,106.75583232857385,complex_corridor,FRC2,28,28,6,6,1.0,False,-6.235637002833079,106.75573958241279,23.694334982762854,True,
2026-07-26T09:45:50.636481+00:00,821,-6.288795825000754,106.77763638750048,complex_corridor,FRC1,31,31,35,35,1.0,False,-6.288676397337788,106.77774978959411,18.260596237349766,True,
2026-07-26T09:45:50.922830+00:00,1336,-6.235382350000007,106.7560557,complex_corridor,FRC2,21,26,12,10,0.97,False,-6.235851643158244,106.75634307944131,61.09133400248038,True,
2026-07-26T09:45:51.221015+00:00,2187,-6.234661449999994,106.7555585,complex_corridor,FRC2,39,39,18,18,1.0,False,-6.235295044618109,106.75596622907466,83.63486690954973,True,
2026-07-26T09:45:51.510342+00:00,2188,-6.233655599999991,106.75488135,complex_corridor,FRC2,30,30,32,32,1.0,False,-6.233742064909034,106.75495503627582,12.600808704103487,True,
2026-07-26T09:45:51.797948+00:00,2298,-6.288583799999989,106.77784095,complex_corridor,FRC1,32,41,437,341,1.0,False,-6.288634823320289,106.77780477487897,6.94084144102375,True,
2026-07-26T09:45:52.083090+00:00,2322,-6.2884621,106.7781152,complex_corridor,FRC1,26,26,53,53,1.0,False,-6.288455113550981,106.77822722279888,12.405765015820144,True,
2026-07-26T09:45:52.375643+00:00,2459,-6.23996075,106.79819865,complex_corridor,FRC3,21,27,541,420,1.0,False,-6.239927209643448,106.79835988366938,18.208192291717626,True,
2026-07-26T09:45:52.672140+00:00,2660,-6.288887410002579,106.77817204999796,complex_corridor,FRC1,15,15,29,29,1.0,False,-6.289080056713849,106.77821112954479,21.852459789678804,True,
2026-07-26T09:45:52.958646+00:00,2731,-6.240104349999994,106.79819525,complex_corridor,FRC1,13,20,461,300,1.0,False,-6.254711568502923,106.79717434728451,1628.1638385691926,False,
2026-07-26T09:45:53.242889+00:00,2979,-6.239918790000258,106.79844824999957,complex_corridor,FRC2,15,15,2,2,1.0,False,-6.239928542802509,106.79846583092547,2.2254395550977346,True,
2026-07-26T09:45:53.534068+00:00,3134,-6.2892448600025785,106.77855074999796,complex_corridor,FRC1,22,22,11,11,1.0,False,-6.289262432333267,106.778499467014,5.995427904385316,True,
2026-07-26T09:45:53.826628+00:00,3164,-6.239840140000258,106.79869149999956,complex_corridor,FRC2,24,24,145,145,1.0,False,-6.23981997364873,106.79856239045006,14.446370748590217,True,
2026-07-26T09:45:54.114794+00:00,3940,-6.242815700000143,106.84290446666662,complex_corridor,FRC2,17,21,23,19,1.0,False,-6.242610768682978,106.84288187111798,22.923789898286447,True,
2026-07-26T09:45:54.403287+00:00,3995,-6.2428431,106.8426503,complex_corridor,FRC2,32,32,8,8,1.0,False,-6.24270333943449,106.84230519617961,41.19038604817657,True,
2026-07-26T09:45:54.689129+00:00,4135,-6.242451300001405,106.84346441666648,complex_corridor,FRC3,27,27,15,15,1.0,False,-6.24264159782794,106.84303341592732,52.128779444682614,True,
2026-07-26T09:45:54.973193+00:00,4174,-6.242622250001264,106.84418269999986,complex_corridor,FRC3,21,21,14,14,1.0,False,-6.242365385288672,106.84405667866673,31.777844988721665,True,
2026-07-26T09:45:55.261960+00:00,4307,-6.237238257899974,106.8272395210502,complex_corridor,FRC2,10,21,12,6,1.0,False,-6.237236971031365,106.82743234718856,21.314848279038795,True,
2026-07-26T09:45:55.549702+00:00,4312,-6.237042057899963,106.8269344210502,complex_corridor,FRC2,23,23,6,6,1.0,False,-6.237208807900389,106.82690797532604,18.770772040768108,True,
2026-07-26T09:45:55.841999+00:00,4383,-6.255330045001537,106.84307333999776,complex_corridor,FRC4,25,25,7,7,1.0,False,-6.255170245392188,106.84296367849294,21.509477825194235,True,
2026-07-26T09:45:56.144309+00:00,4421,-6.237577607899957,106.82686737105018,complex_corridor,FRC3,18,18,27,27,1.0,False,-6.237416698431964,106.82692406858013,18.95817050701808,True,
2026-07-26T09:45:56.429058+00:00,5234,-6.255677025000373,106.8431710999986,complex_corridor,FRC4,23,23,6,6,1.0,False,-6.25559934329838,106.84329627241084,16.310649749926508,True,
2026-07-26T09:45:56.715870+00:00,5259,-6.255508725000373,106.84360214999862,complex_corridor,FRC4,23,30,374,287,0.994169,False,-6.255457199448482,106.84295563186589,71.6908067558573,True,
2026-07-26T09:45:57.004981+00:00,5296,-6.242909649999996,106.84406470000002,complex_corridor,FRC2,22,34,64,41,1.0,False,-6.24287098327402,106.84404058541264,5.0587612651154314,True,
2026-07-26T10:01:09.250553+00:00,703,-6.235444892859697,106.75583232857385,complex_corridor,FRC2,28,28,6,6,1.0,False,-6.235637002833079,106.75573958241279,23.694334982762854,True,
2026-07-26T10:01:09.537688+00:00,821,-6.288795825000754,106.77763638750048,complex_corridor,FRC1,31,31,35,35,1.0,False,-6.288676397337788,106.77774978959411,18.260596237349766,True,
2026-07-26T10:01:09.825009+00:00,1336,-6.235382350000007,106.7560557,complex_corridor,FRC2,27,27,9,9,1.0,False,-6.235851643158244,106.75634307944131,61.09133400248038,True,
2026-07-26T10:01:10.102496+00:00,2187,-6.234661449999994,106.7555585,complex_corridor,FRC2,39,39,18,18,1.0,False,-6.235295044618109,106.75596622907466,83.63486690954973,True,
2026-07-26T10:01:10.384356+00:00,2188,-6.233655599999991,106.75488135,complex_corridor,FRC2,30,30,32,32,1.0,False,-6.233742064909034,106.75495503627582,12.600808704103487,True,
2026-07-26T10:01:10.666313+00:00,2298,-6.288583799999989,106.77784095,complex_corridor,FRC1,31,40,451,350,1.0,False,-6.288634823320289,106.77780477487897,6.94084144102375,True,
2026-07-26T10:01:10.946563+00:00,2322,-6.2884621,106.7781152,complex_corridor,FRC1,14,26,100,53,1.0,False,-6.288455113550981,106.77822722279888,12.405765015820144,True,
2026-07-26T10:01:11.227271+00:00,2459,-6.23996075,106.79819865,complex_corridor,FRC3,23,27,493,420,1.0,False,-6.239927209643448,106.79835988366938,18.208192291717626,True,
2026-07-26T10:01:11.512592+00:00,2660,-6.288887410002579,106.77817204999796,complex_corridor,FRC1,11,15,40,29,1.0,False,-6.289080056713849,106.77821112954479,21.852459789678804,True,
2026-07-26T10:01:11.803110+00:00,2731,-6.240104349999994,106.79819525,complex_corridor,FRC1,15,22,400,272,1.0,False,-6.254711568502923,106.79717434728451,1628.1638385691926,False,
2026-07-26T10:01:12.086219+00:00,2979,-6.239918790000258,106.79844824999957,complex_corridor,FRC2,12,15,3,2,1.0,False,-6.239928542802509,106.79846583092547,2.2254395550977346,True,
2026-07-26T10:01:12.369574+00:00,3134,-6.2892448600025785,106.77855074999796,complex_corridor,FRC1,13,21,20,12,1.0,False,-6.289262432333267,106.778499467014,5.995427904385316,True,
2026-07-26T10:01:12.653608+00:00,3164,-6.239840140000258,106.79869149999956,complex_corridor,FRC2,24,24,145,145,1.0,False,-6.23981997364873,106.79856239045006,14.446370748590217,True,
2026-07-26T10:01:12.934607+00:00,3940,-6.242815700000143,106.84290446666662,complex_corridor,FRC2,21,21,19,19,1.0,False,-6.242610768682978,106.84288187111798,22.923789898286447,True,
2026-07-26T10:01:13.219671+00:00,3995,-6.2428431,106.8426503,complex_corridor,FRC2,32,32,8,8,1.0,False,-6.24270333943449,106.84230519617961,41.19038604817657,True,
2026-07-26T10:01:13.500383+00:00,4135,-6.242451300001405,106.84346441666648,complex_corridor,FRC3,27,27,15,15,1.0,False,-6.24264159782794,106.84303341592732,52.128779444682614,True,
2026-07-26T10:01:13.779481+00:00,4174,-6.242622250001264,106.84418269999986,complex_corridor,FRC3,16,21,18,14,1.0,False,-6.242365385288672,106.84405667866673,31.777844988721665,True,
2026-07-26T10:01:14.058273+00:00,4307,-6.237238257899974,106.8272395210502,complex_corridor,FRC2,21,21,6,6,1.0,False,-6.237236971031365,106.82743234718856,21.314848279038795,True,
2026-07-26T10:01:14.337836+00:00,4312,-6.237042057899963,106.8269344210502,complex_corridor,FRC2,23,23,6,6,1.0,False,-6.237208807900389,106.82690797532604,18.770772040768108,True,
2026-07-26T10:01:14.622752+00:00,4383,-6.255330045001537,106.84307333999776,complex_corridor,FRC4,25,25,7,7,1.0,False,-6.255170245392188,106.84296367849294,21.509477825194235,True,
2026-07-26T10:01:14.912015+00:00,4421,-6.237577607899957,106.82686737105018,complex_corridor,FRC3,18,18,27,27,1.0,False,-6.237416698431964,106.82692406858013,18.95817050701808,True,
2026-07-26T10:01:15.190375+00:00,5234,-6.255677025000373,106.8431710999986,complex_corridor,FRC4,23,23,6,6,1.0,False,-6.25559934329838,106.84329627241084,16.310649749926508,True,
2026-07-26T10:01:15.473006+00:00,5259,-6.255508725000373,106.84360214999862,complex_corridor,FRC4,23,29,374,297,0.99815,False,-6.255457199448482,106.84295563186589,71.6908067558573,True,
2026-07-26T10:01:15.754071+00:00,5296,-6.242909649999996,106.84406470000002,complex_corridor,FRC2,14,36,101,39,1.0,False,-6.24287098327402,106.84404058541264,5.0587612651154314,True,
2026-07-26T10:15:48.103153+00:00,703,-6.235444892859697,106.75583232857385,complex_corridor,FRC2,28,28,6,6,1.0,False,-6.235637002833079,106.75573958241279,23.694334982762854,True,
2026-07-26T10:15:48.373054+00:00,821,-6.288795825000754,106.77763638750048,complex_corridor,FRC1,20,31,54,35,1.0,False,-6.288676397337788,106.77774978959411,18.260596237349766,True,
2026-07-26T10:15:48.643028+00:00,1336,-6.235382350000007,106.7560557,complex_corridor,FRC2,20,26,13,10,0.98,False,-6.235851643158244,106.75634307944131,61.09133400248038,True,
2026-07-26T10:15:48.908935+00:00,2187,-6.234661449999994,106.7555585,complex_corridor,FRC2,39,39,18,18,1.0,False,-6.235295044618109,106.75596622907466,83.63486690954973,True,
2026-07-26T10:15:49.172545+00:00,2188,-6.233655599999991,106.75488135,complex_corridor,FRC2,30,30,32,32,1.0,False,-6.233742064909034,106.75495503627582,12.600808704103487,True,
2026-07-26T10:15:49.440460+00:00,2298,-6.288583799999989,106.77784095,complex_corridor,FRC1,32,41,437,341,1.0,False,-6.288634823320289,106.77780477487897,6.94084144102375,True,
2026-07-26T10:15:49.706493+00:00,2322,-6.2884621,106.7781152,complex_corridor,FRC1,18,26,77,53,1.0,False,-6.288455113550981,106.77822722279888,12.405765015820144,True,
2026-07-26T10:15:49.976188+00:00,2459,-6.23996075,106.79819865,complex_corridor,FRC3,28,28,405,405,1.0,False,-6.239927209643448,106.79835988366938,18.208192291717626,True,
2026-07-26T10:15:50.242684+00:00,2660,-6.288887410002579,106.77817204999796,complex_corridor,FRC1,15,15,29,29,1.0,False,-6.289080056713849,106.77821112954479,21.852459789678804,True,
2026-07-26T10:15:50.507020+00:00,2731,-6.240104349999994,106.79819525,complex_corridor,FRC1,13,22,461,272,1.0,False,-6.254711568502923,106.79717434728451,1628.1638385691926,False,
2026-07-26T10:15:50.771017+00:00,2979,-6.239918790000258,106.79844824999957,complex_corridor,FRC2,5,13,8,3,1.0,False,-6.239928542802509,106.79846583092547,2.2254395550977346,True,
2026-07-26T10:15:51.036687+00:00,3134,-6.2892448600025785,106.77855074999796,complex_corridor,FRC1,14,22,18,11,1.0,False,-6.289262432333267,106.778499467014,5.995427904385316,True,
2026-07-26T10:15:51.302824+00:00,3164,-6.239840140000258,106.79869149999956,complex_corridor,FRC2,24,24,145,145,1.0,False,-6.23981997364873,106.79856239045006,14.446370748590217,True,
2026-07-26T10:15:51.573208+00:00,3940,-6.242815700000143,106.84290446666662,complex_corridor,FRC2,21,21,19,19,1.0,False,-6.242610768682978,106.84288187111798,22.923789898286447,True,
2026-07-26T10:15:51.836597+00:00,3995,-6.2428431,106.8426503,complex_corridor,FRC2,32,32,8,8,1.0,False,-6.24270333943449,106.84230519617961,41.19038604817657,True,
2026-07-26T10:15:52.098635+00:00,4135,-6.242451300001405,106.84346441666648,complex_corridor,FRC3,27,27,15,15,1.0,False,-6.24264159782794,106.84303341592732,52.128779444682614,True,
2026-07-26T10:15:52.364630+00:00,4174,-6.242622250001264,106.84418269999986,complex_corridor,FRC3,15,20,19,14,0.99,False,-6.242365385288672,106.84405667866673,31.777844988721665,True,
2026-07-26T10:15:52.632980+00:00,4307,-6.237238257899974,106.8272395210502,complex_corridor,FRC2,21,21,6,6,1.0,False,-6.237236971031365,106.82743234718856,21.314848279038795,True,
2026-07-26T10:15:52.895900+00:00,4312,-6.237042057899963,106.8269344210502,complex_corridor,FRC2,23,23,6,6,1.0,False,-6.237208807900389,106.82690797532604,18.770772040768108,True,
2026-07-26T10:15:53.157952+00:00,4383,-6.255330045001537,106.84307333999776,complex_corridor,FRC4,25,25,7,7,1.0,False,-6.255170245392188,106.84296367849294,21.509477825194235,True,
2026-07-26T10:15:53.434059+00:00,4421,-6.237577607899957,106.82686737105018,complex_corridor,FRC3,18,18,27,27,1.0,False,-6.237416698431964,106.82692406858013,18.95817050701808,True,
2026-07-26T10:15:53.695826+00:00,5234,-6.255677025000373,106.8431710999986,complex_corridor,FRC4,8,22,17,6,0.98,False,-6.25559934329838,106.84329627241084,16.310649749926508,True,
2026-07-26T10:15:53.961054+00:00,5259,-6.255508725000373,106.84360214999862,complex_corridor,FRC4,30,30,287,287,1.0,False,-6.255457199448482,106.84295563186589,71.6908067558573,True,
2026-07-26T10:15:54.222747+00:00,5296,-6.242909649999996,106.84406470000002,complex_corridor,FRC2,8,35,177,40,1.0,False,-6.24287098327402,106.84404058541264,5.0587612651154314,True,
2026-07-26T10:30:58.054905+00:00,703,-6.235444892859697,106.75583232857385,complex_corridor,FRC2,28,28,6,6,1.0,False,-6.235637002833079,106.75573958241279,23.694334982762854,True,
2026-07-26T10:30:58.321644+00:00,821,-6.288795825000754,106.77763638750048,complex_corridor,FRC1,31,31,35,35,1.0,False,-6.288676397337788,106.77774978959411,18.260596237349766,True,
2026-07-26T10:30:58.591818+00:00,1336,-6.235382350000007,106.7560557,complex_corridor,FRC2,19,27,14,9,0.99,False,-6.235851643158244,106.75634307944131,61.09133400248038,True,
2026-07-26T10:30:58.861665+00:00,2187,-6.234661449999994,106.7555585,complex_corridor,FRC2,39,39,18,18,1.0,False,-6.235295044618109,106.75596622907466,83.63486690954973,True,
2026-07-26T10:30:59.144785+00:00,2188,-6.233655599999991,106.75488135,complex_corridor,FRC2,30,30,32,32,1.0,False,-6.233742064909034,106.75495503627582,12.600808704103487,True,
2026-07-26T10:30:59.414053+00:00,2298,-6.288583799999989,106.77784095,complex_corridor,FRC1,29,40,482,350,1.0,False,-6.288634823320289,106.77780477487897,6.94084144102375,True,
2026-07-26T10:30:59.694439+00:00,2322,-6.2884621,106.7781152,complex_corridor,FRC1,17,25,82,56,1.0,False,-6.288455113550981,106.77822722279888,12.405765015820144,True,
2026-07-26T10:30:59.972545+00:00,2459,-6.23996075,106.79819865,complex_corridor,FRC3,21,27,541,420,1.0,False,-6.239927209643448,106.79835988366938,18.208192291717626,True,
2026-07-26T10:31:00.245879+00:00,2660,-6.288887410002579,106.77817204999796,complex_corridor,FRC1,14,16,31,27,1.0,False,-6.289080056713849,106.77821112954479,21.852459789678804,True,
2026-07-26T10:31:00.515399+00:00,2731,-6.240104349999994,106.79819525,complex_corridor,FRC1,11,21,545,285,1.0,False,-6.254711568502923,106.79717434728451,1628.1638385691926,False,
2026-07-26T10:31:00.784848+00:00,2979,-6.239918790000258,106.79844824999957,complex_corridor,FRC2,15,15,2,2,1.0,False,-6.239928542802509,106.79846583092547,2.2254395550977346,True,
2026-07-26T10:31:01.048182+00:00,3134,-6.2892448600025785,106.77855074999796,complex_corridor,FRC1,22,22,11,11,1.0,False,-6.289262432333267,106.778499467014,5.995427904385316,True,
2026-07-26T10:31:01.315237+00:00,3164,-6.239840140000258,106.79869149999956,complex_corridor,FRC2,24,24,145,145,1.0,False,-6.23981997364873,106.79856239045006,14.446370748590217,True,
2026-07-26T10:31:01.580214+00:00,3940,-6.242815700000143,106.84290446666662,complex_corridor,FRC2,15,21,26,19,0.99,False,-6.242610768682978,106.84288187111798,22.923789898286447,True,
2026-07-26T10:31:01.843935+00:00,3995,-6.2428431,106.8426503,complex_corridor,FRC2,32,32,8,8,1.0,False,-6.24270333943449,106.84230519617961,41.19038604817657,True,
2026-07-26T10:31:02.109332+00:00,4135,-6.242451300001405,106.84346441666648,complex_corridor,FRC3,27,27,15,15,1.0,False,-6.24264159782794,106.84303341592732,52.128779444682614,True,
2026-07-26T10:31:02.385305+00:00,4174,-6.242622250001264,106.84418269999986,complex_corridor,FRC3,21,21,14,14,1.0,False,-6.242365385288672,106.84405667866673,31.777844988721665,True,
2026-07-26T10:31:02.651863+00:00,4307,-6.237238257899974,106.8272395210502,complex_corridor,FRC2,21,21,6,6,1.0,False,-6.237236971031365,106.82743234718856,21.314848279038795,True,
2026-07-26T10:31:02.919750+00:00,4312,-6.237042057899963,106.8269344210502,complex_corridor,FRC2,23,23,6,6,1.0,False,-6.237208807900389,106.82690797532604,18.770772040768108,True,
2026-07-26T10:31:03.188033+00:00,4383,-6.255330045001537,106.84307333999776,complex_corridor,FRC4,25,25,7,7,1.0,False,-6.255170245392188,106.84296367849294,21.509477825194235,True,
2026-07-26T10:31:03.459361+00:00,4421,-6.237577607899957,106.82686737105018,complex_corridor,FRC3,18,18,27,27,1.0,False,-6.237416698431964,106.82692406858013,18.95817050701808,True,
2026-07-26T10:31:03.738971+00:00,5234,-6.255677025000373,106.8431710999986,complex_corridor,FRC4,23,23,6,6,1.0,False,-6.25559934329838,106.84329627241084,16.310649749926508,True,
2026-07-26T10:31:04.010454+00:00,5259,-6.255508725000373,106.84360214999862,complex_corridor,FRC4,23,29,374,297,0.99911,False,-6.255457199448482,106.84295563186589,71.6908067558573,True,
2026-07-26T10:31:04.277228+00:00,5296,-6.242909649999996,106.84406470000002,complex_corridor,FRC2,12,35,118,40,1.0,False,-6.24287098327402,106.84404058541264,5.0587612651154314,True,
2026-07-26T10:45:52.761232+00:00,703,-6.235444892859697,106.75583232857385,complex_corridor,FRC2,28,28,6,6,1.0,False,-6.235637002833079,106.75573958241279,23.694334982762854,True,
2026-07-26T10:45:53.070466+00:00,821,-6.288795825000754,106.77763638750048,complex_corridor,FRC1,31,31,35,35,1.0,False,-6.288676397337788,106.77774978959411,18.260596237349766,True,
2026-07-26T10:45:53.374242+00:00,1336,-6.235382350000007,106.7560557,complex_corridor,FRC2,27,27,9,9,1.0,False,-6.235851643158244,106.75634307944131,61.09133400248038,True,
2026-07-26T10:45:53.678123+00:00,2187,-6.234661449999994,106.7555585,complex_corridor,FRC2,39,39,18,18,1.0,False,-6.235295044618109,106.75596622907466,83.63486690954973,True,
2026-07-26T10:45:53.977660+00:00,2188,-6.233655599999991,106.75488135,complex_corridor,FRC2,30,30,32,32,1.0,False,-6.233742064909034,106.75495503627582,12.600808704103487,True,
2026-07-26T10:45:54.285246+00:00,2298,-6.288583799999989,106.77784095,complex_corridor,FRC1,29,40,482,350,1.0,False,-6.288634823320289,106.77780477487897,6.94084144102375,True,
2026-07-26T10:45:54.585706+00:00,2322,-6.2884621,106.7781152,complex_corridor,FRC1,19,25,73,56,1.0,False,-6.288455113550981,106.77822722279888,12.405765015820144,True,
2026-07-26T10:45:54.889141+00:00,2459,-6.23996075,106.79819865,complex_corridor,FRC3,22,27,516,420,1.0,False,-6.239927209643448,106.79835988366938,18.208192291717626,True,
2026-07-26T10:45:55.192933+00:00,2660,-6.288887410002579,106.77817204999796,complex_corridor,FRC1,15,17,29,26,1.0,False,-6.289080056713849,106.77821112954479,21.852459789678804,True,
2026-07-26T10:45:55.497026+00:00,2731,-6.240104349999994,106.79819525,complex_corridor,FRC1,12,21,500,285,1.0,False,-6.254711568502923,106.79717434728451,1628.1638385691926,False,
2026-07-26T10:45:55.801769+00:00,2979,-6.239918790000258,106.79844824999957,complex_corridor,FRC2,5,13,8,3,1.0,False,-6.239928542802509,106.79846583092547,2.2254395550977346,True,
2026-07-26T10:45:56.101502+00:00,3134,-6.2892448600025785,106.77855074999796,complex_corridor,FRC1,22,22,11,11,1.0,False,-6.289262432333267,106.778499467014,5.995427904385316,True,
2026-07-26T10:45:56.405034+00:00,3164,-6.239840140000258,106.79869149999956,complex_corridor,FRC2,24,24,145,145,1.0,False,-6.23981997364873,106.79856239045006,14.446370748590217,True,
2026-07-26T10:45:56.706051+00:00,3940,-6.242815700000143,106.84290446666662,complex_corridor,FRC2,21,21,19,19,1.0,False,-6.242610768682978,106.84288187111798,22.923789898286447,True,
2026-07-26T10:45:57.012872+00:00,3995,-6.2428431,106.8426503,complex_corridor,FRC2,32,32,8,8,1.0,False,-6.24270333943449,106.84230519617961,41.19038604817657,True,
2026-07-26T10:45:57.316439+00:00,4135,-6.242451300001405,106.84346441666648,complex_corridor,FRC3,27,27,15,15,1.0,False,-6.24264159782794,106.84303341592732,52.128779444682614,True,
2026-07-26T10:45:57.621380+00:00,4174,-6.242622250001264,106.84418269999986,complex_corridor,FRC3,21,21,14,14,1.0,False,-6.242365385288672,106.84405667866673,31.777844988721665,True,
2026-07-26T10:45:57.926538+00:00,4307,-6.237238257899974,106.8272395210502,complex_corridor,FRC2,21,21,6,6,1.0,False,-6.237236971031365,106.82743234718856,21.314848279038795,True,
2026-07-26T10:45:58.228913+00:00,4312,-6.237042057899963,106.8269344210502,complex_corridor,FRC2,18,22,8,6,1.0,False,-6.237208807900389,106.82690797532604,18.770772040768108,True,
2026-07-26T10:45:58.527275+00:00,4383,-6.255330045001537,106.84307333999776,complex_corridor,FRC4,25,25,7,7,1.0,False,-6.255170245392188,106.84296367849294,21.509477825194235,True,
2026-07-26T10:45:58.830316+00:00,4421,-6.237577607899957,106.82686737105018,complex_corridor,FRC3,18,18,27,27,1.0,False,-6.237416698431964,106.82692406858013,18.95817050701808,True,
2026-07-26T10:45:59.139267+00:00,5234,-6.255677025000373,106.8431710999986,complex_corridor,FRC4,17,22,8,6,0.99,False,-6.25559934329838,106.84329627241084,16.310649749926508,True,
2026-07-26T10:45:59.440713+00:00,5259,-6.255508725000373,106.84360214999862,complex_corridor,FRC4,23,30,374,287,1.0,False,-6.255457199448482,106.84295563186589,71.6908067558573,True,
2026-07-26T10:45:59.739977+00:00,5296,-6.242909649999996,106.84406470000002,complex_corridor,FRC2,22,34,64,41,1.0,False,-6.24287098327402,106.84404058541264,5.0587612651154314,True,
2026-07-26T11:00:59.058035+00:00,703,-6.235444892859697,106.75583232857385,complex_corridor,FRC2,28,28,6,6,1.0,False,-6.235637002833079,106.75573958241279,23.694334982762854,True,
2026-07-26T11:00:59.350777+00:00,821,-6.288795825000754,106.77763638750048,complex_corridor,FRC1,22,31,49,35,1.0,False,-6.288676397337788,106.77774978959411,18.260596237349766,True,
2026-07-26T11:00:59.650066+00:00,1336,-6.235382350000007,106.7560557,complex_corridor,FRC2,27,27,9,9,1.0,False,-6.235851643158244,106.75634307944131,61.09133400248038,True,
2026-07-26T11:00:59.938499+00:00,2187,-6.234661449999994,106.7555585,complex_corridor,FRC2,39,39,18,18,1.0,False,-6.235295044618109,106.75596622907466,83.63486690954973,True,
2026-07-26T11:01:00.230423+00:00,2188,-6.233655599999991,106.75488135,complex_corridor,FRC2,30,30,32,32,1.0,False,-6.233742064909034,106.75495503627582,12.600808704103487,True,
2026-07-26T11:01:00.521905+00:00,2298,-6.288583799999989,106.77784095,complex_corridor,FRC1,30,40,466,350,1.0,False,-6.288634823320289,106.77780477487897,6.94084144102375,True,
2026-07-26T11:01:00.810439+00:00,2322,-6.2884621,106.7781152,complex_corridor,FRC1,18,26,77,53,1.0,False,-6.288455113550981,106.77822722279888,12.405765015820144,True,
2026-07-26T11:01:01.103038+00:00,2459,-6.23996075,106.79819865,complex_corridor,FRC3,19,28,597,405,1.0,False,-6.239927209643448,106.79835988366938,18.208192291717626,True,
2026-07-26T11:01:01.393021+00:00,2660,-6.288887410002579,106.77817204999796,complex_corridor,FRC1,15,17,29,26,1.0,False,-6.289080056713849,106.77821112954479,21.852459789678804,True,
2026-07-26T11:01:01.683967+00:00,2731,-6.240104349999994,106.79819525,complex_corridor,FRC1,11,20,545,300,1.0,False,-6.254711568502923,106.79717434728451,1628.1638385691926,False,
2026-07-26T11:01:01.972726+00:00,2979,-6.239918790000258,106.79844824999957,complex_corridor,FRC2,11,15,3,2,1.0,False,-6.239928542802509,106.79846583092547,2.2254395550977346,True,
2026-07-26T11:01:02.267989+00:00,3134,-6.2892448600025785,106.77855074999796,complex_corridor,FRC1,22,22,11,11,1.0,False,-6.289262432333267,106.778499467014,5.995427904385316,True,
2026-07-26T11:01:02.566866+00:00,3164,-6.239840140000258,106.79869149999956,complex_corridor,FRC2,24,24,145,145,1.0,False,-6.23981997364873,106.79856239045006,14.446370748590217,True,
2026-07-26T11:01:02.860604+00:00,3940,-6.242815700000143,106.84290446666662,complex_corridor,FRC2,14,21,28,19,1.0,False,-6.242610768682978,106.84288187111798,22.923789898286447,True,
2026-07-26T11:01:03.154122+00:00,3995,-6.2428431,106.8426503,complex_corridor,FRC2,32,32,8,8,1.0,False,-6.24270333943449,106.84230519617961,41.19038604817657,True,
2026-07-26T11:01:03.447070+00:00,4135,-6.242451300001405,106.84346441666648,complex_corridor,FRC3,27,27,15,15,1.0,False,-6.24264159782794,106.84303341592732,52.128779444682614,True,
2026-07-26T11:01:03.731720+00:00,4174,-6.242622250001264,106.84418269999986,complex_corridor,FRC3,16,20,18,14,1.0,False,-6.242365385288672,106.84405667866673,31.777844988721665,True,
2026-07-26T11:01:04.019746+00:00,4307,-6.237238257899974,106.8272395210502,complex_corridor,FRC2,17,21,7,6,1.0,False,-6.237236971031365,106.82743234718856,21.314848279038795,True,
2026-07-26T11:01:04.306529+00:00,4312,-6.237042057899963,106.8269344210502,complex_corridor,FRC2,23,23,6,6,1.0,False,-6.237208807900389,106.82690797532604,18.770772040768108,True,
2026-07-26T11:01:04.593630+00:00,4383,-6.255330045001537,106.84307333999776,complex_corridor,FRC4,20,25,9,7,1.0,False,-6.255170245392188,106.84296367849294,21.509477825194235,True,
2026-07-26T11:01:04.886932+00:00,4421,-6.237577607899957,106.82686737105018,complex_corridor,FRC3,18,18,27,27,1.0,False,-6.237416698431964,106.82692406858013,18.95817050701808,True,
2026-07-26T11:01:05.180309+00:00,5234,-6.255677025000373,106.8431710999986,complex_corridor,FRC4,17,23,8,6,0.99,False,-6.25559934329838,106.84329627241084,16.310649749926508,True,
2026-07-26T11:01:05.466436+00:00,5259,-6.255508725000373,106.84360214999862,complex_corridor,FRC4,23,29,374,297,0.997256,False,-6.255457199448482,106.84295563186589,71.6908067558573,True,
2026-07-26T11:01:05.755201+00:00,5296,-6.242909649999996,106.84406470000002,complex_corridor,FRC2,27,35,52,40,1.0,False,-6.24287098327402,106.84404058541264,5.0587612651154314,True,
2026-07-26T11:15:52.584601+00:00,703,-6.235444892859697,106.75583232857385,complex_corridor,FRC2,28,28,6,6,1,False,-6.235637002833079,106.75573958241279,23.694334982762854,True,
2026-07-26T11:15:52.873946+00:00,821,-6.288795825000754,106.77763638750048,complex_corridor,FRC1,31,31,35,35,1,False,-6.288676397337788,106.77774978959411,18.260596237349766,True,
2026-07-26T11:15:53.177369+00:00,1336,-6.235382350000007,106.7560557,complex_corridor,FRC2,27,27,9,9,1,False,-6.235851643158244,106.75634307944131,61.09133400248038,True,
2026-07-26T11:15:53.465961+00:00,2187,-6.234661449999994,106.7555585,complex_corridor,FRC2,39,39,18,18,1,False,-6.235295044618109,106.75596622907466,83.63486690954973,True,
2026-07-26T11:15:53.753305+00:00,2188,-6.233655599999991,106.75488135,complex_corridor,FRC2,30,30,32,32,1,False,-6.233742064909034,106.75495503627582,12.600808704103487,True,
2026-07-26T11:15:54.044060+00:00,2298,-6.288583799999989,106.77784095,complex_corridor,FRC1,30,40,466,350,1,False,-6.288634823320289,106.77780477487897,6.94084144102375,True,
2026-07-26T11:15:54.330951+00:00,2322,-6.2884621,106.7781152,complex_corridor,FRC1,16,26,87,53,1,False,-6.288455113550981,106.77822722279888,12.405765015820144,True,
2026-07-26T11:15:54.622928+00:00,2459,-6.23996075,106.79819865,complex_corridor,FRC3,20,27,568,420,1,False,-6.239927209643448,106.79835988366938,18.208192291717626,True,
2026-07-26T11:15:54.914365+00:00,2660,-6.288887410002579,106.77817204999796,complex_corridor,FRC1,15,15,29,29,1,False,-6.289080056713849,106.77821112954479,21.852459789678804,True,
2026-07-26T11:15:55.203193+00:00,2731,-6.240104349999994,106.79819525,complex_corridor,FRC1,11,20,545,300,1,False,-6.254711568502923,106.79717434728451,1628.1638385691926,False,
2026-07-26T11:15:55.490737+00:00,2979,-6.239918790000258,106.79844824999957,complex_corridor,FRC2,11,15,3,2,1,False,-6.239928542802509,106.79846583092547,2.2254395550977346,True,
2026-07-26T11:15:55.777102+00:00,3134,-6.2892448600025785,106.77855074999796,complex_corridor,FRC1,22,22,11,11,1,False,-6.289262432333267,106.778499467014,5.995427904385316,True,
2026-07-26T11:15:56.062974+00:00,3164,-6.239840140000258,106.79869149999956,complex_corridor,FRC2,24,24,145,145,1,False,-6.23981997364873,106.79856239045006,14.446370748590217,True,
2026-07-26T11:15:56.357244+00:00,3940,-6.242815700000143,106.84290446666662,complex_corridor,FRC2,21,21,19,19,1,False,-6.242610768682978,106.84288187111798,22.923789898286447,True,
2026-07-26T11:15:56.645364+00:00,3995,-6.2428431,106.8426503,complex_corridor,FRC2,32,32,8,8,1,False,-6.24270333943449,106.84230519617961,41.19038604817657,True,
2026-07-26T11:15:56.935205+00:00,4135,-6.242451300001405,106.84346441666648,complex_corridor,FRC3,27,27,15,15,1,False,-6.24264159782794,106.84303341592732,52.128779444682614,True,
2026-07-26T11:15:57.224165+00:00,4174,-6.242622250001264,106.84418269999986,complex_corridor,FRC3,21,21,14,14,1,False,-6.242365385288672,106.84405667866673,31.777844988721665,True,
2026-07-26T11:15:57.510210+00:00,4307,-6.237238257899974,106.8272395210502,complex_corridor,FRC2,21,21,6,6,1,False,-6.237236971031365,106.82743234718856,21.314848279038795,True,
2026-07-26T11:15:57.817064+00:00,4312,-6.237042057899963,106.8269344210502,complex_corridor,FRC2,23,23,6,6,1,False,-6.237208807900389,106.82690797532604,18.770772040768108,True,
2026-07-26T11:15:58.105758+00:00,4383,-6.255330045001537,106.84307333999776,complex_corridor,FRC4,25,25,7,7,1,False,-6.255170245392188,106.84296367849294,21.509477825194235,True,
2026-07-26T11:15:58.394837+00:00,4421,-6.237577607899957,106.82686737105018,complex_corridor,FRC3,18,18,27,27,1,False,-6.237416698431964,106.82692406858013,18.95817050701808,True,
2026-07-26T11:15:58.682576+00:00,5234,-6.255677025000373,106.8431710999986,complex_corridor,FRC4,12,24,11,5,1,False,-6.25559934329838,106.84329627241084,16.310649749926508,True,
2026-07-26T11:15:58.974265+00:00,5259,-6.255508725000373,106.84360214999862,complex_corridor,FRC4,30,30,287,287,1,False,-6.255457199448482,106.84295563186589,71.6908067558573,True,
2026-07-26T11:15:59.263373+00:00,5296,-6.242909649999996,106.84406470000002,complex_corridor,FRC2,35,35,40,40,1,False,-6.24287098327402,106.84404058541264,5.0587612651154314,True,
2026-07-26T11:30:57.333585+00:00,703,-6.235444892859697,106.75583232857385,complex_corridor,FRC2,28,28,6,6,1.0,False,-6.235637002833079,106.75573958241279,23.694334982762854,True,
2026-07-26T11:30:57.614940+00:00,821,-6.288795825000754,106.77763638750048,complex_corridor,FRC1,31,31,35,35,1.0,False,-6.288676397337788,106.77774978959411,18.260596237349766,True,
2026-07-26T11:30:57.888976+00:00,1336,-6.235382350000007,106.7560557,complex_corridor,FRC2,27,27,9,9,1.0,False,-6.235851643158244,106.75634307944131,61.09133400248038,True,
2026-07-26T11:30:58.153901+00:00,2187,-6.234661449999994,106.7555585,complex_corridor,FRC2,39,39,18,18,1.0,False,-6.235295044618109,106.75596622907466,83.63486690954973,True,
2026-07-26T11:30:58.418833+00:00,2188,-6.233655599999991,106.75488135,complex_corridor,FRC2,30,30,32,32,1.0,False,-6.233742064909034,106.75495503627582,12.600808704103487,True,
2026-07-26T11:30:58.684189+00:00,2298,-6.288583799999989,106.77784095,complex_corridor,FRC1,31,41,451,341,1.0,False,-6.288634823320289,106.77780477487897,6.94084144102375,True,
2026-07-26T11:30:58.964772+00:00,2322,-6.2884621,106.7781152,complex_corridor,FRC1,26,26,53,53,1.0,False,-6.288455113550981,106.77822722279888,12.405765015820144,True,
2026-07-26T11:30:59.232512+00:00,2459,-6.23996075,106.79819865,complex_corridor,FRC3,23,27,493,420,1.0,False,-6.239927209643448,106.79835988366938,18.208192291717626,True,
2026-07-26T11:30:59.495644+00:00,2660,-6.288887410002579,106.77817204999796,complex_corridor,FRC1,15,15,29,29,1.0,False,-6.289080056713849,106.77821112954479,21.852459789678804,True,
2026-07-26T11:30:59.759506+00:00,2731,-6.240104349999994,106.79819525,complex_corridor,FRC1,14,21,428,285,1.0,False,-6.254711568502923,106.79717434728451,1628.1638385691926,False,
2026-07-26T11:31:00.022071+00:00,2979,-6.239918790000258,106.79844824999957,complex_corridor,FRC2,15,15,2,2,1.0,False,-6.239928542802509,106.79846583092547,2.2254395550977346,True,
2026-07-26T11:31:00.293230+00:00,3134,-6.2892448600025785,106.77855074999796,complex_corridor,FRC1,14,22,18,11,1.0,False,-6.289262432333267,106.778499467014,5.995427904385316,True,
2026-07-26T11:31:00.562810+00:00,3164,-6.239840140000258,106.79869149999956,complex_corridor,FRC2,24,24,145,145,1.0,False,-6.23981997364873,106.79856239045006,14.446370748590217,True,
2026-07-26T11:31:00.831787+00:00,3940,-6.242815700000143,106.84290446666662,complex_corridor,FRC2,21,21,19,19,1.0,False,-6.242610768682978,106.84288187111798,22.923789898286447,True,
2026-07-26T11:31:01.095101+00:00,3995,-6.2428431,106.8426503,complex_corridor,FRC2,32,32,8,8,1.0,False,-6.24270333943449,106.84230519617961,41.19038604817657,True,
2026-07-26T11:31:01.365792+00:00,4135,-6.242451300001405,106.84346441666648,complex_corridor,FRC3,27,27,15,15,1.0,False,-6.24264159782794,106.84303341592732,52.128779444682614,True,
2026-07-26T11:31:01.644587+00:00,4174,-6.242622250001264,106.84418269999986,complex_corridor,FRC3,21,21,14,14,1.0,False,-6.242365385288672,106.84405667866673,31.777844988721665,True,
2026-07-26T11:31:01.910034+00:00,4307,-6.237238257899974,106.8272395210502,complex_corridor,FRC2,21,21,6,6,1.0,False,-6.237236971031365,106.82743234718856,21.314848279038795,True,
2026-07-26T11:31:02.177684+00:00,4312,-6.237042057899963,106.8269344210502,complex_corridor,FRC2,23,23,6,6,1.0,False,-6.237208807900389,106.82690797532604,18.770772040768108,True,
2026-07-26T11:31:02.444742+00:00,4383,-6.255330045001537,106.84307333999776,complex_corridor,FRC4,25,25,7,7,1.0,False,-6.255170245392188,106.84296367849294,21.509477825194235,True,
2026-07-26T11:31:02.710016+00:00,4421,-6.237577607899957,106.82686737105018,complex_corridor,FRC3,18,18,27,27,1.0,False,-6.237416698431964,106.82692406858013,18.95817050701808,True,
2026-07-26T11:31:02.976260+00:00,5234,-6.255677025000373,106.8431710999986,complex_corridor,FRC4,11,22,12,6,1.0,False,-6.25559934329838,106.84329627241084,16.310649749926508,True,
2026-07-26T11:31:03.242610+00:00,5259,-6.255508725000373,106.84360214999862,complex_corridor,FRC4,23,29,374,297,0.997256,False,-6.255457199448482,106.84295563186589,71.6908067558573,True,
2026-07-26T11:31:03.506990+00:00,5296,-6.242909649999996,106.84406470000002,complex_corridor,FRC2,35,35,40,40,1.0,False,-6.24287098327402,106.84404058541264,5.0587612651154314,True,
2026-07-26T11:45:51.433331+00:00,703,-6.235444892859697,106.75583232857385,complex_corridor,FRC2,28,28,6,6,1.0,False,-6.235637002833079,106.75573958241279,23.694334982762854,True,
2026-07-26T11:45:51.717749+00:00,821,-6.288795825000754,106.77763638750048,complex_corridor,FRC1,19,31,57,35,0.99,False,-6.288676397337788,106.77774978959411,18.260596237349766,True,
2026-07-26T11:45:51.997633+00:00,1336,-6.235382350000007,106.7560557,complex_corridor,FRC2,27,27,9,9,1.0,False,-6.235851643158244,106.75634307944131,61.09133400248038,True,
2026-07-26T11:45:52.266880+00:00,2187,-6.234661449999994,106.7555585,complex_corridor,FRC2,28,39,26,18,0.99,False,-6.235295044618109,106.75596622907466,83.63486690954973,True,
2026-07-26T11:45:52.538732+00:00,2188,-6.233655599999991,106.75488135,complex_corridor,FRC2,30,30,32,32,1.0,False,-6.233742064909034,106.75495503627582,12.600808704103487,True,
2026-07-26T11:45:52.812343+00:00,2298,-6.288583799999989,106.77784095,complex_corridor,FRC1,31,40,451,350,1.0,False,-6.288634823320289,106.77780477487897,6.94084144102375,True,
2026-07-26T11:45:53.087722+00:00,2322,-6.2884621,106.7781152,complex_corridor,FRC1,26,26,53,53,1.0,False,-6.288455113550981,106.77822722279888,12.405765015820144,True,
2026-07-26T11:45:53.365567+00:00,2459,-6.23996075,106.79819865,complex_corridor,FRC3,19,27,597,420,1.0,False,-6.239927209643448,106.79835988366938,18.208192291717626,True,
2026-07-26T11:45:53.638452+00:00,2660,-6.288887410002579,106.77817204999796,complex_corridor,FRC1,15,15,29,29,1.0,False,-6.289080056713849,106.77821112954479,21.852459789678804,True,
2026-07-26T11:45:53.906211+00:00,2731,-6.240104349999994,106.79819525,complex_corridor,FRC1,16,22,375,272,1.0,False,-6.254711568502923,106.79717434728451,1628.1638385691926,False,
2026-07-26T11:45:54.174878+00:00,2979,-6.239918790000258,106.79844824999957,complex_corridor,FRC2,15,15,2,2,1.0,False,-6.239928542802509,106.79846583092547,2.2254395550977346,True,
2026-07-26T11:45:54.451289+00:00,3134,-6.2892448600025785,106.77855074999796,complex_corridor,FRC1,22,22,11,11,1.0,False,-6.289262432333267,106.778499467014,5.995427904385316,True,
2026-07-26T11:45:54.719357+00:00,3164,-6.239840140000258,106.79869149999956,complex_corridor,FRC2,24,24,145,145,1.0,False,-6.23981997364873,106.79856239045006,14.446370748590217,True,
2026-07-26T11:45:54.989265+00:00,3940,-6.242815700000143,106.84290446666662,complex_corridor,FRC2,21,21,19,19,1.0,False,-6.242610768682978,106.84288187111798,22.923789898286447,True,
2026-07-26T11:45:55.257562+00:00,3995,-6.2428431,106.8426503,complex_corridor,FRC2,7,30,39,9,0.93,False,-6.24270333943449,106.84230519617961,41.19038604817657,True,
2026-07-26T11:45:55.527834+00:00,4135,-6.242451300001405,106.84346441666648,complex_corridor,FRC3,27,27,15,15,1.0,False,-6.24264159782794,106.84303341592732,52.128779444682614,True,
2026-07-26T11:45:55.795691+00:00,4174,-6.242622250001264,106.84418269999986,complex_corridor,FRC3,21,21,14,14,1.0,False,-6.242365385288672,106.84405667866673,31.777844988721665,True,
2026-07-26T11:45:56.064777+00:00,4307,-6.237238257899974,106.8272395210502,complex_corridor,FRC2,21,21,6,6,1.0,False,-6.237236971031365,106.82743234718856,21.314848279038795,True,
2026-07-26T11:45:56.344135+00:00,4312,-6.237042057899963,106.8269344210502,complex_corridor,FRC2,23,23,6,6,1.0,False,-6.237208807900389,106.82690797532604,18.770772040768108,True,
2026-07-26T11:45:56.616308+00:00,4383,-6.255330045001537,106.84307333999776,complex_corridor,FRC4,25,25,7,7,1.0,False,-6.255170245392188,106.84296367849294,21.509477825194235,True,
2026-07-26T11:45:56.886045+00:00,4421,-6.237577607899957,106.82686737105018,complex_corridor,FRC3,18,18,27,27,1.0,False,-6.237416698431964,106.82692406858013,18.95817050701808,True,
2026-07-26T11:45:57.155933+00:00,5234,-6.255677025000373,106.8431710999986,complex_corridor,FRC4,8,23,17,6,1.0,False,-6.25559934329838,106.84329627241084,16.310649749926508,True,
2026-07-26T11:45:57.434819+00:00,5259,-6.255508725000373,106.84360214999862,complex_corridor,FRC4,24,29,359,297,0.99815,False,-6.255457199448482,106.84295563186589,71.6908067558573,True,
2026-07-26T11:45:57.703278+00:00,5296,-6.242909649999996,106.84406470000002,complex_corridor,FRC2,35,35,40,40,1.0,False,-6.24287098327402,106.84404058541264,5.0587612651154314,True,
2026-07-26T12:00:58.882077+00:00,703,-6.235444892859697,106.75583232857385,complex_corridor,FRC2,28,28,6,6,1.0,False,-6.235637002833079,106.75573958241279,23.694334982762854,True,
2026-07-26T12:00:59.169329+00:00,821,-6.288795825000754,106.77763638750048,complex_corridor,FRC1,31,31,35,35,1.0,False,-6.288676397337788,106.77774978959411,18.260596237349766,True,
2026-07-26T12:00:59.490885+00:00,1336,-6.235382350000007,106.7560557,complex_corridor,FRC2,27,27,9,9,1.0,False,-6.235851643158244,106.75634307944131,61.09133400248038,True,
2026-07-26T12:00:59.775916+00:00,2187,-6.234661449999994,106.7555585,complex_corridor,FRC2,39,39,18,18,1.0,False,-6.235295044618109,106.75596622907466,83.63486690954973,True,
2026-07-26T12:01:00.054945+00:00,2188,-6.233655599999991,106.75488135,complex_corridor,FRC2,30,30,32,32,1.0,False,-6.233742064909034,106.75495503627582,12.600808704103487,True,
2026-07-26T12:01:00.335389+00:00,2298,-6.288583799999989,106.77784095,complex_corridor,FRC1,31,40,451,350,1.0,False,-6.288634823320289,106.77780477487897,6.94084144102375,True,
2026-07-26T12:01:00.616615+00:00,2322,-6.2884621,106.7781152,complex_corridor,FRC1,26,26,53,53,1.0,False,-6.288455113550981,106.77822722279888,12.405765015820144,True,
2026-07-26T12:01:00.897283+00:00,2459,-6.23996075,106.79819865,complex_corridor,FRC3,22,28,516,405,1.0,False,-6.239927209643448,106.79835988366938,18.208192291717626,True,
2026-07-26T12:01:01.182750+00:00,2660,-6.288887410002579,106.77817204999796,complex_corridor,FRC1,9,15,49,29,1.0,False,-6.289080056713849,106.77821112954479,21.852459789678804,True,
2026-07-26T12:01:01.464109+00:00,2731,-6.240104349999994,106.79819525,complex_corridor,FRC1,11,21,545,285,1.0,False,-6.254711568502923,106.79717434728451,1628.1638385691926,False,
2026-07-26T12:01:01.747684+00:00,2979,-6.239918790000258,106.79844824999957,complex_corridor,FRC2,9,15,4,2,1.0,False,-6.239928542802509,106.79846583092547,2.2254395550977346,True,
2026-07-26T12:01:02.032047+00:00,3134,-6.2892448600025785,106.77855074999796,complex_corridor,FRC1,22,22,11,11,1.0,False,-6.289262432333267,106.778499467014,5.995427904385316,True,
2026-07-26T12:01:02.317066+00:00,3164,-6.239840140000258,106.79869149999956,complex_corridor,FRC2,24,24,145,145,1.0,False,-6.23981997364873,106.79856239045006,14.446370748590217,True,
2026-07-26T12:01:02.596336+00:00,3940,-6.242815700000143,106.84290446666662,complex_corridor,FRC2,14,20,28,20,1.0,False,-6.242610768682978,106.84288187111798,22.923789898286447,True,
2026-07-26T12:01:02.878509+00:00,3995,-6.2428431,106.8426503,complex_corridor,FRC2,32,32,8,8,1.0,False,-6.24270333943449,106.84230519617961,41.19038604817657,True,
2026-07-26T12:01:03.162353+00:00,4135,-6.242451300001405,106.84346441666648,complex_corridor,FRC3,27,27,15,15,1.0,False,-6.24264159782794,106.84303341592732,52.128779444682614,True,
2026-07-26T12:01:03.449692+00:00,4174,-6.242622250001264,106.84418269999986,complex_corridor,FRC3,21,21,14,14,1.0,False,-6.242365385288672,106.84405667866673,31.777844988721665,True,
2026-07-26T12:01:03.731240+00:00,4307,-6.237238257899974,106.8272395210502,complex_corridor,FRC2,21,21,6,6,1.0,False,-6.237236971031365,106.82743234718856,21.314848279038795,True,
2026-07-26T12:01:04.010131+00:00,4312,-6.237042057899963,106.8269344210502,complex_corridor,FRC2,23,23,6,6,1.0,False,-6.237208807900389,106.82690797532604,18.770772040768108,True,
2026-07-26T12:01:04.293286+00:00,4383,-6.255330045001537,106.84307333999776,complex_corridor,FRC4,25,25,7,7,1.0,False,-6.255170245392188,106.84296367849294,21.509477825194235,True,
2026-07-26T12:01:04.580045+00:00,4421,-6.237577607899957,106.82686737105018,complex_corridor,FRC3,18,18,27,27,1.0,False,-6.237416698431964,106.82692406858013,18.95817050701808,True,
2026-07-26T12:01:04.868304+00:00,5234,-6.255677025000373,106.8431710999986,complex_corridor,FRC4,23,23,6,6,1.0,False,-6.25559934329838,106.84329627241084,16.310649749926508,True,
2026-07-26T12:01:05.166124+00:00,5259,-6.255508725000373,106.84360214999862,complex_corridor,FRC4,24,29,359,297,0.994173,False,-6.255457199448482,106.84295563186589,71.6908067558573,True,
2026-07-26T12:01:05.448541+00:00,5296,-6.242909649999996,106.84406470000002,complex_corridor,FRC2,26,34,54,41,1.0,False,-6.24287098327402,106.84404058541264,5.0587612651154314,True,
2026-07-26T12:15:48.549137+00:00,703,-6.235444892859697,106.75583232857385,complex_corridor,FRC2,28,28,6,6,1.0,False,-6.235637002833079,106.75573958241279,23.694334982762854,True,
2026-07-26T12:15:48.820832+00:00,821,-6.288795825000754,106.77763638750048,complex_corridor,FRC1,31,31,35,35,1.0,False,-6.288676397337788,106.77774978959411,18.260596237349766,True,
2026-07-26T12:15:49.089766+00:00,1336,-6.235382350000007,106.7560557,complex_corridor,FRC2,21,26,12,10,0.99,False,-6.235851643158244,106.75634307944131,61.09133400248038,True,
2026-07-26T12:15:49.365234+00:00,2187,-6.234661449999994,106.7555585,complex_corridor,FRC2,26,39,28,18,0.99,False,-6.235295044618109,106.75596622907466,83.63486690954973,True,
2026-07-26T12:15:49.636632+00:00,2188,-6.233655599999991,106.75488135,complex_corridor,FRC2,30,30,32,32,1.0,False,-6.233742064909034,106.75495503627582,12.600808704103487,True,
2026-07-26T12:15:49.902204+00:00,2298,-6.288583799999989,106.77784095,complex_corridor,FRC1,30,41,466,341,1.0,False,-6.288634823320289,106.77780477487897,6.94084144102375,True,
2026-07-26T12:15:50.177790+00:00,2322,-6.2884621,106.7781152,complex_corridor,FRC1,26,26,53,53,1.0,False,-6.288455113550981,106.77822722279888,12.405765015820144,True,
2026-07-26T12:15:50.446237+00:00,2459,-6.23996075,106.79819865,complex_corridor,FRC3,24,27,473,420,1.0,False,-6.239927209643448,106.79835988366938,18.208192291717626,True,
2026-07-26T12:15:50.711514+00:00,2660,-6.288887410002579,106.77817204999796,complex_corridor,FRC1,10,14,44,31,1.0,False,-6.289080056713849,106.77821112954479,21.852459789678804,True,
2026-07-26T12:15:50.976685+00:00,2731,-6.240104349999994,106.79819525,complex_corridor,FRC1,14,20,428,300,1.0,False,-6.254711568502923,106.79717434728451,1628.1638385691926,False,
2026-07-26T12:15:51.241947+00:00,2979,-6.239918790000258,106.79844824999957,complex_corridor,FRC2,15,15,2,2,1.0,False,-6.239928542802509,106.79846583092547,2.2254395550977346,True,
2026-07-26T12:15:51.508404+00:00,3134,-6.2892448600025785,106.77855074999796,complex_corridor,FRC1,22,22,11,11,1.0,False,-6.289262432333267,106.778499467014,5.995427904385316,True,
2026-07-26T12:15:51.790795+00:00,3164,-6.239840140000258,106.79869149999956,complex_corridor,FRC2,24,24,145,145,1.0,False,-6.23981997364873,106.79856239045006,14.446370748590217,True,
2026-07-26T12:15:52.054312+00:00,3940,-6.242815700000143,106.84290446666662,complex_corridor,FRC2,21,21,19,19,1.0,False,-6.242610768682978,106.84288187111798,22.923789898286447,True,
2026-07-26T12:15:52.320618+00:00,3995,-6.2428431,106.8426503,complex_corridor,FRC2,32,32,8,8,1.0,False,-6.24270333943449,106.84230519617961,41.19038604817657,True,
2026-07-26T12:15:52.585635+00:00,4135,-6.242451300001405,106.84346441666648,complex_corridor,FRC3,21,26,19,16,1.0,False,-6.24264159782794,106.84303341592732,52.128779444682614,True,
2026-07-26T12:15:52.849653+00:00,4174,-6.242622250001264,106.84418269999986,complex_corridor,FRC3,21,21,14,14,1.0,False,-6.242365385288672,106.84405667866673,31.777844988721665,True,
2026-07-26T12:15:53.118984+00:00,4307,-6.237238257899974,106.8272395210502,complex_corridor,FRC2,21,21,6,6,1.0,False,-6.237236971031365,106.82743234718856,21.314848279038795,True,
2026-07-26T12:15:53.382971+00:00,4312,-6.237042057899963,106.8269344210502,complex_corridor,FRC2,23,23,6,6,1.0,False,-6.237208807900389,106.82690797532604,18.770772040768108,True,
2026-07-26T12:15:53.649732+00:00,4383,-6.255330045001537,106.84307333999776,complex_corridor,FRC4,25,25,7,7,1.0,False,-6.255170245392188,106.84296367849294,21.509477825194235,True,
2026-07-26T12:15:53.919698+00:00,4421,-6.237577607899957,106.82686737105018,complex_corridor,FRC3,18,18,27,27,1.0,False,-6.237416698431964,106.82692406858013,18.95817050701808,True,
2026-07-26T12:15:54.190893+00:00,5234,-6.255677025000373,106.8431710999986,complex_corridor,FRC4,23,23,6,6,1.0,False,-6.25559934329838,106.84329627241084,16.310649749926508,True,
2026-07-26T12:15:54.456601+00:00,5259,-6.255508725000373,106.84360214999862,complex_corridor,FRC4,30,30,287,287,1.0,False,-6.255457199448482,106.84295563186589,71.6908067558573,True,
2026-07-26T12:15:54.731051+00:00,5296,-6.242909649999996,106.84406470000002,complex_corridor,FRC2,28,35,50,40,1.0,False,-6.24287098327402,106.84404058541264,5.0587612651154314,True,
2026-07-26T12:30:55.361204+00:00,703,-6.235444892859697,106.75583232857385,complex_corridor,FRC2,28,28,6,6,1.0,False,-6.235637002833079,106.75573958241279,23.694334982762854,True,
2026-07-26T12:30:55.633157+00:00,821,-6.288795825000754,106.77763638750048,complex_corridor,FRC1,23,30,47,36,0.99,False,-6.288676397337788,106.77774978959411,18.260596237349766,True,
2026-07-26T12:30:55.906161+00:00,1336,-6.235382350000007,106.7560557,complex_corridor,FRC2,27,27,9,9,1.0,False,-6.235851643158244,106.75634307944131,61.09133400248038,True,
2026-07-26T12:30:56.178783+00:00,2187,-6.234661449999994,106.7555585,complex_corridor,FRC2,39,39,18,18,1.0,False,-6.235295044618109,106.75596622907466,83.63486690954973,True,
2026-07-26T12:30:56.459430+00:00,2188,-6.233655599999991,106.75488135,complex_corridor,FRC2,30,30,32,32,1.0,False,-6.233742064909034,106.75495503627582,12.600808704103487,True,
2026-07-26T12:30:56.731596+00:00,2298,-6.288583799999989,106.77784095,complex_corridor,FRC1,32,41,437,341,1.0,False,-6.288634823320289,106.77780477487897,6.94084144102375,True,
2026-07-26T12:30:57.000245+00:00,2322,-6.2884621,106.7781152,complex_corridor,FRC1,26,26,53,53,1.0,False,-6.288455113550981,106.77822722279888,12.405765015820144,True,
2026-07-26T12:30:57.276021+00:00,2459,-6.23996075,106.79819865,complex_corridor,FRC3,22,27,516,420,1.0,False,-6.239927209643448,106.79835988366938,18.208192291717626,True,
2026-07-26T12:30:57.550535+00:00,2660,-6.288887410002579,106.77817204999796,complex_corridor,FRC1,15,15,29,29,1.0,False,-6.289080056713849,106.77821112954479,21.852459789678804,True,
2026-07-26T12:30:57.829091+00:00,2731,-6.240104349999994,106.79819525,complex_corridor,FRC1,13,22,461,272,1.0,False,-6.254711568502923,106.79717434728451,1628.1638385691926,False,
2026-07-26T12:30:58.108142+00:00,2979,-6.239918790000258,106.79844824999957,complex_corridor,FRC2,15,15,2,2,1.0,False,-6.239928542802509,106.79846583092547,2.2254395550977346,True,
2026-07-26T12:30:58.398509+00:00,3134,-6.2892448600025785,106.77855074999796,complex_corridor,FRC1,22,22,11,11,1.0,False,-6.289262432333267,106.778499467014,5.995427904385316,True,
2026-07-26T12:30:58.679310+00:00,3164,-6.239840140000258,106.79869149999956,complex_corridor,FRC2,24,24,145,145,1.0,False,-6.23981997364873,106.79856239045006,14.446370748590217,True,
2026-07-26T12:30:58.947726+00:00,3940,-6.242815700000143,106.84290446666662,complex_corridor,FRC2,21,21,19,19,1.0,False,-6.242610768682978,106.84288187111798,22.923789898286447,True,
2026-07-26T12:30:59.217123+00:00,3995,-6.2428431,106.8426503,complex_corridor,FRC2,25,32,11,8,0.94,False,-6.24270333943449,106.84230519617961,41.19038604817657,True,
2026-07-26T12:30:59.486498+00:00,4135,-6.242451300001405,106.84346441666648,complex_corridor,FRC3,27,27,15,15,1.0,False,-6.24264159782794,106.84303341592732,52.128779444682614,True,
2026-07-26T12:30:59.797656+00:00,4174,-6.242622250001264,106.84418269999986,complex_corridor,FRC3,21,21,14,14,1.0,False,-6.242365385288672,106.84405667866673,31.777844988721665,True,
2026-07-26T12:31:00.068557+00:00,4307,-6.237238257899974,106.8272395210502,complex_corridor,FRC2,21,21,6,6,1.0,False,-6.237236971031365,106.82743234718856,21.314848279038795,True,
2026-07-26T12:31:00.349642+00:00,4312,-6.237042057899963,106.8269344210502,complex_corridor,FRC2,17,22,8,6,1.0,False,-6.237208807900389,106.82690797532604,18.770772040768108,True,
2026-07-26T12:31:00.621696+00:00,4383,-6.255330045001537,106.84307333999776,complex_corridor,FRC4,16,25,11,7,1.0,False,-6.255170245392188,106.84296367849294,21.509477825194235,True,
2026-07-26T12:31:00.889268+00:00,4421,-6.237577607899957,106.82686737105018,complex_corridor,FRC3,18,18,27,27,1.0,False,-6.237416698431964,106.82692406858013,18.95817050701808,True,
2026-07-26T12:31:01.165212+00:00,5234,-6.255677025000373,106.8431710999986,complex_corridor,FRC4,23,23,6,6,1.0,False,-6.25559934329838,106.84329627241084,16.310649749926508,True,
2026-07-26T12:31:01.436863+00:00,5259,-6.255508725000373,106.84360214999862,complex_corridor,FRC4,24,30,359,287,0.994512,False,-6.255457199448482,106.84295563186589,71.6908067558573,True,
2026-07-26T12:31:01.710228+00:00,5296,-6.242909649999996,106.84406470000002,complex_corridor,FRC2,22,34,64,41,1.0,False,-6.24287098327402,106.84404058541264,5.0587612651154314,True,
2026-07-26T12:45:51.477860+00:00,703,-6.235444892859697,106.75583232857385,complex_corridor,FRC2,28,28,6,6,1.0,False,-6.235637002833079,106.75573958241279,23.694334982762854,True,
2026-07-26T12:45:51.765551+00:00,821,-6.288795825000754,106.77763638750048,complex_corridor,FRC1,31,31,35,35,1.0,False,-6.288676397337788,106.77774978959411,18.260596237349766,True,
2026-07-26T12:45:52.050581+00:00,1336,-6.235382350000007,106.7560557,complex_corridor,FRC2,27,27,9,9,1.0,False,-6.235851643158244,106.75634307944131,61.09133400248038,True,
2026-07-26T12:45:52.338040+00:00,2187,-6.234661449999994,106.7555585,complex_corridor,FRC2,39,39,18,18,1.0,False,-6.235295044618109,106.75596622907466,83.63486690954973,True,
2026-07-26T12:45:52.624586+00:00,2188,-6.233655599999991,106.75488135,complex_corridor,FRC2,30,30,32,32,1.0,False,-6.233742064909034,106.75495503627582,12.600808704103487,True,
2026-07-26T12:45:52.919266+00:00,2298,-6.288583799999989,106.77784095,complex_corridor,FRC1,33,40,424,350,1.0,False,-6.288634823320289,106.77780477487897,6.94084144102375,True,
2026-07-26T12:45:53.209569+00:00,2322,-6.2884621,106.7781152,complex_corridor,FRC1,20,26,70,53,1.0,False,-6.288455113550981,106.77822722279888,12.405765015820144,True,
2026-07-26T12:45:53.498575+00:00,2459,-6.23996075,106.79819865,complex_corridor,FRC3,24,28,473,405,1.0,False,-6.239927209643448,106.79835988366938,18.208192291717626,True,
2026-07-26T12:45:53.789060+00:00,2660,-6.288887410002579,106.77817204999796,complex_corridor,FRC1,15,15,29,29,1.0,False,-6.289080056713849,106.77821112954479,21.852459789678804,True,
2026-07-26T12:45:54.076156+00:00,2731,-6.240104349999994,106.79819525,complex_corridor,FRC1,12,20,500,300,1.0,False,-6.254711568502923,106.79717434728451,1628.1638385691926,False,
2026-07-26T12:45:54.364198+00:00,2979,-6.239918790000258,106.79844824999957,complex_corridor,FRC2,15,15,2,2,1.0,False,-6.239928542802509,106.79846583092547,2.2254395550977346,True,
2026-07-26T12:45:54.652915+00:00,3134,-6.2892448600025785,106.77855074999796,complex_corridor,FRC1,22,22,11,11,1.0,False,-6.289262432333267,106.778499467014,5.995427904385316,True,
2026-07-26T12:45:54.943229+00:00,3164,-6.239840140000258,106.79869149999956,complex_corridor,FRC2,24,24,145,145,1.0,False,-6.23981997364873,106.79856239045006,14.446370748590217,True,
2026-07-26T12:45:55.231489+00:00,3940,-6.242815700000143,106.84290446666662,complex_corridor,FRC2,21,21,19,19,1.0,False,-6.242610768682978,106.84288187111798,22.923789898286447,True,
2026-07-26T12:45:55.518190+00:00,3995,-6.2428431,106.8426503,complex_corridor,FRC2,25,32,11,8,0.95,False,-6.24270333943449,106.84230519617961,41.19038604817657,True,
2026-07-26T12:45:55.807629+00:00,4135,-6.242451300001405,106.84346441666648,complex_corridor,FRC3,27,27,15,15,1.0,False,-6.24264159782794,106.84303341592732,52.128779444682614,True,
2026-07-26T12:45:56.092404+00:00,4174,-6.242622250001264,106.84418269999986,complex_corridor,FRC3,15,20,19,14,1.0,False,-6.242365385288672,106.84405667866673,31.777844988721665,True,
2026-07-26T12:45:56.379337+00:00,4307,-6.237238257899974,106.8272395210502,complex_corridor,FRC2,7,21,18,6,1.0,False,-6.237236971031365,106.82743234718856,21.314848279038795,True,
2026-07-26T12:45:56.666345+00:00,4312,-6.237042057899963,106.8269344210502,complex_corridor,FRC2,23,23,6,6,1.0,False,-6.237208807900389,106.82690797532604,18.770772040768108,True,
2026-07-26T12:45:56.959777+00:00,4383,-6.255330045001537,106.84307333999776,complex_corridor,FRC4,15,24,12,7,1.0,False,-6.255170245392188,106.84296367849294,21.509477825194235,True,
2026-07-26T12:45:57.248022+00:00,4421,-6.237577607899957,106.82686737105018,complex_corridor,FRC3,18,18,27,27,1.0,False,-6.237416698431964,106.82692406858013,18.95817050701808,True,
2026-07-26T12:45:57.533246+00:00,5234,-6.255677025000373,106.8431710999986,complex_corridor,FRC4,23,23,6,6,1.0,False,-6.25559934329838,106.84329627241084,16.310649749926508,True,
2026-07-26T12:45:57.821615+00:00,5259,-6.255508725000373,106.84360214999862,complex_corridor,FRC4,30,30,287,287,1.0,False,-6.255457199448482,106.84295563186589,71.6908067558573,True,
2026-07-26T12:45:58.108411+00:00,5296,-6.242909649999996,106.84406470000002,complex_corridor,FRC2,16,36,88,39,1.0,False,-6.24287098327402,106.84404058541264,5.0587612651154314,True,
2026-07-26T13:00:59.632140+00:00,703,-6.235444892859697,106.75583232857385,complex_corridor,FRC2,28,28,6,6,1.0,False,-6.235637002833079,106.75573958241279,23.694334982762854,True,
2026-07-26T13:00:59.923481+00:00,821,-6.288795825000754,106.77763638750048,complex_corridor,FRC1,17,30,64,36,1.0,False,-6.288676397337788,106.77774978959411,18.260596237349766,True,
2026-07-26T13:01:00.214904+00:00,1336,-6.235382350000007,106.7560557,complex_corridor,FRC2,27,27,9,9,1.0,False,-6.235851643158244,106.75634307944131,61.09133400248038,True,
2026-07-26T13:01:00.510179+00:00,2187,-6.234661449999994,106.7555585,complex_corridor,FRC2,39,39,18,18,1.0,False,-6.235295044618109,106.75596622907466,83.63486690954973,True,
2026-07-26T13:01:00.848463+00:00,2188,-6.233655599999991,106.75488135,complex_corridor,FRC2,30,30,32,32,1.0,False,-6.233742064909034,106.75495503627582,12.600808704103487,True,
2026-07-26T13:01:01.137428+00:00,2298,-6.288583799999989,106.77784095,complex_corridor,FRC1,31,40,451,350,1.0,False,-6.288634823320289,106.77780477487897,6.94084144102375,True,
2026-07-26T13:01:01.425259+00:00,2322,-6.2884621,106.7781152,complex_corridor,FRC1,26,26,53,53,1.0,False,-6.288455113550981,106.77822722279888,12.405765015820144,True,
2026-07-26T13:01:01.718305+00:00,2459,-6.23996075,106.79819865,complex_corridor,FRC3,23,27,493,420,1.0,False,-6.239927209643448,106.79835988366938,18.208192291717626,True,
2026-07-26T13:01:02.011491+00:00,2660,-6.288887410002579,106.77817204999796,complex_corridor,FRC1,15,15,29,29,1.0,False,-6.289080056713849,106.77821112954479,21.852459789678804,True,
2026-07-26T13:01:02.297942+00:00,2731,-6.240104349999994,106.79819525,complex_corridor,FRC1,15,20,400,300,1.0,False,-6.254711568502923,106.79717434728451,1628.1638385691926,False,
2026-07-26T13:01:02.589310+00:00,2979,-6.239918790000258,106.79844824999957,complex_corridor,FRC2,8,13,5,3,1.0,False,-6.239928542802509,106.79846583092547,2.2254395550977346,True,
2026-07-26T13:01:02.878061+00:00,3134,-6.2892448600025785,106.77855074999796,complex_corridor,FRC1,17,21,15,12,1.0,False,-6.289262432333267,106.778499467014,5.995427904385316,True,
2026-07-26T13:01:03.164356+00:00,3164,-6.239840140000258,106.79869149999956,complex_corridor,FRC2,24,24,145,145,1.0,False,-6.23981997364873,106.79856239045006,14.446370748590217,True,
2026-07-26T13:01:03.452388+00:00,3940,-6.242815700000143,106.84290446666662,complex_corridor,FRC2,14,20,28,20,1.0,False,-6.242610768682978,106.84288187111798,22.923789898286447,True,
2026-07-26T13:01:03.760496+00:00,3995,-6.2428431,106.8426503,complex_corridor,FRC2,24,32,11,8,0.88,False,-6.24270333943449,106.84230519617961,41.19038604817657,True,
2026-07-26T13:01:04.048337+00:00,4135,-6.242451300001405,106.84346441666648,complex_corridor,FRC3,27,27,15,15,1.0,False,-6.24264159782794,106.84303341592732,52.128779444682614,True,
2026-07-26T13:01:04.337993+00:00,4174,-6.242622250001264,106.84418269999986,complex_corridor,FRC3,21,21,14,14,1.0,False,-6.242365385288672,106.84405667866673,31.777844988721665,True,
2026-07-26T13:01:04.635389+00:00,4307,-6.237238257899974,106.8272395210502,complex_corridor,FRC2,21,21,6,6,1.0,False,-6.237236971031365,106.82743234718856,21.314848279038795,True,
2026-07-26T13:01:04.950158+00:00,4312,-6.237042057899963,106.8269344210502,complex_corridor,FRC2,18,22,8,6,1.0,False,-6.237208807900389,106.82690797532604,18.770772040768108,True,
2026-07-26T13:01:05.244909+00:00,4383,-6.255330045001537,106.84307333999776,complex_corridor,FRC4,18,25,10,7,1.0,False,-6.255170245392188,106.84296367849294,21.509477825194235,True,
2026-07-26T13:01:05.532268+00:00,4421,-6.237577607899957,106.82686737105018,complex_corridor,FRC3,18,18,27,27,1.0,False,-6.237416698431964,106.82692406858013,18.95817050701808,True,
2026-07-26T13:01:05.848349+00:00,5234,-6.255677025000373,106.8431710999986,complex_corridor,FRC4,16,23,8,6,0.99,False,-6.25559934329838,106.84329627241084,16.310649749926508,True,
2026-07-26T13:01:06.133627+00:00,5259,-6.255508725000373,106.84360214999862,complex_corridor,FRC4,21,30,410,287,0.99541,False,-6.255457199448482,106.84295563186589,71.6908067558573,True,
2026-07-26T13:01:06.421460+00:00,5296,-6.242909649999996,106.84406470000002,complex_corridor,FRC2,20,35,71,40,1.0,False,-6.24287098327402,106.84404058541264,5.0587612651154314,True,
2026-07-26T13:15:50.396663+00:00,703,-6.235444892859697,106.75583232857385,complex_corridor,FRC2,28,28,6,6,1.0,False,-6.235637002833079,106.75573958241279,23.694334982762854,True,
2026-07-26T13:15:50.730174+00:00,821,-6.288795825000754,106.77763638750048,complex_corridor,FRC1,19,31,57,35,0.99,False,-6.288676397337788,106.77774978959411,18.260596237349766,True,
2026-07-26T13:15:51.048114+00:00,1336,-6.235382350000007,106.7560557,complex_corridor,FRC2,5,25,53,10,0.95,False,-6.235851643158244,106.75634307944131,61.09133400248038,True,
2026-07-26T13:15:51.358603+00:00,2187,-6.234661449999994,106.7555585,complex_corridor,FRC2,39,39,18,18,1.0,False,-6.235295044618109,106.75596622907466,83.63486690954973,True,
2026-07-26T13:15:51.667996+00:00,2188,-6.233655599999991,106.75488135,complex_corridor,FRC2,30,30,32,32,1.0,False,-6.233742064909034,106.75495503627582,12.600808704103487,True,
2026-07-26T13:15:51.985657+00:00,2298,-6.288583799999989,106.77784095,complex_corridor,FRC1,33,41,424,341,1.0,False,-6.288634823320289,106.77780477487897,6.94084144102375,True,
2026-07-26T13:15:52.297602+00:00,2322,-6.2884621,106.7781152,complex_corridor,FRC1,18,25,77,56,1.0,False,-6.288455113550981,106.77822722279888,12.405765015820144,True,
2026-07-26T13:15:52.617059+00:00,2459,-6.23996075,106.79819865,complex_corridor,FRC3,23,28,493,405,1.0,False,-6.239927209643448,106.79835988366938,18.208192291717626,True,
2026-07-26T13:15:52.929365+00:00,2660,-6.288887410002579,106.77817204999796,complex_corridor,FRC1,15,15,29,29,1.0,False,-6.289080056713849,106.77821112954479,21.852459789678804,True,
2026-07-26T13:15:53.240270+00:00,2731,-6.240104349999994,106.79819525,complex_corridor,FRC1,16,23,375,260,1.0,False,-6.254711568502923,106.79717434728451,1628.1638385691926,False,
2026-07-26T13:15:53.552438+00:00,2979,-6.239918790000258,106.79844824999957,complex_corridor,FRC2,12,15,3,2,1.0,False,-6.239928542802509,106.79846583092547,2.2254395550977346,True,
2026-07-26T13:15:53.866556+00:00,3134,-6.2892448600025785,106.77855074999796,complex_corridor,FRC1,22,22,11,11,1.0,False,-6.289262432333267,106.778499467014,5.995427904385316,True,
2026-07-26T13:15:54.178685+00:00,3164,-6.239840140000258,106.79869149999956,complex_corridor,FRC2,24,24,145,145,1.0,False,-6.23981997364873,106.79856239045006,14.446370748590217,True,
2026-07-26T13:15:54.492983+00:00,3940,-6.242815700000143,106.84290446666662,complex_corridor,FRC2,11,21,36,19,1.0,False,-6.242610768682978,106.84288187111798,22.923789898286447,True,
2026-07-26T13:15:54.807024+00:00,3995,-6.2428431,106.8426503,complex_corridor,FRC2,32,32,8,8,1.0,False,-6.24270333943449,106.84230519617961,41.19038604817657,True,
2026-07-26T13:15:55.118375+00:00,4135,-6.242451300001405,106.84346441666648,complex_corridor,FRC3,27,27,15,15,1.0,False,-6.24264159782794,106.84303341592732,52.128779444682614,True,
2026-07-26T13:15:55.429431+00:00,4174,-6.242622250001264,106.84418269999986,complex_corridor,FRC3,21,21,14,14,1.0,False,-6.242365385288672,106.84405667866673,31.777844988721665,True,
2026-07-26T13:15:55.748187+00:00,4307,-6.237238257899974,106.8272395210502,complex_corridor,FRC2,21,21,6,6,1.0,False,-6.237236971031365,106.82743234718856,21.314848279038795,True,
2026-07-26T13:15:56.061676+00:00,4312,-6.237042057899963,106.8269344210502,complex_corridor,FRC2,23,23,6,6,1.0,False,-6.237208807900389,106.82690797532604,18.770772040768108,True,
2026-07-26T13:15:56.375250+00:00,4383,-6.255330045001537,106.84307333999776,complex_corridor,FRC4,20,25,9,7,1.0,False,-6.255170245392188,106.84296367849294,21.509477825194235,True,
2026-07-26T13:15:56.687564+00:00,4421,-6.237577607899957,106.82686737105018,complex_corridor,FRC3,18,18,27,27,1.0,False,-6.237416698431964,106.82692406858013,18.95817050701808,True,
2026-07-26T13:15:57.007994+00:00,5234,-6.255677025000373,106.8431710999986,complex_corridor,FRC4,18,23,7,6,1.0,False,-6.25559934329838,106.84329627241084,16.310649749926508,True,
2026-07-26T13:15:57.319577+00:00,5259,-6.255508725000373,106.84360214999862,complex_corridor,FRC4,23,30,374,287,0.994512,False,-6.255457199448482,106.84295563186589,71.6908067558573,True,
2026-07-26T13:15:57.635677+00:00,5296,-6.242909649999996,106.84406470000002,complex_corridor,FRC2,26,35,54,40,1.0,False,-6.24287098327402,106.84404058541264,5.0587612651154314,True,
2026-07-26T13:30:56.210062+00:00,703,-6.235444892859697,106.75583232857385,complex_corridor,FRC2,28,28,6,6,1.0,False,-6.235637002833079,106.75573958241279,23.694334982762854,True,
2026-07-26T13:30:56.519274+00:00,821,-6.288795825000754,106.77763638750048,complex_corridor,FRC1,31,31,35,35,1.0,False,-6.288676397337788,106.77774978959411,18.260596237349766,True,
2026-07-26T13:30:56.825735+00:00,1336,-6.235382350000007,106.7560557,complex_corridor,FRC2,27,27,9,9,1.0,False,-6.235851643158244,106.75634307944131,61.09133400248038,True,
2026-07-26T13:30:57.132758+00:00,2187,-6.234661449999994,106.7555585,complex_corridor,FRC2,39,39,18,18,1.0,False,-6.235295044618109,106.75596622907466,83.63486690954973,True,
2026-07-26T13:30:57.444162+00:00,2188,-6.233655599999991,106.75488135,complex_corridor,FRC2,30,30,32,32,1.0,False,-6.233742064909034,106.75495503627582,12.600808704103487,True,
2026-07-26T13:30:57.744944+00:00,2298,-6.288583799999989,106.77784095,complex_corridor,FRC1,41,41,341,341,1.0,False,-6.288634823320289,106.77780477487897,6.94084144102375,True,
2026-07-26T13:30:58.056297+00:00,2322,-6.2884621,106.7781152,complex_corridor,FRC1,26,26,53,53,1.0,False,-6.288455113550981,106.77822722279888,12.405765015820144,True,
2026-07-26T13:30:58.361200+00:00,2459,-6.23996075,106.79819865,complex_corridor,FRC3,23,27,493,420,1.0,False,-6.239927209643448,106.79835988366938,18.208192291717626,True,
2026-07-26T13:30:58.668297+00:00,2660,-6.288887410002579,106.77817204999796,complex_corridor,FRC1,15,15,29,29,1.0,False,-6.289080056713849,106.77821112954479,21.852459789678804,True,
2026-07-26T13:30:58.974389+00:00,2731,-6.240104349999994,106.79819525,complex_corridor,FRC1,15,21,400,285,1.0,False,-6.254711568502923,106.79717434728451,1628.1638385691926,False,
2026-07-26T13:30:59.274477+00:00,2979,-6.239918790000258,106.79844824999957,complex_corridor,FRC2,15,15,2,2,1.0,False,-6.239928542802509,106.79846583092547,2.2254395550977346,True,
2026-07-26T13:30:59.579517+00:00,3134,-6.2892448600025785,106.77855074999796,complex_corridor,FRC1,22,22,11,11,1.0,False,-6.289262432333267,106.778499467014,5.995427904385316,True,
2026-07-26T13:30:59.887386+00:00,3164,-6.239840140000258,106.79869149999956,complex_corridor,FRC2,24,24,145,145,1.0,False,-6.23981997364873,106.79856239045006,14.446370748590217,True,
2026-07-26T13:31:00.198221+00:00,3940,-6.242815700000143,106.84290446666662,complex_corridor,FRC2,11,20,36,20,0.99,False,-6.242610768682978,106.84288187111798,22.923789898286447,True,
2026-07-26T13:31:00.503965+00:00,3995,-6.2428431,106.8426503,complex_corridor,FRC2,32,32,8,8,1.0,False,-6.24270333943449,106.84230519617961,41.19038604817657,True,
2026-07-26T13:31:00.805419+00:00,4135,-6.242451300001405,106.84346441666648,complex_corridor,FRC3,27,27,15,15,1.0,False,-6.24264159782794,106.84303341592732,52.128779444682614,True,
2026-07-26T13:31:01.106302+00:00,4174,-6.242622250001264,106.84418269999986,complex_corridor,FRC3,21,21,14,14,1.0,False,-6.242365385288672,106.84405667866673,31.777844988721665,True,
2026-07-26T13:31:01.413264+00:00,4307,-6.237238257899974,106.8272395210502,complex_corridor,FRC2,12,20,10,6,1.0,False,-6.237236971031365,106.82743234718856,21.314848279038795,True,
2026-07-26T13:31:01.715892+00:00,4312,-6.237042057899963,106.8269344210502,complex_corridor,FRC2,23,23,6,6,1.0,False,-6.237208807900389,106.82690797532604,18.770772040768108,True,
2026-07-26T13:31:02.018621+00:00,4383,-6.255330045001537,106.84307333999776,complex_corridor,FRC4,19,24,9,7,1.0,False,-6.255170245392188,106.84296367849294,21.509477825194235,True,
2026-07-26T13:31:02.321782+00:00,4421,-6.237577607899957,106.82686737105018,complex_corridor,FRC3,18,18,27,27,1.0,False,-6.237416698431964,106.82692406858013,18.95817050701808,True,
2026-07-26T13:31:02.624294+00:00,5234,-6.255677025000373,106.8431710999986,complex_corridor,FRC4,16,23,8,6,1.0,False,-6.25559934329838,106.84329627241084,16.310649749926508,True,
2026-07-26T13:31:02.934289+00:00,5259,-6.255508725000373,106.84360214999862,complex_corridor,FRC4,30,30,287,287,1.0,False,-6.255457199448482,106.84295563186589,71.6908067558573,True,
2026-07-26T13:31:03.236449+00:00,5296,-6.242909649999996,106.84406470000002,complex_corridor,FRC2,22,35,64,40,1.0,False,-6.24287098327402,106.84404058541264,5.0587612651154314,True,
2026-07-26T13:45:48.599018+00:00,703,-6.235444892859697,106.75583232857385,complex_corridor,FRC2,28,28,6,6,1.0,False,-6.235637002833079,106.75573958241279,23.694334982762854,True,
2026-07-26T13:45:48.874187+00:00,821,-6.288795825000754,106.77763638750048,complex_corridor,FRC1,24,31,45,35,1.0,False,-6.288676397337788,106.77774978959411,18.260596237349766,True,
2026-07-26T13:45:49.146075+00:00,1336,-6.235382350000007,106.7560557,complex_corridor,FRC2,27,27,9,9,1.0,False,-6.235851643158244,106.75634307944131,61.09133400248038,True,
2026-07-26T13:45:49.417090+00:00,2187,-6.234661449999994,106.7555585,complex_corridor,FRC2,39,39,18,18,1.0,False,-6.235295044618109,106.75596622907466,83.63486690954973,True,
2026-07-26T13:45:49.696452+00:00,2188,-6.233655599999991,106.75488135,complex_corridor,FRC2,30,30,32,32,1.0,False,-6.233742064909034,106.75495503627582,12.600808704103487,True,
2026-07-26T13:45:49.974373+00:00,2298,-6.288583799999989,106.77784095,complex_corridor,FRC1,41,41,341,341,1.0,False,-6.288634823320289,106.77780477487897,6.94084144102375,True,
2026-07-26T13:45:50.265376+00:00,2322,-6.2884621,106.7781152,complex_corridor,FRC1,18,26,77,53,1.0,False,-6.288455113550981,106.77822722279888,12.405765015820144,True,
2026-07-26T13:45:50.562047+00:00,2459,-6.23996075,106.79819865,complex_corridor,FRC3,24,27,473,420,1.0,False,-6.239927209643448,106.79835988366938,18.208192291717626,True,
2026-07-26T13:45:50.846935+00:00,2660,-6.288887410002579,106.77817204999796,complex_corridor,FRC1,15,15,29,29,1.0,False,-6.289080056713849,106.77821112954479,21.852459789678804,True,
2026-07-26T13:45:51.119826+00:00,2731,-6.240104349999994,106.79819525,complex_corridor,FRC1,21,21,285,285,1.0,False,-6.254711568502923,106.79717434728451,1628.1638385691926,False,
2026-07-26T13:45:51.389267+00:00,2979,-6.239918790000258,106.79844824999957,complex_corridor,FRC2,10,13,4,3,1.0,False,-6.239928542802509,106.79846583092547,2.2254395550977346,True,
2026-07-26T13:45:51.660290+00:00,3134,-6.2892448600025785,106.77855074999796,complex_corridor,FRC1,17,21,15,12,1.0,False,-6.289262432333267,106.778499467014,5.995427904385316,True,
2026-07-26T13:45:51.934536+00:00,3164,-6.239840140000258,106.79869149999956,complex_corridor,FRC2,24,24,145,145,1.0,False,-6.23981997364873,106.79856239045006,14.446370748590217,True,
2026-07-26T13:45:52.203605+00:00,3940,-6.242815700000143,106.84290446666662,complex_corridor,FRC2,21,21,19,19,1.0,False,-6.242610768682978,106.84288187111798,22.923789898286447,True,
2026-07-26T13:45:52.472470+00:00,3995,-6.2428431,106.8426503,complex_corridor,FRC2,25,30,11,9,0.88,False,-6.24270333943449,106.84230519617961,41.19038604817657,True,
2026-07-26T13:45:52.744223+00:00,4135,-6.242451300001405,106.84346441666648,complex_corridor,FRC3,27,27,15,15,1.0,False,-6.24264159782794,106.84303341592732,52.128779444682614,True,
2026-07-26T13:45:53.020432+00:00,4174,-6.242622250001264,106.84418269999986,complex_corridor,FRC3,21,21,14,14,1.0,False,-6.242365385288672,106.84405667866673,31.777844988721665,True,
2026-07-26T13:45:53.312373+00:00,4307,-6.237238257899974,106.8272395210502,complex_corridor,FRC2,21,21,6,6,1.0,False,-6.237236971031365,106.82743234718856,21.314848279038795,True,
2026-07-26T13:45:53.583574+00:00,4312,-6.237042057899963,106.8269344210502,complex_corridor,FRC2,23,23,6,6,1.0,False,-6.237208807900389,106.82690797532604,18.770772040768108,True,
2026-07-26T13:45:53.859904+00:00,4383,-6.255330045001537,106.84307333999776,complex_corridor,FRC4,25,25,7,7,1.0,False,-6.255170245392188,106.84296367849294,21.509477825194235,True,
2026-07-26T13:45:54.130413+00:00,4421,-6.237577607899957,106.82686737105018,complex_corridor,FRC3,18,18,27,27,1.0,False,-6.237416698431964,106.82692406858013,18.95817050701808,True,
2026-07-26T13:45:54.413529+00:00,5234,-6.255677025000373,106.8431710999986,complex_corridor,FRC4,9,24,15,5,1.0,False,-6.25559934329838,106.84329627241084,16.310649749926508,True,
2026-07-26T13:45:54.684350+00:00,5259,-6.255508725000373,106.84360214999862,complex_corridor,FRC4,30,30,287,287,1.0,False,-6.255457199448482,106.84295563186589,71.6908067558573,True,
2026-07-26T13:45:54.972242+00:00,5296,-6.242909649999996,106.84406470000002,complex_corridor,FRC2,25,34,56,41,1.0,False,-6.24287098327402,106.84404058541264,5.0587612651154314,True,
2026-07-26T14:01:01.451404+00:00,703,-6.235444892859697,106.75583232857385,complex_corridor,FRC2,28,28,6,6,1.0,False,-6.235637002833079,106.75573958241279,23.694334982762854,True,
2026-07-26T14:01:01.753499+00:00,821,-6.288795825000754,106.77763638750048,complex_corridor,FRC1,9,28,121,39,1.0,False,-6.288676397337788,106.77774978959411,18.260596237349766,True,
2026-07-26T14:01:02.055424+00:00,1336,-6.235382350000007,106.7560557,complex_corridor,FRC2,27,27,9,9,1.0,False,-6.235851643158244,106.75634307944131,61.09133400248038,True,
2026-07-26T14:01:02.358115+00:00,2187,-6.234661449999994,106.7555585,complex_corridor,FRC2,39,39,18,18,1.0,False,-6.235295044618109,106.75596622907466,83.63486690954973,True,
2026-07-26T14:01:02.660297+00:00,2188,-6.233655599999991,106.75488135,complex_corridor,FRC2,30,30,32,32,1.0,False,-6.233742064909034,106.75495503627582,12.600808704103487,True,
2026-07-26T14:01:02.961471+00:00,2298,-6.288583799999989,106.77784095,complex_corridor,FRC1,41,41,341,341,1.0,False,-6.288634823320289,106.77780477487897,6.94084144102375,True,
2026-07-26T14:01:03.262881+00:00,2322,-6.2884621,106.7781152,complex_corridor,FRC1,20,25,70,56,1.0,False,-6.288455113550981,106.77822722279888,12.405765015820144,True,
2026-07-26T14:01:03.574233+00:00,2459,-6.23996075,106.79819865,complex_corridor,FRC3,28,28,405,405,1.0,False,-6.239927209643448,106.79835988366938,18.208192291717626,True,
2026-07-26T14:01:03.877376+00:00,2660,-6.288887410002579,106.77817204999796,complex_corridor,FRC1,11,14,40,31,1.0,False,-6.289080056713849,106.77821112954479,21.852459789678804,True,
2026-07-26T14:01:04.176765+00:00,2731,-6.240104349999994,106.79819525,complex_corridor,FRC1,15,21,400,285,1.0,False,-6.254711568502923,106.79717434728451,1628.1638385691926,False,
2026-07-26T14:01:04.477097+00:00,2979,-6.239918790000258,106.79844824999957,complex_corridor,FRC2,15,15,2,2,1.0,False,-6.239928542802509,106.79846583092547,2.2254395550977346,True,
2026-07-26T14:01:04.783045+00:00,3134,-6.2892448600025785,106.77855074999796,complex_corridor,FRC1,22,22,11,11,1.0,False,-6.289262432333267,106.778499467014,5.995427904385316,True,
2026-07-26T14:01:05.081651+00:00,3164,-6.239840140000258,106.79869149999956,complex_corridor,FRC2,24,24,145,145,1.0,False,-6.23981997364873,106.79856239045006,14.446370748590217,True,
2026-07-26T14:01:05.390672+00:00,3940,-6.242815700000143,106.84290446666662,complex_corridor,FRC2,17,21,23,19,0.98,False,-6.242610768682978,106.84288187111798,22.923789898286447,True,
2026-07-26T14:01:05.689388+00:00,3995,-6.2428431,106.8426503,complex_corridor,FRC2,24,30,11,9,0.6,False,-6.24270333943449,106.84230519617961,41.19038604817657,True,
2026-07-26T14:01:05.988511+00:00,4135,-6.242451300001405,106.84346441666648,complex_corridor,FRC3,27,27,15,15,1.0,False,-6.24264159782794,106.84303341592732,52.128779444682614,True,
2026-07-26T14:01:06.290135+00:00,4174,-6.242622250001264,106.84418269999986,complex_corridor,FRC3,21,21,14,14,1.0,False,-6.242365385288672,106.84405667866673,31.777844988721665,True,
2026-07-26T14:01:06.589096+00:00,4307,-6.237238257899974,106.8272395210502,complex_corridor,FRC2,21,21,6,6,1.0,False,-6.237236971031365,106.82743234718856,21.314848279038795,True,
2026-07-26T14:01:06.886779+00:00,4312,-6.237042057899963,106.8269344210502,complex_corridor,FRC2,23,23,6,6,1.0,False,-6.237208807900389,106.82690797532604,18.770772040768108,True,
2026-07-26T14:01:07.194738+00:00,4383,-6.255330045001537,106.84307333999776,complex_corridor,FRC4,14,24,12,7,1.0,False,-6.255170245392188,106.84296367849294,21.509477825194235,True,
2026-07-26T14:01:07.495585+00:00,4421,-6.237577607899957,106.82686737105018,complex_corridor,FRC3,18,18,27,27,1.0,False,-6.237416698431964,106.82692406858013,18.95817050701808,True,
2026-07-26T14:01:07.793021+00:00,5234,-6.255677025000373,106.8431710999986,complex_corridor,FRC4,12,23,11,6,0.99,False,-6.25559934329838,106.84329627241084,16.310649749926508,True,
2026-07-26T14:01:08.093652+00:00,5259,-6.255508725000373,106.84360214999862,complex_corridor,FRC4,22,29,391,297,0.998221,False,-6.255457199448482,106.84295563186589,71.6908067558573,True,
2026-07-26T14:01:08.398452+00:00,5296,-6.242909649999996,106.84406470000002,complex_corridor,FRC2,35,35,40,40,1.0,False,-6.24287098327402,106.84404058541264,5.0587612651154314,True,
2026-07-26T14:15:53.438645+00:00,703,-6.235444892859697,106.75583232857385,complex_corridor,FRC2,28,28,6,6,1.0,False,-6.235637002833079,106.75573958241279,23.694334982762854,True,
2026-07-26T14:15:53.734150+00:00,821,-6.288795825000754,106.77763638750048,complex_corridor,FRC1,24,30,45,36,0.99,False,-6.288676397337788,106.77774978959411,18.260596237349766,True,
2026-07-26T14:15:54.023318+00:00,1336,-6.235382350000007,106.7560557,complex_corridor,FRC2,27,27,9,9,1.0,False,-6.235851643158244,106.75634307944131,61.09133400248038,True,
2026-07-26T14:15:54.315959+00:00,2187,-6.234661449999994,106.7555585,complex_corridor,FRC2,39,39,18,18,1.0,False,-6.235295044618109,106.75596622907466,83.63486690954973,True,
2026-07-26T14:15:54.629395+00:00,2188,-6.233655599999991,106.75488135,complex_corridor,FRC2,30,30,32,32,1.0,False,-6.233742064909034,106.75495503627582,12.600808704103487,True,
2026-07-26T14:15:54.917907+00:00,2298,-6.288583799999989,106.77784095,complex_corridor,FRC1,41,41,341,341,1.0,False,-6.288634823320289,106.77780477487897,6.94084144102375,True,
2026-07-26T14:15:55.210124+00:00,2322,-6.2884621,106.7781152,complex_corridor,FRC1,26,26,53,53,1.0,False,-6.288455113550981,106.77822722279888,12.405765015820144,True,
2026-07-26T14:15:55.498568+00:00,2459,-6.23996075,106.79819865,complex_corridor,FRC3,28,28,405,405,1.0,False,-6.239927209643448,106.79835988366938,18.208192291717626,True,
2026-07-26T14:15:55.788360+00:00,2660,-6.288887410002579,106.77817204999796,complex_corridor,FRC1,15,15,29,29,1.0,False,-6.289080056713849,106.77821112954479,21.852459789678804,True,
2026-07-26T14:15:56.078377+00:00,2731,-6.240104349999994,106.79819525,complex_corridor,FRC1,14,21,428,285,1.0,False,-6.254711568502923,106.79717434728451,1628.1638385691926,False,
2026-07-26T14:15:56.372331+00:00,2979,-6.239918790000258,106.79844824999957,complex_corridor,FRC2,15,15,2,2,1.0,False,-6.239928542802509,106.79846583092547,2.2254395550977346,True,
2026-07-26T14:15:56.702373+00:00,3134,-6.2892448600025785,106.77855074999796,complex_corridor,FRC1,22,22,11,11,1.0,False,-6.289262432333267,106.778499467014,5.995427904385316,True,
2026-07-26T14:15:56.990490+00:00,3164,-6.239840140000258,106.79869149999956,complex_corridor,FRC2,24,24,145,145,1.0,False,-6.23981997364873,106.79856239045006,14.446370748590217,True,
2026-07-26T14:15:57.278993+00:00,3940,-6.242815700000143,106.84290446666662,complex_corridor,FRC2,21,21,19,19,1.0,False,-6.242610768682978,106.84288187111798,22.923789898286447,True,
2026-07-26T14:15:57.569077+00:00,3995,-6.2428431,106.8426503,complex_corridor,FRC2,24,32,11,8,0.91,False,-6.24270333943449,106.84230519617961,41.19038604817657,True,
2026-07-26T14:15:57.856961+00:00,4135,-6.242451300001405,106.84346441666648,complex_corridor,FRC3,27,27,15,15,1.0,False,-6.24264159782794,106.84303341592732,52.128779444682614,True,
2026-07-26T14:15:58.148370+00:00,4174,-6.242622250001264,106.84418269999986,complex_corridor,FRC3,21,21,14,14,1.0,False,-6.242365385288672,106.84405667866673,31.777844988721665,True,
2026-07-26T14:15:58.441605+00:00,4307,-6.237238257899974,106.8272395210502,complex_corridor,FRC2,21,21,6,6,1.0,False,-6.237236971031365,106.82743234718856,21.314848279038795,True,
2026-07-26T14:15:58.731373+00:00,4312,-6.237042057899963,106.8269344210502,complex_corridor,FRC2,23,23,6,6,1.0,False,-6.237208807900389,106.82690797532604,18.770772040768108,True,
2026-07-26T14:15:59.024320+00:00,4383,-6.255330045001537,106.84307333999776,complex_corridor,FRC4,25,25,7,7,1.0,False,-6.255170245392188,106.84296367849294,21.509477825194235,True,
2026-07-26T14:15:59.318851+00:00,4421,-6.237577607899957,106.82686737105018,complex_corridor,FRC3,18,18,27,27,1.0,False,-6.237416698431964,106.82692406858013,18.95817050701808,True,
2026-07-26T14:15:59.612118+00:00,5234,-6.255677025000373,106.8431710999986,complex_corridor,FRC4,23,23,6,6,1.0,False,-6.25559934329838,106.84329627241084,16.310649749926508,True,
2026-07-26T14:15:59.900385+00:00,5259,-6.255508725000373,106.84360214999862,complex_corridor,FRC4,23,30,374,287,1.0,False,-6.255457199448482,106.84295563186589,71.6908067558573,True,
2026-07-26T14:16:00.187296+00:00,5296,-6.242909649999996,106.84406470000002,complex_corridor,FRC2,35,35,40,40,1.0,False,-6.24287098327402,106.84404058541264,5.0587612651154314,True,
2026-07-26T14:30:55.582955+00:00,703,-6.235444892859697,106.75583232857385,complex_corridor,FRC2,28,28,6,6,1.0,False,-6.235637002833079,106.75573958241279,23.694334982762854,True,
2026-07-26T14:30:55.871008+00:00,821,-6.288795825000754,106.77763638750048,complex_corridor,FRC1,24,31,45,35,0.98,False,-6.288676397337788,106.77774978959411,18.260596237349766,True,
2026-07-26T14:30:56.161831+00:00,1336,-6.235382350000007,106.7560557,complex_corridor,FRC2,27,27,9,9,1.0,False,-6.235851643158244,106.75634307944131,61.09133400248038,True,
2026-07-26T14:30:56.450534+00:00,2187,-6.234661449999994,106.7555585,complex_corridor,FRC2,39,39,18,18,1.0,False,-6.235295044618109,106.75596622907466,83.63486690954973,True,
2026-07-26T14:30:56.741636+00:00,2188,-6.233655599999991,106.75488135,complex_corridor,FRC2,30,30,32,32,1.0,False,-6.233742064909034,106.75495503627582,12.600808704103487,True,
2026-07-26T14:30:57.030766+00:00,2298,-6.288583799999989,106.77784095,complex_corridor,FRC1,41,41,341,341,1.0,False,-6.288634823320289,106.77780477487897,6.94084144102375,True,
2026-07-26T14:30:57.315365+00:00,2322,-6.2884621,106.7781152,complex_corridor,FRC1,26,26,53,53,1.0,False,-6.288455113550981,106.77822722279888,12.405765015820144,True,
2026-07-26T14:30:57.601807+00:00,2459,-6.23996075,106.79819865,complex_corridor,FRC3,23,27,493,420,1.0,False,-6.239927209643448,106.79835988366938,18.208192291717626,True,
2026-07-26T14:30:57.889173+00:00,2660,-6.288887410002579,106.77817204999796,complex_corridor,FRC1,9,14,49,31,1.0,False,-6.289080056713849,106.77821112954479,21.852459789678804,True,
2026-07-26T14:30:58.178755+00:00,2731,-6.240104349999994,106.79819525,complex_corridor,FRC1,16,22,375,272,1.0,False,-6.254711568502923,106.79717434728451,1628.1638385691926,False,
2026-07-26T14:30:58.478688+00:00,2979,-6.239918790000258,106.79844824999957,complex_corridor,FRC2,15,15,2,2,1.0,False,-6.239928542802509,106.79846583092547,2.2254395550977346,True,
2026-07-26T14:30:58.767973+00:00,3134,-6.2892448600025785,106.77855074999796,complex_corridor,FRC1,22,22,11,11,1.0,False,-6.289262432333267,106.778499467014,5.995427904385316,True,
2026-07-26T14:30:59.053828+00:00,3164,-6.239840140000258,106.79869149999956,complex_corridor,FRC2,24,24,145,145,1.0,False,-6.23981997364873,106.79856239045006,14.446370748590217,True,
2026-07-26T14:30:59.348654+00:00,3940,-6.242815700000143,106.84290446666662,complex_corridor,FRC2,21,21,19,19,1.0,False,-6.242610768682978,106.84288187111798,22.923789898286447,True,
2026-07-26T14:30:59.634109+00:00,3995,-6.2428431,106.8426503,complex_corridor,FRC2,22,30,12,9,0.81,False,-6.24270333943449,106.84230519617961,41.19038604817657,True,
2026-07-26T14:30:59.924921+00:00,4135,-6.242451300001405,106.84346441666648,complex_corridor,FRC3,27,27,15,15,1.0,False,-6.24264159782794,106.84303341592732,52.128779444682614,True,
2026-07-26T14:31:00.211827+00:00,4174,-6.242622250001264,106.84418269999986,complex_corridor,FRC3,21,21,14,14,1.0,False,-6.242365385288672,106.84405667866673,31.777844988721665,True,
2026-07-26T14:31:00.499167+00:00,4307,-6.237238257899974,106.8272395210502,complex_corridor,FRC2,21,21,6,6,1.0,False,-6.237236971031365,106.82743234718856,21.314848279038795,True,
2026-07-26T14:31:00.790160+00:00,4312,-6.237042057899963,106.8269344210502,complex_corridor,FRC2,23,23,6,6,1.0,False,-6.237208807900389,106.82690797532604,18.770772040768108,True,
2026-07-26T14:31:01.076098+00:00,4383,-6.255330045001537,106.84307333999776,complex_corridor,FRC4,25,25,7,7,1.0,False,-6.255170245392188,106.84296367849294,21.509477825194235,True,
2026-07-26T14:31:01.366724+00:00,4421,-6.237577607899957,106.82686737105018,complex_corridor,FRC3,18,18,27,27,1.0,False,-6.237416698431964,106.82692406858013,18.95817050701808,True,
2026-07-26T14:31:01.652771+00:00,5234,-6.255677025000373,106.8431710999986,complex_corridor,FRC4,12,22,11,6,0.99,False,-6.25559934329838,106.84329627241084,16.310649749926508,True,
2026-07-26T14:31:01.941358+00:00,5259,-6.255508725000373,106.84360214999862,complex_corridor,FRC4,25,30,344,287,0.99726,False,-6.255457199448482,106.84295563186589,71.6908067558573,True,
2026-07-26T14:31:02.234417+00:00,5296,-6.242909649999996,106.84406470000002,complex_corridor,FRC2,35,35,40,40,1.0,False,-6.24287098327402,106.84404058541264,5.0587612651154314,True,
2026-07-26T14:45:46.600393+00:00,703,-6.235444892859697,106.75583232857385,complex_corridor,FRC2,28,28,6,6,1.0,False,-6.235637002833079,106.75573958241279,23.694334982762854,True,
2026-07-26T14:45:46.902392+00:00,821,-6.288795825000754,106.77763638750048,complex_corridor,FRC1,31,31,35,35,1.0,False,-6.288676397337788,106.77774978959411,18.260596237349766,True,
2026-07-26T14:45:47.211282+00:00,1336,-6.235382350000007,106.7560557,complex_corridor,FRC2,27,27,9,9,1.0,False,-6.235851643158244,106.75634307944131,61.09133400248038,True,
2026-07-26T14:45:47.510601+00:00,2187,-6.234661449999994,106.7555585,complex_corridor,FRC2,39,39,18,18,1.0,False,-6.235295044618109,106.75596622907466,83.63486690954973,True,
2026-07-26T14:45:47.811732+00:00,2188,-6.233655599999991,106.75488135,complex_corridor,FRC2,30,30,32,32,1.0,False,-6.233742064909034,106.75495503627582,12.600808704103487,True,
2026-07-26T14:45:48.110869+00:00,2298,-6.288583799999989,106.77784095,complex_corridor,FRC1,41,41,341,341,1.0,False,-6.288634823320289,106.77780477487897,6.94084144102375,True,
2026-07-26T14:45:48.411138+00:00,2322,-6.2884621,106.7781152,complex_corridor,FRC1,26,26,53,53,1.0,False,-6.288455113550981,106.77822722279888,12.405765015820144,True,
2026-07-26T14:45:48.719010+00:00,2459,-6.23996075,106.79819865,complex_corridor,FRC3,23,28,493,405,1.0,False,-6.239927209643448,106.79835988366938,18.208192291717626,True,
2026-07-26T14:45:49.022219+00:00,2660,-6.288887410002579,106.77817204999796,complex_corridor,FRC1,15,15,29,29,1.0,False,-6.289080056713849,106.77821112954479,21.852459789678804,True,
2026-07-26T14:45:49.323782+00:00,2731,-6.240104349999994,106.79819525,complex_corridor,FRC1,15,22,400,272,1.0,False,-6.254711568502923,106.79717434728451,1628.1638385691926,False,
2026-07-26T14:45:49.631091+00:00,2979,-6.239918790000258,106.79844824999957,complex_corridor,FRC2,15,15,2,2,1.0,False,-6.239928542802509,106.79846583092547,2.2254395550977346,True,
2026-07-26T14:45:49.931980+00:00,3134,-6.2892448600025785,106.77855074999796,complex_corridor,FRC1,14,22,18,11,0.99,False,-6.289262432333267,106.778499467014,5.995427904385316,True,
2026-07-26T14:45:50.230894+00:00,3164,-6.239840140000258,106.79869149999956,complex_corridor,FRC2,24,24,145,145,1.0,False,-6.23981997364873,106.79856239045006,14.446370748590217,True,
2026-07-26T14:45:50.534978+00:00,3940,-6.242815700000143,106.84290446666662,complex_corridor,FRC2,21,21,19,19,1.0,False,-6.242610768682978,106.84288187111798,22.923789898286447,True,
2026-07-26T14:45:50.836224+00:00,3995,-6.2428431,106.8426503,complex_corridor,FRC2,32,32,8,8,1.0,False,-6.24270333943449,106.84230519617961,41.19038604817657,True,
2026-07-26T14:45:51.142755+00:00,4135,-6.242451300001405,106.84346441666648,complex_corridor,FRC3,27,27,15,15,1.0,False,-6.24264159782794,106.84303341592732,52.128779444682614,True,
2026-07-26T14:45:51.450569+00:00,4174,-6.242622250001264,106.84418269999986,complex_corridor,FRC3,17,21,17,14,0.99,False,-6.242365385288672,106.84405667866673,31.777844988721665,True,
2026-07-26T14:45:51.750476+00:00,4307,-6.237238257899974,106.8272395210502,complex_corridor,FRC2,21,21,6,6,1.0,False,-6.237236971031365,106.82743234718856,21.314848279038795,True,
2026-07-26T14:45:52.062423+00:00,4312,-6.237042057899963,106.8269344210502,complex_corridor,FRC2,23,23,6,6,1.0,False,-6.237208807900389,106.82690797532604,18.770772040768108,True,
2026-07-26T14:45:52.362583+00:00,4383,-6.255330045001537,106.84307333999776,complex_corridor,FRC4,25,25,7,7,1.0,False,-6.255170245392188,106.84296367849294,21.509477825194235,True,
2026-07-26T14:45:52.661341+00:00,4421,-6.237577607899957,106.82686737105018,complex_corridor,FRC3,18,18,27,27,1.0,False,-6.237416698431964,106.82692406858013,18.95817050701808,True,
2026-07-26T14:45:52.961765+00:00,5234,-6.255677025000373,106.8431710999986,complex_corridor,FRC4,3,22,47,6,1.0,False,-6.25559934329838,106.84329627241084,16.310649749926508,True,
2026-07-26T14:45:53.261733+00:00,5259,-6.255508725000373,106.84360214999862,complex_corridor,FRC4,24,29,359,297,1.0,False,-6.255457199448482,106.84295563186589,71.6908067558573,True,
2026-07-26T14:45:53.564072+00:00,5296,-6.242909649999996,106.84406470000002,complex_corridor,FRC2,28,35,50,40,1.0,False,-6.24287098327402,106.84404058541264,5.0587612651154314,True,
2026-07-26T15:01:00.457040+00:00,703,-6.235444892859697,106.75583232857385,complex_corridor,FRC2,28,28,6,6,1.0,False,-6.235637002833079,106.75573958241279,23.694334982762854,True,
2026-07-26T15:01:00.756595+00:00,821,-6.288795825000754,106.77763638750048,complex_corridor,FRC1,31,31,35,35,1.0,False,-6.288676397337788,106.77774978959411,18.260596237349766,True,
2026-07-26T15:01:01.067807+00:00,1336,-6.235382350000007,106.7560557,complex_corridor,FRC2,27,27,9,9,1.0,False,-6.235851643158244,106.75634307944131,61.09133400248038,True,
2026-07-26T15:01:01.356409+00:00,2187,-6.234661449999994,106.7555585,complex_corridor,FRC2,39,39,18,18,1.0,False,-6.235295044618109,106.75596622907466,83.63486690954973,True,
2026-07-26T15:01:01.645401+00:00,2188,-6.233655599999991,106.75488135,complex_corridor,FRC2,30,30,32,32,1.0,False,-6.233742064909034,106.75495503627582,12.600808704103487,True,
2026-07-26T15:01:01.935120+00:00,2298,-6.288583799999989,106.77784095,complex_corridor,FRC1,41,41,341,341,1.0,False,-6.288634823320289,106.77780477487897,6.94084144102375,True,
2026-07-26T15:01:02.236704+00:00,2322,-6.2884621,106.7781152,complex_corridor,FRC1,26,26,53,53,1.0,False,-6.288455113550981,106.77822722279888,12.405765015820144,True,
2026-07-26T15:01:02.537245+00:00,2459,-6.23996075,106.79819865,complex_corridor,FRC3,28,28,405,405,1.0,False,-6.239927209643448,106.79835988366938,18.208192291717626,True,
2026-07-26T15:01:02.827419+00:00,2660,-6.288887410002579,106.77817204999796,complex_corridor,FRC1,15,15,29,29,1.0,False,-6.289080056713849,106.77821112954479,21.852459789678804,True,
2026-07-26T15:01:03.147415+00:00,2731,-6.240104349999994,106.79819525,complex_corridor,FRC1,21,21,285,285,1.0,False,-6.254711568502923,106.79717434728451,1628.1638385691926,False,
2026-07-26T15:01:03.437115+00:00,2979,-6.239918790000258,106.79844824999957,complex_corridor,FRC2,15,15,2,2,1.0,False,-6.239928542802509,106.79846583092547,2.2254395550977346,True,
2026-07-26T15:01:03.723324+00:00,3134,-6.2892448600025785,106.77855074999796,complex_corridor,FRC1,22,22,11,11,1.0,False,-6.289262432333267,106.778499467014,5.995427904385316,True,
2026-07-26T15:01:04.014534+00:00,3164,-6.239840140000258,106.79869149999956,complex_corridor,FRC2,24,24,145,145,1.0,False,-6.23981997364873,106.79856239045006,14.446370748590217,True,
2026-07-26T15:01:04.303085+00:00,3940,-6.242815700000143,106.84290446666662,complex_corridor,FRC2,16,20,25,20,0.99,False,-6.242610768682978,106.84288187111798,22.923789898286447,True,
2026-07-26T15:01:04.608640+00:00,3995,-6.2428431,106.8426503,complex_corridor,FRC2,12,32,23,8,0.93,False,-6.24270333943449,106.84230519617961,41.19038604817657,True,
2026-07-26T15:01:04.901300+00:00,4135,-6.242451300001405,106.84346441666648,complex_corridor,FRC3,27,27,15,15,1.0,False,-6.24264159782794,106.84303341592732,52.128779444682614,True,
2026-07-26T15:01:05.193407+00:00,4174,-6.242622250001264,106.84418269999986,complex_corridor,FRC3,15,21,19,14,0.99,False,-6.242365385288672,106.84405667866673,31.777844988721665,True,
2026-07-26T15:01:05.487920+00:00,4307,-6.237238257899974,106.8272395210502,complex_corridor,FRC2,16,20,8,6,0.99,False,-6.237236971031365,106.82743234718856,21.314848279038795,True,
2026-07-26T15:01:05.779348+00:00,4312,-6.237042057899963,106.8269344210502,complex_corridor,FRC2,23,23,6,6,1.0,False,-6.237208807900389,106.82690797532604,18.770772040768108,True,
2026-07-26T15:01:06.070341+00:00,4383,-6.255330045001537,106.84307333999776,complex_corridor,FRC4,25,25,7,7,1.0,False,-6.255170245392188,106.84296367849294,21.509477825194235,True,
2026-07-26T15:01:06.412145+00:00,4421,-6.237577607899957,106.82686737105018,complex_corridor,FRC3,18,18,27,27,1.0,False,-6.237416698431964,106.82692406858013,18.95817050701808,True,
2026-07-26T15:01:06.704258+00:00,5234,-6.255677025000373,106.8431710999986,complex_corridor,FRC4,15,23,9,6,1.0,False,-6.25559934329838,106.84329627241084,16.310649749926508,True,
2026-07-26T15:01:07.012215+00:00,5259,-6.255508725000373,106.84360214999862,complex_corridor,FRC4,30,30,287,287,1.0,False,-6.255457199448482,106.84295563186589,71.6908067558573,True,
2026-07-26T15:01:07.302376+00:00,5296,-6.242909649999996,106.84406470000002,complex_corridor,FRC2,35,35,40,40,1.0,False,-6.24287098327402,106.84404058541264,5.0587612651154314,True,
2026-07-26T15:15:51.731936+00:00,703,-6.235444892859697,106.75583232857385,complex_corridor,FRC2,22,28,7,6,0.81,False,-6.235637002833079,106.75573958241279,23.694334982762854,True,
2026-07-26T15:15:51.997664+00:00,821,-6.288795825000754,106.77763638750048,complex_corridor,FRC1,31,31,35,35,1.0,False,-6.288676397337788,106.77774978959411,18.260596237349766,True,
2026-07-26T15:15:52.268421+00:00,1336,-6.235382350000007,106.7560557,complex_corridor,FRC2,27,27,9,9,1.0,False,-6.235851643158244,106.75634307944131,61.09133400248038,True,
2026-07-26T15:15:52.539987+00:00,2187,-6.234661449999994,106.7555585,complex_corridor,FRC2,39,39,18,18,1.0,False,-6.235295044618109,106.75596622907466,83.63486690954973,True,
2026-07-26T15:15:52.803062+00:00,2188,-6.233655599999991,106.75488135,complex_corridor,FRC2,24,30,40,32,0.98,False,-6.233742064909034,106.75495503627582,12.600808704103487,True,
2026-07-26T15:15:53.083159+00:00,2298,-6.288583799999989,106.77784095,complex_corridor,FRC1,41,41,341,341,1.0,False,-6.288634823320289,106.77780477487897,6.94084144102375,True,
2026-07-26T15:15:53.364930+00:00,2322,-6.2884621,106.7781152,complex_corridor,FRC1,26,26,53,53,1.0,False,-6.288455113550981,106.77822722279888,12.405765015820144,True,
2026-07-26T15:15:53.633312+00:00,2459,-6.23996075,106.79819865,complex_corridor,FRC3,28,28,405,405,1.0,False,-6.239927209643448,106.79835988366938,18.208192291717626,True,
2026-07-26T15:15:53.898714+00:00,2660,-6.288887410002579,106.77817204999796,complex_corridor,FRC1,15,15,29,29,1.0,False,-6.289080056713849,106.77821112954479,21.852459789678804,True,
2026-07-26T15:15:54.168387+00:00,2731,-6.240104349999994,106.79819525,complex_corridor,FRC1,21,21,285,285,1.0,False,-6.254711568502923,106.79717434728451,1628.1638385691926,False,
2026-07-26T15:15:54.433971+00:00,2979,-6.239918790000258,106.79844824999957,complex_corridor,FRC2,11,15,3,2,1.0,False,-6.239928542802509,106.79846583092547,2.2254395550977346,True,
2026-07-26T15:15:54.705634+00:00,3134,-6.2892448600025785,106.77855074999796,complex_corridor,FRC1,22,22,11,11,1.0,False,-6.289262432333267,106.778499467014,5.995427904385316,True,
2026-07-26T15:15:54.969934+00:00,3164,-6.239840140000258,106.79869149999956,complex_corridor,FRC2,24,24,145,145,1.0,False,-6.23981997364873,106.79856239045006,14.446370748590217,True,
2026-07-26T15:15:55.232698+00:00,3940,-6.242815700000143,106.84290446666662,complex_corridor,FRC2,12,20,33,20,0.99,False,-6.242610768682978,106.84288187111798,22.923789898286447,True,
2026-07-26T15:15:55.499762+00:00,3995,-6.2428431,106.8426503,complex_corridor,FRC2,11,32,25,8,0.97,False,-6.24270333943449,106.84230519617961,41.19038604817657,True,
2026-07-26T15:15:55.766218+00:00,4135,-6.242451300001405,106.84346441666648,complex_corridor,FRC3,18,26,23,16,1.0,False,-6.24264159782794,106.84303341592732,52.128779444682614,True,
2026-07-26T15:15:56.031651+00:00,4174,-6.242622250001264,106.84418269999986,complex_corridor,FRC3,21,21,14,14,1.0,False,-6.242365385288672,106.84405667866673,31.777844988721665,True,
2026-07-26T15:15:56.313425+00:00,4307,-6.237238257899974,106.8272395210502,complex_corridor,FRC2,21,21,6,6,1.0,False,-6.237236971031365,106.82743234718856,21.314848279038795,True,
2026-07-26T15:15:56.576935+00:00,4312,-6.237042057899963,106.8269344210502,complex_corridor,FRC2,23,23,6,6,1.0,False,-6.237208807900389,106.82690797532604,18.770772040768108,True,
2026-07-26T15:15:56.839724+00:00,4383,-6.255330045001537,106.84307333999776,complex_corridor,FRC4,25,25,7,7,1.0,False,-6.255170245392188,106.84296367849294,21.509477825194235,True,
2026-07-26T15:15:57.109867+00:00,4421,-6.237577607899957,106.82686737105018,complex_corridor,FRC3,18,18,27,27,1.0,False,-6.237416698431964,106.82692406858013,18.95817050701808,True,
2026-07-26T15:15:57.372400+00:00,5234,-6.255677025000373,106.8431710999986,complex_corridor,FRC4,18,23,7,6,1.0,False,-6.25559934329838,106.84329627241084,16.310649749926508,True,
2026-07-26T15:15:57.639269+00:00,5259,-6.255508725000373,106.84360214999862,complex_corridor,FRC4,24,30,359,287,0.99911,False,-6.255457199448482,106.84295563186589,71.6908067558573,True,
2026-07-26T15:15:57.901637+00:00,5296,-6.242909649999996,106.84406470000002,complex_corridor,FRC2,35,35,40,40,1.0,False,-6.24287098327402,106.84404058541264,5.0587612651154314,True,
2026-07-26T15:30:54.224129+00:00,703,-6.235444892859697,106.75583232857385,complex_corridor,FRC2,28,28,6,6,1.0,False,-6.235637002833079,106.75573958241279,23.694334982762854,True,
2026-07-26T15:30:54.510974+00:00,821,-6.288795825000754,106.77763638750048,complex_corridor,FRC1,31,31,35,35,1.0,False,-6.288676397337788,106.77774978959411,18.260596237349766,True,
2026-07-26T15:30:54.799848+00:00,1336,-6.235382350000007,106.7560557,complex_corridor,FRC2,27,27,9,9,1.0,False,-6.235851643158244,106.75634307944131,61.09133400248038,True,
2026-07-26T15:30:55.090614+00:00,2187,-6.234661449999994,106.7555585,complex_corridor,FRC2,39,39,18,18,1.0,False,-6.235295044618109,106.75596622907466,83.63486690954973,True,
2026-07-26T15:30:55.380862+00:00,2188,-6.233655599999991,106.75488135,complex_corridor,FRC2,25,30,38,32,0.99,False,-6.233742064909034,106.75495503627582,12.600808704103487,True,
2026-07-26T15:30:55.677012+00:00,2298,-6.288583799999989,106.77784095,complex_corridor,FRC1,41,41,341,341,1.0,False,-6.288634823320289,106.77780477487897,6.94084144102375,True,
2026-07-26T15:30:55.965815+00:00,2322,-6.2884621,106.7781152,complex_corridor,FRC1,16,25,87,56,1.0,False,-6.288455113550981,106.77822722279888,12.405765015820144,True,
2026-07-26T15:30:56.256816+00:00,2459,-6.23996075,106.79819865,complex_corridor,FRC3,28,28,405,405,1.0,False,-6.239927209643448,106.79835988366938,18.208192291717626,True,
2026-07-26T15:30:56.544220+00:00,2660,-6.288887410002579,106.77817204999796,complex_corridor,FRC1,15,15,29,29,1.0,False,-6.289080056713849,106.77821112954479,21.852459789678804,True,
2026-07-26T15:30:56.844347+00:00,2731,-6.240104349999994,106.79819525,complex_corridor,FRC1,21,21,285,285,1.0,False,-6.254711568502923,106.79717434728451,1628.1638385691926,False,
2026-07-26T15:30:57.135597+00:00,2979,-6.239918790000258,106.79844824999957,complex_corridor,FRC2,15,15,2,2,1.0,False,-6.239928542802509,106.79846583092547,2.2254395550977346,True,
2026-07-26T15:30:57.428905+00:00,3134,-6.2892448600025785,106.77855074999796,complex_corridor,FRC1,22,22,11,11,1.0,False,-6.289262432333267,106.778499467014,5.995427904385316,True,
2026-07-26T15:30:57.717970+00:00,3164,-6.239840140000258,106.79869149999956,complex_corridor,FRC2,24,24,145,145,1.0,False,-6.23981997364873,106.79856239045006,14.446370748590217,True,
2026-07-26T15:30:58.008774+00:00,3940,-6.242815700000143,106.84290446666662,complex_corridor,FRC2,21,21,19,19,1.0,False,-6.242610768682978,106.84288187111798,22.923789898286447,True,
2026-07-26T15:30:58.296776+00:00,3995,-6.2428431,106.8426503,complex_corridor,FRC2,25,30,11,9,0.97,False,-6.24270333943449,106.84230519617961,41.19038604817657,True,
2026-07-26T15:30:58.581996+00:00,4135,-6.242451300001405,106.84346441666648,complex_corridor,FRC3,27,27,15,15,1.0,False,-6.24264159782794,106.84303341592732,52.128779444682614,True,
2026-07-26T15:30:58.868415+00:00,4174,-6.242622250001264,106.84418269999986,complex_corridor,FRC3,21,21,14,14,1.0,False,-6.242365385288672,106.84405667866673,31.777844988721665,True,
2026-07-26T15:30:59.174366+00:00,4307,-6.237238257899974,106.8272395210502,complex_corridor,FRC2,21,21,6,6,1.0,False,-6.237236971031365,106.82743234718856,21.314848279038795,True,
2026-07-26T15:30:59.461137+00:00,4312,-6.237042057899963,106.8269344210502,complex_corridor,FRC2,23,23,6,6,1.0,False,-6.237208807900389,106.82690797532604,18.770772040768108,True,
2026-07-26T15:30:59.748927+00:00,4383,-6.255330045001537,106.84307333999776,complex_corridor,FRC4,25,25,7,7,1.0,False,-6.255170245392188,106.84296367849294,21.509477825194235,True,
2026-07-26T15:31:00.033755+00:00,4421,-6.237577607899957,106.82686737105018,complex_corridor,FRC3,18,18,27,27,1.0,False,-6.237416698431964,106.82692406858013,18.95817050701808,True,
2026-07-26T15:31:00.323456+00:00,5234,-6.255677025000373,106.8431710999986,complex_corridor,FRC4,12,24,11,5,1.0,False,-6.25559934329838,106.84329627241084,16.310649749926508,True,
2026-07-26T15:31:00.615863+00:00,5259,-6.255508725000373,106.84360214999862,complex_corridor,FRC4,30,30,287,287,1.0,False,-6.255457199448482,106.84295563186589,71.6908067558573,True,
2026-07-26T15:31:00.904551+00:00,5296,-6.242909649999996,106.84406470000002,complex_corridor,FRC2,35,35,40,40,1.0,False,-6.24287098327402,106.84404058541264,5.0587612651154314,True,
2026-07-26T15:45:52.163342+00:00,703,-6.235444892859697,106.75583232857385,complex_corridor,FRC2,28,28,6,6,1.0,False,-6.235637002833079,106.75573958241279,23.694334982762854,True,
2026-07-26T15:45:52.430338+00:00,821,-6.288795825000754,106.77763638750048,complex_corridor,FRC1,31,31,35,35,1.0,False,-6.288676397337788,106.77774978959411,18.260596237349766,True,
2026-07-26T15:45:52.705859+00:00,1336,-6.235382350000007,106.7560557,complex_corridor,FRC2,27,27,9,9,1.0,False,-6.235851643158244,106.75634307944131,61.09133400248038,True,
2026-07-26T15:45:52.974445+00:00,2187,-6.234661449999994,106.7555585,complex_corridor,FRC2,39,39,18,18,1.0,False,-6.235295044618109,106.75596622907466,83.63486690954973,True,
2026-07-26T15:45:53.241744+00:00,2188,-6.233655599999991,106.75488135,complex_corridor,FRC2,30,30,32,32,1.0,False,-6.233742064909034,106.75495503627582,12.600808704103487,True,
2026-07-26T15:45:53.510211+00:00,2298,-6.288583799999989,106.77784095,complex_corridor,FRC1,41,41,341,341,1.0,False,-6.288634823320289,106.77780477487897,6.94084144102375,True,
2026-07-26T15:45:53.778323+00:00,2322,-6.2884621,106.7781152,complex_corridor,FRC1,26,26,53,53,1.0,False,-6.288455113550981,106.77822722279888,12.405765015820144,True,
2026-07-26T15:45:54.042795+00:00,2459,-6.23996075,106.79819865,complex_corridor,FRC3,28,28,405,405,1.0,False,-6.239927209643448,106.79835988366938,18.208192291717626,True,
2026-07-26T15:45:54.308598+00:00,2660,-6.288887410002579,106.77817204999796,complex_corridor,FRC1,15,15,29,29,1.0,False,-6.289080056713849,106.77821112954479,21.852459789678804,True,
2026-07-26T15:45:54.580358+00:00,2731,-6.240104349999994,106.79819525,complex_corridor,FRC1,16,21,375,285,1.0,False,-6.254711568502923,106.79717434728451,1628.1638385691926,False,
2026-07-26T15:45:54.851434+00:00,2979,-6.239918790000258,106.79844824999957,complex_corridor,FRC2,15,15,2,2,1.0,False,-6.239928542802509,106.79846583092547,2.2254395550977346,True,
2026-07-26T15:45:55.114737+00:00,3134,-6.2892448600025785,106.77855074999796,complex_corridor,FRC1,22,22,11,11,1.0,False,-6.289262432333267,106.778499467014,5.995427904385316,True,
2026-07-26T15:45:55.383757+00:00,3164,-6.239840140000258,106.79869149999956,complex_corridor,FRC2,24,24,145,145,1.0,False,-6.23981997364873,106.79856239045006,14.446370748590217,True,
2026-07-26T15:45:55.652753+00:00,3940,-6.242815700000143,106.84290446666662,complex_corridor,FRC2,16,20,25,20,0.97,False,-6.242610768682978,106.84288187111798,22.923789898286447,True,
2026-07-26T15:45:55.916393+00:00,3995,-6.2428431,106.8426503,complex_corridor,FRC2,21,32,13,8,0.94,False,-6.24270333943449,106.84230519617961,41.19038604817657,True,
2026-07-26T15:45:56.183554+00:00,4135,-6.242451300001405,106.84346441666648,complex_corridor,FRC3,20,27,20,15,1.0,False,-6.24264159782794,106.84303341592732,52.128779444682614,True,
2026-07-26T15:45:56.449807+00:00,4174,-6.242622250001264,106.84418269999986,complex_corridor,FRC3,21,21,14,14,1.0,False,-6.242365385288672,106.84405667866673,31.777844988721665,True,
2026-07-26T15:45:56.713394+00:00,4307,-6.237238257899974,106.8272395210502,complex_corridor,FRC2,21,21,6,6,1.0,False,-6.237236971031365,106.82743234718856,21.314848279038795,True,
2026-07-26T15:45:56.977667+00:00,4312,-6.237042057899963,106.8269344210502,complex_corridor,FRC2,23,23,6,6,1.0,False,-6.237208807900389,106.82690797532604,18.770772040768108,True,
2026-07-26T15:45:57.245224+00:00,4383,-6.255330045001537,106.84307333999776,complex_corridor,FRC4,25,25,7,7,1.0,False,-6.255170245392188,106.84296367849294,21.509477825194235,True,
2026-07-26T15:45:57.508272+00:00,4421,-6.237577607899957,106.82686737105018,complex_corridor,FRC3,18,18,27,27,1.0,False,-6.237416698431964,106.82692406858013,18.95817050701808,True,
2026-07-26T15:45:57.775385+00:00,5234,-6.255677025000373,106.8431710999986,complex_corridor,FRC4,23,23,6,6,1.0,False,-6.25559934329838,106.84329627241084,16.310649749926508,True,
2026-07-26T15:45:58.039635+00:00,5259,-6.255508725000373,106.84360214999862,complex_corridor,FRC4,30,30,287,287,1.0,False,-6.255457199448482,106.84295563186589,71.6908067558573,True,
2026-07-26T15:45:58.302368+00:00,5296,-6.242909649999996,106.84406470000002,complex_corridor,FRC2,21,35,67,40,1.0,False,-6.24287098327402,106.84404058541264,5.0587612651154314,True,
2026-07-26T16:01:01.528444+00:00,703,-6.235444892859697,106.75583232857385,complex_corridor,FRC2,28,28,6,6,1,False,-6.235637002833079,106.75573958241279,23.694334982762854,True,
2026-07-26T16:01:01.827901+00:00,821,-6.288795825000754,106.77763638750048,complex_corridor,FRC1,31,31,35,35,1,False,-6.288676397337788,106.77774978959411,18.260596237349766,True,
2026-07-26T16:01:02.133369+00:00,1336,-6.235382350000007,106.7560557,complex_corridor,FRC2,27,27,9,9,1,False,-6.235851643158244,106.75634307944131,61.09133400248038,True,
2026-07-26T16:01:02.439232+00:00,2187,-6.234661449999994,106.7555585,complex_corridor,FRC2,39,39,18,18,1,False,-6.235295044618109,106.75596622907466,83.63486690954973,True,
2026-07-26T16:01:02.741437+00:00,2188,-6.233655599999991,106.75488135,complex_corridor,FRC2,30,30,32,32,1,False,-6.233742064909034,106.75495503627582,12.600808704103487,True,
2026-07-26T16:01:03.052072+00:00,2298,-6.288583799999989,106.77784095,complex_corridor,FRC1,41,41,341,341,1,False,-6.288634823320289,106.77780477487897,6.94084144102375,True,
2026-07-26T16:01:03.373507+00:00,2322,-6.2884621,106.7781152,complex_corridor,FRC1,26,26,53,53,1,False,-6.288455113550981,106.77822722279888,12.405765015820144,True,
2026-07-26T16:01:03.678702+00:00,2459,-6.23996075,106.79819865,complex_corridor,FRC3,28,28,405,405,1,False,-6.239927209643448,106.79835988366938,18.208192291717626,True,
2026-07-26T16:01:03.979478+00:00,2660,-6.288887410002579,106.77817204999796,complex_corridor,FRC1,15,15,29,29,1,False,-6.289080056713849,106.77821112954479,21.852459789678804,True,
2026-07-26T16:01:04.278909+00:00,2731,-6.240104349999994,106.79819525,complex_corridor,FRC1,16,21,375,285,1,False,-6.254711568502923,106.79717434728451,1628.1638385691926,False,
2026-07-26T16:01:04.586071+00:00,2979,-6.239918790000258,106.79844824999957,complex_corridor,FRC2,8,15,5,2,1,False,-6.239928542802509,106.79846583092547,2.2254395550977346,True,
2026-07-26T16:01:04.885156+00:00,3134,-6.2892448600025785,106.77855074999796,complex_corridor,FRC1,22,22,11,11,1,False,-6.289262432333267,106.778499467014,5.995427904385316,True,
2026-07-26T16:01:05.186479+00:00,3164,-6.239840140000258,106.79869149999956,complex_corridor,FRC2,24,24,145,145,1,False,-6.23981997364873,106.79856239045006,14.446370748590217,True,
2026-07-26T16:01:05.487981+00:00,3940,-6.242815700000143,106.84290446666662,complex_corridor,FRC2,21,21,19,19,1,False,-6.242610768682978,106.84288187111798,22.923789898286447,True,
2026-07-26T16:01:05.788764+00:00,3995,-6.2428431,106.8426503,complex_corridor,FRC2,32,32,8,8,1,False,-6.24270333943449,106.84230519617961,41.19038604817657,True,
2026-07-26T16:01:06.089823+00:00,4135,-6.242451300001405,106.84346441666648,complex_corridor,FRC3,27,27,15,15,1,False,-6.24264159782794,106.84303341592732,52.128779444682614,True,
2026-07-26T16:01:06.395403+00:00,4174,-6.242622250001264,106.84418269999986,complex_corridor,FRC3,21,21,14,14,1,False,-6.242365385288672,106.84405667866673,31.777844988721665,True,
2026-07-26T16:01:06.694536+00:00,4307,-6.237238257899974,106.8272395210502,complex_corridor,FRC2,21,21,6,6,1,False,-6.237236971031365,106.82743234718856,21.314848279038795,True,
2026-07-26T16:01:06.993120+00:00,4312,-6.237042057899963,106.8269344210502,complex_corridor,FRC2,23,23,6,6,1,False,-6.237208807900389,106.82690797532604,18.770772040768108,True,
2026-07-26T16:01:07.297203+00:00,4383,-6.255330045001537,106.84307333999776,complex_corridor,FRC4,25,25,7,7,1,False,-6.255170245392188,106.84296367849294,21.509477825194235,True,
2026-07-26T16:01:07.605013+00:00,4421,-6.237577607899957,106.82686737105018,complex_corridor,FRC3,18,18,27,27,1,False,-6.237416698431964,106.82692406858013,18.95817050701808,True,
2026-07-26T16:01:07.906147+00:00,5234,-6.255677025000373,106.8431710999986,complex_corridor,FRC4,17,23,8,6,1,False,-6.25559934329838,106.84329627241084,16.310649749926508,True,
2026-07-26T16:01:08.209586+00:00,5259,-6.255508725000373,106.84360214999862,complex_corridor,FRC4,30,30,287,287,1,False,-6.255457199448482,106.84295563186589,71.6908067558573,True,
2026-07-26T16:01:08.510555+00:00,5296,-6.242909649999996,106.84406470000002,complex_corridor,FRC2,21,34,67,41,1,False,-6.24287098327402,106.84404058541264,5.0587612651154314,True,
2026-07-26T16:15:45.912603+00:00,703,-6.235444892859697,106.75583232857385,complex_corridor,FRC2,28,28,6,6,1,False,-6.235637002833079,106.75573958241279,23.694334982762854,True,
2026-07-26T16:15:46.191536+00:00,821,-6.288795825000754,106.77763638750048,complex_corridor,FRC1,31,31,35,35,1,False,-6.288676397337788,106.77774978959411,18.260596237349766,True,
2026-07-26T16:15:46.460421+00:00,1336,-6.235382350000007,106.7560557,complex_corridor,FRC2,27,27,9,9,1,False,-6.235851643158244,106.75634307944131,61.09133400248038,True,
2026-07-26T16:15:46.730564+00:00,2187,-6.234661449999994,106.7555585,complex_corridor,FRC2,39,39,18,18,1,False,-6.235295044618109,106.75596622907466,83.63486690954973,True,
2026-07-26T16:15:46.993654+00:00,2188,-6.233655599999991,106.75488135,complex_corridor,FRC2,30,30,32,32,1,False,-6.233742064909034,106.75495503627582,12.600808704103487,True,
2026-07-26T16:15:47.263976+00:00,2298,-6.288583799999989,106.77784095,complex_corridor,FRC1,41,41,341,341,1,False,-6.288634823320289,106.77780477487897,6.94084144102375,True,
2026-07-26T16:15:47.533839+00:00,2322,-6.2884621,106.7781152,complex_corridor,FRC1,26,26,53,53,1,False,-6.288455113550981,106.77822722279888,12.405765015820144,True,
2026-07-26T16:15:47.798677+00:00,2459,-6.23996075,106.79819865,complex_corridor,FRC3,28,28,405,405,1,False,-6.239927209643448,106.79835988366938,18.208192291717626,True,
2026-07-26T16:15:48.065342+00:00,2660,-6.288887410002579,106.77817204999796,complex_corridor,FRC1,15,15,29,29,1,False,-6.289080056713849,106.77821112954479,21.852459789678804,True,
2026-07-26T16:15:48.330289+00:00,2731,-6.240104349999994,106.79819525,complex_corridor,FRC1,21,21,285,285,1,False,-6.254711568502923,106.79717434728451,1628.1638385691926,False,
2026-07-26T16:15:48.597146+00:00,2979,-6.239918790000258,106.79844824999957,complex_corridor,FRC2,15,15,2,2,1,False,-6.239928542802509,106.79846583092547,2.2254395550977346,True,
2026-07-26T16:15:48.865133+00:00,3134,-6.2892448600025785,106.77855074999796,complex_corridor,FRC1,22,22,11,11,1,False,-6.289262432333267,106.778499467014,5.995427904385316,True,
2026-07-26T16:15:49.128035+00:00,3164,-6.239840140000258,106.79869149999956,complex_corridor,FRC2,24,24,145,145,1,False,-6.23981997364873,106.79856239045006,14.446370748590217,True,
2026-07-26T16:15:49.397361+00:00,3940,-6.242815700000143,106.84290446666662,complex_corridor,FRC2,21,21,19,19,1,False,-6.242610768682978,106.84288187111798,22.923789898286447,True,
2026-07-26T16:15:49.664239+00:00,3995,-6.2428431,106.8426503,complex_corridor,FRC2,32,32,8,8,1,False,-6.24270333943449,106.84230519617961,41.19038604817657,True,
2026-07-26T16:15:49.929119+00:00,4135,-6.242451300001405,106.84346441666648,complex_corridor,FRC3,27,27,15,15,1,False,-6.24264159782794,106.84303341592732,52.128779444682614,True,
2026-07-26T16:15:50.193731+00:00,4174,-6.242622250001264,106.84418269999986,complex_corridor,FRC3,21,21,14,14,1,False,-6.242365385288672,106.84405667866673,31.777844988721665,True,
2026-07-26T16:15:50.466830+00:00,4307,-6.237238257899974,106.8272395210502,complex_corridor,FRC2,21,21,6,6,1,False,-6.237236971031365,106.82743234718856,21.314848279038795,True,
2026-07-26T16:15:50.732139+00:00,4312,-6.237042057899963,106.8269344210502,complex_corridor,FRC2,23,23,6,6,1,False,-6.237208807900389,106.82690797532604,18.770772040768108,True,
2026-07-26T16:15:51.004616+00:00,4383,-6.255330045001537,106.84307333999776,complex_corridor,FRC4,25,25,7,7,1,False,-6.255170245392188,106.84296367849294,21.509477825194235,True,
2026-07-26T16:15:51.270718+00:00,4421,-6.237577607899957,106.82686737105018,complex_corridor,FRC3,18,18,27,27,1,False,-6.237416698431964,106.82692406858013,18.95817050701808,True,
2026-07-26T16:15:51.533898+00:00,5234,-6.255677025000373,106.8431710999986,complex_corridor,FRC4,23,23,6,6,1,False,-6.25559934329838,106.84329627241084,16.310649749926508,True,
2026-07-26T16:15:51.809698+00:00,5259,-6.255508725000373,106.84360214999862,complex_corridor,FRC4,30,30,287,287,1,False,-6.255457199448482,106.84295563186589,71.6908067558573,True,
2026-07-26T16:15:52.080398+00:00,5296,-6.242909649999996,106.84406470000002,complex_corridor,FRC2,35,35,40,40,1,False,-6.24287098327402,106.84404058541264,5.0587612651154314,True,
2026-07-26T16:30:50.805405+00:00,703,-6.235444892859697,106.75583232857385,complex_corridor,FRC2,28,28,6,6,1,False,-6.235637002833079,106.75573958241279,23.694334982762854,True,
2026-07-26T16:30:51.075281+00:00,821,-6.288795825000754,106.77763638750048,complex_corridor,FRC1,31,31,35,35,1,False,-6.288676397337788,106.77774978959411,18.260596237349766,True,
2026-07-26T16:30:51.344704+00:00,1336,-6.235382350000007,106.7560557,complex_corridor,FRC2,27,27,9,9,1,False,-6.235851643158244,106.75634307944131,61.09133400248038,True,
2026-07-26T16:30:51.609539+00:00,2187,-6.234661449999994,106.7555585,complex_corridor,FRC2,39,39,18,18,1,False,-6.235295044618109,106.75596622907466,83.63486690954973,True,
2026-07-26T16:30:51.907314+00:00,2188,-6.233655599999991,106.75488135,complex_corridor,FRC2,30,30,32,32,1,False,-6.233742064909034,106.75495503627582,12.600808704103487,True,
2026-07-26T16:30:52.180639+00:00,2298,-6.288583799999989,106.77784095,complex_corridor,FRC1,41,41,341,341,1,False,-6.288634823320289,106.77780477487897,6.94084144102375,True,
2026-07-26T16:30:52.457280+00:00,2322,-6.2884621,106.7781152,complex_corridor,FRC1,26,26,53,53,1,False,-6.288455113550981,106.77822722279888,12.405765015820144,True,
2026-07-26T16:30:52.726912+00:00,2459,-6.23996075,106.79819865,complex_corridor,FRC3,28,28,405,405,1,False,-6.239927209643448,106.79835988366938,18.208192291717626,True,
2026-07-26T16:30:53.000273+00:00,2660,-6.288887410002579,106.77817204999796,complex_corridor,FRC1,15,15,29,29,1,False,-6.289080056713849,106.77821112954479,21.852459789678804,True,
2026-07-26T16:30:53.275430+00:00,2731,-6.240104349999994,106.79819525,complex_corridor,FRC1,17,22,353,272,1,False,-6.254711568502923,106.79717434728451,1628.1638385691926,False,
2026-07-26T16:30:53.540175+00:00,2979,-6.239918790000258,106.79844824999957,complex_corridor,FRC2,15,15,2,2,1,False,-6.239928542802509,106.79846583092547,2.2254395550977346,True,
2026-07-26T16:30:53.813435+00:00,3134,-6.2892448600025785,106.77855074999796,complex_corridor,FRC1,22,22,11,11,1,False,-6.289262432333267,106.778499467014,5.995427904385316,True,
2026-07-26T16:30:54.086440+00:00,3164,-6.239840140000258,106.79869149999956,complex_corridor,FRC2,24,24,145,145,1,False,-6.23981997364873,106.79856239045006,14.446370748590217,True,
2026-07-26T16:30:54.351588+00:00,3940,-6.242815700000143,106.84290446666662,complex_corridor,FRC2,21,21,19,19,1,False,-6.242610768682978,106.84288187111798,22.923789898286447,True,
2026-07-26T16:30:54.614913+00:00,3995,-6.2428431,106.8426503,complex_corridor,FRC2,32,32,8,8,1,False,-6.24270333943449,106.84230519617961,41.19038604817657,True,
2026-07-26T16:30:54.888444+00:00,4135,-6.242451300001405,106.84346441666648,complex_corridor,FRC3,27,27,15,15,1,False,-6.24264159782794,106.84303341592732,52.128779444682614,True,
2026-07-26T16:30:55.157619+00:00,4174,-6.242622250001264,106.84418269999986,complex_corridor,FRC3,21,21,14,14,1,False,-6.242365385288672,106.84405667866673,31.777844988721665,True,
2026-07-26T16:30:55.424586+00:00,4307,-6.237238257899974,106.8272395210502,complex_corridor,FRC2,21,21,6,6,1,False,-6.237236971031365,106.82743234718856,21.314848279038795,True,
2026-07-26T16:30:55.689981+00:00,4312,-6.237042057899963,106.8269344210502,complex_corridor,FRC2,23,23,6,6,1,False,-6.237208807900389,106.82690797532604,18.770772040768108,True,
2026-07-26T16:30:55.968127+00:00,4383,-6.255330045001537,106.84307333999776,complex_corridor,FRC4,25,25,7,7,1,False,-6.255170245392188,106.84296367849294,21.509477825194235,True,
2026-07-26T16:30:56.235148+00:00,4421,-6.237577607899957,106.82686737105018,complex_corridor,FRC3,18,18,27,27,1,False,-6.237416698431964,106.82692406858013,18.95817050701808,True,
2026-07-26T16:30:56.504791+00:00,5234,-6.255677025000373,106.8431710999986,complex_corridor,FRC4,23,23,6,6,1,False,-6.25559934329838,106.84329627241084,16.310649749926508,True,
2026-07-26T16:30:56.769576+00:00,5259,-6.255508725000373,106.84360214999862,complex_corridor,FRC4,30,30,287,287,1,False,-6.255457199448482,106.84295563186589,71.6908067558573,True,
2026-07-26T16:30:57.035775+00:00,5296,-6.242909649999996,106.84406470000002,complex_corridor,FRC2,35,35,40,40,1,False,-6.24287098327402,106.84404058541264,5.0587612651154314,True,
2026-07-26T16:45:47.612766+00:00,703,-6.235444892859697,106.75583232857385,complex_corridor,FRC2,28,28,6,6,1.0,False,-6.235637002833079,106.75573958241279,23.694334982762854,True,
2026-07-26T16:45:47.889571+00:00,821,-6.288795825000754,106.77763638750048,complex_corridor,FRC1,31,31,35,35,1.0,False,-6.288676397337788,106.77774978959411,18.260596237349766,True,
2026-07-26T16:45:48.169657+00:00,1336,-6.235382350000007,106.7560557,complex_corridor,FRC2,21,27,12,9,0.57,False,-6.235851643158244,106.75634307944131,61.09133400248038,True,
2026-07-26T16:45:48.459817+00:00,2187,-6.234661449999994,106.7555585,complex_corridor,FRC2,39,39,18,18,1.0,False,-6.235295044618109,106.75596622907466,83.63486690954973,True,
2026-07-26T16:45:48.724031+00:00,2188,-6.233655599999991,106.75488135,complex_corridor,FRC2,30,30,32,32,1.0,False,-6.233742064909034,106.75495503627582,12.600808704103487,True,
2026-07-26T16:45:48.989294+00:00,2298,-6.288583799999989,106.77784095,complex_corridor,FRC1,41,41,341,341,1.0,False,-6.288634823320289,106.77780477487897,6.94084144102375,True,
2026-07-26T16:45:49.254005+00:00,2322,-6.2884621,106.7781152,complex_corridor,FRC1,26,26,53,53,1.0,False,-6.288455113550981,106.77822722279888,12.405765015820144,True,
2026-07-26T16:45:49.521211+00:00,2459,-6.23996075,106.79819865,complex_corridor,FRC3,28,28,405,405,1.0,False,-6.239927209643448,106.79835988366938,18.208192291717626,True,
2026-07-26T16:45:49.791716+00:00,2660,-6.288887410002579,106.77817204999796,complex_corridor,FRC1,12,15,37,29,1.0,False,-6.289080056713849,106.77821112954479,21.852459789678804,True,
2026-07-26T16:45:50.059541+00:00,2731,-6.240104349999994,106.79819525,complex_corridor,FRC1,21,21,285,285,1.0,False,-6.254711568502923,106.79717434728451,1628.1638385691926,False,
2026-07-26T16:45:50.323194+00:00,2979,-6.239918790000258,106.79844824999957,complex_corridor,FRC2,15,15,2,2,1.0,False,-6.239928542802509,106.79846583092547,2.2254395550977346,True,
2026-07-26T16:45:50.587228+00:00,3134,-6.2892448600025785,106.77855074999796,complex_corridor,FRC1,22,22,11,11,1.0,False,-6.289262432333267,106.778499467014,5.995427904385316,True,
2026-07-26T16:45:50.864344+00:00,3164,-6.239840140000258,106.79869149999956,complex_corridor,FRC2,24,24,145,145,1.0,False,-6.23981997364873,106.79856239045006,14.446370748590217,True,
2026-07-26T16:45:51.129856+00:00,3940,-6.242815700000143,106.84290446666662,complex_corridor,FRC2,21,21,19,19,1.0,False,-6.242610768682978,106.84288187111798,22.923789898286447,True,
2026-07-26T16:45:51.396314+00:00,3995,-6.2428431,106.8426503,complex_corridor,FRC2,32,32,8,8,1.0,False,-6.24270333943449,106.84230519617961,41.19038604817657,True,
2026-07-26T16:45:51.661884+00:00,4135,-6.242451300001405,106.84346441666648,complex_corridor,FRC3,27,27,15,15,1.0,False,-6.24264159782794,106.84303341592732,52.128779444682614,True,
2026-07-26T16:45:51.929780+00:00,4174,-6.242622250001264,106.84418269999986,complex_corridor,FRC3,21,21,14,14,1.0,False,-6.242365385288672,106.84405667866673,31.777844988721665,True,
2026-07-26T16:45:52.198201+00:00,4307,-6.237238257899974,106.8272395210502,complex_corridor,FRC2,21,21,6,6,1.0,False,-6.237236971031365,106.82743234718856,21.314848279038795,True,
2026-07-26T16:45:52.489845+00:00,4312,-6.237042057899963,106.8269344210502,complex_corridor,FRC2,23,23,6,6,1.0,False,-6.237208807900389,106.82690797532604,18.770772040768108,True,
2026-07-26T16:45:52.769876+00:00,4383,-6.255330045001537,106.84307333999776,complex_corridor,FRC4,25,25,7,7,1.0,False,-6.255170245392188,106.84296367849294,21.509477825194235,True,
2026-07-26T16:45:53.038454+00:00,4421,-6.237577607899957,106.82686737105018,complex_corridor,FRC3,18,18,27,27,1.0,False,-6.237416698431964,106.82692406858013,18.95817050701808,True,
2026-07-26T16:45:53.303895+00:00,5234,-6.255677025000373,106.8431710999986,complex_corridor,FRC4,23,23,6,6,1.0,False,-6.25559934329838,106.84329627241084,16.310649749926508,True,
2026-07-26T16:45:53.578080+00:00,5259,-6.255508725000373,106.84360214999862,complex_corridor,FRC4,30,30,287,287,1.0,False,-6.255457199448482,106.84295563186589,71.6908067558573,True,
2026-07-26T16:45:53.851159+00:00,5296,-6.242909649999996,106.84406470000002,complex_corridor,FRC2,35,35,40,40,1.0,False,-6.24287098327402,106.84404058541264,5.0587612651154314,True,
2026-07-26T17:01:01.820758+00:00,703,-6.235444892859697,106.75583232857385,complex_corridor,FRC2,28,28,6,6,1.0,False,-6.235637002833079,106.75573958241279,23.694334982762854,True,
2026-07-26T17:01:02.091680+00:00,821,-6.288795825000754,106.77763638750048,complex_corridor,FRC1,31,31,35,35,1.0,False,-6.288676397337788,106.77774978959411,18.260596237349766,True,
2026-07-26T17:01:02.361173+00:00,1336,-6.235382350000007,106.7560557,complex_corridor,FRC2,27,27,9,9,1.0,False,-6.235851643158244,106.75634307944131,61.09133400248038,True,
2026-07-26T17:01:02.628542+00:00,2187,-6.234661449999994,106.7555585,complex_corridor,FRC2,39,39,18,18,1.0,False,-6.235295044618109,106.75596622907466,83.63486690954973,True,
2026-07-26T17:01:02.900865+00:00,2188,-6.233655599999991,106.75488135,complex_corridor,FRC2,30,30,32,32,1.0,False,-6.233742064909034,106.75495503627582,12.600808704103487,True,
2026-07-26T17:01:03.170591+00:00,2298,-6.288583799999989,106.77784095,complex_corridor,FRC1,41,41,341,341,1.0,False,-6.288634823320289,106.77780477487897,6.94084144102375,True,
2026-07-26T17:01:03.444836+00:00,2322,-6.2884621,106.7781152,complex_corridor,FRC1,26,26,53,53,1.0,False,-6.288455113550981,106.77822722279888,12.405765015820144,True,
2026-07-26T17:01:03.711361+00:00,2459,-6.23996075,106.79819865,complex_corridor,FRC3,28,28,405,405,1.0,False,-6.239927209643448,106.79835988366938,18.208192291717626,True,
2026-07-26T17:01:03.978799+00:00,2660,-6.288887410002579,106.77817204999796,complex_corridor,FRC1,15,15,29,29,1.0,False,-6.289080056713849,106.77821112954479,21.852459789678804,True,
2026-07-26T17:01:04.252294+00:00,2731,-6.240104349999994,106.79819525,complex_corridor,FRC1,17,22,353,272,0.982964,False,-6.254711568502923,106.79717434728451,1628.1638385691926,False,
2026-07-26T17:01:04.521717+00:00,2979,-6.239918790000258,106.79844824999957,complex_corridor,FRC2,15,15,2,2,1.0,False,-6.239928542802509,106.79846583092547,2.2254395550977346,True,
2026-07-26T17:01:04.790737+00:00,3134,-6.2892448600025785,106.77855074999796,complex_corridor,FRC1,22,22,11,11,1.0,False,-6.289262432333267,106.778499467014,5.995427904385316,True,
2026-07-26T17:01:05.059731+00:00,3164,-6.239840140000258,106.79869149999956,complex_corridor,FRC2,24,24,145,145,1.0,False,-6.23981997364873,106.79856239045006,14.446370748590217,True,
2026-07-26T17:01:05.330209+00:00,3940,-6.242815700000143,106.84290446666662,complex_corridor,FRC2,21,21,19,19,1.0,False,-6.242610768682978,106.84288187111798,22.923789898286447,True,
2026-07-26T17:01:05.607752+00:00,3995,-6.2428431,106.8426503,complex_corridor,FRC2,32,32,8,8,1.0,False,-6.24270333943449,106.84230519617961,41.19038604817657,True,
2026-07-26T17:01:05.885855+00:00,4135,-6.242451300001405,106.84346441666648,complex_corridor,FRC3,27,27,15,15,1.0,False,-6.24264159782794,106.84303341592732,52.128779444682614,True,
2026-07-26T17:01:06.157424+00:00,4174,-6.242622250001264,106.84418269999986,complex_corridor,FRC3,21,21,14,14,1.0,False,-6.242365385288672,106.84405667866673,31.777844988721665,True,
2026-07-26T17:01:06.436743+00:00,4307,-6.237238257899974,106.8272395210502,complex_corridor,FRC2,21,21,6,6,1.0,False,-6.237236971031365,106.82743234718856,21.314848279038795,True,
2026-07-26T17:01:06.703309+00:00,4312,-6.237042057899963,106.8269344210502,complex_corridor,FRC2,23,23,6,6,1.0,False,-6.237208807900389,106.82690797532604,18.770772040768108,True,
2026-07-26T17:01:06.991027+00:00,4383,-6.255330045001537,106.84307333999776,complex_corridor,FRC4,25,25,7,7,1.0,False,-6.255170245392188,106.84296367849294,21.509477825194235,True,
2026-07-26T17:01:07.257880+00:00,4421,-6.237577607899957,106.82686737105018,complex_corridor,FRC3,18,18,27,27,1.0,False,-6.237416698431964,106.82692406858013,18.95817050701808,True,
2026-07-26T17:01:07.526219+00:00,5234,-6.255677025000373,106.8431710999986,complex_corridor,FRC4,23,23,6,6,1.0,False,-6.25559934329838,106.84329627241084,16.310649749926508,True,
2026-07-26T17:01:07.793420+00:00,5259,-6.255508725000373,106.84360214999862,complex_corridor,FRC4,30,30,287,287,1.0,False,-6.255457199448482,106.84295563186589,71.6908067558573,True,
2026-07-26T17:01:08.058782+00:00,5296,-6.242909649999996,106.84406470000002,complex_corridor,FRC2,35,35,40,40,1.0,False,-6.24287098327402,106.84404058541264,5.0587612651154314,True,
2026-07-26T17:15:48.603459+00:00,703,-6.235444892859697,106.75583232857385,complex_corridor,FRC2,28,28,6,6,1,False,-6.235637002833079,106.75573958241279,23.694334982762854,True,
2026-07-26T17:15:48.871965+00:00,821,-6.288795825000754,106.77763638750048,complex_corridor,FRC1,31,31,35,35,1,False,-6.288676397337788,106.77774978959411,18.260596237349766,True,
2026-07-26T17:15:49.148216+00:00,1336,-6.235382350000007,106.7560557,complex_corridor,FRC2,27,27,9,9,1,False,-6.235851643158244,106.75634307944131,61.09133400248038,True,
2026-07-26T17:15:49.440611+00:00,2187,-6.234661449999994,106.7555585,complex_corridor,FRC2,39,39,18,18,1,False,-6.235295044618109,106.75596622907466,83.63486690954973,True,
2026-07-26T17:15:49.709815+00:00,2188,-6.233655599999991,106.75488135,complex_corridor,FRC2,30,30,32,32,1,False,-6.233742064909034,106.75495503627582,12.600808704103487,True,
2026-07-26T17:15:49.978940+00:00,2298,-6.288583799999989,106.77784095,complex_corridor,FRC1,41,41,341,341,1,False,-6.288634823320289,106.77780477487897,6.94084144102375,True,
2026-07-26T17:15:50.243601+00:00,2322,-6.2884621,106.7781152,complex_corridor,FRC1,26,26,53,53,1,False,-6.288455113550981,106.77822722279888,12.405765015820144,True,
2026-07-26T17:15:50.507499+00:00,2459,-6.23996075,106.79819865,complex_corridor,FRC3,28,28,405,405,1,False,-6.239927209643448,106.79835988366938,18.208192291717626,True,
2026-07-26T17:15:50.795472+00:00,2660,-6.288887410002579,106.77817204999796,complex_corridor,FRC1,15,15,29,29,1,False,-6.289080056713849,106.77821112954479,21.852459789678804,True,
2026-07-26T17:15:51.068987+00:00,2731,-6.240104349999994,106.79819525,complex_corridor,FRC1,21,21,285,285,1,False,-6.254711568502923,106.79717434728451,1628.1638385691926,False,
2026-07-26T17:15:51.339752+00:00,2979,-6.239918790000258,106.79844824999957,complex_corridor,FRC2,15,15,2,2,1,False,-6.239928542802509,106.79846583092547,2.2254395550977346,True,
2026-07-26T17:15:51.610168+00:00,3134,-6.2892448600025785,106.77855074999796,complex_corridor,FRC1,22,22,11,11,1,False,-6.289262432333267,106.778499467014,5.995427904385316,True,
2026-07-26T17:15:51.872907+00:00,3164,-6.239840140000258,106.79869149999956,complex_corridor,FRC2,24,24,145,145,1,False,-6.23981997364873,106.79856239045006,14.446370748590217,True,
2026-07-26T17:15:52.141205+00:00,3940,-6.242815700000143,106.84290446666662,complex_corridor,FRC2,21,21,19,19,1,False,-6.242610768682978,106.84288187111798,22.923789898286447,True,
2026-07-26T17:15:52.409169+00:00,3995,-6.2428431,106.8426503,complex_corridor,FRC2,32,32,8,8,1,False,-6.24270333943449,106.84230519617961,41.19038604817657,True,
2026-07-26T17:15:52.676214+00:00,4135,-6.242451300001405,106.84346441666648,complex_corridor,FRC3,27,27,15,15,1,False,-6.24264159782794,106.84303341592732,52.128779444682614,True,
2026-07-26T17:15:52.950799+00:00,4174,-6.242622250001264,106.84418269999986,complex_corridor,FRC3,21,21,14,14,1,False,-6.242365385288672,106.84405667866673,31.777844988721665,True,
2026-07-26T17:15:53.230887+00:00,4307,-6.237238257899974,106.8272395210502,complex_corridor,FRC2,21,21,6,6,1,False,-6.237236971031365,106.82743234718856,21.314848279038795,True,
2026-07-26T17:15:53.506056+00:00,4312,-6.237042057899963,106.8269344210502,complex_corridor,FRC2,23,23,6,6,1,False,-6.237208807900389,106.82690797532604,18.770772040768108,True,
2026-07-26T17:15:53.770974+00:00,4383,-6.255330045001537,106.84307333999776,complex_corridor,FRC4,25,25,7,7,1,False,-6.255170245392188,106.84296367849294,21.509477825194235,True,
2026-07-26T17:15:54.038885+00:00,4421,-6.237577607899957,106.82686737105018,complex_corridor,FRC3,18,18,27,27,1,False,-6.237416698431964,106.82692406858013,18.95817050701808,True,
2026-07-26T17:15:54.323571+00:00,5234,-6.255677025000373,106.8431710999986,complex_corridor,FRC4,23,23,6,6,1,False,-6.25559934329838,106.84329627241084,16.310649749926508,True,
2026-07-26T17:15:54.602832+00:00,5259,-6.255508725000373,106.84360214999862,complex_corridor,FRC4,30,30,287,287,1,False,-6.255457199448482,106.84295563186589,71.6908067558573,True,
2026-07-26T17:15:54.870644+00:00,5296,-6.242909649999996,106.84406470000002,complex_corridor,FRC2,35,35,40,40,1,False,-6.24287098327402,106.84404058541264,5.0587612651154314,True,
2026-07-26T17:30:54.818961+00:00,703,-6.235444892859697,106.75583232857385,complex_corridor,FRC2,28,28,6,6,1,False,-6.235637002833079,106.75573958241279,23.694334982762854,True,
2026-07-26T17:30:55.105233+00:00,821,-6.288795825000754,106.77763638750048,complex_corridor,FRC1,31,31,35,35,1,False,-6.288676397337788,106.77774978959411,18.260596237349766,True,
2026-07-26T17:30:55.395014+00:00,1336,-6.235382350000007,106.7560557,complex_corridor,FRC2,27,27,9,9,1,False,-6.235851643158244,106.75634307944131,61.09133400248038,True,
2026-07-26T17:30:55.698206+00:00,2187,-6.234661449999994,106.7555585,complex_corridor,FRC2,39,39,18,18,1,False,-6.235295044618109,106.75596622907466,83.63486690954973,True,
2026-07-26T17:30:55.980302+00:00,2188,-6.233655599999991,106.75488135,complex_corridor,FRC2,30,30,32,32,1,False,-6.233742064909034,106.75495503627582,12.600808704103487,True,
2026-07-26T17:30:56.265577+00:00,2298,-6.288583799999989,106.77784095,complex_corridor,FRC1,41,41,341,341,1,False,-6.288634823320289,106.77780477487897,6.94084144102375,True,
2026-07-26T17:30:56.549670+00:00,2322,-6.2884621,106.7781152,complex_corridor,FRC1,26,26,53,53,1,False,-6.288455113550981,106.77822722279888,12.405765015820144,True,
2026-07-26T17:30:56.830447+00:00,2459,-6.23996075,106.79819865,complex_corridor,FRC3,28,28,405,405,1,False,-6.239927209643448,106.79835988366938,18.208192291717626,True,
2026-07-26T17:30:57.112162+00:00,2660,-6.288887410002579,106.77817204999796,complex_corridor,FRC1,15,15,29,29,1,False,-6.289080056713849,106.77821112954479,21.852459789678804,True,
2026-07-26T17:30:57.399166+00:00,2731,-6.240104349999994,106.79819525,complex_corridor,FRC1,21,21,285,285,1,False,-6.254711568502923,106.79717434728451,1628.1638385691926,False,
2026-07-26T17:30:57.678679+00:00,2979,-6.239918790000258,106.79844824999957,complex_corridor,FRC2,10,13,4,3,1,False,-6.239928542802509,106.79846583092547,2.2254395550977346,True,
2026-07-26T17:30:58.041019+00:00,3134,-6.2892448600025785,106.77855074999796,complex_corridor,FRC1,22,22,11,11,1,False,-6.289262432333267,106.778499467014,5.995427904385316,True,
2026-07-26T17:30:58.325323+00:00,3164,-6.239840140000258,106.79869149999956,complex_corridor,FRC2,24,24,145,145,1,False,-6.23981997364873,106.79856239045006,14.446370748590217,True,
2026-07-26T17:30:58.611755+00:00,3940,-6.242815700000143,106.84290446666662,complex_corridor,FRC2,21,21,19,19,1,False,-6.242610768682978,106.84288187111798,22.923789898286447,True,
2026-07-26T17:30:58.908307+00:00,3995,-6.2428431,106.8426503,complex_corridor,FRC2,32,32,8,8,1,False,-6.24270333943449,106.84230519617961,41.19038604817657,True,
2026-07-26T17:30:59.209076+00:00,4135,-6.242451300001405,106.84346441666648,complex_corridor,FRC3,27,27,15,15,1,False,-6.24264159782794,106.84303341592732,52.128779444682614,True,
2026-07-26T17:30:59.493222+00:00,4174,-6.242622250001264,106.84418269999986,complex_corridor,FRC3,21,21,14,14,1,False,-6.242365385288672,106.84405667866673,31.777844988721665,True,
2026-07-26T17:30:59.776438+00:00,4307,-6.237238257899974,106.8272395210502,complex_corridor,FRC2,21,21,6,6,1,False,-6.237236971031365,106.82743234718856,21.314848279038795,True,
2026-07-26T17:31:00.065262+00:00,4312,-6.237042057899963,106.8269344210502,complex_corridor,FRC2,23,23,6,6,1,False,-6.237208807900389,106.82690797532604,18.770772040768108,True,
2026-07-26T17:31:00.344233+00:00,4383,-6.255330045001537,106.84307333999776,complex_corridor,FRC4,25,25,7,7,1,False,-6.255170245392188,106.84296367849294,21.509477825194235,True,
2026-07-26T17:31:00.642740+00:00,4421,-6.237577607899957,106.82686737105018,complex_corridor,FRC3,18,18,27,27,1,False,-6.237416698431964,106.82692406858013,18.95817050701808,True,
2026-07-26T17:31:00.924266+00:00,5234,-6.255677025000373,106.8431710999986,complex_corridor,FRC4,23,23,6,6,1,False,-6.25559934329838,106.84329627241084,16.310649749926508,True,
2026-07-26T17:31:01.224287+00:00,5259,-6.255508725000373,106.84360214999862,complex_corridor,FRC4,30,30,287,287,1,False,-6.255457199448482,106.84295563186589,71.6908067558573,True,
2026-07-26T17:31:01.508539+00:00,5296,-6.242909649999996,106.84406470000002,complex_corridor,FRC2,35,35,40,40,1,False,-6.24287098327402,106.84404058541264,5.0587612651154314,True,
2026-07-26T17:45:44.936056+00:00,703,-6.235444892859697,106.75583232857385,complex_corridor,FRC2,28,28,6,6,1,False,-6.235637002833079,106.75573958241279,23.694334982762854,True,
2026-07-26T17:45:45.203326+00:00,821,-6.288795825000754,106.77763638750048,complex_corridor,FRC1,31,31,35,35,1,False,-6.288676397337788,106.77774978959411,18.260596237349766,True,
2026-07-26T17:45:45.477584+00:00,1336,-6.235382350000007,106.7560557,complex_corridor,FRC2,27,27,9,9,1,False,-6.235851643158244,106.75634307944131,61.09133400248038,True,
2026-07-26T17:45:45.747479+00:00,2187,-6.234661449999994,106.7555585,complex_corridor,FRC2,39,39,18,18,1,False,-6.235295044618109,106.75596622907466,83.63486690954973,True,
2026-07-26T17:45:46.017141+00:00,2188,-6.233655599999991,106.75488135,complex_corridor,FRC2,30,30,32,32,1,False,-6.233742064909034,106.75495503627582,12.600808704103487,True,
2026-07-26T17:45:46.282764+00:00,2298,-6.288583799999989,106.77784095,complex_corridor,FRC1,41,41,341,341,1,False,-6.288634823320289,106.77780477487897,6.94084144102375,True,
2026-07-26T17:45:46.556623+00:00,2322,-6.2884621,106.7781152,complex_corridor,FRC1,26,26,53,53,1,False,-6.288455113550981,106.77822722279888,12.405765015820144,True,
2026-07-26T17:45:46.837074+00:00,2459,-6.23996075,106.79819865,complex_corridor,FRC3,28,28,405,405,1,False,-6.239927209643448,106.79835988366938,18.208192291717626,True,
2026-07-26T17:45:47.099823+00:00,2660,-6.288887410002579,106.77817204999796,complex_corridor,FRC1,15,15,29,29,1,False,-6.289080056713849,106.77821112954479,21.852459789678804,True,
2026-07-26T17:45:47.378479+00:00,2731,-6.240104349999994,106.79819525,complex_corridor,FRC1,21,21,285,285,1,False,-6.254711568502923,106.79717434728451,1628.1638385691926,False,
2026-07-26T17:45:47.643735+00:00,2979,-6.239918790000258,106.79844824999957,complex_corridor,FRC2,15,15,2,2,1,False,-6.239928542802509,106.79846583092547,2.2254395550977346,True,
2026-07-26T17:45:47.910429+00:00,3134,-6.2892448600025785,106.77855074999796,complex_corridor,FRC1,22,22,11,11,1,False,-6.289262432333267,106.778499467014,5.995427904385316,True,
2026-07-26T17:45:48.177054+00:00,3164,-6.239840140000258,106.79869149999956,complex_corridor,FRC2,24,24,145,145,1,False,-6.23981997364873,106.79856239045006,14.446370748590217,True,
2026-07-26T17:45:48.443191+00:00,3940,-6.242815700000143,106.84290446666662,complex_corridor,FRC2,21,21,19,19,1,False,-6.242610768682978,106.84288187111798,22.923789898286447,True,
2026-07-26T17:45:48.714385+00:00,3995,-6.2428431,106.8426503,complex_corridor,FRC2,32,32,8,8,1,False,-6.24270333943449,106.84230519617961,41.19038604817657,True,
2026-07-26T17:45:48.977766+00:00,4135,-6.242451300001405,106.84346441666648,complex_corridor,FRC3,27,27,15,15,1,False,-6.24264159782794,106.84303341592732,52.128779444682614,True,
2026-07-26T17:45:49.249698+00:00,4174,-6.242622250001264,106.84418269999986,complex_corridor,FRC3,21,21,14,14,1,False,-6.242365385288672,106.84405667866673,31.777844988721665,True,
2026-07-26T17:45:49.518355+00:00,4307,-6.237238257899974,106.8272395210502,complex_corridor,FRC2,21,21,6,6,1,False,-6.237236971031365,106.82743234718856,21.314848279038795,True,
2026-07-26T17:45:49.781940+00:00,4312,-6.237042057899963,106.8269344210502,complex_corridor,FRC2,23,23,6,6,1,False,-6.237208807900389,106.82690797532604,18.770772040768108,True,
2026-07-26T17:45:50.065740+00:00,4383,-6.255330045001537,106.84307333999776,complex_corridor,FRC4,25,25,7,7,1,False,-6.255170245392188,106.84296367849294,21.509477825194235,True,
2026-07-26T17:45:50.329562+00:00,4421,-6.237577607899957,106.82686737105018,complex_corridor,FRC3,18,18,27,27,1,False,-6.237416698431964,106.82692406858013,18.95817050701808,True,
2026-07-26T17:45:50.616452+00:00,5234,-6.255677025000373,106.8431710999986,complex_corridor,FRC4,23,23,6,6,1,False,-6.25559934329838,106.84329627241084,16.310649749926508,True,
2026-07-26T17:45:50.884839+00:00,5259,-6.255508725000373,106.84360214999862,complex_corridor,FRC4,30,30,287,287,1,False,-6.255457199448482,106.84295563186589,71.6908067558573,True,
2026-07-26T17:45:51.147076+00:00,5296,-6.242909649999996,106.84406470000002,complex_corridor,FRC2,35,35,40,40,1,False,-6.24287098327402,106.84404058541264,5.0587612651154314,True,
2026-07-26T18:00:57.693400+00:00,703,-6.235444892859697,106.75583232857385,complex_corridor,FRC2,28,28,6,6,1.0,False,-6.235637002833079,106.75573958241279,23.694334982762854,True,
2026-07-26T18:00:57.972932+00:00,821,-6.288795825000754,106.77763638750048,complex_corridor,FRC1,31,31,35,35,1.0,False,-6.288676397337788,106.77774978959411,18.260596237349766,True,
2026-07-26T18:00:58.238097+00:00,1336,-6.235382350000007,106.7560557,complex_corridor,FRC2,27,27,9,9,1.0,False,-6.235851643158244,106.75634307944131,61.09133400248038,True,
2026-07-26T18:00:58.509047+00:00,2187,-6.234661449999994,106.7555585,complex_corridor,FRC2,39,39,18,18,1.0,False,-6.235295044618109,106.75596622907466,83.63486690954973,True,
2026-07-26T18:00:58.776568+00:00,2188,-6.233655599999991,106.75488135,complex_corridor,FRC2,30,30,32,32,1.0,False,-6.233742064909034,106.75495503627582,12.600808704103487,True,
2026-07-26T18:00:59.051147+00:00,2298,-6.288583799999989,106.77784095,complex_corridor,FRC1,41,41,341,341,1.0,False,-6.288634823320289,106.77780477487897,6.94084144102375,True,
2026-07-26T18:00:59.333511+00:00,2322,-6.2884621,106.7781152,complex_corridor,FRC1,19,26,73,53,0.99,False,-6.288455113550981,106.77822722279888,12.405765015820144,True,
2026-07-26T18:00:59.604330+00:00,2459,-6.23996075,106.79819865,complex_corridor,FRC3,28,28,405,405,1.0,False,-6.239927209643448,106.79835988366938,18.208192291717626,True,
2026-07-26T18:00:59.880220+00:00,2660,-6.288887410002579,106.77817204999796,complex_corridor,FRC1,15,15,29,29,1.0,False,-6.289080056713849,106.77821112954479,21.852459789678804,True,
2026-07-26T18:01:00.158830+00:00,2731,-6.240104349999994,106.79819525,complex_corridor,FRC1,21,21,285,285,1.0,False,-6.254711568502923,106.79717434728451,1628.1638385691926,False,
2026-07-26T18:01:00.436893+00:00,2979,-6.239918790000258,106.79844824999957,complex_corridor,FRC2,15,15,2,2,1.0,False,-6.239928542802509,106.79846583092547,2.2254395550977346,True,
2026-07-26T18:01:00.701349+00:00,3134,-6.2892448600025785,106.77855074999796,complex_corridor,FRC1,22,22,11,11,1.0,False,-6.289262432333267,106.778499467014,5.995427904385316,True,
2026-07-26T18:01:00.969648+00:00,3164,-6.239840140000258,106.79869149999956,complex_corridor,FRC2,24,24,145,145,1.0,False,-6.23981997364873,106.79856239045006,14.446370748590217,True,
2026-07-26T18:01:01.240016+00:00,3940,-6.242815700000143,106.84290446666662,complex_corridor,FRC2,21,21,19,19,1.0,False,-6.242610768682978,106.84288187111798,22.923789898286447,True,
2026-07-26T18:01:01.503003+00:00,3995,-6.2428431,106.8426503,complex_corridor,FRC2,32,32,8,8,1.0,False,-6.24270333943449,106.84230519617961,41.19038604817657,True,
2026-07-26T18:01:01.768559+00:00,4135,-6.242451300001405,106.84346441666648,complex_corridor,FRC3,27,27,15,15,1.0,False,-6.24264159782794,106.84303341592732,52.128779444682614,True,
2026-07-26T18:01:02.040655+00:00,4174,-6.242622250001264,106.84418269999986,complex_corridor,FRC3,21,21,14,14,1.0,False,-6.242365385288672,106.84405667866673,31.777844988721665,True,
2026-07-26T18:01:02.309987+00:00,4307,-6.237238257899974,106.8272395210502,complex_corridor,FRC2,21,21,6,6,1.0,False,-6.237236971031365,106.82743234718856,21.314848279038795,True,
2026-07-26T18:01:02.574629+00:00,4312,-6.237042057899963,106.8269344210502,complex_corridor,FRC2,23,23,6,6,1.0,False,-6.237208807900389,106.82690797532604,18.770772040768108,True,
2026-07-26T18:01:02.840542+00:00,4383,-6.255330045001537,106.84307333999776,complex_corridor,FRC4,25,25,7,7,1.0,False,-6.255170245392188,106.84296367849294,21.509477825194235,True,
2026-07-26T18:01:03.108345+00:00,4421,-6.237577607899957,106.82686737105018,complex_corridor,FRC3,18,18,27,27,1.0,False,-6.237416698431964,106.82692406858013,18.95817050701808,True,
2026-07-26T18:01:03.372185+00:00,5234,-6.255677025000373,106.8431710999986,complex_corridor,FRC4,23,23,6,6,1.0,False,-6.25559934329838,106.84329627241084,16.310649749926508,True,
2026-07-26T18:01:03.644268+00:00,5259,-6.255508725000373,106.84360214999862,complex_corridor,FRC4,30,30,287,287,1.0,False,-6.255457199448482,106.84295563186589,71.6908067558573,True,
2026-07-26T18:01:03.907797+00:00,5296,-6.242909649999996,106.84406470000002,complex_corridor,FRC2,35,35,40,40,1.0,False,-6.24287098327402,106.84404058541264,5.0587612651154314,True,
2026-07-26T18:15:50.244839+00:00,703,-6.235444892859697,106.75583232857385,complex_corridor,FRC2,28,28,6,6,1,False,-6.235637002833079,106.75573958241279,23.694334982762854,True,
2026-07-26T18:15:50.518952+00:00,821,-6.288795825000754,106.77763638750048,complex_corridor,FRC1,31,31,35,35,1,False,-6.288676397337788,106.77774978959411,18.260596237349766,True,
2026-07-26T18:15:50.786394+00:00,1336,-6.235382350000007,106.7560557,complex_corridor,FRC2,27,27,9,9,1,False,-6.235851643158244,106.75634307944131,61.09133400248038,True,
2026-07-26T18:15:51.058970+00:00,2187,-6.234661449999994,106.7555585,complex_corridor,FRC2,39,39,18,18,1,False,-6.235295044618109,106.75596622907466,83.63486690954973,True,
2026-07-26T18:15:51.328044+00:00,2188,-6.233655599999991,106.75488135,complex_corridor,FRC2,30,30,32,32,1,False,-6.233742064909034,106.75495503627582,12.600808704103487,True,
2026-07-26T18:15:51.604693+00:00,2298,-6.288583799999989,106.77784095,complex_corridor,FRC1,41,41,341,341,1,False,-6.288634823320289,106.77780477487897,6.94084144102375,True,
2026-07-26T18:15:51.873994+00:00,2322,-6.2884621,106.7781152,complex_corridor,FRC1,26,26,53,53,1,False,-6.288455113550981,106.77822722279888,12.405765015820144,True,
2026-07-26T18:15:52.144999+00:00,2459,-6.23996075,106.79819865,complex_corridor,FRC3,28,28,405,405,1,False,-6.239927209643448,106.79835988366938,18.208192291717626,True,
2026-07-26T18:15:52.412071+00:00,2660,-6.288887410002579,106.77817204999796,complex_corridor,FRC1,15,15,29,29,1,False,-6.289080056713849,106.77821112954479,21.852459789678804,True,
2026-07-26T18:15:52.686460+00:00,2731,-6.240104349999994,106.79819525,complex_corridor,FRC1,21,21,285,285,1,False,-6.254711568502923,106.79717434728451,1628.1638385691926,False,
2026-07-26T18:15:52.953998+00:00,2979,-6.239918790000258,106.79844824999957,complex_corridor,FRC2,6,15,7,2,1,False,-6.239928542802509,106.79846583092547,2.2254395550977346,True,
2026-07-26T18:15:53.222785+00:00,3134,-6.2892448600025785,106.77855074999796,complex_corridor,FRC1,22,22,11,11,1,False,-6.289262432333267,106.778499467014,5.995427904385316,True,
2026-07-26T18:15:53.489867+00:00,3164,-6.239840140000258,106.79869149999956,complex_corridor,FRC2,24,24,145,145,1,False,-6.23981997364873,106.79856239045006,14.446370748590217,True,
2026-07-26T18:15:53.759301+00:00,3940,-6.242815700000143,106.84290446666662,complex_corridor,FRC2,21,21,19,19,1,False,-6.242610768682978,106.84288187111798,22.923789898286447,True,
2026-07-26T18:15:54.026813+00:00,3995,-6.2428431,106.8426503,complex_corridor,FRC2,32,32,8,8,1,False,-6.24270333943449,106.84230519617961,41.19038604817657,True,
2026-07-26T18:15:54.293728+00:00,4135,-6.242451300001405,106.84346441666648,complex_corridor,FRC3,27,27,15,15,1,False,-6.24264159782794,106.84303341592732,52.128779444682614,True,
2026-07-26T18:15:54.561719+00:00,4174,-6.242622250001264,106.84418269999986,complex_corridor,FRC3,21,21,14,14,1,False,-6.242365385288672,106.84405667866673,31.777844988721665,True,
2026-07-26T18:15:54.825376+00:00,4307,-6.237238257899974,106.8272395210502,complex_corridor,FRC2,21,21,6,6,1,False,-6.237236971031365,106.82743234718856,21.314848279038795,True,
2026-07-26T18:15:55.089984+00:00,4312,-6.237042057899963,106.8269344210502,complex_corridor,FRC2,23,23,6,6,1,False,-6.237208807900389,106.82690797532604,18.770772040768108,True,
2026-07-26T18:15:55.358532+00:00,4383,-6.255330045001537,106.84307333999776,complex_corridor,FRC4,25,25,7,7,1,False,-6.255170245392188,106.84296367849294,21.509477825194235,True,
2026-07-26T18:15:55.623156+00:00,4421,-6.237577607899957,106.82686737105018,complex_corridor,FRC3,18,18,27,27,1,False,-6.237416698431964,106.82692406858013,18.95817050701808,True,
2026-07-26T18:15:55.893516+00:00,5234,-6.255677025000373,106.8431710999986,complex_corridor,FRC4,23,23,6,6,1,False,-6.25559934329838,106.84329627241084,16.310649749926508,True,
2026-07-26T18:15:56.162057+00:00,5259,-6.255508725000373,106.84360214999862,complex_corridor,FRC4,30,30,287,287,1,False,-6.255457199448482,106.84295563186589,71.6908067558573,True,
2026-07-26T18:15:56.429017+00:00,5296,-6.242909649999996,106.84406470000002,complex_corridor,FRC2,35,35,40,40,1,False,-6.24287098327402,106.84404058541264,5.0587612651154314,True,
2026-07-26T18:30:56.288440+00:00,703,-6.235444892859697,106.75583232857385,complex_corridor,FRC2,28,28,6,6,1,False,-6.235637002833079,106.75573958241279,23.694334982762854,True,
2026-07-26T18:30:56.591282+00:00,821,-6.288795825000754,106.77763638750048,complex_corridor,FRC1,31,31,35,35,1,False,-6.288676397337788,106.77774978959411,18.260596237349766,True,
2026-07-26T18:30:56.899403+00:00,1336,-6.235382350000007,106.7560557,complex_corridor,FRC2,27,27,9,9,1,False,-6.235851643158244,106.75634307944131,61.09133400248038,True,
2026-07-26T18:30:57.211596+00:00,2187,-6.234661449999994,106.7555585,complex_corridor,FRC2,39,39,18,18,1,False,-6.235295044618109,106.75596622907466,83.63486690954973,True,
2026-07-26T18:30:57.519314+00:00,2188,-6.233655599999991,106.75488135,complex_corridor,FRC2,30,30,32,32,1,False,-6.233742064909034,106.75495503627582,12.600808704103487,True,
2026-07-26T18:30:57.834104+00:00,2298,-6.288583799999989,106.77784095,complex_corridor,FRC1,41,41,341,341,1,False,-6.288634823320289,106.77780477487897,6.94084144102375,True,
2026-07-26T18:30:58.136190+00:00,2322,-6.2884621,106.7781152,complex_corridor,FRC1,26,26,53,53,1,False,-6.288455113550981,106.77822722279888,12.405765015820144,True,
2026-07-26T18:30:58.436465+00:00,2459,-6.23996075,106.79819865,complex_corridor,FRC3,28,28,405,405,1,False,-6.239927209643448,106.79835988366938,18.208192291717626,True,
2026-07-26T18:30:58.735199+00:00,2660,-6.288887410002579,106.77817204999796,complex_corridor,FRC1,15,15,29,29,1,False,-6.289080056713849,106.77821112954479,21.852459789678804,True,
2026-07-26T18:30:59.038138+00:00,2731,-6.240104349999994,106.79819525,complex_corridor,FRC1,21,21,285,285,1,False,-6.254711568502923,106.79717434728451,1628.1638385691926,False,
2026-07-26T18:30:59.345682+00:00,2979,-6.239918790000258,106.79844824999957,complex_corridor,FRC2,11,15,3,2,1,False,-6.239928542802509,106.79846583092547,2.2254395550977346,True,
2026-07-26T18:30:59.660756+00:00,3134,-6.2892448600025785,106.77855074999796,complex_corridor,FRC1,22,22,11,11,1,False,-6.289262432333267,106.778499467014,5.995427904385316,True,
2026-07-26T18:30:59.962724+00:00,3164,-6.239840140000258,106.79869149999956,complex_corridor,FRC2,24,24,145,145,1,False,-6.23981997364873,106.79856239045006,14.446370748590217,True,
2026-07-26T18:31:00.285308+00:00,3940,-6.242815700000143,106.84290446666662,complex_corridor,FRC2,21,21,19,19,1,False,-6.242610768682978,106.84288187111798,22.923789898286447,True,
2026-07-26T18:31:00.585245+00:00,3995,-6.2428431,106.8426503,complex_corridor,FRC2,32,32,8,8,1,False,-6.24270333943449,106.84230519617961,41.19038604817657,True,
2026-07-26T18:31:00.885926+00:00,4135,-6.242451300001405,106.84346441666648,complex_corridor,FRC3,27,27,15,15,1,False,-6.24264159782794,106.84303341592732,52.128779444682614,True,
2026-07-26T18:31:01.190565+00:00,4174,-6.242622250001264,106.84418269999986,complex_corridor,FRC3,21,21,14,14,1,False,-6.242365385288672,106.84405667866673,31.777844988721665,True,
2026-07-26T18:31:01.498477+00:00,4307,-6.237238257899974,106.8272395210502,complex_corridor,FRC2,21,21,6,6,1,False,-6.237236971031365,106.82743234718856,21.314848279038795,True,
2026-07-26T18:31:01.806436+00:00,4312,-6.237042057899963,106.8269344210502,complex_corridor,FRC2,23,23,6,6,1,False,-6.237208807900389,106.82690797532604,18.770772040768108,True,
2026-07-26T18:31:02.106614+00:00,4383,-6.255330045001537,106.84307333999776,complex_corridor,FRC4,25,25,7,7,1,False,-6.255170245392188,106.84296367849294,21.509477825194235,True,
2026-07-26T18:31:02.406201+00:00,4421,-6.237577607899957,106.82686737105018,complex_corridor,FRC3,18,18,27,27,1,False,-6.237416698431964,106.82692406858013,18.95817050701808,True,
2026-07-26T18:31:02.708420+00:00,5234,-6.255677025000373,106.8431710999986,complex_corridor,FRC4,23,23,6,6,1,False,-6.25559934329838,106.84329627241084,16.310649749926508,True,
2026-07-26T18:31:03.014217+00:00,5259,-6.255508725000373,106.84360214999862,complex_corridor,FRC4,30,30,287,287,1,False,-6.255457199448482,106.84295563186589,71.6908067558573,True,
2026-07-26T18:31:03.318486+00:00,5296,-6.242909649999996,106.84406470000002,complex_corridor,FRC2,35,35,40,40,1,False,-6.24287098327402,106.84404058541264,5.0587612651154314,True,
2026-07-26T18:45:48.949432+00:00,703,-6.235444892859697,106.75583232857385,complex_corridor,FRC2,28,28,6,6,1.0,False,-6.235637002833079,106.75573958241279,23.694334982762854,True,
2026-07-26T18:45:49.251521+00:00,821,-6.288795825000754,106.77763638750048,complex_corridor,FRC1,31,31,35,35,1.0,False,-6.288676397337788,106.77774978959411,18.260596237349766,True,
2026-07-26T18:45:49.553486+00:00,1336,-6.235382350000007,106.7560557,complex_corridor,FRC2,27,27,9,9,1.0,False,-6.235851643158244,106.75634307944131,61.09133400248038,True,
2026-07-26T18:45:49.852137+00:00,2187,-6.234661449999994,106.7555585,complex_corridor,FRC2,39,39,18,18,1.0,False,-6.235295044618109,106.75596622907466,83.63486690954973,True,
2026-07-26T18:45:50.156782+00:00,2188,-6.233655599999991,106.75488135,complex_corridor,FRC2,30,30,32,32,1.0,False,-6.233742064909034,106.75495503627582,12.600808704103487,True,
2026-07-26T18:45:50.457523+00:00,2298,-6.288583799999989,106.77784095,complex_corridor,FRC1,41,41,341,341,1.0,False,-6.288634823320289,106.77780477487897,6.94084144102375,True,
2026-07-26T18:45:50.764911+00:00,2322,-6.2884621,106.7781152,complex_corridor,FRC1,26,26,53,53,1.0,False,-6.288455113550981,106.77822722279888,12.405765015820144,True,
2026-07-26T18:45:51.068879+00:00,2459,-6.23996075,106.79819865,complex_corridor,FRC3,28,28,405,405,1.0,False,-6.239927209643448,106.79835988366938,18.208192291717626,True,
2026-07-26T18:45:51.372631+00:00,2660,-6.288887410002579,106.77817204999796,complex_corridor,FRC1,10,15,44,29,0.99,False,-6.289080056713849,106.77821112954479,21.852459789678804,True,
2026-07-26T18:45:51.673756+00:00,2731,-6.240104349999994,106.79819525,complex_corridor,FRC1,21,21,285,285,1.0,False,-6.254711568502923,106.79717434728451,1628.1638385691926,False,
2026-07-26T18:45:51.972130+00:00,2979,-6.239918790000258,106.79844824999957,complex_corridor,FRC2,6,13,7,3,0.99,False,-6.239928542802509,106.79846583092547,2.2254395550977346,True,
2026-07-26T18:45:52.273408+00:00,3134,-6.2892448600025785,106.77855074999796,complex_corridor,FRC1,22,22,11,11,1.0,False,-6.289262432333267,106.778499467014,5.995427904385316,True,
2026-07-26T18:45:52.574249+00:00,3164,-6.239840140000258,106.79869149999956,complex_corridor,FRC2,24,24,145,145,1.0,False,-6.23981997364873,106.79856239045006,14.446370748590217,True,
2026-07-26T18:45:52.875151+00:00,3940,-6.242815700000143,106.84290446666662,complex_corridor,FRC2,21,21,19,19,1.0,False,-6.242610768682978,106.84288187111798,22.923789898286447,True,
2026-07-26T18:45:53.177819+00:00,3995,-6.2428431,106.8426503,complex_corridor,FRC2,32,32,8,8,1.0,False,-6.24270333943449,106.84230519617961,41.19038604817657,True,
2026-07-26T18:45:53.509115+00:00,4135,-6.242451300001405,106.84346441666648,complex_corridor,FRC3,27,27,15,15,1.0,False,-6.24264159782794,106.84303341592732,52.128779444682614,True,
2026-07-26T18:45:53.818191+00:00,4174,-6.242622250001264,106.84418269999986,complex_corridor,FRC3,21,21,14,14,1.0,False,-6.242365385288672,106.84405667866673,31.777844988721665,True,
2026-07-26T18:45:54.128173+00:00,4307,-6.237238257899974,106.8272395210502,complex_corridor,FRC2,21,21,6,6,1.0,False,-6.237236971031365,106.82743234718856,21.314848279038795,True,
2026-07-26T18:45:54.428405+00:00,4312,-6.237042057899963,106.8269344210502,complex_corridor,FRC2,23,23,6,6,1.0,False,-6.237208807900389,106.82690797532604,18.770772040768108,True,
2026-07-26T18:45:54.735838+00:00,4383,-6.255330045001537,106.84307333999776,complex_corridor,FRC4,25,25,7,7,1.0,False,-6.255170245392188,106.84296367849294,21.509477825194235,True,
2026-07-26T18:45:55.050262+00:00,4421,-6.237577607899957,106.82686737105018,complex_corridor,FRC3,18,18,27,27,1.0,False,-6.237416698431964,106.82692406858013,18.95817050701808,True,
2026-07-26T18:45:55.350390+00:00,5234,-6.255677025000373,106.8431710999986,complex_corridor,FRC4,23,23,6,6,1.0,False,-6.25559934329838,106.84329627241084,16.310649749926508,True,
2026-07-26T18:45:55.654047+00:00,5259,-6.255508725000373,106.84360214999862,complex_corridor,FRC4,30,30,287,287,1.0,False,-6.255457199448482,106.84295563186589,71.6908067558573,True,
2026-07-26T18:45:55.958529+00:00,5296,-6.242909649999996,106.84406470000002,complex_corridor,FRC2,12,33,118,43,0.99,False,-6.24287098327402,106.84404058541264,5.0587612651154314,True,
2026-07-26T19:00:58.251870+00:00,703,-6.235444892859697,106.75583232857385,complex_corridor,FRC2,28,28,6,6,1.0,False,-6.235637002833079,106.75573958241279,23.694334982762854,True,
2026-07-26T19:00:58.544910+00:00,821,-6.288795825000754,106.77763638750048,complex_corridor,FRC1,31,31,35,35,1.0,False,-6.288676397337788,106.77774978959411,18.260596237349766,True,
2026-07-26T19:00:58.842364+00:00,1336,-6.235382350000007,106.7560557,complex_corridor,FRC2,27,27,9,9,1.0,False,-6.235851643158244,106.75634307944131,61.09133400248038,True,
2026-07-26T19:00:59.131180+00:00,2187,-6.234661449999994,106.7555585,complex_corridor,FRC2,39,39,18,18,1.0,False,-6.235295044618109,106.75596622907466,83.63486690954973,True,
2026-07-26T19:00:59.425703+00:00,2188,-6.233655599999991,106.75488135,complex_corridor,FRC2,30,30,32,32,1.0,False,-6.233742064909034,106.75495503627582,12.600808704103487,True,
2026-07-26T19:00:59.715977+00:00,2298,-6.288583799999989,106.77784095,complex_corridor,FRC1,41,41,341,341,1.0,False,-6.288634823320289,106.77780477487897,6.94084144102375,True,
2026-07-26T19:01:00.002582+00:00,2322,-6.2884621,106.7781152,complex_corridor,FRC1,26,26,53,53,1.0,False,-6.288455113550981,106.77822722279888,12.405765015820144,True,
2026-07-26T19:01:00.288766+00:00,2459,-6.23996075,106.79819865,complex_corridor,FRC3,28,28,405,405,1.0,False,-6.239927209643448,106.79835988366938,18.208192291717626,True,
2026-07-26T19:01:00.581754+00:00,2660,-6.288887410002579,106.77817204999796,complex_corridor,FRC1,15,15,29,29,1.0,False,-6.289080056713849,106.77821112954479,21.852459789678804,True,
2026-07-26T19:01:00.867729+00:00,2731,-6.240104349999994,106.79819525,complex_corridor,FRC1,21,21,285,285,1.0,False,-6.254711568502923,106.79717434728451,1628.1638385691926,False,
2026-07-26T19:01:01.153183+00:00,2979,-6.239918790000258,106.79844824999957,complex_corridor,FRC2,15,15,2,2,1.0,False,-6.239928542802509,106.79846583092547,2.2254395550977346,True,
2026-07-26T19:01:01.442975+00:00,3134,-6.2892448600025785,106.77855074999796,complex_corridor,FRC1,22,22,11,11,1.0,False,-6.289262432333267,106.778499467014,5.995427904385316,True,
2026-07-26T19:01:01.744204+00:00,3164,-6.239840140000258,106.79869149999956,complex_corridor,FRC2,24,24,145,145,1.0,False,-6.23981997364873,106.79856239045006,14.446370748590217,True,
2026-07-26T19:01:02.033245+00:00,3940,-6.242815700000143,106.84290446666662,complex_corridor,FRC2,21,21,19,19,1.0,False,-6.242610768682978,106.84288187111798,22.923789898286447,True,
2026-07-26T19:01:02.319056+00:00,3995,-6.2428431,106.8426503,complex_corridor,FRC2,32,32,8,8,1.0,False,-6.24270333943449,106.84230519617961,41.19038604817657,True,
2026-07-26T19:01:02.605514+00:00,4135,-6.242451300001405,106.84346441666648,complex_corridor,FRC3,27,27,15,15,1.0,False,-6.24264159782794,106.84303341592732,52.128779444682614,True,
2026-07-26T19:01:02.890779+00:00,4174,-6.242622250001264,106.84418269999986,complex_corridor,FRC3,21,21,14,14,1.0,False,-6.242365385288672,106.84405667866673,31.777844988721665,True,
2026-07-26T19:01:03.174979+00:00,4307,-6.237238257899974,106.8272395210502,complex_corridor,FRC2,21,21,6,6,1.0,False,-6.237236971031365,106.82743234718856,21.314848279038795,True,
2026-07-26T19:01:03.463236+00:00,4312,-6.237042057899963,106.8269344210502,complex_corridor,FRC2,23,23,6,6,1.0,False,-6.237208807900389,106.82690797532604,18.770772040768108,True,
2026-07-26T19:01:03.749181+00:00,4383,-6.255330045001537,106.84307333999776,complex_corridor,FRC4,25,25,7,7,1.0,False,-6.255170245392188,106.84296367849294,21.509477825194235,True,
2026-07-26T19:01:04.035713+00:00,4421,-6.237577607899957,106.82686737105018,complex_corridor,FRC3,18,18,27,27,1.0,False,-6.237416698431964,106.82692406858013,18.95817050701808,True,
2026-07-26T19:01:04.332792+00:00,5234,-6.255677025000373,106.8431710999986,complex_corridor,FRC4,23,23,6,6,1.0,False,-6.25559934329838,106.84329627241084,16.310649749926508,True,
2026-07-26T19:01:04.620078+00:00,5259,-6.255508725000373,106.84360214999862,complex_corridor,FRC4,30,30,287,287,1.0,False,-6.255457199448482,106.84295563186589,71.6908067558573,True,
2026-07-26T19:01:04.905789+00:00,5296,-6.242909649999996,106.84406470000002,complex_corridor,FRC2,11,34,129,41,0.99,False,-6.24287098327402,106.84404058541264,5.0587612651154314,True,
2026-07-26T19:15:51.962264+00:00,703,-6.235444892859697,106.75583232857385,complex_corridor,FRC2,28,28,6,6,1,False,-6.235637002833079,106.75573958241279,23.694334982762854,True,
2026-07-26T19:15:52.257879+00:00,821,-6.288795825000754,106.77763638750048,complex_corridor,FRC1,31,31,35,35,1,False,-6.288676397337788,106.77774978959411,18.260596237349766,True,
2026-07-26T19:15:52.553703+00:00,1336,-6.235382350000007,106.7560557,complex_corridor,FRC2,27,27,9,9,1,False,-6.235851643158244,106.75634307944131,61.09133400248038,True,
2026-07-26T19:15:52.844311+00:00,2187,-6.234661449999994,106.7555585,complex_corridor,FRC2,39,39,18,18,1,False,-6.235295044618109,106.75596622907466,83.63486690954973,True,
2026-07-26T19:15:53.135414+00:00,2188,-6.233655599999991,106.75488135,complex_corridor,FRC2,30,30,32,32,1,False,-6.233742064909034,106.75495503627582,12.600808704103487,True,
2026-07-26T19:15:53.425246+00:00,2298,-6.288583799999989,106.77784095,complex_corridor,FRC1,41,41,341,341,1,False,-6.288634823320289,106.77780477487897,6.94084144102375,True,
2026-07-26T19:15:53.718784+00:00,2322,-6.2884621,106.7781152,complex_corridor,FRC1,26,26,53,53,1,False,-6.288455113550981,106.77822722279888,12.405765015820144,True,
2026-07-26T19:15:54.017703+00:00,2459,-6.23996075,106.79819865,complex_corridor,FRC3,28,28,405,405,1,False,-6.239927209643448,106.79835988366938,18.208192291717626,True,
2026-07-26T19:15:54.320484+00:00,2660,-6.288887410002579,106.77817204999796,complex_corridor,FRC1,15,15,29,29,1,False,-6.289080056713849,106.77821112954479,21.852459789678804,True,
2026-07-26T19:15:54.614229+00:00,2731,-6.240104349999994,106.79819525,complex_corridor,FRC1,21,21,285,285,1,False,-6.254711568502923,106.79717434728451,1628.1638385691926,False,
2026-07-26T19:15:54.907154+00:00,2979,-6.239918790000258,106.79844824999957,complex_corridor,FRC2,15,15,2,2,1,False,-6.239928542802509,106.79846583092547,2.2254395550977346,True,
2026-07-26T19:15:55.199075+00:00,3134,-6.2892448600025785,106.77855074999796,complex_corridor,FRC1,22,22,11,11,1,False,-6.289262432333267,106.778499467014,5.995427904385316,True,
2026-07-26T19:15:55.490693+00:00,3164,-6.239840140000258,106.79869149999956,complex_corridor,FRC2,24,24,145,145,1,False,-6.23981997364873,106.79856239045006,14.446370748590217,True,
2026-07-26T19:15:55.791849+00:00,3940,-6.242815700000143,106.84290446666662,complex_corridor,FRC2,21,21,19,19,1,False,-6.242610768682978,106.84288187111798,22.923789898286447,True,
2026-07-26T19:15:56.095682+00:00,3995,-6.2428431,106.8426503,complex_corridor,FRC2,32,32,8,8,1,False,-6.24270333943449,106.84230519617961,41.19038604817657,True,
2026-07-26T19:15:56.393175+00:00,4135,-6.242451300001405,106.84346441666648,complex_corridor,FRC3,27,27,15,15,1,False,-6.24264159782794,106.84303341592732,52.128779444682614,True,
2026-07-26T19:15:56.685561+00:00,4174,-6.242622250001264,106.84418269999986,complex_corridor,FRC3,21,21,14,14,1,False,-6.242365385288672,106.84405667866673,31.777844988721665,True,
2026-07-26T19:15:56.982401+00:00,4307,-6.237238257899974,106.8272395210502,complex_corridor,FRC2,21,21,6,6,1,False,-6.237236971031365,106.82743234718856,21.314848279038795,True,
2026-07-26T19:15:57.279305+00:00,4312,-6.237042057899963,106.8269344210502,complex_corridor,FRC2,23,23,6,6,1,False,-6.237208807900389,106.82690797532604,18.770772040768108,True,
2026-07-26T19:15:57.567669+00:00,4383,-6.255330045001537,106.84307333999776,complex_corridor,FRC4,25,25,7,7,1,False,-6.255170245392188,106.84296367849294,21.509477825194235,True,
2026-07-26T19:15:57.858421+00:00,4421,-6.237577607899957,106.82686737105018,complex_corridor,FRC3,18,18,27,27,1,False,-6.237416698431964,106.82692406858013,18.95817050701808,True,
2026-07-26T19:15:58.151551+00:00,5234,-6.255677025000373,106.8431710999986,complex_corridor,FRC4,23,23,6,6,1,False,-6.25559934329838,106.84329627241084,16.310649749926508,True,
2026-07-26T19:15:58.445966+00:00,5259,-6.255508725000373,106.84360214999862,complex_corridor,FRC4,30,30,287,287,1,False,-6.255457199448482,106.84295563186589,71.6908067558573,True,
2026-07-26T19:15:58.738098+00:00,5296,-6.242909649999996,106.84406470000002,complex_corridor,FRC2,35,35,40,40,1,False,-6.24287098327402,106.84404058541264,5.0587612651154314,True,
2026-07-26T19:30:51.027182+00:00,703,-6.235444892859697,106.75583232857385,complex_corridor,FRC2,28,28,6,6,1,False,-6.235637002833079,106.75573958241279,23.694334982762854,True,
2026-07-26T19:30:51.311776+00:00,821,-6.288795825000754,106.77763638750048,complex_corridor,FRC1,31,31,35,35,1,False,-6.288676397337788,106.77774978959411,18.260596237349766,True,
2026-07-26T19:30:51.595022+00:00,1336,-6.235382350000007,106.7560557,complex_corridor,FRC2,27,27,9,9,1,False,-6.235851643158244,106.75634307944131,61.09133400248038,True,
2026-07-26T19:30:51.876017+00:00,2187,-6.234661449999994,106.7555585,complex_corridor,FRC2,39,39,18,18,1,False,-6.235295044618109,106.75596622907466,83.63486690954973,True,
2026-07-26T19:30:52.160000+00:00,2188,-6.233655599999991,106.75488135,complex_corridor,FRC2,30,30,32,32,1,False,-6.233742064909034,106.75495503627582,12.600808704103487,True,
2026-07-26T19:30:52.444289+00:00,2298,-6.288583799999989,106.77784095,complex_corridor,FRC1,41,41,341,341,1,False,-6.288634823320289,106.77780477487897,6.94084144102375,True,
2026-07-26T19:30:52.734654+00:00,2322,-6.2884621,106.7781152,complex_corridor,FRC1,26,26,53,53,1,False,-6.288455113550981,106.77822722279888,12.405765015820144,True,
2026-07-26T19:30:53.017037+00:00,2459,-6.23996075,106.79819865,complex_corridor,FRC3,28,28,405,405,1,False,-6.239927209643448,106.79835988366938,18.208192291717626,True,
2026-07-26T19:30:53.313953+00:00,2660,-6.288887410002579,106.77817204999796,complex_corridor,FRC1,15,15,29,29,1,False,-6.289080056713849,106.77821112954479,21.852459789678804,True,
2026-07-26T19:30:53.601902+00:00,2731,-6.240104349999994,106.79819525,complex_corridor,FRC1,21,21,285,285,1,False,-6.254711568502923,106.79717434728451,1628.1638385691926,False,
2026-07-26T19:30:53.889884+00:00,2979,-6.239918790000258,106.79844824999957,complex_corridor,FRC2,15,15,2,2,1,False,-6.239928542802509,106.79846583092547,2.2254395550977346,True,
2026-07-26T19:30:54.173689+00:00,3134,-6.2892448600025785,106.77855074999796,complex_corridor,FRC1,22,22,11,11,1,False,-6.289262432333267,106.778499467014,5.995427904385316,True,
2026-07-26T19:30:54.456672+00:00,3164,-6.239840140000258,106.79869149999956,complex_corridor,FRC2,24,24,145,145,1,False,-6.23981997364873,106.79856239045006,14.446370748590217,True,
2026-07-26T19:30:54.738043+00:00,3940,-6.242815700000143,106.84290446666662,complex_corridor,FRC2,21,21,19,19,1,False,-6.242610768682978,106.84288187111798,22.923789898286447,True,
2026-07-26T19:30:55.028282+00:00,3995,-6.2428431,106.8426503,complex_corridor,FRC2,32,32,8,8,1,False,-6.24270333943449,106.84230519617961,41.19038604817657,True,
2026-07-26T19:30:55.306742+00:00,4135,-6.242451300001405,106.84346441666648,complex_corridor,FRC3,27,27,15,15,1,False,-6.24264159782794,106.84303341592732,52.128779444682614,True,
2026-07-26T19:30:55.604129+00:00,4174,-6.242622250001264,106.84418269999986,complex_corridor,FRC3,21,21,14,14,1,False,-6.242365385288672,106.84405667866673,31.777844988721665,True,
2026-07-26T19:30:55.888574+00:00,4307,-6.237238257899974,106.8272395210502,complex_corridor,FRC2,21,21,6,6,1,False,-6.237236971031365,106.82743234718856,21.314848279038795,True,
2026-07-26T19:30:56.180356+00:00,4312,-6.237042057899963,106.8269344210502,complex_corridor,FRC2,23,23,6,6,1,False,-6.237208807900389,106.82690797532604,18.770772040768108,True,
2026-07-26T19:30:56.460891+00:00,4383,-6.255330045001537,106.84307333999776,complex_corridor,FRC4,25,25,7,7,1,False,-6.255170245392188,106.84296367849294,21.509477825194235,True,
2026-07-26T19:30:56.742188+00:00,4421,-6.237577607899957,106.82686737105018,complex_corridor,FRC3,18,18,27,27,1,False,-6.237416698431964,106.82692406858013,18.95817050701808,True,
2026-07-26T19:30:57.025559+00:00,5234,-6.255677025000373,106.8431710999986,complex_corridor,FRC4,23,23,6,6,1,False,-6.25559934329838,106.84329627241084,16.310649749926508,True,
2026-07-26T19:30:57.342851+00:00,5259,-6.255508725000373,106.84360214999862,complex_corridor,FRC4,30,30,287,287,1,False,-6.255457199448482,106.84295563186589,71.6908067558573,True,
2026-07-26T19:30:57.636060+00:00,5296,-6.242909649999996,106.84406470000002,complex_corridor,FRC2,35,35,40,40,1,False,-6.24287098327402,106.84404058541264,5.0587612651154314,True,
2026-07-26T19:45:46.416978+00:00,703,-6.235444892859697,106.75583232857385,complex_corridor,FRC2,28,28,6,6,1,False,-6.235637002833079,106.75573958241279,23.694334982762854,True,
2026-07-26T19:45:46.689101+00:00,821,-6.288795825000754,106.77763638750048,complex_corridor,FRC1,31,31,35,35,1,False,-6.288676397337788,106.77774978959411,18.260596237349766,True,
2026-07-26T19:45:46.953053+00:00,1336,-6.235382350000007,106.7560557,complex_corridor,FRC2,27,27,9,9,1,False,-6.235851643158244,106.75634307944131,61.09133400248038,True,
2026-07-26T19:45:47.256026+00:00,2187,-6.234661449999994,106.7555585,complex_corridor,FRC2,39,39,18,18,1,False,-6.235295044618109,106.75596622907466,83.63486690954973,True,
2026-07-26T19:45:47.517996+00:00,2188,-6.233655599999991,106.75488135,complex_corridor,FRC2,30,30,32,32,1,False,-6.233742064909034,106.75495503627582,12.600808704103487,True,
2026-07-26T19:45:47.787002+00:00,2298,-6.288583799999989,106.77784095,complex_corridor,FRC1,41,41,341,341,1,False,-6.288634823320289,106.77780477487897,6.94084144102375,True,
2026-07-26T19:45:48.053734+00:00,2322,-6.2884621,106.7781152,complex_corridor,FRC1,26,26,53,53,1,False,-6.288455113550981,106.77822722279888,12.405765015820144,True,
2026-07-26T19:45:48.320158+00:00,2459,-6.23996075,106.79819865,complex_corridor,FRC3,28,28,405,405,1,False,-6.239927209643448,106.79835988366938,18.208192291717626,True,
2026-07-26T19:45:48.586022+00:00,2660,-6.288887410002579,106.77817204999796,complex_corridor,FRC1,15,15,29,29,1,False,-6.289080056713849,106.77821112954479,21.852459789678804,True,
2026-07-26T19:45:48.852854+00:00,2731,-6.240104349999994,106.79819525,complex_corridor,FRC1,21,21,285,285,1,False,-6.254711568502923,106.79717434728451,1628.1638385691926,False,
2026-07-26T19:45:49.118174+00:00,2979,-6.239918790000258,106.79844824999957,complex_corridor,FRC2,15,15,2,2,1,False,-6.239928542802509,106.79846583092547,2.2254395550977346,True,
2026-07-26T19:45:49.383623+00:00,3134,-6.2892448600025785,106.77855074999796,complex_corridor,FRC1,22,22,11,11,1,False,-6.289262432333267,106.778499467014,5.995427904385316,True,
2026-07-26T19:45:49.646093+00:00,3164,-6.239840140000258,106.79869149999956,complex_corridor,FRC2,24,24,145,145,1,False,-6.23981997364873,106.79856239045006,14.446370748590217,True,
2026-07-26T19:45:49.910684+00:00,3940,-6.242815700000143,106.84290446666662,complex_corridor,FRC2,21,21,19,19,1,False,-6.242610768682978,106.84288187111798,22.923789898286447,True,
2026-07-26T19:45:50.187374+00:00,3995,-6.2428431,106.8426503,complex_corridor,FRC2,32,32,8,8,1,False,-6.24270333943449,106.84230519617961,41.19038604817657,True,
2026-07-26T19:45:50.450862+00:00,4135,-6.242451300001405,106.84346441666648,complex_corridor,FRC3,27,27,15,15,1,False,-6.24264159782794,106.84303341592732,52.128779444682614,True,
2026-07-26T19:45:50.722647+00:00,4174,-6.242622250001264,106.84418269999986,complex_corridor,FRC3,21,21,14,14,1,False,-6.242365385288672,106.84405667866673,31.777844988721665,True,
2026-07-26T19:45:51.019856+00:00,4307,-6.237238257899974,106.8272395210502,complex_corridor,FRC2,21,21,6,6,1,False,-6.237236971031365,106.82743234718856,21.314848279038795,True,
2026-07-26T19:45:51.282963+00:00,4312,-6.237042057899963,106.8269344210502,complex_corridor,FRC2,23,23,6,6,1,False,-6.237208807900389,106.82690797532604,18.770772040768108,True,
2026-07-26T19:45:51.581575+00:00,4383,-6.255330045001537,106.84307333999776,complex_corridor,FRC4,25,25,7,7,1,False,-6.255170245392188,106.84296367849294,21.509477825194235,True,
2026-07-26T19:45:51.850046+00:00,4421,-6.237577607899957,106.82686737105018,complex_corridor,FRC3,18,18,27,27,1,False,-6.237416698431964,106.82692406858013,18.95817050701808,True,
2026-07-26T19:45:52.115774+00:00,5234,-6.255677025000373,106.8431710999986,complex_corridor,FRC4,23,23,6,6,1,False,-6.25559934329838,106.84329627241084,16.310649749926508,True,
2026-07-26T19:45:52.384003+00:00,5259,-6.255508725000373,106.84360214999862,complex_corridor,FRC4,30,30,287,287,1,False,-6.255457199448482,106.84295563186589,71.6908067558573,True,
2026-07-26T19:45:52.646189+00:00,5296,-6.242909649999996,106.84406470000002,complex_corridor,FRC2,35,35,40,40,1,False,-6.24287098327402,106.84404058541264,5.0587612651154314,True,
2026-07-26T20:00:56.579927+00:00,703,-6.235444892859697,106.75583232857385,complex_corridor,FRC2,28,28,6,6,1,False,-6.235637002833079,106.75573958241279,23.694334982762854,True,
2026-07-26T20:00:56.848383+00:00,821,-6.288795825000754,106.77763638750048,complex_corridor,FRC1,31,31,35,35,1,False,-6.288676397337788,106.77774978959411,18.260596237349766,True,
2026-07-26T20:00:57.113451+00:00,1336,-6.235382350000007,106.7560557,complex_corridor,FRC2,27,27,9,9,1,False,-6.235851643158244,106.75634307944131,61.09133400248038,True,
2026-07-26T20:00:57.428311+00:00,2187,-6.234661449999994,106.7555585,complex_corridor,FRC2,39,39,18,18,1,False,-6.235295044618109,106.75596622907466,83.63486690954973,True,
2026-07-26T20:00:57.706575+00:00,2188,-6.233655599999991,106.75488135,complex_corridor,FRC2,30,30,32,32,1,False,-6.233742064909034,106.75495503627582,12.600808704103487,True,
2026-07-26T20:00:57.971323+00:00,2298,-6.288583799999989,106.77784095,complex_corridor,FRC1,41,41,341,341,1,False,-6.288634823320289,106.77780477487897,6.94084144102375,True,
2026-07-26T20:00:58.234516+00:00,2322,-6.2884621,106.7781152,complex_corridor,FRC1,26,26,53,53,1,False,-6.288455113550981,106.77822722279888,12.405765015820144,True,
2026-07-26T20:00:58.514255+00:00,2459,-6.23996075,106.79819865,complex_corridor,FRC3,28,28,405,405,1,False,-6.239927209643448,106.79835988366938,18.208192291717626,True,
2026-07-26T20:00:58.782507+00:00,2660,-6.288887410002579,106.77817204999796,complex_corridor,FRC1,15,15,29,29,1,False,-6.289080056713849,106.77821112954479,21.852459789678804,True,
2026-07-26T20:00:59.050248+00:00,2731,-6.240104349999994,106.79819525,complex_corridor,FRC1,21,21,285,285,1,False,-6.254711568502923,106.79717434728451,1628.1638385691926,False,
2026-07-26T20:00:59.315030+00:00,2979,-6.239918790000258,106.79844824999957,complex_corridor,FRC2,15,15,2,2,1,False,-6.239928542802509,106.79846583092547,2.2254395550977346,True,
2026-07-26T20:00:59.602002+00:00,3134,-6.2892448600025785,106.77855074999796,complex_corridor,FRC1,22,22,11,11,1,False,-6.289262432333267,106.778499467014,5.995427904385316,True,
2026-07-26T20:00:59.867068+00:00,3164,-6.239840140000258,106.79869149999956,complex_corridor,FRC2,24,24,145,145,1,False,-6.23981997364873,106.79856239045006,14.446370748590217,True,
2026-07-26T20:01:00.145038+00:00,3940,-6.242815700000143,106.84290446666662,complex_corridor,FRC2,21,21,19,19,1,False,-6.242610768682978,106.84288187111798,22.923789898286447,True,
2026-07-26T20:01:00.417831+00:00,3995,-6.2428431,106.8426503,complex_corridor,FRC2,32,32,8,8,1,False,-6.24270333943449,106.84230519617961,41.19038604817657,True,
2026-07-26T20:01:00.695214+00:00,4135,-6.242451300001405,106.84346441666648,complex_corridor,FRC3,27,27,15,15,1,False,-6.24264159782794,106.84303341592732,52.128779444682614,True,
2026-07-26T20:01:00.976528+00:00,4174,-6.242622250001264,106.84418269999986,complex_corridor,FRC3,21,21,14,14,1,False,-6.242365385288672,106.84405667866673,31.777844988721665,True,
2026-07-26T20:01:01.249812+00:00,4307,-6.237238257899974,106.8272395210502,complex_corridor,FRC2,21,21,6,6,1,False,-6.237236971031365,106.82743234718856,21.314848279038795,True,
2026-07-26T20:01:01.516733+00:00,4312,-6.237042057899963,106.8269344210502,complex_corridor,FRC2,23,23,6,6,1,False,-6.237208807900389,106.82690797532604,18.770772040768108,True,
2026-07-26T20:01:01.781407+00:00,4383,-6.255330045001537,106.84307333999776,complex_corridor,FRC4,25,25,7,7,1,False,-6.255170245392188,106.84296367849294,21.509477825194235,True,
2026-07-26T20:01:02.048826+00:00,4421,-6.237577607899957,106.82686737105018,complex_corridor,FRC3,18,18,27,27,1,False,-6.237416698431964,106.82692406858013,18.95817050701808,True,
2026-07-26T20:01:02.317602+00:00,5234,-6.255677025000373,106.8431710999986,complex_corridor,FRC4,23,23,6,6,1,False,-6.25559934329838,106.84329627241084,16.310649749926508,True,
2026-07-26T20:01:02.592331+00:00,5259,-6.255508725000373,106.84360214999862,complex_corridor,FRC4,30,30,287,287,1,False,-6.255457199448482,106.84295563186589,71.6908067558573,True,
2026-07-26T20:01:02.860319+00:00,5296,-6.242909649999996,106.84406470000002,complex_corridor,FRC2,35,35,40,40,1,False,-6.24287098327402,106.84404058541264,5.0587612651154314,True,
2026-07-26T20:15:48.178191+00:00,703,-6.235444892859697,106.75583232857385,complex_corridor,FRC2,28,28,6,6,1,False,-6.235637002833079,106.75573958241279,23.694334982762854,True,
2026-07-26T20:15:48.441742+00:00,821,-6.288795825000754,106.77763638750048,complex_corridor,FRC1,31,31,35,35,1,False,-6.288676397337788,106.77774978959411,18.260596237349766,True,
2026-07-26T20:15:48.713272+00:00,1336,-6.235382350000007,106.7560557,complex_corridor,FRC2,27,27,9,9,1,False,-6.235851643158244,106.75634307944131,61.09133400248038,True,
2026-07-26T20:15:48.987045+00:00,2187,-6.234661449999994,106.7555585,complex_corridor,FRC2,39,39,18,18,1,False,-6.235295044618109,106.75596622907466,83.63486690954973,True,
2026-07-26T20:15:49.255322+00:00,2188,-6.233655599999991,106.75488135,complex_corridor,FRC2,30,30,32,32,1,False,-6.233742064909034,106.75495503627582,12.600808704103487,True,
2026-07-26T20:15:49.525767+00:00,2298,-6.288583799999989,106.77784095,complex_corridor,FRC1,41,41,341,341,1,False,-6.288634823320289,106.77780477487897,6.94084144102375,True,
2026-07-26T20:15:49.815191+00:00,2322,-6.2884621,106.7781152,complex_corridor,FRC1,26,26,53,53,1,False,-6.288455113550981,106.77822722279888,12.405765015820144,True,
2026-07-26T20:15:50.086508+00:00,2459,-6.23996075,106.79819865,complex_corridor,FRC3,28,28,405,405,1,False,-6.239927209643448,106.79835988366938,18.208192291717626,True,
2026-07-26T20:15:50.363944+00:00,2660,-6.288887410002579,106.77817204999796,complex_corridor,FRC1,15,15,29,29,1,False,-6.289080056713849,106.77821112954479,21.852459789678804,True,
2026-07-26T20:15:50.641044+00:00,2731,-6.240104349999994,106.79819525,complex_corridor,FRC1,21,21,285,285,1,False,-6.254711568502923,106.79717434728451,1628.1638385691926,False,
2026-07-26T20:15:50.916522+00:00,2979,-6.239918790000258,106.79844824999957,complex_corridor,FRC2,15,15,2,2,1,False,-6.239928542802509,106.79846583092547,2.2254395550977346,True,
2026-07-26T20:15:51.204478+00:00,3134,-6.2892448600025785,106.77855074999796,complex_corridor,FRC1,22,22,11,11,1,False,-6.289262432333267,106.778499467014,5.995427904385316,True,
2026-07-26T20:15:51.474685+00:00,3164,-6.239840140000258,106.79869149999956,complex_corridor,FRC2,24,24,145,145,1,False,-6.23981997364873,106.79856239045006,14.446370748590217,True,
2026-07-26T20:15:51.738265+00:00,3940,-6.242815700000143,106.84290446666662,complex_corridor,FRC2,21,21,19,19,1,False,-6.242610768682978,106.84288187111798,22.923789898286447,True,
2026-07-26T20:15:52.011267+00:00,3995,-6.2428431,106.8426503,complex_corridor,FRC2,32,32,8,8,1,False,-6.24270333943449,106.84230519617961,41.19038604817657,True,
2026-07-26T20:15:52.276374+00:00,4135,-6.242451300001405,106.84346441666648,complex_corridor,FRC3,27,27,15,15,1,False,-6.24264159782794,106.84303341592732,52.128779444682614,True,
2026-07-26T20:15:52.542217+00:00,4174,-6.242622250001264,106.84418269999986,complex_corridor,FRC3,21,21,14,14,1,False,-6.242365385288672,106.84405667866673,31.777844988721665,True,
2026-07-26T20:15:52.811954+00:00,4307,-6.237238257899974,106.8272395210502,complex_corridor,FRC2,21,21,6,6,1,False,-6.237236971031365,106.82743234718856,21.314848279038795,True,
2026-07-26T20:15:53.075349+00:00,4312,-6.237042057899963,106.8269344210502,complex_corridor,FRC2,23,23,6,6,1,False,-6.237208807900389,106.82690797532604,18.770772040768108,True,
2026-07-26T20:15:53.338562+00:00,4383,-6.255330045001537,106.84307333999776,complex_corridor,FRC4,25,25,7,7,1,False,-6.255170245392188,106.84296367849294,21.509477825194235,True,
2026-07-26T20:15:53.605691+00:00,4421,-6.237577607899957,106.82686737105018,complex_corridor,FRC3,18,18,27,27,1,False,-6.237416698431964,106.82692406858013,18.95817050701808,True,
2026-07-26T20:15:53.902081+00:00,5234,-6.255677025000373,106.8431710999986,complex_corridor,FRC4,23,23,6,6,1,False,-6.25559934329838,106.84329627241084,16.310649749926508,True,
2026-07-26T20:15:54.166711+00:00,5259,-6.255508725000373,106.84360214999862,complex_corridor,FRC4,30,30,287,287,1,False,-6.255457199448482,106.84295563186589,71.6908067558573,True,
2026-07-26T20:15:54.437944+00:00,5296,-6.242909649999996,106.84406470000002,complex_corridor,FRC2,35,35,40,40,1,False,-6.24287098327402,106.84404058541264,5.0587612651154314,True,
2026-07-26T20:30:56.764834+00:00,703,-6.235444892859697,106.75583232857385,complex_corridor,FRC2,28,28,6,6,1,False,-6.235637002833079,106.75573958241279,23.694334982762854,True,
2026-07-26T20:30:57.069784+00:00,821,-6.288795825000754,106.77763638750048,complex_corridor,FRC1,31,31,35,35,1,False,-6.288676397337788,106.77774978959411,18.260596237349766,True,
2026-07-26T20:30:57.372994+00:00,1336,-6.235382350000007,106.7560557,complex_corridor,FRC2,27,27,9,9,1,False,-6.235851643158244,106.75634307944131,61.09133400248038,True,
2026-07-26T20:30:57.673431+00:00,2187,-6.234661449999994,106.7555585,complex_corridor,FRC2,39,39,18,18,1,False,-6.235295044618109,106.75596622907466,83.63486690954973,True,
2026-07-26T20:30:57.980608+00:00,2188,-6.233655599999991,106.75488135,complex_corridor,FRC2,30,30,32,32,1,False,-6.233742064909034,106.75495503627582,12.600808704103487,True,
2026-07-26T20:30:58.287444+00:00,2298,-6.288583799999989,106.77784095,complex_corridor,FRC1,41,41,341,341,1,False,-6.288634823320289,106.77780477487897,6.94084144102375,True,
2026-07-26T20:30:58.588086+00:00,2322,-6.2884621,106.7781152,complex_corridor,FRC1,26,26,53,53,1,False,-6.288455113550981,106.77822722279888,12.405765015820144,True,
2026-07-26T20:30:58.888190+00:00,2459,-6.23996075,106.79819865,complex_corridor,FRC3,28,28,405,405,1,False,-6.239927209643448,106.79835988366938,18.208192291717626,True,
2026-07-26T20:30:59.189449+00:00,2660,-6.288887410002579,106.77817204999796,complex_corridor,FRC1,15,15,29,29,1,False,-6.289080056713849,106.77821112954479,21.852459789678804,True,
2026-07-26T20:30:59.487934+00:00,2731,-6.240104349999994,106.79819525,complex_corridor,FRC1,21,21,285,285,1,False,-6.254711568502923,106.79717434728451,1628.1638385691926,False,
2026-07-26T20:30:59.788110+00:00,2979,-6.239918790000258,106.79844824999957,complex_corridor,FRC2,15,15,2,2,1,False,-6.239928542802509,106.79846583092547,2.2254395550977346,True,
2026-07-26T20:31:00.088737+00:00,3134,-6.2892448600025785,106.77855074999796,complex_corridor,FRC1,22,22,11,11,1,False,-6.289262432333267,106.778499467014,5.995427904385316,True,
2026-07-26T20:31:00.388304+00:00,3164,-6.239840140000258,106.79869149999956,complex_corridor,FRC2,24,24,145,145,1,False,-6.23981997364873,106.79856239045006,14.446370748590217,True,
2026-07-26T20:31:00.696632+00:00,3940,-6.242815700000143,106.84290446666662,complex_corridor,FRC2,21,21,19,19,1,False,-6.242610768682978,106.84288187111798,22.923789898286447,True,
2026-07-26T20:31:00.998461+00:00,3995,-6.2428431,106.8426503,complex_corridor,FRC2,32,32,8,8,1,False,-6.24270333943449,106.84230519617961,41.19038604817657,True,
2026-07-26T20:31:01.312869+00:00,4135,-6.242451300001405,106.84346441666648,complex_corridor,FRC3,27,27,15,15,1,False,-6.24264159782794,106.84303341592732,52.128779444682614,True,
2026-07-26T20:31:01.617295+00:00,4174,-6.242622250001264,106.84418269999986,complex_corridor,FRC3,21,21,14,14,1,False,-6.242365385288672,106.84405667866673,31.777844988721665,True,
2026-07-26T20:31:01.925069+00:00,4307,-6.237238257899974,106.8272395210502,complex_corridor,FRC2,21,21,6,6,1,False,-6.237236971031365,106.82743234718856,21.314848279038795,True,
2026-07-26T20:31:02.225617+00:00,4312,-6.237042057899963,106.8269344210502,complex_corridor,FRC2,23,23,6,6,1,False,-6.237208807900389,106.82690797532604,18.770772040768108,True,
2026-07-26T20:31:02.525879+00:00,4383,-6.255330045001537,106.84307333999776,complex_corridor,FRC4,25,25,7,7,1,False,-6.255170245392188,106.84296367849294,21.509477825194235,True,
2026-07-26T20:31:02.835624+00:00,4421,-6.237577607899957,106.82686737105018,complex_corridor,FRC3,18,18,27,27,1,False,-6.237416698431964,106.82692406858013,18.95817050701808,True,
2026-07-26T20:31:03.142185+00:00,5234,-6.255677025000373,106.8431710999986,complex_corridor,FRC4,23,23,6,6,1,False,-6.25559934329838,106.84329627241084,16.310649749926508,True,
2026-07-26T20:31:03.442907+00:00,5259,-6.255508725000373,106.84360214999862,complex_corridor,FRC4,30,30,287,287,1,False,-6.255457199448482,106.84295563186589,71.6908067558573,True,
2026-07-26T20:31:03.743010+00:00,5296,-6.242909649999996,106.84406470000002,complex_corridor,FRC2,35,35,40,40,1,False,-6.24287098327402,106.84404058541264,5.0587612651154314,True,
2026-07-26T20:45:50.493188+00:00,703,-6.235444892859697,106.75583232857385,complex_corridor,FRC2,28,28,6,6,1,False,-6.235637002833079,106.75573958241279,23.694334982762854,True,
2026-07-26T20:45:50.781261+00:00,821,-6.288795825000754,106.77763638750048,complex_corridor,FRC1,31,31,35,35,1,False,-6.288676397337788,106.77774978959411,18.260596237349766,True,
2026-07-26T20:45:51.074094+00:00,1336,-6.235382350000007,106.7560557,complex_corridor,FRC2,27,27,9,9,1,False,-6.235851643158244,106.75634307944131,61.09133400248038,True,
2026-07-26T20:45:51.360047+00:00,2187,-6.234661449999994,106.7555585,complex_corridor,FRC2,39,39,18,18,1,False,-6.235295044618109,106.75596622907466,83.63486690954973,True,
2026-07-26T20:45:51.645354+00:00,2188,-6.233655599999991,106.75488135,complex_corridor,FRC2,30,30,32,32,1,False,-6.233742064909034,106.75495503627582,12.600808704103487,True,
2026-07-26T20:45:51.937210+00:00,2298,-6.288583799999989,106.77784095,complex_corridor,FRC1,41,41,341,341,1,False,-6.288634823320289,106.77780477487897,6.94084144102375,True,
2026-07-26T20:45:52.223575+00:00,2322,-6.2884621,106.7781152,complex_corridor,FRC1,26,26,53,53,1,False,-6.288455113550981,106.77822722279888,12.405765015820144,True,
2026-07-26T20:45:52.510339+00:00,2459,-6.23996075,106.79819865,complex_corridor,FRC3,28,28,405,405,1,False,-6.239927209643448,106.79835988366938,18.208192291717626,True,
2026-07-26T20:45:52.797489+00:00,2660,-6.288887410002579,106.77817204999796,complex_corridor,FRC1,15,15,29,29,1,False,-6.289080056713849,106.77821112954479,21.852459789678804,True,
2026-07-26T20:45:53.078591+00:00,2731,-6.240104349999994,106.79819525,complex_corridor,FRC1,21,21,285,285,1,False,-6.254711568502923,106.79717434728451,1628.1638385691926,False,
2026-07-26T20:45:53.380943+00:00,2979,-6.239918790000258,106.79844824999957,complex_corridor,FRC2,15,15,2,2,1,False,-6.239928542802509,106.79846583092547,2.2254395550977346,True,
2026-07-26T20:45:53.661909+00:00,3134,-6.2892448600025785,106.77855074999796,complex_corridor,FRC1,22,22,11,11,1,False,-6.289262432333267,106.778499467014,5.995427904385316,True,
2026-07-26T20:45:53.942132+00:00,3164,-6.239840140000258,106.79869149999956,complex_corridor,FRC2,24,24,145,145,1,False,-6.23981997364873,106.79856239045006,14.446370748590217,True,
2026-07-26T20:45:54.230218+00:00,3940,-6.242815700000143,106.84290446666662,complex_corridor,FRC2,21,21,19,19,1,False,-6.242610768682978,106.84288187111798,22.923789898286447,True,
2026-07-26T20:45:54.512672+00:00,3995,-6.2428431,106.8426503,complex_corridor,FRC2,32,32,8,8,1,False,-6.24270333943449,106.84230519617961,41.19038604817657,True,
2026-07-26T20:45:54.796446+00:00,4135,-6.242451300001405,106.84346441666648,complex_corridor,FRC3,27,27,15,15,1,False,-6.24264159782794,106.84303341592732,52.128779444682614,True,
2026-07-26T20:45:55.078705+00:00,4174,-6.242622250001264,106.84418269999986,complex_corridor,FRC3,21,21,14,14,1,False,-6.242365385288672,106.84405667866673,31.777844988721665,True,
2026-07-26T20:45:55.371009+00:00,4307,-6.237238257899974,106.8272395210502,complex_corridor,FRC2,21,21,6,6,1,False,-6.237236971031365,106.82743234718856,21.314848279038795,True,
2026-07-26T20:45:55.657214+00:00,4312,-6.237042057899963,106.8269344210502,complex_corridor,FRC2,23,23,6,6,1,False,-6.237208807900389,106.82690797532604,18.770772040768108,True,
2026-07-26T20:45:55.959572+00:00,4383,-6.255330045001537,106.84307333999776,complex_corridor,FRC4,25,25,7,7,1,False,-6.255170245392188,106.84296367849294,21.509477825194235,True,
2026-07-26T20:45:56.265017+00:00,4421,-6.237577607899957,106.82686737105018,complex_corridor,FRC3,18,18,27,27,1,False,-6.237416698431964,106.82692406858013,18.95817050701808,True,
2026-07-26T20:45:56.547088+00:00,5234,-6.255677025000373,106.8431710999986,complex_corridor,FRC4,23,23,6,6,1,False,-6.25559934329838,106.84329627241084,16.310649749926508,True,
2026-07-26T20:45:56.835552+00:00,5259,-6.255508725000373,106.84360214999862,complex_corridor,FRC4,30,30,287,287,1,False,-6.255457199448482,106.84295563186589,71.6908067558573,True,
2026-07-26T20:45:57.120976+00:00,5296,-6.242909649999996,106.84406470000002,complex_corridor,FRC2,35,35,40,40,1,False,-6.24287098327402,106.84404058541264,5.0587612651154314,True,
2026-07-26T21:00:58.828365+00:00,703,-6.235444892859697,106.75583232857385,complex_corridor,FRC2,28,28,6,6,1,False,-6.235637002833079,106.75573958241279,23.694334982762854,True,
2026-07-26T21:00:59.095802+00:00,821,-6.288795825000754,106.77763638750048,complex_corridor,FRC1,31,31,35,35,1,False,-6.288676397337788,106.77774978959411,18.260596237349766,True,
2026-07-26T21:00:59.366738+00:00,1336,-6.235382350000007,106.7560557,complex_corridor,FRC2,27,27,9,9,1,False,-6.235851643158244,106.75634307944131,61.09133400248038,True,
2026-07-26T21:00:59.633474+00:00,2187,-6.234661449999994,106.7555585,complex_corridor,FRC2,39,39,18,18,1,False,-6.235295044618109,106.75596622907466,83.63486690954973,True,
2026-07-26T21:00:59.898538+00:00,2188,-6.233655599999991,106.75488135,complex_corridor,FRC2,30,30,32,32,1,False,-6.233742064909034,106.75495503627582,12.600808704103487,True,
2026-07-26T21:01:00.167658+00:00,2298,-6.288583799999989,106.77784095,complex_corridor,FRC1,41,41,341,341,1,False,-6.288634823320289,106.77780477487897,6.94084144102375,True,
2026-07-26T21:01:00.441821+00:00,2322,-6.2884621,106.7781152,complex_corridor,FRC1,26,26,53,53,1,False,-6.288455113550981,106.77822722279888,12.405765015820144,True,
2026-07-26T21:01:00.719994+00:00,2459,-6.23996075,106.79819865,complex_corridor,FRC3,28,28,405,405,1,False,-6.239927209643448,106.79835988366938,18.208192291717626,True,
2026-07-26T21:01:00.984142+00:00,2660,-6.288887410002579,106.77817204999796,complex_corridor,FRC1,15,15,29,29,1,False,-6.289080056713849,106.77821112954479,21.852459789678804,True,
2026-07-26T21:01:01.247756+00:00,2731,-6.240104349999994,106.79819525,complex_corridor,FRC1,21,21,285,285,1,False,-6.254711568502923,106.79717434728451,1628.1638385691926,False,
2026-07-26T21:01:01.511638+00:00,2979,-6.239918790000258,106.79844824999957,complex_corridor,FRC2,15,15,2,2,1,False,-6.239928542802509,106.79846583092547,2.2254395550977346,True,
2026-07-26T21:01:01.786306+00:00,3134,-6.2892448600025785,106.77855074999796,complex_corridor,FRC1,22,22,11,11,1,False,-6.289262432333267,106.778499467014,5.995427904385316,True,
2026-07-26T21:01:02.051517+00:00,3164,-6.239840140000258,106.79869149999956,complex_corridor,FRC2,24,24,145,145,1,False,-6.23981997364873,106.79856239045006,14.446370748590217,True,
2026-07-26T21:01:02.322791+00:00,3940,-6.242815700000143,106.84290446666662,complex_corridor,FRC2,21,21,19,19,1,False,-6.242610768682978,106.84288187111798,22.923789898286447,True,
2026-07-26T21:01:02.596905+00:00,3995,-6.2428431,106.8426503,complex_corridor,FRC2,32,32,8,8,1,False,-6.24270333943449,106.84230519617961,41.19038604817657,True,
2026-07-26T21:01:02.883477+00:00,4135,-6.242451300001405,106.84346441666648,complex_corridor,FRC3,27,27,15,15,1,False,-6.24264159782794,106.84303341592732,52.128779444682614,True,
2026-07-26T21:01:03.151442+00:00,4174,-6.242622250001264,106.84418269999986,complex_corridor,FRC3,21,21,14,14,1,False,-6.242365385288672,106.84405667866673,31.777844988721665,True,
2026-07-26T21:01:03.416501+00:00,4307,-6.237238257899974,106.8272395210502,complex_corridor,FRC2,21,21,6,6,1,False,-6.237236971031365,106.82743234718856,21.314848279038795,True,
2026-07-26T21:01:03.681406+00:00,4312,-6.237042057899963,106.8269344210502,complex_corridor,FRC2,23,23,6,6,1,False,-6.237208807900389,106.82690797532604,18.770772040768108,True,
2026-07-26T21:01:03.952211+00:00,4383,-6.255330045001537,106.84307333999776,complex_corridor,FRC4,25,25,7,7,1,False,-6.255170245392188,106.84296367849294,21.509477825194235,True,
2026-07-26T21:01:04.219977+00:00,4421,-6.237577607899957,106.82686737105018,complex_corridor,FRC3,18,18,27,27,1,False,-6.237416698431964,106.82692406858013,18.95817050701808,True,
2026-07-26T21:01:04.483056+00:00,5234,-6.255677025000373,106.8431710999986,complex_corridor,FRC4,23,23,6,6,1,False,-6.25559934329838,106.84329627241084,16.310649749926508,True,
2026-07-26T21:01:04.750532+00:00,5259,-6.255508725000373,106.84360214999862,complex_corridor,FRC4,30,30,287,287,1,False,-6.255457199448482,106.84295563186589,71.6908067558573,True,
2026-07-26T21:01:05.015097+00:00,5296,-6.242909649999996,106.84406470000002,complex_corridor,FRC2,35,35,40,40,1,False,-6.24287098327402,106.84404058541264,5.0587612651154314,True,
2026-07-26T21:15:46.765507+00:00,703,-6.235444892859697,106.75583232857385,complex_corridor,FRC2,28,28,6,6,1.0,False,-6.235637002833079,106.75573958241279,23.694334982762854,True,
2026-07-26T21:15:47.031892+00:00,821,-6.288795825000754,106.77763638750048,complex_corridor,FRC1,31,31,35,35,1.0,False,-6.288676397337788,106.77774978959411,18.260596237349766,True,
2026-07-26T21:15:47.296897+00:00,1336,-6.235382350000007,106.7560557,complex_corridor,FRC2,27,27,9,9,1.0,False,-6.235851643158244,106.75634307944131,61.09133400248038,True,
2026-07-26T21:15:47.564243+00:00,2187,-6.234661449999994,106.7555585,complex_corridor,FRC2,39,39,18,18,1.0,False,-6.235295044618109,106.75596622907466,83.63486690954973,True,
2026-07-26T21:15:47.840916+00:00,2188,-6.233655599999991,106.75488135,complex_corridor,FRC2,30,30,32,32,1.0,False,-6.233742064909034,106.75495503627582,12.600808704103487,True,
2026-07-26T21:15:48.110966+00:00,2298,-6.288583799999989,106.77784095,complex_corridor,FRC1,41,41,341,341,1.0,False,-6.288634823320289,106.77780477487897,6.94084144102375,True,
2026-07-26T21:15:48.375357+00:00,2322,-6.2884621,106.7781152,complex_corridor,FRC1,26,26,53,53,1.0,False,-6.288455113550981,106.77822722279888,12.405765015820144,True,
2026-07-26T21:15:48.643748+00:00,2459,-6.23996075,106.79819865,complex_corridor,FRC3,28,28,405,405,1.0,False,-6.239927209643448,106.79835988366938,18.208192291717626,True,
2026-07-26T21:15:48.908922+00:00,2660,-6.288887410002579,106.77817204999796,complex_corridor,FRC1,15,15,29,29,1.0,False,-6.289080056713849,106.77821112954479,21.852459789678804,True,
2026-07-26T21:15:49.177044+00:00,2731,-6.240104349999994,106.79819525,complex_corridor,FRC1,21,21,285,285,1.0,False,-6.254711568502923,106.79717434728451,1628.1638385691926,False,
2026-07-26T21:15:49.485680+00:00,2979,-6.239918790000258,106.79844824999957,complex_corridor,FRC2,15,15,2,2,1.0,False,-6.239928542802509,106.79846583092547,2.2254395550977346,True,
2026-07-26T21:15:49.750135+00:00,3134,-6.2892448600025785,106.77855074999796,complex_corridor,FRC1,22,22,11,11,1.0,False,-6.289262432333267,106.778499467014,5.995427904385316,True,
2026-07-26T21:15:50.019991+00:00,3164,-6.239840140000258,106.79869149999956,complex_corridor,FRC2,24,24,145,145,1.0,False,-6.23981997364873,106.79856239045006,14.446370748590217,True,
2026-07-26T21:15:50.296113+00:00,3940,-6.242815700000143,106.84290446666662,complex_corridor,FRC2,21,21,19,19,1.0,False,-6.242610768682978,106.84288187111798,22.923789898286447,True,
2026-07-26T21:15:50.562516+00:00,3995,-6.2428431,106.8426503,complex_corridor,FRC2,32,32,8,8,1.0,False,-6.24270333943449,106.84230519617961,41.19038604817657,True,
2026-07-26T21:15:50.838158+00:00,4135,-6.242451300001405,106.84346441666648,complex_corridor,FRC3,27,27,15,15,1.0,False,-6.24264159782794,106.84303341592732,52.128779444682614,True,
2026-07-26T21:15:51.103930+00:00,4174,-6.242622250001264,106.84418269999986,complex_corridor,FRC3,21,21,14,14,1.0,False,-6.242365385288672,106.84405667866673,31.777844988721665,True,
2026-07-26T21:15:51.369201+00:00,4307,-6.237238257899974,106.8272395210502,complex_corridor,FRC2,14,20,9,6,0.81,False,-6.237236971031365,106.82743234718856,21.314848279038795,True,
2026-07-26T21:15:51.633607+00:00,4312,-6.237042057899963,106.8269344210502,complex_corridor,FRC2,23,23,6,6,1.0,False,-6.237208807900389,106.82690797532604,18.770772040768108,True,
2026-07-26T21:15:51.898013+00:00,4383,-6.255330045001537,106.84307333999776,complex_corridor,FRC4,25,25,7,7,1.0,False,-6.255170245392188,106.84296367849294,21.509477825194235,True,
2026-07-26T21:15:52.166488+00:00,4421,-6.237577607899957,106.82686737105018,complex_corridor,FRC3,18,18,27,27,1.0,False,-6.237416698431964,106.82692406858013,18.95817050701808,True,
2026-07-26T21:15:52.441919+00:00,5234,-6.255677025000373,106.8431710999986,complex_corridor,FRC4,23,23,6,6,1.0,False,-6.25559934329838,106.84329627241084,16.310649749926508,True,
2026-07-26T21:15:52.706314+00:00,5259,-6.255508725000373,106.84360214999862,complex_corridor,FRC4,30,30,287,287,1.0,False,-6.255457199448482,106.84295563186589,71.6908067558573,True,
2026-07-26T21:15:52.969172+00:00,5296,-6.242909649999996,106.84406470000002,complex_corridor,FRC2,35,35,40,40,1.0,False,-6.24287098327402,106.84404058541264,5.0587612651154314,True,
2026-07-26T21:30:50.942196+00:00,703,-6.235444892859697,106.75583232857385,complex_corridor,FRC2,28,28,6,6,1.0,False,-6.235637002833079,106.75573958241279,23.694334982762854,True,
2026-07-26T21:30:51.233264+00:00,821,-6.288795825000754,106.77763638750048,complex_corridor,FRC1,31,31,35,35,1.0,False,-6.288676397337788,106.77774978959411,18.260596237349766,True,
2026-07-26T21:30:51.528191+00:00,1336,-6.235382350000007,106.7560557,complex_corridor,FRC2,27,27,9,9,1.0,False,-6.235851643158244,106.75634307944131,61.09133400248038,True,
2026-07-26T21:30:51.823132+00:00,2187,-6.234661449999994,106.7555585,complex_corridor,FRC2,7,38,105,19,0.88,False,-6.235295044618109,106.75596622907466,83.63486690954973,True,
2026-07-26T21:30:52.114978+00:00,2188,-6.233655599999991,106.75488135,complex_corridor,FRC2,30,30,32,32,1.0,False,-6.233742064909034,106.75495503627582,12.600808704103487,True,
2026-07-26T21:30:52.432372+00:00,2298,-6.288583799999989,106.77784095,complex_corridor,FRC1,41,41,341,341,1.0,False,-6.288634823320289,106.77780477487897,6.94084144102375,True,
2026-07-26T21:30:52.720196+00:00,2322,-6.2884621,106.7781152,complex_corridor,FRC1,26,26,53,53,1.0,False,-6.288455113550981,106.77822722279888,12.405765015820144,True,
2026-07-26T21:30:53.009051+00:00,2459,-6.23996075,106.79819865,complex_corridor,FRC3,28,28,405,405,1.0,False,-6.239927209643448,106.79835988366938,18.208192291717626,True,
2026-07-26T21:30:53.296295+00:00,2660,-6.288887410002579,106.77817204999796,complex_corridor,FRC1,15,15,29,29,1.0,False,-6.289080056713849,106.77821112954479,21.852459789678804,True,
2026-07-26T21:30:53.586752+00:00,2731,-6.240104349999994,106.79819525,complex_corridor,FRC1,21,21,285,285,1.0,False,-6.254711568502923,106.79717434728451,1628.1638385691926,False,
2026-07-26T21:30:53.881568+00:00,2979,-6.239918790000258,106.79844824999957,complex_corridor,FRC2,15,15,2,2,1.0,False,-6.239928542802509,106.79846583092547,2.2254395550977346,True,
2026-07-26T21:30:54.172566+00:00,3134,-6.2892448600025785,106.77855074999796,complex_corridor,FRC1,22,22,11,11,1.0,False,-6.289262432333267,106.778499467014,5.995427904385316,True,
2026-07-26T21:30:54.461294+00:00,3164,-6.239840140000258,106.79869149999956,complex_corridor,FRC2,24,24,145,145,1.0,False,-6.23981997364873,106.79856239045006,14.446370748590217,True,
2026-07-26T21:30:54.753139+00:00,3940,-6.242815700000143,106.84290446666662,complex_corridor,FRC2,21,21,19,19,1.0,False,-6.242610768682978,106.84288187111798,22.923789898286447,True,
2026-07-26T21:30:55.052212+00:00,3995,-6.2428431,106.8426503,complex_corridor,FRC2,32,32,8,8,1.0,False,-6.24270333943449,106.84230519617961,41.19038604817657,True,
2026-07-26T21:30:55.344324+00:00,4135,-6.242451300001405,106.84346441666648,complex_corridor,FRC3,27,27,15,15,1.0,False,-6.24264159782794,106.84303341592732,52.128779444682614,True,
2026-07-26T21:30:55.636884+00:00,4174,-6.242622250001264,106.84418269999986,complex_corridor,FRC3,21,21,14,14,1.0,False,-6.242365385288672,106.84405667866673,31.777844988721665,True,
2026-07-26T21:30:55.930580+00:00,4307,-6.237238257899974,106.8272395210502,complex_corridor,FRC2,21,21,6,6,1.0,False,-6.237236971031365,106.82743234718856,21.314848279038795,True,
2026-07-26T21:30:56.219712+00:00,4312,-6.237042057899963,106.8269344210502,complex_corridor,FRC2,23,23,6,6,1.0,False,-6.237208807900389,106.82690797532604,18.770772040768108,True,
2026-07-26T21:30:56.507921+00:00,4383,-6.255330045001537,106.84307333999776,complex_corridor,FRC4,25,25,7,7,1.0,False,-6.255170245392188,106.84296367849294,21.509477825194235,True,
2026-07-26T21:30:56.796975+00:00,4421,-6.237577607899957,106.82686737105018,complex_corridor,FRC3,18,18,27,27,1.0,False,-6.237416698431964,106.82692406858013,18.95817050701808,True,
2026-07-26T21:30:57.085358+00:00,5234,-6.255677025000373,106.8431710999986,complex_corridor,FRC4,23,23,6,6,1.0,False,-6.25559934329838,106.84329627241084,16.310649749926508,True,
2026-07-26T21:30:57.377646+00:00,5259,-6.255508725000373,106.84360214999862,complex_corridor,FRC4,30,30,287,287,1.0,False,-6.255457199448482,106.84295563186589,71.6908067558573,True,
2026-07-26T21:30:57.672472+00:00,5296,-6.242909649999996,106.84406470000002,complex_corridor,FRC2,35,35,40,40,1.0,False,-6.24287098327402,106.84404058541264,5.0587612651154314,True,
2026-07-26T21:45:49.142014+00:00,703,-6.235444892859697,106.75583232857385,complex_corridor,FRC2,28,28,6,6,1.0,False,-6.235637002833079,106.75573958241279,23.694334982762854,True,
2026-07-26T21:45:49.430191+00:00,821,-6.288795825000754,106.77763638750048,complex_corridor,FRC1,31,31,35,35,1.0,False,-6.288676397337788,106.77774978959411,18.260596237349766,True,
2026-07-26T21:45:49.713498+00:00,1336,-6.235382350000007,106.7560557,complex_corridor,FRC2,27,27,9,9,1.0,False,-6.235851643158244,106.75634307944131,61.09133400248038,True,
2026-07-26T21:45:50.004306+00:00,2187,-6.234661449999994,106.7555585,complex_corridor,FRC2,7,38,105,19,0.91,False,-6.235295044618109,106.75596622907466,83.63486690954973,True,
2026-07-26T21:45:50.292424+00:00,2188,-6.233655599999991,106.75488135,complex_corridor,FRC2,30,30,32,32,1.0,False,-6.233742064909034,106.75495503627582,12.600808704103487,True,
2026-07-26T21:45:50.588051+00:00,2298,-6.288583799999989,106.77784095,complex_corridor,FRC1,41,41,341,341,1.0,False,-6.288634823320289,106.77780477487897,6.94084144102375,True,
2026-07-26T21:45:50.887071+00:00,2322,-6.2884621,106.7781152,complex_corridor,FRC1,26,26,53,53,1.0,False,-6.288455113550981,106.77822722279888,12.405765015820144,True,
2026-07-26T21:45:51.174522+00:00,2459,-6.23996075,106.79819865,complex_corridor,FRC3,28,28,405,405,1.0,False,-6.239927209643448,106.79835988366938,18.208192291717626,True,
2026-07-26T21:45:51.460148+00:00,2660,-6.288887410002579,106.77817204999796,complex_corridor,FRC1,15,15,29,29,1.0,False,-6.289080056713849,106.77821112954479,21.852459789678804,True,
2026-07-26T21:45:51.751952+00:00,2731,-6.240104349999994,106.79819525,complex_corridor,FRC1,21,21,285,285,1.0,False,-6.254711568502923,106.79717434728451,1628.1638385691926,False,
2026-07-26T21:45:52.038120+00:00,2979,-6.239918790000258,106.79844824999957,complex_corridor,FRC2,10,13,4,3,0.98,False,-6.239928542802509,106.79846583092547,2.2254395550977346,True,
2026-07-26T21:45:52.325421+00:00,3134,-6.2892448600025785,106.77855074999796,complex_corridor,FRC1,22,22,11,11,1.0,False,-6.289262432333267,106.778499467014,5.995427904385316,True,
2026-07-26T21:45:52.610798+00:00,3164,-6.239840140000258,106.79869149999956,complex_corridor,FRC2,24,24,145,145,1.0,False,-6.23981997364873,106.79856239045006,14.446370748590217,True,
2026-07-26T21:45:52.901606+00:00,3940,-6.242815700000143,106.84290446666662,complex_corridor,FRC2,21,21,19,19,1.0,False,-6.242610768682978,106.84288187111798,22.923789898286447,True,
2026-07-26T21:45:53.188192+00:00,3995,-6.2428431,106.8426503,complex_corridor,FRC2,32,32,8,8,1.0,False,-6.24270333943449,106.84230519617961,41.19038604817657,True,
2026-07-26T21:45:53.474138+00:00,4135,-6.242451300001405,106.84346441666648,complex_corridor,FRC3,27,27,15,15,1.0,False,-6.24264159782794,106.84303341592732,52.128779444682614,True,
2026-07-26T21:45:53.769238+00:00,4174,-6.242622250001264,106.84418269999986,complex_corridor,FRC3,21,21,14,14,1.0,False,-6.242365385288672,106.84405667866673,31.777844988721665,True,
2026-07-26T21:45:54.053322+00:00,4307,-6.237238257899974,106.8272395210502,complex_corridor,FRC2,21,21,6,6,1.0,False,-6.237236971031365,106.82743234718856,21.314848279038795,True,
2026-07-26T21:45:54.338561+00:00,4312,-6.237042057899963,106.8269344210502,complex_corridor,FRC2,23,23,6,6,1.0,False,-6.237208807900389,106.82690797532604,18.770772040768108,True,
2026-07-26T21:45:54.626619+00:00,4383,-6.255330045001537,106.84307333999776,complex_corridor,FRC4,25,25,7,7,1.0,False,-6.255170245392188,106.84296367849294,21.509477825194235,True,
2026-07-26T21:45:54.919322+00:00,4421,-6.237577607899957,106.82686737105018,complex_corridor,FRC3,18,18,27,27,1.0,False,-6.237416698431964,106.82692406858013,18.95817050701808,True,
2026-07-26T21:45:55.209449+00:00,5234,-6.255677025000373,106.8431710999986,complex_corridor,FRC4,23,23,6,6,1.0,False,-6.25559934329838,106.84329627241084,16.310649749926508,True,
2026-07-26T21:45:55.496791+00:00,5259,-6.255508725000373,106.84360214999862,complex_corridor,FRC4,30,30,287,287,1.0,False,-6.255457199448482,106.84295563186589,71.6908067558573,True,
2026-07-26T21:45:55.783389+00:00,5296,-6.242909649999996,106.84406470000002,complex_corridor,FRC2,35,35,40,40,1.0,False,-6.24287098327402,106.84404058541264,5.0587612651154314,True,
2026-07-26T22:00:53.399026+00:00,703,-6.235444892859697,106.75583232857385,complex_corridor,FRC2,28,28,6,6,1,False,-6.235637002833079,106.75573958241279,23.694334982762854,True,
2026-07-26T22:00:53.672604+00:00,821,-6.288795825000754,106.77763638750048,complex_corridor,FRC1,31,31,35,35,1,False,-6.288676397337788,106.77774978959411,18.260596237349766,True,
2026-07-26T22:00:53.941620+00:00,1336,-6.235382350000007,106.7560557,complex_corridor,FRC2,27,27,9,9,1,False,-6.235851643158244,106.75634307944131,61.09133400248038,True,
2026-07-26T22:00:54.217789+00:00,2187,-6.234661449999994,106.7555585,complex_corridor,FRC2,39,39,18,18,1,False,-6.235295044618109,106.75596622907466,83.63486690954973,True,
2026-07-26T22:00:54.486877+00:00,2188,-6.233655599999991,106.75488135,complex_corridor,FRC2,30,30,32,32,1,False,-6.233742064909034,106.75495503627582,12.600808704103487,True,
2026-07-26T22:00:54.754783+00:00,2298,-6.288583799999989,106.77784095,complex_corridor,FRC1,41,41,341,341,1,False,-6.288634823320289,106.77780477487897,6.94084144102375,True,
2026-07-26T22:00:55.029344+00:00,2322,-6.2884621,106.7781152,complex_corridor,FRC1,26,26,53,53,1,False,-6.288455113550981,106.77822722279888,12.405765015820144,True,
2026-07-26T22:00:55.302216+00:00,2459,-6.23996075,106.79819865,complex_corridor,FRC3,28,28,405,405,1,False,-6.239927209643448,106.79835988366938,18.208192291717626,True,
2026-07-26T22:00:55.573315+00:00,2660,-6.288887410002579,106.77817204999796,complex_corridor,FRC1,15,15,29,29,1,False,-6.289080056713849,106.77821112954479,21.852459789678804,True,
2026-07-26T22:00:55.837550+00:00,2731,-6.240104349999994,106.79819525,complex_corridor,FRC1,21,21,285,285,1,False,-6.254711568502923,106.79717434728451,1628.1638385691926,False,
2026-07-26T22:00:56.109664+00:00,2979,-6.239918790000258,106.79844824999957,complex_corridor,FRC2,15,15,2,2,1,False,-6.239928542802509,106.79846583092547,2.2254395550977346,True,
2026-07-26T22:00:56.377498+00:00,3134,-6.2892448600025785,106.77855074999796,complex_corridor,FRC1,22,22,11,11,1,False,-6.289262432333267,106.778499467014,5.995427904385316,True,
2026-07-26T22:00:56.642308+00:00,3164,-6.239840140000258,106.79869149999956,complex_corridor,FRC2,24,24,145,145,1,False,-6.23981997364873,106.79856239045006,14.446370748590217,True,
2026-07-26T22:00:56.908929+00:00,3940,-6.242815700000143,106.84290446666662,complex_corridor,FRC2,21,21,19,19,1,False,-6.242610768682978,106.84288187111798,22.923789898286447,True,
2026-07-26T22:00:57.181706+00:00,3995,-6.2428431,106.8426503,complex_corridor,FRC2,32,32,8,8,1,False,-6.24270333943449,106.84230519617961,41.19038604817657,True,
2026-07-26T22:00:57.447329+00:00,4135,-6.242451300001405,106.84346441666648,complex_corridor,FRC3,27,27,15,15,1,False,-6.24264159782794,106.84303341592732,52.128779444682614,True,
2026-07-26T22:00:57.731195+00:00,4174,-6.242622250001264,106.84418269999986,complex_corridor,FRC3,21,21,14,14,1,False,-6.242365385288672,106.84405667866673,31.777844988721665,True,
2026-07-26T22:00:57.997412+00:00,4307,-6.237238257899974,106.8272395210502,complex_corridor,FRC2,21,21,6,6,1,False,-6.237236971031365,106.82743234718856,21.314848279038795,True,
2026-07-26T22:00:58.263285+00:00,4312,-6.237042057899963,106.8269344210502,complex_corridor,FRC2,23,23,6,6,1,False,-6.237208807900389,106.82690797532604,18.770772040768108,True,
2026-07-26T22:00:58.534412+00:00,4383,-6.255330045001537,106.84307333999776,complex_corridor,FRC4,25,25,7,7,1,False,-6.255170245392188,106.84296367849294,21.509477825194235,True,
2026-07-26T22:00:58.802189+00:00,4421,-6.237577607899957,106.82686737105018,complex_corridor,FRC3,18,18,27,27,1,False,-6.237416698431964,106.82692406858013,18.95817050701808,True,
2026-07-26T22:00:59.067544+00:00,5234,-6.255677025000373,106.8431710999986,complex_corridor,FRC4,23,23,6,6,1,False,-6.25559934329838,106.84329627241084,16.310649749926508,True,
2026-07-26T22:00:59.330855+00:00,5259,-6.255508725000373,106.84360214999862,complex_corridor,FRC4,30,30,287,287,1,False,-6.255457199448482,106.84295563186589,71.6908067558573,True,
2026-07-26T22:00:59.603193+00:00,5296,-6.242909649999996,106.84406470000002,complex_corridor,FRC2,35,35,40,40,1,False,-6.24287098327402,106.84404058541264,5.0587612651154314,True,
2026-07-26T22:15:52.311324+00:00,703,-6.235444892859697,106.75583232857385,complex_corridor,FRC2,28,28,6,6,1,False,-6.235637002833079,106.75573958241279,23.694334982762854,True,
2026-07-26T22:15:52.615478+00:00,821,-6.288795825000754,106.77763638750048,complex_corridor,FRC1,31,31,35,35,1,False,-6.288676397337788,106.77774978959411,18.260596237349766,True,
2026-07-26T22:15:52.921747+00:00,1336,-6.235382350000007,106.7560557,complex_corridor,FRC2,27,27,9,9,1,False,-6.235851643158244,106.75634307944131,61.09133400248038,True,
2026-07-26T22:15:53.227780+00:00,2187,-6.234661449999994,106.7555585,complex_corridor,FRC2,39,39,18,18,1,False,-6.235295044618109,106.75596622907466,83.63486690954973,True,
2026-07-26T22:15:53.531159+00:00,2188,-6.233655599999991,106.75488135,complex_corridor,FRC2,30,30,32,32,1,False,-6.233742064909034,106.75495503627582,12.600808704103487,True,
2026-07-26T22:15:53.831945+00:00,2298,-6.288583799999989,106.77784095,complex_corridor,FRC1,41,41,341,341,1,False,-6.288634823320289,106.77780477487897,6.94084144102375,True,
2026-07-26T22:15:54.130757+00:00,2322,-6.2884621,106.7781152,complex_corridor,FRC1,26,26,53,53,1,False,-6.288455113550981,106.77822722279888,12.405765015820144,True,
2026-07-26T22:15:54.430299+00:00,2459,-6.23996075,106.79819865,complex_corridor,FRC3,28,28,405,405,1,False,-6.239927209643448,106.79835988366938,18.208192291717626,True,
2026-07-26T22:15:54.741444+00:00,2660,-6.288887410002579,106.77817204999796,complex_corridor,FRC1,15,15,29,29,1,False,-6.289080056713849,106.77821112954479,21.852459789678804,True,
2026-07-26T22:15:55.042879+00:00,2731,-6.240104349999994,106.79819525,complex_corridor,FRC1,21,21,285,285,1,False,-6.254711568502923,106.79717434728451,1628.1638385691926,False,
2026-07-26T22:15:55.347146+00:00,2979,-6.239918790000258,106.79844824999957,complex_corridor,FRC2,15,15,2,2,1,False,-6.239928542802509,106.79846583092547,2.2254395550977346,True,
2026-07-26T22:15:55.654101+00:00,3134,-6.2892448600025785,106.77855074999796,complex_corridor,FRC1,22,22,11,11,1,False,-6.289262432333267,106.778499467014,5.995427904385316,True,
2026-07-26T22:15:55.956620+00:00,3164,-6.239840140000258,106.79869149999956,complex_corridor,FRC2,24,24,145,145,1,False,-6.23981997364873,106.79856239045006,14.446370748590217,True,
2026-07-26T22:15:56.257818+00:00,3940,-6.242815700000143,106.84290446666662,complex_corridor,FRC2,21,21,19,19,1,False,-6.242610768682978,106.84288187111798,22.923789898286447,True,
2026-07-26T22:15:56.560516+00:00,3995,-6.2428431,106.8426503,complex_corridor,FRC2,32,32,8,8,1,False,-6.24270333943449,106.84230519617961,41.19038604817657,True,
2026-07-26T22:15:56.859903+00:00,4135,-6.242451300001405,106.84346441666648,complex_corridor,FRC3,27,27,15,15,1,False,-6.24264159782794,106.84303341592732,52.128779444682614,True,
2026-07-26T22:15:57.164606+00:00,4174,-6.242622250001264,106.84418269999986,complex_corridor,FRC3,21,21,14,14,1,False,-6.242365385288672,106.84405667866673,31.777844988721665,True,
2026-07-26T22:15:57.463705+00:00,4307,-6.237238257899974,106.8272395210502,complex_corridor,FRC2,21,21,6,6,1,False,-6.237236971031365,106.82743234718856,21.314848279038795,True,
2026-07-26T22:15:57.765386+00:00,4312,-6.237042057899963,106.8269344210502,complex_corridor,FRC2,23,23,6,6,1,False,-6.237208807900389,106.82690797532604,18.770772040768108,True,
2026-07-26T22:15:58.063878+00:00,4383,-6.255330045001537,106.84307333999776,complex_corridor,FRC4,25,25,7,7,1,False,-6.255170245392188,106.84296367849294,21.509477825194235,True,
2026-07-26T22:15:58.364889+00:00,4421,-6.237577607899957,106.82686737105018,complex_corridor,FRC3,18,18,27,27,1,False,-6.237416698431964,106.82692406858013,18.95817050701808,True,
2026-07-26T22:15:58.664510+00:00,5234,-6.255677025000373,106.8431710999986,complex_corridor,FRC4,23,23,6,6,1,False,-6.25559934329838,106.84329627241084,16.310649749926508,True,
2026-07-26T22:15:58.965732+00:00,5259,-6.255508725000373,106.84360214999862,complex_corridor,FRC4,30,30,287,287,1,False,-6.255457199448482,106.84295563186589,71.6908067558573,True,
2026-07-26T22:15:59.280618+00:00,5296,-6.242909649999996,106.84406470000002,complex_corridor,FRC2,35,35,40,40,1,False,-6.24287098327402,106.84404058541264,5.0587612651154314,True,
2026-07-26T22:30:59.438094+00:00,703,-6.235444892859697,106.75583232857385,complex_corridor,FRC2,28,28,6,6,1.0,False,-6.235637002833079,106.75573958241279,23.694334982762854,True,
2026-07-26T22:30:59.743012+00:00,821,-6.288795825000754,106.77763638750048,complex_corridor,FRC1,31,31,35,35,1.0,False,-6.288676397337788,106.77774978959411,18.260596237349766,True,
2026-07-26T22:31:00.048436+00:00,1336,-6.235382350000007,106.7560557,complex_corridor,FRC2,19,27,14,9,0.96,False,-6.235851643158244,106.75634307944131,61.09133400248038,True,
2026-07-26T22:31:00.349958+00:00,2187,-6.234661449999994,106.7555585,complex_corridor,FRC2,22,39,33,18,0.97,False,-6.235295044618109,106.75596622907466,83.63486690954973,True,
2026-07-26T22:31:00.652905+00:00,2188,-6.233655599999991,106.75488135,complex_corridor,FRC2,30,30,32,32,1.0,False,-6.233742064909034,106.75495503627582,12.600808704103487,True,
2026-07-26T22:31:00.954504+00:00,2298,-6.288583799999989,106.77784095,complex_corridor,FRC1,41,41,341,341,1.0,False,-6.288634823320289,106.77780477487897,6.94084144102375,True,
2026-07-26T22:31:01.259203+00:00,2322,-6.2884621,106.7781152,complex_corridor,FRC1,26,26,53,53,1.0,False,-6.288455113550981,106.77822722279888,12.405765015820144,True,
2026-07-26T22:31:01.563720+00:00,2459,-6.23996075,106.79819865,complex_corridor,FRC3,28,28,405,405,1.0,False,-6.239927209643448,106.79835988366938,18.208192291717626,True,
2026-07-26T22:31:01.863481+00:00,2660,-6.288887410002579,106.77817204999796,complex_corridor,FRC1,15,15,29,29,1.0,False,-6.289080056713849,106.77821112954479,21.852459789678804,True,
2026-07-26T22:31:02.167995+00:00,2731,-6.240104349999994,106.79819525,complex_corridor,FRC1,21,21,285,285,1.0,False,-6.254711568502923,106.79717434728451,1628.1638385691926,False,
2026-07-26T22:31:02.489480+00:00,2979,-6.239918790000258,106.79844824999957,complex_corridor,FRC2,15,15,2,2,1.0,False,-6.239928542802509,106.79846583092547,2.2254395550977346,True,
2026-07-26T22:31:02.788454+00:00,3134,-6.2892448600025785,106.77855074999796,complex_corridor,FRC1,22,22,11,11,1.0,False,-6.289262432333267,106.778499467014,5.995427904385316,True,
2026-07-26T22:31:03.093168+00:00,3164,-6.239840140000258,106.79869149999956,complex_corridor,FRC2,24,24,145,145,1.0,False,-6.23981997364873,106.79856239045006,14.446370748590217,True,
2026-07-26T22:31:03.402072+00:00,3940,-6.242815700000143,106.84290446666662,complex_corridor,FRC2,21,21,19,19,1.0,False,-6.242610768682978,106.84288187111798,22.923789898286447,True,
2026-07-26T22:31:03.701388+00:00,3995,-6.2428431,106.8426503,complex_corridor,FRC2,32,32,8,8,1.0,False,-6.24270333943449,106.84230519617961,41.19038604817657,True,
2026-07-26T22:31:04.011752+00:00,4135,-6.242451300001405,106.84346441666648,complex_corridor,FRC3,27,27,15,15,1.0,False,-6.24264159782794,106.84303341592732,52.128779444682614,True,
2026-07-26T22:31:04.315774+00:00,4174,-6.242622250001264,106.84418269999986,complex_corridor,FRC3,21,21,14,14,1.0,False,-6.242365385288672,106.84405667866673,31.777844988721665,True,
2026-07-26T22:31:04.614916+00:00,4307,-6.237238257899974,106.8272395210502,complex_corridor,FRC2,21,21,6,6,1.0,False,-6.237236971031365,106.82743234718856,21.314848279038795,True,
2026-07-26T22:31:04.925090+00:00,4312,-6.237042057899963,106.8269344210502,complex_corridor,FRC2,23,23,6,6,1.0,False,-6.237208807900389,106.82690797532604,18.770772040768108,True,
2026-07-26T22:31:05.225510+00:00,4383,-6.255330045001537,106.84307333999776,complex_corridor,FRC4,25,25,7,7,1.0,False,-6.255170245392188,106.84296367849294,21.509477825194235,True,
2026-07-26T22:31:05.527968+00:00,4421,-6.237577607899957,106.82686737105018,complex_corridor,FRC3,18,18,27,27,1.0,False,-6.237416698431964,106.82692406858013,18.95817050701808,True,
2026-07-26T22:31:05.829293+00:00,5234,-6.255677025000373,106.8431710999986,complex_corridor,FRC4,23,23,6,6,1.0,False,-6.25559934329838,106.84329627241084,16.310649749926508,True,
2026-07-26T22:31:06.131216+00:00,5259,-6.255508725000373,106.84360214999862,complex_corridor,FRC4,30,30,287,287,1.0,False,-6.255457199448482,106.84295563186589,71.6908067558573,True,
2026-07-26T22:31:06.431623+00:00,5296,-6.242909649999996,106.84406470000002,complex_corridor,FRC2,35,35,40,40,1.0,False,-6.24287098327402,106.84404058541264,5.0587612651154314,True,
2026-07-26T22:45:55.912413+00:00,703,-6.235444892859697,106.75583232857385,complex_corridor,FRC2,28,28,6,6,1.0,False,-6.235637002833079,106.75573958241279,23.694334982762854,True,
2026-07-26T22:45:56.216579+00:00,821,-6.288795825000754,106.77763638750048,complex_corridor,FRC1,31,31,35,35,1.0,False,-6.288676397337788,106.77774978959411,18.260596237349766,True,
2026-07-26T22:45:56.520914+00:00,1336,-6.235382350000007,106.7560557,complex_corridor,FRC2,14,26,19,10,0.96,False,-6.235851643158244,106.75634307944131,61.09133400248038,True,
2026-07-26T22:45:56.821434+00:00,2187,-6.234661449999994,106.7555585,complex_corridor,FRC2,18,39,41,18,0.97,False,-6.235295044618109,106.75596622907466,83.63486690954973,True,
2026-07-26T22:45:57.125283+00:00,2188,-6.233655599999991,106.75488135,complex_corridor,FRC2,30,30,32,32,1.0,False,-6.233742064909034,106.75495503627582,12.600808704103487,True,
2026-07-26T22:45:57.425502+00:00,2298,-6.288583799999989,106.77784095,complex_corridor,FRC1,41,41,341,341,1.0,False,-6.288634823320289,106.77780477487897,6.94084144102375,True,
2026-07-26T22:45:57.727849+00:00,2322,-6.2884621,106.7781152,complex_corridor,FRC1,26,26,53,53,1.0,False,-6.288455113550981,106.77822722279888,12.405765015820144,True,
2026-07-26T22:45:58.031891+00:00,2459,-6.23996075,106.79819865,complex_corridor,FRC3,28,28,405,405,1.0,False,-6.239927209643448,106.79835988366938,18.208192291717626,True,
2026-07-26T22:45:58.334904+00:00,2660,-6.288887410002579,106.77817204999796,complex_corridor,FRC1,15,15,29,29,1.0,False,-6.289080056713849,106.77821112954479,21.852459789678804,True,
2026-07-26T22:45:58.645360+00:00,2731,-6.240104349999994,106.79819525,complex_corridor,FRC1,21,21,285,285,1.0,False,-6.254711568502923,106.79717434728451,1628.1638385691926,False,
2026-07-26T22:45:58.944979+00:00,2979,-6.239918790000258,106.79844824999957,complex_corridor,FRC2,15,15,2,2,1.0,False,-6.239928542802509,106.79846583092547,2.2254395550977346,True,
2026-07-26T22:45:59.243948+00:00,3134,-6.2892448600025785,106.77855074999796,complex_corridor,FRC1,22,22,11,11,1.0,False,-6.289262432333267,106.778499467014,5.995427904385316,True,
2026-07-26T22:45:59.542842+00:00,3164,-6.239840140000258,106.79869149999956,complex_corridor,FRC2,24,24,145,145,1.0,False,-6.23981997364873,106.79856239045006,14.446370748590217,True,
2026-07-26T22:45:59.844212+00:00,3940,-6.242815700000143,106.84290446666662,complex_corridor,FRC2,21,21,19,19,1.0,False,-6.242610768682978,106.84288187111798,22.923789898286447,True,
2026-07-26T22:46:00.146579+00:00,3995,-6.2428431,106.8426503,complex_corridor,FRC2,32,32,8,8,1.0,False,-6.24270333943449,106.84230519617961,41.19038604817657,True,
2026-07-26T22:46:00.455139+00:00,4135,-6.242451300001405,106.84346441666648,complex_corridor,FRC3,27,27,15,15,1.0,False,-6.24264159782794,106.84303341592732,52.128779444682614,True,
2026-07-26T22:46:00.764509+00:00,4174,-6.242622250001264,106.84418269999986,complex_corridor,FRC3,21,21,14,14,1.0,False,-6.242365385288672,106.84405667866673,31.777844988721665,True,
2026-07-26T22:46:01.065690+00:00,4307,-6.237238257899974,106.8272395210502,complex_corridor,FRC2,21,21,6,6,1.0,False,-6.237236971031365,106.82743234718856,21.314848279038795,True,
2026-07-26T22:46:01.369049+00:00,4312,-6.237042057899963,106.8269344210502,complex_corridor,FRC2,23,23,6,6,1.0,False,-6.237208807900389,106.82690797532604,18.770772040768108,True,
2026-07-26T22:46:01.669653+00:00,4383,-6.255330045001537,106.84307333999776,complex_corridor,FRC4,25,25,7,7,1.0,False,-6.255170245392188,106.84296367849294,21.509477825194235,True,
2026-07-26T22:46:01.968558+00:00,4421,-6.237577607899957,106.82686737105018,complex_corridor,FRC3,18,18,27,27,1.0,False,-6.237416698431964,106.82692406858013,18.95817050701808,True,
2026-07-26T22:46:02.270406+00:00,5234,-6.255677025000373,106.8431710999986,complex_corridor,FRC4,23,23,6,6,1.0,False,-6.25559934329838,106.84329627241084,16.310649749926508,True,
2026-07-26T22:46:02.570311+00:00,5259,-6.255508725000373,106.84360214999862,complex_corridor,FRC4,30,30,287,287,1.0,False,-6.255457199448482,106.84295563186589,71.6908067558573,True,
2026-07-26T22:46:02.879023+00:00,5296,-6.242909649999996,106.84406470000002,complex_corridor,FRC2,35,35,40,40,1.0,False,-6.24287098327402,106.84404058541264,5.0587612651154314,True,
2026-07-26T23:00:57.335283+00:00,703,-6.235444892859697,106.75583232857385,complex_corridor,FRC2,28,28,6,6,1.0,False,-6.235637002833079,106.75573958241279,23.694334982762854,True,
2026-07-26T23:00:57.623759+00:00,821,-6.288795825000754,106.77763638750048,complex_corridor,FRC1,25,31,43,35,0.99,False,-6.288676397337788,106.77774978959411,18.260596237349766,True,
2026-07-26T23:00:57.907063+00:00,1336,-6.235382350000007,106.7560557,complex_corridor,FRC2,14,27,19,9,0.95,False,-6.235851643158244,106.75634307944131,61.09133400248038,True,
2026-07-26T23:00:58.193257+00:00,2187,-6.234661449999994,106.7555585,complex_corridor,FRC2,39,39,18,18,1.0,False,-6.235295044618109,106.75596622907466,83.63486690954973,True,
2026-07-26T23:00:58.476523+00:00,2188,-6.233655599999991,106.75488135,complex_corridor,FRC2,30,30,32,32,1.0,False,-6.233742064909034,106.75495503627582,12.600808704103487,True,
2026-07-26T23:00:58.760374+00:00,2298,-6.288583799999989,106.77784095,complex_corridor,FRC1,41,41,341,341,1.0,False,-6.288634823320289,106.77780477487897,6.94084144102375,True,
2026-07-26T23:00:59.072338+00:00,2322,-6.2884621,106.7781152,complex_corridor,FRC1,26,26,53,53,1.0,False,-6.288455113550981,106.77822722279888,12.405765015820144,True,
2026-07-26T23:00:59.372789+00:00,2459,-6.23996075,106.79819865,complex_corridor,FRC3,28,28,405,405,1.0,False,-6.239927209643448,106.79835988366938,18.208192291717626,True,
2026-07-26T23:00:59.653889+00:00,2660,-6.288887410002579,106.77817204999796,complex_corridor,FRC1,15,15,29,29,1.0,False,-6.289080056713849,106.77821112954479,21.852459789678804,True,
2026-07-26T23:00:59.932720+00:00,2731,-6.240104349999994,106.79819525,complex_corridor,FRC1,21,21,285,285,1.0,False,-6.254711568502923,106.79717434728451,1628.1638385691926,False,
2026-07-26T23:01:00.212093+00:00,2979,-6.239918790000258,106.79844824999957,complex_corridor,FRC2,15,15,2,2,1.0,False,-6.239928542802509,106.79846583092547,2.2254395550977346,True,
2026-07-26T23:01:00.490849+00:00,3134,-6.2892448600025785,106.77855074999796,complex_corridor,FRC1,22,22,11,11,1.0,False,-6.289262432333267,106.778499467014,5.995427904385316,True,
2026-07-26T23:01:00.772579+00:00,3164,-6.239840140000258,106.79869149999956,complex_corridor,FRC2,24,24,145,145,1.0,False,-6.23981997364873,106.79856239045006,14.446370748590217,True,
2026-07-26T23:01:01.051275+00:00,3940,-6.242815700000143,106.84290446666662,complex_corridor,FRC2,21,21,19,19,1.0,False,-6.242610768682978,106.84288187111798,22.923789898286447,True,
2026-07-26T23:01:01.330626+00:00,3995,-6.2428431,106.8426503,complex_corridor,FRC2,32,32,8,8,1.0,False,-6.24270333943449,106.84230519617961,41.19038604817657,True,
2026-07-26T23:01:01.616295+00:00,4135,-6.242451300001405,106.84346441666648,complex_corridor,FRC3,27,27,15,15,1.0,False,-6.24264159782794,106.84303341592732,52.128779444682614,True,
2026-07-26T23:01:01.895909+00:00,4174,-6.242622250001264,106.84418269999986,complex_corridor,FRC3,21,21,14,14,1.0,False,-6.242365385288672,106.84405667866673,31.777844988721665,True,
2026-07-26T23:01:02.174454+00:00,4307,-6.237238257899974,106.8272395210502,complex_corridor,FRC2,21,21,6,6,1.0,False,-6.237236971031365,106.82743234718856,21.314848279038795,True,
2026-07-26T23:01:02.456122+00:00,4312,-6.237042057899963,106.8269344210502,complex_corridor,FRC2,23,23,6,6,1.0,False,-6.237208807900389,106.82690797532604,18.770772040768108,True,
2026-07-26T23:01:02.756879+00:00,4383,-6.255330045001537,106.84307333999776,complex_corridor,FRC4,25,25,7,7,1.0,False,-6.255170245392188,106.84296367849294,21.509477825194235,True,
2026-07-26T23:01:03.039855+00:00,4421,-6.237577607899957,106.82686737105018,complex_corridor,FRC3,18,18,27,27,1.0,False,-6.237416698431964,106.82692406858013,18.95817050701808,True,
2026-07-26T23:01:03.319015+00:00,5234,-6.255677025000373,106.8431710999986,complex_corridor,FRC4,23,23,6,6,1.0,False,-6.25559934329838,106.84329627241084,16.310649749926508,True,
2026-07-26T23:01:03.603447+00:00,5259,-6.255508725000373,106.84360214999862,complex_corridor,FRC4,30,30,287,287,1.0,False,-6.255457199448482,106.84295563186589,71.6908067558573,True,
2026-07-26T23:01:03.885644+00:00,5296,-6.242909649999996,106.84406470000002,complex_corridor,FRC2,35,35,40,40,1.0,False,-6.24287098327402,106.84404058541264,5.0587612651154314,True,
2026-07-26T23:15:48.754585+00:00,703,-6.235444892859697,106.75583232857385,complex_corridor,FRC2,28,28,6,6,1.0,False,-6.235637002833079,106.75573958241279,23.694334982762854,True,
2026-07-26T23:15:49.038102+00:00,821,-6.288795825000754,106.77763638750048,complex_corridor,FRC1,17,31,64,35,1.0,False,-6.288676397337788,106.77774978959411,18.260596237349766,True,
2026-07-26T23:15:49.328719+00:00,1336,-6.235382350000007,106.7560557,complex_corridor,FRC2,17,26,15,10,0.95,False,-6.235851643158244,106.75634307944131,61.09133400248038,True,
2026-07-26T23:15:49.617681+00:00,2187,-6.234661449999994,106.7555585,complex_corridor,FRC2,39,39,18,18,1.0,False,-6.235295044618109,106.75596622907466,83.63486690954973,True,
2026-07-26T23:15:49.909049+00:00,2188,-6.233655599999991,106.75488135,complex_corridor,FRC2,30,30,32,32,1.0,False,-6.233742064909034,106.75495503627582,12.600808704103487,True,
2026-07-26T23:15:50.193539+00:00,2298,-6.288583799999989,106.77784095,complex_corridor,FRC1,41,41,341,341,1.0,False,-6.288634823320289,106.77780477487897,6.94084144102375,True,
2026-07-26T23:15:50.477809+00:00,2322,-6.2884621,106.7781152,complex_corridor,FRC1,26,26,53,53,1.0,False,-6.288455113550981,106.77822722279888,12.405765015820144,True,
2026-07-26T23:15:50.757137+00:00,2459,-6.23996075,106.79819865,complex_corridor,FRC3,28,28,405,405,1.0,False,-6.239927209643448,106.79835988366938,18.208192291717626,True,
2026-07-26T23:15:51.034382+00:00,2660,-6.288887410002579,106.77817204999796,complex_corridor,FRC1,15,15,29,29,1.0,False,-6.289080056713849,106.77821112954479,21.852459789678804,True,
2026-07-26T23:15:51.316058+00:00,2731,-6.240104349999994,106.79819525,complex_corridor,FRC1,21,21,285,285,1.0,False,-6.254711568502923,106.79717434728451,1628.1638385691926,False,
2026-07-26T23:15:51.602602+00:00,2979,-6.239918790000258,106.79844824999957,complex_corridor,FRC2,15,15,2,2,1.0,False,-6.239928542802509,106.79846583092547,2.2254395550977346,True,
2026-07-26T23:15:51.888705+00:00,3134,-6.2892448600025785,106.77855074999796,complex_corridor,FRC1,22,22,11,11,1.0,False,-6.289262432333267,106.778499467014,5.995427904385316,True,
2026-07-26T23:15:52.173467+00:00,3164,-6.239840140000258,106.79869149999956,complex_corridor,FRC2,24,24,145,145,1.0,False,-6.23981997364873,106.79856239045006,14.446370748590217,True,
2026-07-26T23:15:52.457422+00:00,3940,-6.242815700000143,106.84290446666662,complex_corridor,FRC2,21,21,19,19,1.0,False,-6.242610768682978,106.84288187111798,22.923789898286447,True,
2026-07-26T23:15:52.757390+00:00,3995,-6.2428431,106.8426503,complex_corridor,FRC2,32,32,8,8,1.0,False,-6.24270333943449,106.84230519617961,41.19038604817657,True,
2026-07-26T23:15:53.042875+00:00,4135,-6.242451300001405,106.84346441666648,complex_corridor,FRC3,27,27,15,15,1.0,False,-6.24264159782794,106.84303341592732,52.128779444682614,True,
2026-07-26T23:15:53.319078+00:00,4174,-6.242622250001264,106.84418269999986,complex_corridor,FRC3,21,21,14,14,1.0,False,-6.242365385288672,106.84405667866673,31.777844988721665,True,
2026-07-26T23:15:53.605008+00:00,4307,-6.237238257899974,106.8272395210502,complex_corridor,FRC2,17,21,7,6,0.95,False,-6.237236971031365,106.82743234718856,21.314848279038795,True,
2026-07-26T23:15:53.885564+00:00,4312,-6.237042057899963,106.8269344210502,complex_corridor,FRC2,23,23,6,6,1.0,False,-6.237208807900389,106.82690797532604,18.770772040768108,True,
2026-07-26T23:15:54.185621+00:00,4383,-6.255330045001537,106.84307333999776,complex_corridor,FRC4,25,25,7,7,1.0,False,-6.255170245392188,106.84296367849294,21.509477825194235,True,
2026-07-26T23:15:54.467798+00:00,4421,-6.237577607899957,106.82686737105018,complex_corridor,FRC3,18,18,27,27,1.0,False,-6.237416698431964,106.82692406858013,18.95817050701808,True,
2026-07-26T23:15:54.751727+00:00,5234,-6.255677025000373,106.8431710999986,complex_corridor,FRC4,23,23,6,6,1.0,False,-6.25559934329838,106.84329627241084,16.310649749926508,True,
2026-07-26T23:15:55.032036+00:00,5259,-6.255508725000373,106.84360214999862,complex_corridor,FRC4,25,30,344,287,0.996299,False,-6.255457199448482,106.84295563186589,71.6908067558573,True,
2026-07-26T23:15:55.319435+00:00,5296,-6.242909649999996,106.84406470000002,complex_corridor,FRC2,35,35,40,40,1.0,False,-6.24287098327402,106.84404058541264,5.0587612651154314,True,
