timestamp_utc,edge_id,requested_lat,requested_lon,highway_tag,frc,currentSpeed,freeFlowSpeed,currentTravelTime,freeFlowTravelTime,confidence,roadClosure,matched_lat,matched_lon,match_distance_m,valid_match,error
2026-08-03T00:01:09.858274+00:00,703,-6.235444892859697,106.75583232857385,complex_corridor,FRC2,28,28,6,6,1.0,False,-6.235637002833079,106.75573958241279,23.694334982762854,True,
2026-08-03T00:01:10.158637+00:00,821,-6.288795825000754,106.77763638750048,complex_corridor,FRC1,14,30,78,36,1.0,False,-6.288676397337788,106.77774978959411,18.260596237349766,True,
2026-08-03T00:01:10.473371+00:00,1336,-6.235382350000007,106.7560557,complex_corridor,FRC2,27,27,9,9,1.0,False,-6.235851643158244,106.75634307944131,61.09133400248038,True,
2026-08-03T00:01:10.780612+00:00,2187,-6.234661449999994,106.7555585,complex_corridor,FRC2,39,39,18,18,1.0,False,-6.235295044618109,106.75596622907466,83.63486690954973,True,
2026-08-03T00:01:11.080595+00:00,2188,-6.233655599999991,106.75488135,complex_corridor,FRC2,30,30,32,32,1.0,False,-6.233742064909034,106.75495503627582,12.600808704103487,True,
2026-08-03T00:01:11.382585+00:00,2298,-6.288583799999989,106.77784095,complex_corridor,FRC1,24,40,583,350,1.0,False,-6.288634823320289,106.77780477487897,6.94084144102375,True,
2026-08-03T00:01:11.683983+00:00,2322,-6.2884621,106.7781152,complex_corridor,FRC1,20,26,70,53,0.99,False,-6.288455113550981,106.77822722279888,12.405765015820144,True,
2026-08-03T00:01:11.997799+00:00,2459,-6.23996075,106.79819865,complex_corridor,FRC3,28,28,405,405,1.0,False,-6.239927209643448,106.79835988366938,18.208192291717626,True,
2026-08-03T00:01:12.296913+00:00,2660,-6.288887410002579,106.77817204999796,complex_corridor,FRC1,16,20,27,22,1.0,False,-6.289080056713849,106.77821112954479,21.852459789678804,True,
2026-08-03T00:01:12.603852+00:00,2731,-6.240104349999994,106.79819525,complex_corridor,FRC1,21,21,285,285,1.0,False,-6.254711568502923,106.79717434728451,1628.1638385691926,False,
2026-08-03T00:01:12.902909+00:00,2979,-6.239918790000258,106.79844824999957,complex_corridor,FRC2,15,15,2,2,1.0,False,-6.239928542802509,106.79846583092547,2.2254395550977346,True,
2026-08-03T00:01:13.214701+00:00,3134,-6.2892448600025785,106.77855074999796,complex_corridor,FRC1,18,22,14,11,1.0,False,-6.289262432333267,106.778499467014,5.995427904385316,True,
2026-08-03T00:01:13.532538+00:00,3164,-6.239840140000258,106.79869149999956,complex_corridor,FRC2,24,24,145,145,1.0,False,-6.23981997364873,106.79856239045006,14.446370748590217,True,
2026-08-03T00:01:13.837812+00:00,3940,-6.242815700000143,106.84290446666662,complex_corridor,FRC2,21,21,19,19,1.0,False,-6.242610768682978,106.84288187111798,22.923789898286447,True,
2026-08-03T00:01:14.140354+00:00,3995,-6.2428431,106.8426503,complex_corridor,FRC2,32,32,8,8,1.0,False,-6.24270333943449,106.84230519617961,41.19038604817657,True,
2026-08-03T00:01:14.441583+00:00,4135,-6.242451300001405,106.84346441666648,complex_corridor,FRC3,15,26,27,16,1.0,False,-6.24264159782794,106.84303341592732,52.128779444682614,True,
2026-08-03T00:01:14.752343+00:00,4174,-6.242622250001264,106.84418269999986,complex_corridor,FRC3,21,21,14,14,1.0,False,-6.242365385288672,106.84405667866673,31.777844988721665,True,
2026-08-03T00:01:15.052906+00:00,4307,-6.237238257899974,106.8272395210502,complex_corridor,FRC2,16,20,8,6,0.98,False,-6.237236971031365,106.82743234718856,21.314848279038795,True,
2026-08-03T00:01:15.362278+00:00,4312,-6.237042057899963,106.8269344210502,complex_corridor,FRC2,23,23,6,6,1.0,False,-6.237208807900389,106.82690797532604,18.770772040768108,True,
2026-08-03T00:01:15.675686+00:00,4383,-6.255330045001537,106.84307333999776,complex_corridor,FRC4,18,25,10,7,1.0,False,-6.255170245392188,106.84296367849294,21.509477825194235,True,
2026-08-03T00:01:15.979398+00:00,4421,-6.237577607899957,106.82686737105018,complex_corridor,FRC3,18,18,27,27,1.0,False,-6.237416698431964,106.82692406858013,18.95817050701808,True,
2026-08-03T00:01:16.278567+00:00,5234,-6.255677025000373,106.8431710999986,complex_corridor,FRC4,23,23,6,6,1.0,False,-6.25559934329838,106.84329627241084,16.310649749926508,True,
2026-08-03T00:01:16.584284+00:00,5259,-6.255508725000373,106.84360214999862,complex_corridor,FRC4,30,30,287,287,1.0,False,-6.255457199448482,106.84295563186589,71.6908067558573,True,
2026-08-03T00:01:16.882874+00:00,5296,-6.242909649999996,106.84406470000002,complex_corridor,FRC2,35,35,40,40,1.0,False,-6.24287098327402,106.84404058541264,5.0587612651154314,True,
2026-08-03T00:15:50.533966+00:00,703,-6.235444892859697,106.75583232857385,complex_corridor,FRC2,28,28,6,6,1.0,False,-6.235637002833079,106.75573958241279,23.694334982762854,True,
2026-08-03T00:15:50.822873+00:00,821,-6.288795825000754,106.77763638750048,complex_corridor,FRC1,31,31,35,35,1.0,False,-6.288676397337788,106.77774978959411,18.260596237349766,True,
2026-08-03T00:15:51.113229+00:00,1336,-6.235382350000007,106.7560557,complex_corridor,FRC2,15,26,17,10,0.85,False,-6.235851643158244,106.75634307944131,61.09133400248038,True,
2026-08-03T00:15:51.399028+00:00,2187,-6.234661449999994,106.7555585,complex_corridor,FRC2,20,39,37,18,0.99,False,-6.235295044618109,106.75596622907466,83.63486690954973,True,
2026-08-03T00:15:51.689627+00:00,2188,-6.233655599999991,106.75488135,complex_corridor,FRC2,30,30,32,32,1.0,False,-6.233742064909034,106.75495503627582,12.600808704103487,True,
2026-08-03T00:15:51.981188+00:00,2298,-6.288583799999989,106.77784095,complex_corridor,FRC1,25,40,560,350,1.0,False,-6.288634823320289,106.77780477487897,6.94084144102375,True,
2026-08-03T00:15:52.270263+00:00,2322,-6.2884621,106.7781152,complex_corridor,FRC1,19,25,73,56,1.0,False,-6.288455113550981,106.77822722279888,12.405765015820144,True,
2026-08-03T00:15:52.558199+00:00,2459,-6.23996075,106.79819865,complex_corridor,FRC3,21,27,541,420,1.0,False,-6.239927209643448,106.79835988366938,18.208192291717626,True,
2026-08-03T00:15:52.852563+00:00,2660,-6.288887410002579,106.77817204999796,complex_corridor,FRC1,12,20,37,22,1.0,False,-6.289080056713849,106.77821112954479,21.852459789678804,True,
2026-08-03T00:15:53.142158+00:00,2731,-6.240104349999994,106.79819525,complex_corridor,FRC1,21,21,285,285,1.0,False,-6.254711568502923,106.79717434728451,1628.1638385691926,False,
2026-08-03T00:15:53.429269+00:00,2979,-6.239918790000258,106.79844824999957,complex_corridor,FRC2,9,13,4,3,1.0,False,-6.239928542802509,106.79846583092547,2.2254395550977346,True,
2026-08-03T00:15:53.718233+00:00,3134,-6.2892448600025785,106.77855074999796,complex_corridor,FRC1,17,21,15,12,1.0,False,-6.289262432333267,106.778499467014,5.995427904385316,True,
2026-08-03T00:15:54.004328+00:00,3164,-6.239840140000258,106.79869149999956,complex_corridor,FRC2,20,26,174,134,1.0,False,-6.23981997364873,106.79856239045006,14.446370748590217,True,
2026-08-03T00:15:54.299305+00:00,3940,-6.242815700000143,106.84290446666662,complex_corridor,FRC2,21,21,19,19,1.0,False,-6.242610768682978,106.84288187111798,22.923789898286447,True,
2026-08-03T00:15:54.586280+00:00,3995,-6.2428431,106.8426503,complex_corridor,FRC2,32,32,8,8,1.0,False,-6.24270333943449,106.84230519617961,41.19038604817657,True,
2026-08-03T00:15:54.872279+00:00,4135,-6.242451300001405,106.84346441666648,complex_corridor,FRC3,19,27,22,15,1.0,False,-6.24264159782794,106.84303341592732,52.128779444682614,True,
2026-08-03T00:15:55.167455+00:00,4174,-6.242622250001264,106.84418269999986,complex_corridor,FRC3,12,21,24,14,0.97,False,-6.242365385288672,106.84405667866673,31.777844988721665,True,
2026-08-03T00:15:55.457614+00:00,4307,-6.237238257899974,106.8272395210502,complex_corridor,FRC2,15,20,8,6,0.98,False,-6.237236971031365,106.82743234718856,21.314848279038795,True,
2026-08-03T00:15:55.753588+00:00,4312,-6.237042057899963,106.8269344210502,complex_corridor,FRC2,23,23,6,6,1.0,False,-6.237208807900389,106.82690797532604,18.770772040768108,True,
2026-08-03T00:15:56.038368+00:00,4383,-6.255330045001537,106.84307333999776,complex_corridor,FRC4,25,25,7,7,1.0,False,-6.255170245392188,106.84296367849294,21.509477825194235,True,
2026-08-03T00:15:56.325527+00:00,4421,-6.237577607899957,106.82686737105018,complex_corridor,FRC3,18,18,27,27,1.0,False,-6.237416698431964,106.82692406858013,18.95817050701808,True,
2026-08-03T00:15:56.614636+00:00,5234,-6.255677025000373,106.8431710999986,complex_corridor,FRC4,23,23,6,6,1.0,False,-6.25559934329838,106.84329627241084,16.310649749926508,True,
2026-08-03T00:15:56.902026+00:00,5259,-6.255508725000373,106.84360214999862,complex_corridor,FRC4,23,30,374,287,0.995439,False,-6.255457199448482,106.84295563186589,71.6908067558573,True,
2026-08-03T00:15:57.191784+00:00,5296,-6.242909649999996,106.84406470000002,complex_corridor,FRC2,35,35,40,40,1.0,False,-6.24287098327402,106.84404058541264,5.0587612651154314,True,
2026-08-03T00:30:52.022482+00:00,703,-6.235444892859697,106.75583232857385,complex_corridor,FRC2,22,28,7,6,1.0,False,-6.235637002833079,106.75573958241279,23.694334982762854,True,
2026-08-03T00:30:52.324001+00:00,821,-6.288795825000754,106.77763638750048,complex_corridor,FRC1,11,31,99,35,1.0,False,-6.288676397337788,106.77774978959411,18.260596237349766,True,
2026-08-03T00:30:52.608218+00:00,1336,-6.235382350000007,106.7560557,complex_corridor,FRC2,4,30,67,8,0.91,False,-6.235851643158244,106.75634307944131,61.09133400248038,True,
2026-08-03T00:30:52.901350+00:00,2187,-6.234661449999994,106.7555585,complex_corridor,FRC2,39,39,18,18,1.0,False,-6.235295044618109,106.75596622907466,83.63486690954973,True,
2026-08-03T00:30:53.186031+00:00,2188,-6.233655599999991,106.75488135,complex_corridor,FRC2,30,30,32,32,1.0,False,-6.233742064909034,106.75495503627582,12.600808704103487,True,
2026-08-03T00:30:53.477724+00:00,2298,-6.288583799999989,106.77784095,complex_corridor,FRC1,27,40,518,350,1.0,False,-6.288634823320289,106.77780477487897,6.94084144102375,True,
2026-08-03T00:30:53.765238+00:00,2322,-6.2884621,106.7781152,complex_corridor,FRC1,14,25,100,56,1.0,False,-6.288455113550981,106.77822722279888,12.405765015820144,True,
2026-08-03T00:30:54.054065+00:00,2459,-6.23996075,106.79819865,complex_corridor,FRC3,20,27,568,420,1.0,False,-6.239927209643448,106.79835988366938,18.208192291717626,True,
2026-08-03T00:30:54.363847+00:00,2660,-6.288887410002579,106.77817204999796,complex_corridor,FRC1,8,16,55,27,1.0,False,-6.289080056713849,106.77821112954479,21.852459789678804,True,
2026-08-03T00:30:54.646987+00:00,2731,-6.240104349999994,106.79819525,complex_corridor,FRC1,21,21,285,285,1.0,False,-6.254711568502923,106.79717434728451,1628.1638385691926,False,
2026-08-03T00:30:54.944891+00:00,2979,-6.239918790000258,106.79844824999957,complex_corridor,FRC2,6,13,7,3,1.0,False,-6.239928542802509,106.79846583092547,2.2254395550977346,True,
2026-08-03T00:30:55.230593+00:00,3134,-6.2892448600025785,106.77855074999796,complex_corridor,FRC1,16,21,16,12,1.0,False,-6.289262432333267,106.778499467014,5.995427904385316,True,
2026-08-03T00:30:55.516197+00:00,3164,-6.239840140000258,106.79869149999956,complex_corridor,FRC2,24,24,145,145,1.0,False,-6.23981997364873,106.79856239045006,14.446370748590217,True,
2026-08-03T00:30:55.819361+00:00,3940,-6.242815700000143,106.84290446666662,complex_corridor,FRC2,21,21,19,19,1.0,False,-6.242610768682978,106.84288187111798,22.923789898286447,True,
2026-08-03T00:30:56.124879+00:00,3995,-6.2428431,106.8426503,complex_corridor,FRC2,32,32,8,8,1.0,False,-6.24270333943449,106.84230519617961,41.19038604817657,True,
2026-08-03T00:30:56.408820+00:00,4135,-6.242451300001405,106.84346441666648,complex_corridor,FRC3,18,26,23,16,1.0,False,-6.24264159782794,106.84303341592732,52.128779444682614,True,
2026-08-03T00:30:56.698118+00:00,4174,-6.242622250001264,106.84418269999986,complex_corridor,FRC3,21,21,14,14,1.0,False,-6.242365385288672,106.84405667866673,31.777844988721665,True,
2026-08-03T00:30:56.980590+00:00,4307,-6.237238257899974,106.8272395210502,complex_corridor,FRC2,14,20,9,6,0.99,False,-6.237236971031365,106.82743234718856,21.314848279038795,True,
2026-08-03T00:30:57.273833+00:00,4312,-6.237042057899963,106.8269344210502,complex_corridor,FRC2,23,23,6,6,1.0,False,-6.237208807900389,106.82690797532604,18.770772040768108,True,
2026-08-03T00:30:57.557588+00:00,4383,-6.255330045001537,106.84307333999776,complex_corridor,FRC4,25,25,7,7,1.0,False,-6.255170245392188,106.84296367849294,21.509477825194235,True,
2026-08-03T00:30:57.844795+00:00,4421,-6.237577607899957,106.82686737105018,complex_corridor,FRC3,13,17,37,28,0.99,False,-6.237416698431964,106.82692406858013,18.95817050701808,True,
2026-08-03T00:30:58.133318+00:00,5234,-6.255677025000373,106.8431710999986,complex_corridor,FRC4,7,24,20,5,0.99,False,-6.25559934329838,106.84329627241084,16.310649749926508,True,
2026-08-03T00:30:58.423029+00:00,5259,-6.255508725000373,106.84360214999862,complex_corridor,FRC4,21,30,410,287,0.99815,False,-6.255457199448482,106.84295563186589,71.6908067558573,True,
2026-08-03T00:30:58.718724+00:00,5296,-6.242909649999996,106.84406470000002,complex_corridor,FRC2,35,35,40,40,1.0,False,-6.24287098327402,106.84404058541264,5.0587612651154314,True,
2026-08-03T00:45:46.384815+00:00,703,-6.235444892859697,106.75583232857385,complex_corridor,FRC2,9,28,19,6,0.99,False,-6.235637002833079,106.75573958241279,23.694334982762854,True,
2026-08-03T00:45:46.673201+00:00,821,-6.288795825000754,106.77763638750048,complex_corridor,FRC1,14,31,78,35,1.0,False,-6.288676397337788,106.77774978959411,18.260596237349766,True,
2026-08-03T00:45:46.972092+00:00,1336,-6.235382350000007,106.7560557,complex_corridor,FRC2,14,26,19,10,0.95,False,-6.235851643158244,106.75634307944131,61.09133400248038,True,
2026-08-03T00:45:47.261673+00:00,2187,-6.234661449999994,106.7555585,complex_corridor,FRC2,39,39,18,18,1.0,False,-6.235295044618109,106.75596622907466,83.63486690954973,True,
2026-08-03T00:45:47.555642+00:00,2188,-6.233655599999991,106.75488135,complex_corridor,FRC2,30,30,32,32,1.0,False,-6.233742064909034,106.75495503627582,12.600808704103487,True,
2026-08-03T00:45:47.843260+00:00,2298,-6.288583799999989,106.77784095,complex_corridor,FRC1,25,40,560,350,1.0,False,-6.288634823320289,106.77780477487897,6.94084144102375,True,
2026-08-03T00:45:48.138031+00:00,2322,-6.2884621,106.7781152,complex_corridor,FRC1,20,26,70,53,1.0,False,-6.288455113550981,106.77822722279888,12.405765015820144,True,
2026-08-03T00:45:48.428929+00:00,2459,-6.23996075,106.79819865,complex_corridor,FRC3,20,27,568,420,1.0,False,-6.239927209643448,106.79835988366938,18.208192291717626,True,
2026-08-03T00:45:48.720374+00:00,2660,-6.288887410002579,106.77817204999796,complex_corridor,FRC1,14,19,31,23,1.0,False,-6.289080056713849,106.77821112954479,21.852459789678804,True,
2026-08-03T00:45:49.014773+00:00,2731,-6.240104349999994,106.79819525,complex_corridor,FRC1,21,21,285,285,1.0,False,-6.254711568502923,106.79717434728451,1628.1638385691926,False,
2026-08-03T00:45:49.321424+00:00,2979,-6.239918790000258,106.79844824999957,complex_corridor,FRC2,15,15,2,2,1.0,False,-6.239928542802509,106.79846583092547,2.2254395550977346,True,
2026-08-03T00:45:49.612411+00:00,3134,-6.2892448600025785,106.77855074999796,complex_corridor,FRC1,16,22,16,11,1.0,False,-6.289262432333267,106.778499467014,5.995427904385316,True,
2026-08-03T00:45:49.900604+00:00,3164,-6.239840140000258,106.79869149999956,complex_corridor,FRC2,24,24,145,145,1.0,False,-6.23981997364873,106.79856239045006,14.446370748590217,True,
2026-08-03T00:45:50.189144+00:00,3940,-6.242815700000143,106.84290446666662,complex_corridor,FRC2,21,21,19,19,1.0,False,-6.242610768682978,106.84288187111798,22.923789898286447,True,
2026-08-03T00:45:50.477244+00:00,3995,-6.2428431,106.8426503,complex_corridor,FRC2,32,32,8,8,1.0,False,-6.24270333943449,106.84230519617961,41.19038604817657,True,
2026-08-03T00:45:50.783133+00:00,4135,-6.242451300001405,106.84346441666648,complex_corridor,FRC3,13,27,32,15,1.0,False,-6.24264159782794,106.84303341592732,52.128779444682614,True,
2026-08-03T00:45:51.075480+00:00,4174,-6.242622250001264,106.84418269999986,complex_corridor,FRC3,21,21,14,14,1.0,False,-6.242365385288672,106.84405667866673,31.777844988721665,True,
2026-08-03T00:45:51.363271+00:00,4307,-6.237238257899974,106.8272395210502,complex_corridor,FRC2,14,21,9,6,0.99,False,-6.237236971031365,106.82743234718856,21.314848279038795,True,
2026-08-03T00:45:51.653022+00:00,4312,-6.237042057899963,106.8269344210502,complex_corridor,FRC2,23,23,6,6,1.0,False,-6.237208807900389,106.82690797532604,18.770772040768108,True,
2026-08-03T00:45:51.941745+00:00,4383,-6.255330045001537,106.84307333999776,complex_corridor,FRC4,25,25,7,7,1.0,False,-6.255170245392188,106.84296367849294,21.509477825194235,True,
2026-08-03T00:45:52.229122+00:00,4421,-6.237577607899957,106.82686737105018,complex_corridor,FRC3,18,18,27,27,1.0,False,-6.237416698431964,106.82692406858013,18.95817050701808,True,
2026-08-03T00:45:52.520834+00:00,5234,-6.255677025000373,106.8431710999986,complex_corridor,FRC4,17,23,8,6,0.99,False,-6.25559934329838,106.84329627241084,16.310649749926508,True,
2026-08-03T00:45:52.816659+00:00,5259,-6.255508725000373,106.84360214999862,complex_corridor,FRC4,24,30,359,287,1.0,False,-6.255457199448482,106.84295563186589,71.6908067558573,True,
2026-08-03T00:45:53.120171+00:00,5296,-6.242909649999996,106.84406470000002,complex_corridor,FRC2,35,35,40,40,1.0,False,-6.24287098327402,106.84404058541264,5.0587612651154314,True,
2026-08-03T01:00:57.013025+00:00,703,-6.235444892859697,106.75583232857385,complex_corridor,FRC2,28,28,6,6,1.0,False,-6.235637002833079,106.75573958241279,23.694334982762854,True,
2026-08-03T01:00:57.292192+00:00,821,-6.288795825000754,106.77763638750048,complex_corridor,FRC1,11,32,99,34,1.0,False,-6.288676397337788,106.77774978959411,18.260596237349766,True,
2026-08-03T01:00:57.573100+00:00,1336,-6.235382350000007,106.7560557,complex_corridor,FRC2,14,26,19,10,0.95,False,-6.235851643158244,106.75634307944131,61.09133400248038,True,
2026-08-03T01:00:57.841641+00:00,2187,-6.234661449999994,106.7555585,complex_corridor,FRC2,39,39,18,18,1.0,False,-6.235295044618109,106.75596622907466,83.63486690954973,True,
2026-08-03T01:00:58.107290+00:00,2188,-6.233655599999991,106.75488135,complex_corridor,FRC2,30,30,32,32,1.0,False,-6.233742064909034,106.75495503627582,12.600808704103487,True,
2026-08-03T01:00:58.373617+00:00,2298,-6.288583799999989,106.77784095,complex_corridor,FRC1,25,40,560,350,1.0,False,-6.288634823320289,106.77780477487897,6.94084144102375,True,
2026-08-03T01:00:58.637184+00:00,2322,-6.2884621,106.7781152,complex_corridor,FRC1,20,26,70,53,1.0,False,-6.288455113550981,106.77822722279888,12.405765015820144,True,
2026-08-03T01:00:58.906448+00:00,2459,-6.23996075,106.79819865,complex_corridor,FRC3,18,27,631,420,1.0,False,-6.239927209643448,106.79835988366938,18.208192291717626,True,
2026-08-03T01:00:59.171901+00:00,2660,-6.288887410002579,106.77817204999796,complex_corridor,FRC1,14,19,31,23,1.0,False,-6.289080056713849,106.77821112954479,21.852459789678804,True,
2026-08-03T01:00:59.449161+00:00,2731,-6.240104349999994,106.79819525,complex_corridor,FRC1,21,21,285,285,1.0,False,-6.254711568502923,106.79717434728451,1628.1638385691926,False,
2026-08-03T01:00:59.712869+00:00,2979,-6.239918790000258,106.79844824999957,complex_corridor,FRC2,15,15,2,2,1.0,False,-6.239928542802509,106.79846583092547,2.2254395550977346,True,
2026-08-03T01:00:59.983309+00:00,3134,-6.2892448600025785,106.77855074999796,complex_corridor,FRC1,18,22,14,11,1.0,False,-6.289262432333267,106.778499467014,5.995427904385316,True,
2026-08-03T01:01:00.245646+00:00,3164,-6.239840140000258,106.79869149999956,complex_corridor,FRC2,24,24,145,145,1.0,False,-6.23981997364873,106.79856239045006,14.446370748590217,True,
2026-08-03T01:01:00.512143+00:00,3940,-6.242815700000143,106.84290446666662,complex_corridor,FRC2,21,21,19,19,1.0,False,-6.242610768682978,106.84288187111798,22.923789898286447,True,
2026-08-03T01:01:00.780479+00:00,3995,-6.2428431,106.8426503,complex_corridor,FRC2,32,32,8,8,1.0,False,-6.24270333943449,106.84230519617961,41.19038604817657,True,
2026-08-03T01:01:01.044648+00:00,4135,-6.242451300001405,106.84346441666648,complex_corridor,FRC3,11,26,38,16,1.0,False,-6.24264159782794,106.84303341592732,52.128779444682614,True,
2026-08-03T01:01:01.308316+00:00,4174,-6.242622250001264,106.84418269999986,complex_corridor,FRC3,21,21,14,14,1.0,False,-6.242365385288672,106.84405667866673,31.777844988721665,True,
2026-08-03T01:01:01.576968+00:00,4307,-6.237238257899974,106.8272395210502,complex_corridor,FRC2,21,21,6,6,1.0,False,-6.237236971031365,106.82743234718856,21.314848279038795,True,
2026-08-03T01:01:01.838131+00:00,4312,-6.237042057899963,106.8269344210502,complex_corridor,FRC2,23,23,6,6,1.0,False,-6.237208807900389,106.82690797532604,18.770772040768108,True,
2026-08-03T01:01:02.115742+00:00,4383,-6.255330045001537,106.84307333999776,complex_corridor,FRC4,25,25,7,7,1.0,False,-6.255170245392188,106.84296367849294,21.509477825194235,True,
2026-08-03T01:01:02.378227+00:00,4421,-6.237577607899957,106.82686737105018,complex_corridor,FRC3,18,18,27,27,1.0,False,-6.237416698431964,106.82692406858013,18.95817050701808,True,
2026-08-03T01:01:02.643056+00:00,5234,-6.255677025000373,106.8431710999986,complex_corridor,FRC4,23,23,6,6,1.0,False,-6.25559934329838,106.84329627241084,16.310649749926508,True,
2026-08-03T01:01:02.908654+00:00,5259,-6.255508725000373,106.84360214999862,complex_corridor,FRC4,22,30,391,287,1.0,False,-6.255457199448482,106.84295563186589,71.6908067558573,True,
2026-08-03T01:01:03.193983+00:00,5296,-6.242909649999996,106.84406470000002,complex_corridor,FRC2,35,35,40,40,1.0,False,-6.24287098327402,106.84404058541264,5.0587612651154314,True,
2026-08-03T01:15:45.527412+00:00,703,-6.235444892859697,106.75583232857385,complex_corridor,FRC2,28,28,6,6,1.0,False,-6.235637002833079,106.75573958241279,23.694334982762854,True,
2026-08-03T01:15:45.800801+00:00,821,-6.288795825000754,106.77763638750048,complex_corridor,FRC1,7,33,156,33,1.0,False,-6.288676397337788,106.77774978959411,18.260596237349766,True,
2026-08-03T01:15:46.068108+00:00,1336,-6.235382350000007,106.7560557,complex_corridor,FRC2,27,27,9,9,1.0,False,-6.235851643158244,106.75634307944131,61.09133400248038,True,
2026-08-03T01:15:46.342673+00:00,2187,-6.234661449999994,106.7555585,complex_corridor,FRC2,39,39,18,18,1.0,False,-6.235295044618109,106.75596622907466,83.63486690954973,True,
2026-08-03T01:15:46.608469+00:00,2188,-6.233655599999991,106.75488135,complex_corridor,FRC2,30,30,32,32,1.0,False,-6.233742064909034,106.75495503627582,12.600808704103487,True,
2026-08-03T01:15:46.873955+00:00,2298,-6.288583799999989,106.77784095,complex_corridor,FRC1,24,40,583,350,1.0,False,-6.288634823320289,106.77780477487897,6.94084144102375,True,
2026-08-03T01:15:47.141369+00:00,2322,-6.2884621,106.7781152,complex_corridor,FRC1,16,25,87,56,0.99,False,-6.288455113550981,106.77822722279888,12.405765015820144,True,
2026-08-03T01:15:47.406072+00:00,2459,-6.23996075,106.79819865,complex_corridor,FRC3,19,28,597,405,1.0,False,-6.239927209643448,106.79835988366938,18.208192291717626,True,
2026-08-03T01:15:47.678906+00:00,2660,-6.288887410002579,106.77817204999796,complex_corridor,FRC1,6,14,74,31,1.0,False,-6.289080056713849,106.77821112954479,21.852459789678804,True,
2026-08-03T01:15:47.946212+00:00,2731,-6.240104349999994,106.79819525,complex_corridor,FRC1,21,21,285,285,1.0,False,-6.254711568502923,106.79717434728451,1628.1638385691926,False,
2026-08-03T01:15:48.214652+00:00,2979,-6.239918790000258,106.79844824999957,complex_corridor,FRC2,15,15,2,2,1.0,False,-6.239928542802509,106.79846583092547,2.2254395550977346,True,
2026-08-03T01:15:48.480100+00:00,3134,-6.2892448600025785,106.77855074999796,complex_corridor,FRC1,14,21,18,12,1.0,False,-6.289262432333267,106.778499467014,5.995427904385316,True,
2026-08-03T01:15:48.742597+00:00,3164,-6.239840140000258,106.79869149999956,complex_corridor,FRC2,24,24,145,145,1.0,False,-6.23981997364873,106.79856239045006,14.446370748590217,True,
2026-08-03T01:15:49.010976+00:00,3940,-6.242815700000143,106.84290446666662,complex_corridor,FRC2,21,21,19,19,1.0,False,-6.242610768682978,106.84288187111798,22.923789898286447,True,
2026-08-03T01:15:49.280431+00:00,3995,-6.2428431,106.8426503,complex_corridor,FRC2,32,32,8,8,1.0,False,-6.24270333943449,106.84230519617961,41.19038604817657,True,
2026-08-03T01:15:49.549668+00:00,4135,-6.242451300001405,106.84346441666648,complex_corridor,FRC3,8,27,52,15,1.0,False,-6.24264159782794,106.84303341592732,52.128779444682614,True,
2026-08-03T01:15:49.815380+00:00,4174,-6.242622250001264,106.84418269999986,complex_corridor,FRC3,21,21,14,14,1.0,False,-6.242365385288672,106.84405667866673,31.777844988721665,True,
2026-08-03T01:15:50.081081+00:00,4307,-6.237238257899974,106.8272395210502,complex_corridor,FRC2,21,21,6,6,1.0,False,-6.237236971031365,106.82743234718856,21.314848279038795,True,
2026-08-03T01:15:50.346731+00:00,4312,-6.237042057899963,106.8269344210502,complex_corridor,FRC2,23,23,6,6,1.0,False,-6.237208807900389,106.82690797532604,18.770772040768108,True,
2026-08-03T01:15:50.612346+00:00,4383,-6.255330045001537,106.84307333999776,complex_corridor,FRC4,25,25,7,7,1.0,False,-6.255170245392188,106.84296367849294,21.509477825194235,True,
2026-08-03T01:15:50.882607+00:00,4421,-6.237577607899957,106.82686737105018,complex_corridor,FRC3,18,18,27,27,1.0,False,-6.237416698431964,106.82692406858013,18.95817050701808,True,
2026-08-03T01:15:51.146227+00:00,5234,-6.255677025000373,106.8431710999986,complex_corridor,FRC4,23,23,6,6,1.0,False,-6.25559934329838,106.84329627241084,16.310649749926508,True,
2026-08-03T01:15:51.410517+00:00,5259,-6.255508725000373,106.84360214999862,complex_corridor,FRC4,18,29,478,297,0.99815,False,-6.255457199448482,106.84295563186589,71.6908067558573,True,
2026-08-03T01:15:51.675472+00:00,5296,-6.242909649999996,106.84406470000002,complex_corridor,FRC2,35,35,40,40,1.0,False,-6.24287098327402,106.84404058541264,5.0587612651154314,True,
2026-08-03T01:30:50.572832+00:00,703,-6.235444892859697,106.75583232857385,complex_corridor,FRC2,28,28,6,6,1.0,False,-6.235637002833079,106.75573958241279,23.694334982762854,True,
2026-08-03T01:30:50.858581+00:00,821,-6.288795825000754,106.77763638750048,complex_corridor,FRC1,11,30,99,36,1.0,False,-6.288676397337788,106.77774978959411,18.260596237349766,True,
2026-08-03T01:30:51.148582+00:00,1336,-6.235382350000007,106.7560557,complex_corridor,FRC2,17,27,15,9,0.98,False,-6.235851643158244,106.75634307944131,61.09133400248038,True,
2026-08-03T01:30:51.430693+00:00,2187,-6.234661449999994,106.7555585,complex_corridor,FRC2,39,39,18,18,1.0,False,-6.235295044618109,106.75596622907466,83.63486690954973,True,
2026-08-03T01:30:51.723752+00:00,2188,-6.233655599999991,106.75488135,complex_corridor,FRC2,30,30,32,32,1.0,False,-6.233742064909034,106.75495503627582,12.600808704103487,True,
2026-08-03T01:30:52.017807+00:00,2298,-6.288583799999989,106.77784095,complex_corridor,FRC1,27,40,518,350,1.0,False,-6.288634823320289,106.77780477487897,6.94084144102375,True,
2026-08-03T01:30:52.301601+00:00,2322,-6.2884621,106.7781152,complex_corridor,FRC1,14,25,100,56,1.0,False,-6.288455113550981,106.77822722279888,12.405765015820144,True,
2026-08-03T01:30:52.603818+00:00,2459,-6.23996075,106.79819865,complex_corridor,FRC3,21,27,541,420,1.0,False,-6.239927209643448,106.79835988366938,18.208192291717626,True,
2026-08-03T01:30:52.900695+00:00,2660,-6.288887410002579,106.77817204999796,complex_corridor,FRC1,18,20,24,22,1.0,False,-6.289080056713849,106.77821112954479,21.852459789678804,True,
2026-08-03T01:30:53.188398+00:00,2731,-6.240104349999994,106.79819525,complex_corridor,FRC1,21,21,285,285,1.0,False,-6.254711568502923,106.79717434728451,1628.1638385691926,False,
2026-08-03T01:30:53.470603+00:00,2979,-6.239918790000258,106.79844824999957,complex_corridor,FRC2,9,13,4,3,1.0,False,-6.239928542802509,106.79846583092547,2.2254395550977346,True,
2026-08-03T01:30:53.763795+00:00,3134,-6.2892448600025785,106.77855074999796,complex_corridor,FRC1,22,22,11,11,1.0,False,-6.289262432333267,106.778499467014,5.995427904385316,True,
2026-08-03T01:30:54.055848+00:00,3164,-6.239840140000258,106.79869149999956,complex_corridor,FRC2,24,24,145,145,1.0,False,-6.23981997364873,106.79856239045006,14.446370748590217,True,
2026-08-03T01:30:54.344739+00:00,3940,-6.242815700000143,106.84290446666662,complex_corridor,FRC2,21,21,19,19,1.0,False,-6.242610768682978,106.84288187111798,22.923789898286447,True,
2026-08-03T01:30:54.632419+00:00,3995,-6.2428431,106.8426503,complex_corridor,FRC2,32,32,8,8,1.0,False,-6.24270333943449,106.84230519617961,41.19038604817657,True,
2026-08-03T01:30:54.917907+00:00,4135,-6.242451300001405,106.84346441666648,complex_corridor,FRC3,13,26,32,16,1.0,False,-6.24264159782794,106.84303341592732,52.128779444682614,True,
2026-08-03T01:30:55.200058+00:00,4174,-6.242622250001264,106.84418269999986,complex_corridor,FRC3,21,21,14,14,1.0,False,-6.242365385288672,106.84405667866673,31.777844988721665,True,
2026-08-03T01:30:55.483420+00:00,4307,-6.237238257899974,106.8272395210502,complex_corridor,FRC2,21,21,6,6,1.0,False,-6.237236971031365,106.82743234718856,21.314848279038795,True,
2026-08-03T01:30:55.766480+00:00,4312,-6.237042057899963,106.8269344210502,complex_corridor,FRC2,23,23,6,6,1.0,False,-6.237208807900389,106.82690797532604,18.770772040768108,True,
2026-08-03T01:30:56.055376+00:00,4383,-6.255330045001537,106.84307333999776,complex_corridor,FRC4,25,25,7,7,1.0,False,-6.255170245392188,106.84296367849294,21.509477825194235,True,
2026-08-03T01:30:56.340868+00:00,4421,-6.237577607899957,106.82686737105018,complex_corridor,FRC3,18,18,27,27,1.0,False,-6.237416698431964,106.82692406858013,18.95817050701808,True,
2026-08-03T01:30:56.626326+00:00,5234,-6.255677025000373,106.8431710999986,complex_corridor,FRC4,23,23,6,6,1.0,False,-6.25559934329838,106.84329627241084,16.310649749926508,True,
2026-08-03T01:30:56.917391+00:00,5259,-6.255508725000373,106.84360214999862,complex_corridor,FRC4,23,30,374,287,0.998805,False,-6.255457199448482,106.84295563186589,71.6908067558573,True,
2026-08-03T01:30:57.203555+00:00,5296,-6.242909649999996,106.84406470000002,complex_corridor,FRC2,35,35,40,40,1.0,False,-6.24287098327402,106.84404058541264,5.0587612651154314,True,
2026-08-03T01:45:51.442286+00:00,703,-6.235444892859697,106.75583232857385,complex_corridor,FRC2,28,28,6,6,1.0,False,-6.235637002833079,106.75573958241279,23.694334982762854,True,
2026-08-03T01:45:51.745660+00:00,821,-6.288795825000754,106.77763638750048,complex_corridor,FRC1,6,30,182,36,1.0,False,-6.288676397337788,106.77774978959411,18.260596237349766,True,
2026-08-03T01:45:52.062895+00:00,1336,-6.235382350000007,106.7560557,complex_corridor,FRC2,21,26,12,10,0.97,False,-6.235851643158244,106.75634307944131,61.09133400248038,True,
2026-08-03T01:45:52.363492+00:00,2187,-6.234661449999994,106.7555585,complex_corridor,FRC2,39,39,18,18,1.0,False,-6.235295044618109,106.75596622907466,83.63486690954973,True,
2026-08-03T01:45:52.661000+00:00,2188,-6.233655599999991,106.75488135,complex_corridor,FRC2,30,30,32,32,1.0,False,-6.233742064909034,106.75495503627582,12.600808704103487,True,
2026-08-03T01:45:52.960783+00:00,2298,-6.288583799999989,106.77784095,complex_corridor,FRC1,28,40,500,350,1.0,False,-6.288634823320289,106.77780477487897,6.94084144102375,True,
2026-08-03T01:45:53.257865+00:00,2322,-6.2884621,106.7781152,complex_corridor,FRC1,14,25,100,56,0.99,False,-6.288455113550981,106.77822722279888,12.405765015820144,True,
2026-08-03T01:45:53.563372+00:00,2459,-6.23996075,106.79819865,complex_corridor,FRC3,17,27,668,420,1.0,False,-6.239927209643448,106.79835988366938,18.208192291717626,True,
2026-08-03T01:45:53.878754+00:00,2660,-6.288887410002579,106.77817204999796,complex_corridor,FRC1,12,20,37,22,1.0,False,-6.289080056713849,106.77821112954479,21.852459789678804,True,
2026-08-03T01:45:54.176395+00:00,2731,-6.240104349999994,106.79819525,complex_corridor,FRC1,21,21,285,285,1.0,False,-6.254711568502923,106.79717434728451,1628.1638385691926,False,
2026-08-03T01:45:54.471975+00:00,2979,-6.239918790000258,106.79844824999957,complex_corridor,FRC2,15,15,2,2,1.0,False,-6.239928542802509,106.79846583092547,2.2254395550977346,True,
2026-08-03T01:45:54.770781+00:00,3134,-6.2892448600025785,106.77855074999796,complex_corridor,FRC1,22,22,11,11,1.0,False,-6.289262432333267,106.778499467014,5.995427904385316,True,
2026-08-03T01:45:55.074486+00:00,3164,-6.239840140000258,106.79869149999956,complex_corridor,FRC2,18,24,193,145,1.0,False,-6.23981997364873,106.79856239045006,14.446370748590217,True,
2026-08-03T01:45:55.371750+00:00,3940,-6.242815700000143,106.84290446666662,complex_corridor,FRC2,21,21,19,19,1.0,False,-6.242610768682978,106.84288187111798,22.923789898286447,True,
2026-08-03T01:45:55.669282+00:00,3995,-6.2428431,106.8426503,complex_corridor,FRC2,32,32,8,8,1.0,False,-6.24270333943449,106.84230519617961,41.19038604817657,True,
2026-08-03T01:45:55.964243+00:00,4135,-6.242451300001405,106.84346441666648,complex_corridor,FRC3,8,27,52,15,1.0,False,-6.24264159782794,106.84303341592732,52.128779444682614,True,
2026-08-03T01:45:56.259486+00:00,4174,-6.242622250001264,106.84418269999986,complex_corridor,FRC3,21,21,14,14,1.0,False,-6.242365385288672,106.84405667866673,31.777844988721665,True,
2026-08-03T01:45:56.564130+00:00,4307,-6.237238257899974,106.8272395210502,complex_corridor,FRC2,21,21,6,6,1.0,False,-6.237236971031365,106.82743234718856,21.314848279038795,True,
2026-08-03T01:45:56.866135+00:00,4312,-6.237042057899963,106.8269344210502,complex_corridor,FRC2,23,23,6,6,1.0,False,-6.237208807900389,106.82690797532604,18.770772040768108,True,
2026-08-03T01:45:57.161552+00:00,4383,-6.255330045001537,106.84307333999776,complex_corridor,FRC4,25,25,7,7,1.0,False,-6.255170245392188,106.84296367849294,21.509477825194235,True,
2026-08-03T01:45:57.461092+00:00,4421,-6.237577607899957,106.82686737105018,complex_corridor,FRC3,18,18,27,27,1.0,False,-6.237416698431964,106.82692406858013,18.95817050701808,True,
2026-08-03T01:45:57.757792+00:00,5234,-6.255677025000373,106.8431710999986,complex_corridor,FRC4,23,23,6,6,1.0,False,-6.25559934329838,106.84329627241084,16.310649749926508,True,
2026-08-03T01:45:58.052620+00:00,5259,-6.255508725000373,106.84360214999862,complex_corridor,FRC4,24,30,359,287,0.996951,False,-6.255457199448482,106.84295563186589,71.6908067558573,True,
2026-08-03T01:45:58.349529+00:00,5296,-6.242909649999996,106.84406470000002,complex_corridor,FRC2,35,35,40,40,1.0,False,-6.24287098327402,106.84404058541264,5.0587612651154314,True,
2026-08-03T02:00:58.323461+00:00,703,-6.235444892859697,106.75583232857385,complex_corridor,FRC2,28,28,6,6,1.0,False,-6.235637002833079,106.75573958241279,23.694334982762854,True,
2026-08-03T02:00:58.667248+00:00,821,-6.288795825000754,106.77763638750048,complex_corridor,FRC1,10,30,109,36,0.99,False,-6.288676397337788,106.77774978959411,18.260596237349766,True,
2026-08-03T02:00:58.959627+00:00,1336,-6.235382350000007,106.7560557,complex_corridor,FRC2,17,26,15,10,0.91,False,-6.235851643158244,106.75634307944131,61.09133400248038,True,
2026-08-03T02:00:59.250178+00:00,2187,-6.234661449999994,106.7555585,complex_corridor,FRC2,39,39,18,18,1.0,False,-6.235295044618109,106.75596622907466,83.63486690954973,True,
2026-08-03T02:00:59.540881+00:00,2188,-6.233655599999991,106.75488135,complex_corridor,FRC2,30,30,32,32,1.0,False,-6.233742064909034,106.75495503627582,12.600808704103487,True,
2026-08-03T02:00:59.829881+00:00,2298,-6.288583799999989,106.77784095,complex_corridor,FRC1,30,41,466,341,1.0,False,-6.288634823320289,106.77780477487897,6.94084144102375,True,
2026-08-03T02:01:00.127226+00:00,2322,-6.2884621,106.7781152,complex_corridor,FRC1,19,26,73,53,1.0,False,-6.288455113550981,106.77822722279888,12.405765015820144,True,
2026-08-03T02:01:00.417859+00:00,2459,-6.23996075,106.79819865,complex_corridor,FRC3,21,27,541,420,1.0,False,-6.239927209643448,106.79835988366938,18.208192291717626,True,
2026-08-03T02:01:00.726284+00:00,2660,-6.288887410002579,106.77817204999796,complex_corridor,FRC1,14,20,31,22,1.0,False,-6.289080056713849,106.77821112954479,21.852459789678804,True,
2026-08-03T02:01:01.013776+00:00,2731,-6.240104349999994,106.79819525,complex_corridor,FRC1,16,20,375,300,1.0,False,-6.254711568502923,106.79717434728451,1628.1638385691926,False,
2026-08-03T02:01:01.322816+00:00,2979,-6.239918790000258,106.79844824999957,complex_corridor,FRC2,15,15,2,2,1.0,False,-6.239928542802509,106.79846583092547,2.2254395550977346,True,
2026-08-03T02:01:01.622879+00:00,3134,-6.2892448600025785,106.77855074999796,complex_corridor,FRC1,22,22,11,11,1.0,False,-6.289262432333267,106.778499467014,5.995427904385316,True,
2026-08-03T02:01:01.927278+00:00,3164,-6.239840140000258,106.79869149999956,complex_corridor,FRC2,24,24,145,145,1.0,False,-6.23981997364873,106.79856239045006,14.446370748590217,True,
2026-08-03T02:01:02.229311+00:00,3940,-6.242815700000143,106.84290446666662,complex_corridor,FRC2,21,21,19,19,1.0,False,-6.242610768682978,106.84288187111798,22.923789898286447,True,
2026-08-03T02:01:02.525856+00:00,3995,-6.2428431,106.8426503,complex_corridor,FRC2,32,32,8,8,1.0,False,-6.24270333943449,106.84230519617961,41.19038604817657,True,
2026-08-03T02:01:02.822699+00:00,4135,-6.242451300001405,106.84346441666648,complex_corridor,FRC3,21,27,19,15,1.0,False,-6.24264159782794,106.84303341592732,52.128779444682614,True,
2026-08-03T02:01:03.117727+00:00,4174,-6.242622250001264,106.84418269999986,complex_corridor,FRC3,21,21,14,14,1.0,False,-6.242365385288672,106.84405667866673,31.777844988721665,True,
2026-08-03T02:01:03.407368+00:00,4307,-6.237238257899974,106.8272395210502,complex_corridor,FRC2,21,21,6,6,1.0,False,-6.237236971031365,106.82743234718856,21.314848279038795,True,
2026-08-03T02:01:03.697251+00:00,4312,-6.237042057899963,106.8269344210502,complex_corridor,FRC2,7,22,20,6,1.0,False,-6.237208807900389,106.82690797532604,18.770772040768108,True,
2026-08-03T02:01:03.986373+00:00,4383,-6.255330045001537,106.84307333999776,complex_corridor,FRC4,19,25,9,7,1.0,False,-6.255170245392188,106.84296367849294,21.509477825194235,True,
2026-08-03T02:01:04.289756+00:00,4421,-6.237577607899957,106.82686737105018,complex_corridor,FRC3,18,18,27,27,1.0,False,-6.237416698431964,106.82692406858013,18.95817050701808,True,
2026-08-03T02:01:04.596891+00:00,5234,-6.255677025000373,106.8431710999986,complex_corridor,FRC4,23,23,6,6,1.0,False,-6.25559934329838,106.84329627241084,16.310649749926508,True,
2026-08-03T02:01:04.888535+00:00,5259,-6.255508725000373,106.84360214999862,complex_corridor,FRC4,23,29,374,297,0.996625,False,-6.255457199448482,106.84295563186589,71.6908067558573,True,
2026-08-03T02:01:05.191667+00:00,5296,-6.242909649999996,106.84406470000002,complex_corridor,FRC2,25,35,56,40,1.0,False,-6.24287098327402,106.84404058541264,5.0587612651154314,True,
2026-08-03T02:15:50.204148+00:00,703,-6.235444892859697,106.75583232857385,complex_corridor,FRC2,28,28,6,6,1.0,False,-6.235637002833079,106.75573958241279,23.694334982762854,True,
2026-08-03T02:15:50.494748+00:00,821,-6.288795825000754,106.77763638750048,complex_corridor,FRC1,13,31,84,35,0.98,False,-6.288676397337788,106.77774978959411,18.260596237349766,True,
2026-08-03T02:15:50.780337+00:00,1336,-6.235382350000007,106.7560557,complex_corridor,FRC2,27,27,9,9,1.0,False,-6.235851643158244,106.75634307944131,61.09133400248038,True,
2026-08-03T02:15:51.071289+00:00,2187,-6.234661449999994,106.7555585,complex_corridor,FRC2,39,39,18,18,1.0,False,-6.235295044618109,106.75596622907466,83.63486690954973,True,
2026-08-03T02:15:51.357948+00:00,2188,-6.233655599999991,106.75488135,complex_corridor,FRC2,30,30,32,32,1.0,False,-6.233742064909034,106.75495503627582,12.600808704103487,True,
2026-08-03T02:15:51.651295+00:00,2298,-6.288583799999989,106.77784095,complex_corridor,FRC1,28,40,500,350,1.0,False,-6.288634823320289,106.77780477487897,6.94084144102375,True,
2026-08-03T02:15:51.968379+00:00,2322,-6.2884621,106.7781152,complex_corridor,FRC1,16,26,87,53,0.99,False,-6.288455113550981,106.77822722279888,12.405765015820144,True,
2026-08-03T02:15:52.263773+00:00,2459,-6.23996075,106.79819865,complex_corridor,FRC3,28,28,405,405,1.0,False,-6.239927209643448,106.79835988366938,18.208192291717626,True,
2026-08-03T02:15:52.559521+00:00,2660,-6.288887410002579,106.77817204999796,complex_corridor,FRC1,12,16,37,27,1.0,False,-6.289080056713849,106.77821112954479,21.852459789678804,True,
2026-08-03T02:15:52.847960+00:00,2731,-6.240104349999994,106.79819525,complex_corridor,FRC1,17,21,353,285,1.0,False,-6.254711568502923,106.79717434728451,1628.1638385691926,False,
2026-08-03T02:15:53.136759+00:00,2979,-6.239918790000258,106.79844824999957,complex_corridor,FRC2,8,13,5,3,1.0,False,-6.239928542802509,106.79846583092547,2.2254395550977346,True,
2026-08-03T02:15:53.427648+00:00,3134,-6.2892448600025785,106.77855074999796,complex_corridor,FRC1,22,22,11,11,1.0,False,-6.289262432333267,106.778499467014,5.995427904385316,True,
2026-08-03T02:15:53.712179+00:00,3164,-6.239840140000258,106.79869149999956,complex_corridor,FRC2,24,24,145,145,1.0,False,-6.23981997364873,106.79856239045006,14.446370748590217,True,
2026-08-03T02:15:53.997460+00:00,3940,-6.242815700000143,106.84290446666662,complex_corridor,FRC2,21,21,19,19,1.0,False,-6.242610768682978,106.84288187111798,22.923789898286447,True,
2026-08-03T02:15:54.283521+00:00,3995,-6.2428431,106.8426503,complex_corridor,FRC2,32,32,8,8,1.0,False,-6.24270333943449,106.84230519617961,41.19038604817657,True,
2026-08-03T02:15:54.593722+00:00,4135,-6.242451300001405,106.84346441666648,complex_corridor,FRC3,21,26,19,16,1.0,False,-6.24264159782794,106.84303341592732,52.128779444682614,True,
2026-08-03T02:15:54.902748+00:00,4174,-6.242622250001264,106.84418269999986,complex_corridor,FRC3,21,21,14,14,1.0,False,-6.242365385288672,106.84405667866673,31.777844988721665,True,
2026-08-03T02:15:55.188880+00:00,4307,-6.237238257899974,106.8272395210502,complex_corridor,FRC2,21,21,6,6,1.0,False,-6.237236971031365,106.82743234718856,21.314848279038795,True,
2026-08-03T02:15:55.482260+00:00,4312,-6.237042057899963,106.8269344210502,complex_corridor,FRC2,2,20,72,7,1.0,False,-6.237208807900389,106.82690797532604,18.770772040768108,True,
2026-08-03T02:15:55.781496+00:00,4383,-6.255330045001537,106.84307333999776,complex_corridor,FRC4,25,25,7,7,1.0,False,-6.255170245392188,106.84296367849294,21.509477825194235,True,
2026-08-03T02:15:56.070888+00:00,4421,-6.237577607899957,106.82686737105018,complex_corridor,FRC3,18,18,27,27,1.0,False,-6.237416698431964,106.82692406858013,18.95817050701808,True,
2026-08-03T02:15:56.361304+00:00,5234,-6.255677025000373,106.8431710999986,complex_corridor,FRC4,23,23,6,6,1.0,False,-6.25559934329838,106.84329627241084,16.310649749926508,True,
2026-08-03T02:15:56.649761+00:00,5259,-6.255508725000373,106.84360214999862,complex_corridor,FRC4,19,29,453,297,0.997256,False,-6.255457199448482,106.84295563186589,71.6908067558573,True,
2026-08-03T02:15:56.934458+00:00,5296,-6.242909649999996,106.84406470000002,complex_corridor,FRC2,25,35,56,40,1.0,False,-6.24287098327402,106.84404058541264,5.0587612651154314,True,
2026-08-03T02:30:53.326419+00:00,703,-6.235444892859697,106.75583232857385,complex_corridor,FRC2,28,28,6,6,1.0,False,-6.235637002833079,106.75573958241279,23.694334982762854,True,
2026-08-03T02:30:53.597738+00:00,821,-6.288795825000754,106.77763638750048,complex_corridor,FRC1,17,31,64,35,1.0,False,-6.288676397337788,106.77774978959411,18.260596237349766,True,
2026-08-03T02:30:53.863062+00:00,1336,-6.235382350000007,106.7560557,complex_corridor,FRC2,20,26,13,10,0.99,False,-6.235851643158244,106.75634307944131,61.09133400248038,True,
2026-08-03T02:30:54.141139+00:00,2187,-6.234661449999994,106.7555585,complex_corridor,FRC2,39,39,18,18,1.0,False,-6.235295044618109,106.75596622907466,83.63486690954973,True,
2026-08-03T02:30:54.407369+00:00,2188,-6.233655599999991,106.75488135,complex_corridor,FRC2,30,30,32,32,1.0,False,-6.233742064909034,106.75495503627582,12.600808704103487,True,
2026-08-03T02:30:54.678312+00:00,2298,-6.288583799999989,106.77784095,complex_corridor,FRC1,29,40,482,350,1.0,False,-6.288634823320289,106.77780477487897,6.94084144102375,True,
2026-08-03T02:30:54.947804+00:00,2322,-6.2884621,106.7781152,complex_corridor,FRC1,18,25,77,56,0.99,False,-6.288455113550981,106.77822722279888,12.405765015820144,True,
2026-08-03T02:30:55.212082+00:00,2459,-6.23996075,106.79819865,complex_corridor,FRC3,28,28,405,405,1.0,False,-6.239927209643448,106.79835988366938,18.208192291717626,True,
2026-08-03T02:30:55.478362+00:00,2660,-6.288887410002579,106.77817204999796,complex_corridor,FRC1,10,15,44,29,1.0,False,-6.289080056713849,106.77821112954479,21.852459789678804,True,
2026-08-03T02:30:55.741524+00:00,2731,-6.240104349999994,106.79819525,complex_corridor,FRC1,15,21,400,285,1.0,False,-6.254711568502923,106.79717434728451,1628.1638385691926,False,
2026-08-03T02:30:56.015325+00:00,2979,-6.239918790000258,106.79844824999957,complex_corridor,FRC2,15,15,2,2,1.0,False,-6.239928542802509,106.79846583092547,2.2254395550977346,True,
2026-08-03T02:30:56.278706+00:00,3134,-6.2892448600025785,106.77855074999796,complex_corridor,FRC1,14,22,18,11,1.0,False,-6.289262432333267,106.778499467014,5.995427904385316,True,
2026-08-03T02:30:56.540391+00:00,3164,-6.239840140000258,106.79869149999956,complex_corridor,FRC2,24,24,145,145,1.0,False,-6.23981997364873,106.79856239045006,14.446370748590217,True,
2026-08-03T02:30:56.810264+00:00,3940,-6.242815700000143,106.84290446666662,complex_corridor,FRC2,17,21,23,19,0.99,False,-6.242610768682978,106.84288187111798,22.923789898286447,True,
2026-08-03T02:30:57.081289+00:00,3995,-6.2428431,106.8426503,complex_corridor,FRC2,32,32,8,8,1.0,False,-6.24270333943449,106.84230519617961,41.19038604817657,True,
2026-08-03T02:30:57.345901+00:00,4135,-6.242451300001405,106.84346441666648,complex_corridor,FRC3,27,27,15,15,1.0,False,-6.24264159782794,106.84303341592732,52.128779444682614,True,
2026-08-03T02:30:57.618365+00:00,4174,-6.242622250001264,106.84418269999986,complex_corridor,FRC3,21,21,14,14,1.0,False,-6.242365385288672,106.84405667866673,31.777844988721665,True,
2026-08-03T02:30:57.880937+00:00,4307,-6.237238257899974,106.8272395210502,complex_corridor,FRC2,21,21,6,6,1.0,False,-6.237236971031365,106.82743234718856,21.314848279038795,True,
2026-08-03T02:30:58.145977+00:00,4312,-6.237042057899963,106.8269344210502,complex_corridor,FRC2,9,22,16,6,1.0,False,-6.237208807900389,106.82690797532604,18.770772040768108,True,
2026-08-03T02:30:58.410474+00:00,4383,-6.255330045001537,106.84307333999776,complex_corridor,FRC4,20,25,9,7,1.0,False,-6.255170245392188,106.84296367849294,21.509477825194235,True,
2026-08-03T02:30:58.674353+00:00,4421,-6.237577607899957,106.82686737105018,complex_corridor,FRC3,18,18,27,27,1.0,False,-6.237416698431964,106.82692406858013,18.95817050701808,True,
2026-08-03T02:30:58.936866+00:00,5234,-6.255677025000373,106.8431710999986,complex_corridor,FRC4,23,23,6,6,1.0,False,-6.25559934329838,106.84329627241084,16.310649749926508,True,
2026-08-03T02:30:59.202829+00:00,5259,-6.255508725000373,106.84360214999862,complex_corridor,FRC4,20,30,430,287,0.995481,False,-6.255457199448482,106.84295563186589,71.6908067558573,True,
2026-08-03T02:30:59.498321+00:00,5296,-6.242909649999996,106.84406470000002,complex_corridor,FRC2,35,35,40,40,1.0,False,-6.24287098327402,106.84404058541264,5.0587612651154314,True,
2026-08-03T02:45:47.526975+00:00,703,-6.235444892859697,106.75583232857385,complex_corridor,FRC2,28,28,6,6,1.0,False,-6.235637002833079,106.75573958241279,23.694334982762854,True,
2026-08-03T02:45:47.816216+00:00,821,-6.288795825000754,106.77763638750048,complex_corridor,FRC1,25,31,43,35,1.0,False,-6.288676397337788,106.77774978959411,18.260596237349766,True,
2026-08-03T02:45:48.115003+00:00,1336,-6.235382350000007,106.7560557,complex_corridor,FRC2,20,26,13,10,0.99,False,-6.235851643158244,106.75634307944131,61.09133400248038,True,
2026-08-03T02:45:48.401249+00:00,2187,-6.234661449999994,106.7555585,complex_corridor,FRC2,39,39,18,18,1.0,False,-6.235295044618109,106.75596622907466,83.63486690954973,True,
2026-08-03T02:45:48.718988+00:00,2188,-6.233655599999991,106.75488135,complex_corridor,FRC2,30,30,32,32,1.0,False,-6.233742064909034,106.75495503627582,12.600808704103487,True,
2026-08-03T02:45:49.004162+00:00,2298,-6.288583799999989,106.77784095,complex_corridor,FRC1,28,40,500,350,1.0,False,-6.288634823320289,106.77780477487897,6.94084144102375,True,
2026-08-03T02:45:49.294406+00:00,2322,-6.2884621,106.7781152,complex_corridor,FRC1,18,26,77,53,0.99,False,-6.288455113550981,106.77822722279888,12.405765015820144,True,
2026-08-03T02:45:49.583857+00:00,2459,-6.23996075,106.79819865,complex_corridor,FRC3,20,27,568,420,1.0,False,-6.239927209643448,106.79835988366938,18.208192291717626,True,
2026-08-03T02:45:49.914053+00:00,2660,-6.288887410002579,106.77817204999796,complex_corridor,FRC1,13,19,34,23,1.0,False,-6.289080056713849,106.77821112954479,21.852459789678804,True,
2026-08-03T02:45:50.197402+00:00,2731,-6.240104349999994,106.79819525,complex_corridor,FRC1,15,20,400,300,1.0,False,-6.254711568502923,106.79717434728451,1628.1638385691926,False,
2026-08-03T02:45:50.484446+00:00,2979,-6.239918790000258,106.79844824999957,complex_corridor,FRC2,15,15,2,2,1.0,False,-6.239928542802509,106.79846583092547,2.2254395550977346,True,
2026-08-03T02:45:50.772877+00:00,3134,-6.2892448600025785,106.77855074999796,complex_corridor,FRC1,22,22,11,11,1.0,False,-6.289262432333267,106.778499467014,5.995427904385316,True,
2026-08-03T02:45:51.071200+00:00,3164,-6.239840140000258,106.79869149999956,complex_corridor,FRC2,24,24,145,145,1.0,False,-6.23981997364873,106.79856239045006,14.446370748590217,True,
2026-08-03T02:45:51.363403+00:00,3940,-6.242815700000143,106.84290446666662,complex_corridor,FRC2,21,21,19,19,1.0,False,-6.242610768682978,106.84288187111798,22.923789898286447,True,
2026-08-03T02:45:51.649548+00:00,3995,-6.2428431,106.8426503,complex_corridor,FRC2,32,32,8,8,1.0,False,-6.24270333943449,106.84230519617961,41.19038604817657,True,
2026-08-03T02:45:51.939650+00:00,4135,-6.242451300001405,106.84346441666648,complex_corridor,FRC3,19,26,22,16,1.0,False,-6.24264159782794,106.84303341592732,52.128779444682614,True,
2026-08-03T02:45:52.224283+00:00,4174,-6.242622250001264,106.84418269999986,complex_corridor,FRC3,21,21,14,14,1.0,False,-6.242365385288672,106.84405667866673,31.777844988721665,True,
2026-08-03T02:45:52.513208+00:00,4307,-6.237238257899974,106.8272395210502,complex_corridor,FRC2,7,20,18,6,1.0,False,-6.237236971031365,106.82743234718856,21.314848279038795,True,
2026-08-03T02:45:52.805807+00:00,4312,-6.237042057899963,106.8269344210502,complex_corridor,FRC2,23,23,6,6,1.0,False,-6.237208807900389,106.82690797532604,18.770772040768108,True,
2026-08-03T02:45:53.094541+00:00,4383,-6.255330045001537,106.84307333999776,complex_corridor,FRC4,18,25,10,7,1.0,False,-6.255170245392188,106.84296367849294,21.509477825194235,True,
2026-08-03T02:45:53.379446+00:00,4421,-6.237577607899957,106.82686737105018,complex_corridor,FRC3,9,18,54,27,0.93,False,-6.237416698431964,106.82692406858013,18.95817050701808,True,
2026-08-03T02:45:53.670980+00:00,5234,-6.255677025000373,106.8431710999986,complex_corridor,FRC4,23,23,6,6,1.0,False,-6.25559934329838,106.84329627241084,16.310649749926508,True,
2026-08-03T02:45:53.959741+00:00,5259,-6.255508725000373,106.84360214999862,complex_corridor,FRC4,23,31,374,278,0.99363,False,-6.255457199448482,106.84295563186589,71.6908067558573,True,
2026-08-03T02:45:54.259118+00:00,5296,-6.242909649999996,106.84406470000002,complex_corridor,FRC2,35,35,40,40,1.0,False,-6.24287098327402,106.84404058541264,5.0587612651154314,True,
2026-08-03T03:00:58.015441+00:00,703,-6.235444892859697,106.75583232857385,complex_corridor,FRC2,28,28,6,6,1.0,False,-6.235637002833079,106.75573958241279,23.694334982762854,True,
2026-08-03T03:00:58.331879+00:00,821,-6.288795825000754,106.77763638750048,complex_corridor,FRC1,21,30,52,36,0.97,False,-6.288676397337788,106.77774978959411,18.260596237349766,True,
2026-08-03T03:00:58.620304+00:00,1336,-6.235382350000007,106.7560557,complex_corridor,FRC2,27,27,9,9,1.0,False,-6.235851643158244,106.75634307944131,61.09133400248038,True,
2026-08-03T03:00:58.924228+00:00,2187,-6.234661449999994,106.7555585,complex_corridor,FRC2,39,39,18,18,1.0,False,-6.235295044618109,106.75596622907466,83.63486690954973,True,
2026-08-03T03:00:59.221392+00:00,2188,-6.233655599999991,106.75488135,complex_corridor,FRC2,30,30,32,32,1.0,False,-6.233742064909034,106.75495503627582,12.600808704103487,True,
2026-08-03T03:00:59.517491+00:00,2298,-6.288583799999989,106.77784095,complex_corridor,FRC1,27,40,518,350,1.0,False,-6.288634823320289,106.77780477487897,6.94084144102375,True,
2026-08-03T03:00:59.807066+00:00,2322,-6.2884621,106.7781152,complex_corridor,FRC1,14,25,100,56,0.99,False,-6.288455113550981,106.77822722279888,12.405765015820144,True,
2026-08-03T03:01:00.093383+00:00,2459,-6.23996075,106.79819865,complex_corridor,FRC3,21,27,541,420,1.0,False,-6.239927209643448,106.79835988366938,18.208192291717626,True,
2026-08-03T03:01:00.381531+00:00,2660,-6.288887410002579,106.77817204999796,complex_corridor,FRC1,11,15,40,29,1.0,False,-6.289080056713849,106.77821112954479,21.852459789678804,True,
2026-08-03T03:01:00.668259+00:00,2731,-6.240104349999994,106.79819525,complex_corridor,FRC1,21,21,285,285,1.0,False,-6.254711568502923,106.79717434728451,1628.1638385691926,False,
2026-08-03T03:01:00.960414+00:00,2979,-6.239918790000258,106.79844824999957,complex_corridor,FRC2,15,15,2,2,1.0,False,-6.239928542802509,106.79846583092547,2.2254395550977346,True,
2026-08-03T03:01:01.247847+00:00,3134,-6.2892448600025785,106.77855074999796,complex_corridor,FRC1,22,22,11,11,1.0,False,-6.289262432333267,106.778499467014,5.995427904385316,True,
2026-08-03T03:01:01.534573+00:00,3164,-6.239840140000258,106.79869149999956,complex_corridor,FRC2,19,23,183,151,1.0,False,-6.23981997364873,106.79856239045006,14.446370748590217,True,
2026-08-03T03:01:01.834061+00:00,3940,-6.242815700000143,106.84290446666662,complex_corridor,FRC2,21,21,19,19,1.0,False,-6.242610768682978,106.84288187111798,22.923789898286447,True,
2026-08-03T03:01:02.120697+00:00,3995,-6.2428431,106.8426503,complex_corridor,FRC2,32,32,8,8,1.0,False,-6.24270333943449,106.84230519617961,41.19038604817657,True,
2026-08-03T03:01:02.408079+00:00,4135,-6.242451300001405,106.84346441666648,complex_corridor,FRC3,27,27,15,15,1.0,False,-6.24264159782794,106.84303341592732,52.128779444682614,True,
2026-08-03T03:01:02.692771+00:00,4174,-6.242622250001264,106.84418269999986,complex_corridor,FRC3,21,21,14,14,1.0,False,-6.242365385288672,106.84405667866673,31.777844988721665,True,
2026-08-03T03:01:02.984990+00:00,4307,-6.237238257899974,106.8272395210502,complex_corridor,FRC2,16,21,8,6,1.0,False,-6.237236971031365,106.82743234718856,21.314848279038795,True,
2026-08-03T03:01:03.273163+00:00,4312,-6.237042057899963,106.8269344210502,complex_corridor,FRC2,23,23,6,6,1.0,False,-6.237208807900389,106.82690797532604,18.770772040768108,True,
2026-08-03T03:01:03.558827+00:00,4383,-6.255330045001537,106.84307333999776,complex_corridor,FRC4,25,25,7,7,1.0,False,-6.255170245392188,106.84296367849294,21.509477825194235,True,
2026-08-03T03:01:03.846466+00:00,4421,-6.237577607899957,106.82686737105018,complex_corridor,FRC3,9,17,54,28,0.97,False,-6.237416698431964,106.82692406858013,18.95817050701808,True,
2026-08-03T03:01:04.136217+00:00,5234,-6.255677025000373,106.8431710999986,complex_corridor,FRC4,13,22,10,6,0.99,False,-6.25559934329838,106.84329627241084,16.310649749926508,True,
2026-08-03T03:01:04.423528+00:00,5259,-6.255508725000373,106.84360214999862,complex_corridor,FRC4,22,29,391,297,0.997256,False,-6.255457199448482,106.84295563186589,71.6908067558573,True,
2026-08-03T03:01:04.718422+00:00,5296,-6.242909649999996,106.84406470000002,complex_corridor,FRC2,35,35,40,40,1.0,False,-6.24287098327402,106.84404058541264,5.0587612651154314,True,
2026-08-03T03:15:49.586667+00:00,703,-6.235444892859697,106.75583232857385,complex_corridor,FRC2,28,28,6,6,1.0,False,-6.235637002833079,106.75573958241279,23.694334982762854,True,
2026-08-03T03:15:49.869866+00:00,821,-6.288795825000754,106.77763638750048,complex_corridor,FRC1,20,30,54,36,0.98,False,-6.288676397337788,106.77774978959411,18.260596237349766,True,
2026-08-03T03:15:50.157969+00:00,1336,-6.235382350000007,106.7560557,complex_corridor,FRC2,27,27,9,9,1.0,False,-6.235851643158244,106.75634307944131,61.09133400248038,True,
2026-08-03T03:15:50.448736+00:00,2187,-6.234661449999994,106.7555585,complex_corridor,FRC2,39,39,18,18,1.0,False,-6.235295044618109,106.75596622907466,83.63486690954973,True,
2026-08-03T03:15:50.732360+00:00,2188,-6.233655599999991,106.75488135,complex_corridor,FRC2,30,30,32,32,1.0,False,-6.233742064909034,106.75495503627582,12.600808704103487,True,
2026-08-03T03:15:51.019310+00:00,2298,-6.288583799999989,106.77784095,complex_corridor,FRC1,28,40,500,350,1.0,False,-6.288634823320289,106.77780477487897,6.94084144102375,True,
2026-08-03T03:15:51.302778+00:00,2322,-6.2884621,106.7781152,complex_corridor,FRC1,17,26,82,53,1.0,False,-6.288455113550981,106.77822722279888,12.405765015820144,True,
2026-08-03T03:15:51.593183+00:00,2459,-6.23996075,106.79819865,complex_corridor,FRC3,18,27,631,420,1.0,False,-6.239927209643448,106.79835988366938,18.208192291717626,True,
2026-08-03T03:15:51.873117+00:00,2660,-6.288887410002579,106.77817204999796,complex_corridor,FRC1,15,17,29,26,1.0,False,-6.289080056713849,106.77821112954479,21.852459789678804,True,
2026-08-03T03:15:52.158316+00:00,2731,-6.240104349999994,106.79819525,complex_corridor,FRC1,15,20,400,300,1.0,False,-6.254711568502923,106.79717434728451,1628.1638385691926,False,
2026-08-03T03:15:52.438054+00:00,2979,-6.239918790000258,106.79844824999957,complex_corridor,FRC2,15,15,2,2,1.0,False,-6.239928542802509,106.79846583092547,2.2254395550977346,True,
2026-08-03T03:15:52.724151+00:00,3134,-6.2892448600025785,106.77855074999796,complex_corridor,FRC1,22,22,11,11,1.0,False,-6.289262432333267,106.778499467014,5.995427904385316,True,
2026-08-03T03:15:53.003798+00:00,3164,-6.239840140000258,106.79869149999956,complex_corridor,FRC2,24,24,145,145,1.0,False,-6.23981997364873,106.79856239045006,14.446370748590217,True,
2026-08-03T03:15:53.287089+00:00,3940,-6.242815700000143,106.84290446666662,complex_corridor,FRC2,21,21,19,19,1.0,False,-6.242610768682978,106.84288187111798,22.923789898286447,True,
2026-08-03T03:15:53.592954+00:00,3995,-6.2428431,106.8426503,complex_corridor,FRC2,32,32,8,8,1.0,False,-6.24270333943449,106.84230519617961,41.19038604817657,True,
2026-08-03T03:15:53.874131+00:00,4135,-6.242451300001405,106.84346441666648,complex_corridor,FRC3,21,27,19,15,1.0,False,-6.24264159782794,106.84303341592732,52.128779444682614,True,
2026-08-03T03:15:54.155776+00:00,4174,-6.242622250001264,106.84418269999986,complex_corridor,FRC3,21,21,14,14,1.0,False,-6.242365385288672,106.84405667866673,31.777844988721665,True,
2026-08-03T03:15:54.436556+00:00,4307,-6.237238257899974,106.8272395210502,complex_corridor,FRC2,13,21,9,6,1.0,False,-6.237236971031365,106.82743234718856,21.314848279038795,True,
2026-08-03T03:15:54.721184+00:00,4312,-6.237042057899963,106.8269344210502,complex_corridor,FRC2,23,23,6,6,1.0,False,-6.237208807900389,106.82690797532604,18.770772040768108,True,
2026-08-03T03:15:55.005352+00:00,4383,-6.255330045001537,106.84307333999776,complex_corridor,FRC4,25,25,7,7,1.0,False,-6.255170245392188,106.84296367849294,21.509477825194235,True,
2026-08-03T03:15:55.284988+00:00,4421,-6.237577607899957,106.82686737105018,complex_corridor,FRC3,8,18,61,27,0.98,False,-6.237416698431964,106.82692406858013,18.95817050701808,True,
2026-08-03T03:15:55.564047+00:00,5234,-6.255677025000373,106.8431710999986,complex_corridor,FRC4,23,23,6,6,1.0,False,-6.25559934329838,106.84329627241084,16.310649749926508,True,
2026-08-03T03:15:55.845537+00:00,5259,-6.255508725000373,106.84360214999862,complex_corridor,FRC4,18,30,478,287,0.997694,False,-6.255457199448482,106.84295563186589,71.6908067558573,True,
2026-08-03T03:15:56.131390+00:00,5296,-6.242909649999996,106.84406470000002,complex_corridor,FRC2,25,35,56,40,1.0,False,-6.24287098327402,106.84404058541264,5.0587612651154314,True,
2026-08-03T03:30:54.135462+00:00,703,-6.235444892859697,106.75583232857385,complex_corridor,FRC2,28,28,6,6,1.0,False,-6.235637002833079,106.75573958241279,23.694334982762854,True,
2026-08-03T03:30:54.430465+00:00,821,-6.288795825000754,106.77763638750048,complex_corridor,FRC1,18,30,60,36,0.98,False,-6.288676397337788,106.77774978959411,18.260596237349766,True,
2026-08-03T03:30:54.717478+00:00,1336,-6.235382350000007,106.7560557,complex_corridor,FRC2,27,27,9,9,1.0,False,-6.235851643158244,106.75634307944131,61.09133400248038,True,
2026-08-03T03:30:55.006680+00:00,2187,-6.234661449999994,106.7555585,complex_corridor,FRC2,39,39,18,18,1.0,False,-6.235295044618109,106.75596622907466,83.63486690954973,True,
2026-08-03T03:30:55.295972+00:00,2188,-6.233655599999991,106.75488135,complex_corridor,FRC2,30,30,32,32,1.0,False,-6.233742064909034,106.75495503627582,12.600808704103487,True,
2026-08-03T03:30:55.592176+00:00,2298,-6.288583799999989,106.77784095,complex_corridor,FRC1,28,40,500,350,1.0,False,-6.288634823320289,106.77780477487897,6.94084144102375,True,
2026-08-03T03:30:55.886056+00:00,2322,-6.2884621,106.7781152,complex_corridor,FRC1,20,26,70,53,1.0,False,-6.288455113550981,106.77822722279888,12.405765015820144,True,
2026-08-03T03:30:56.177085+00:00,2459,-6.23996075,106.79819865,complex_corridor,FRC3,19,27,597,420,1.0,False,-6.239927209643448,106.79835988366938,18.208192291717626,True,
2026-08-03T03:30:56.466716+00:00,2660,-6.288887410002579,106.77817204999796,complex_corridor,FRC1,15,15,29,29,1.0,False,-6.289080056713849,106.77821112954479,21.852459789678804,True,
2026-08-03T03:30:56.751333+00:00,2731,-6.240104349999994,106.79819525,complex_corridor,FRC1,17,20,353,300,1.0,False,-6.254711568502923,106.79717434728451,1628.1638385691926,False,
2026-08-03T03:30:57.052399+00:00,2979,-6.239918790000258,106.79844824999957,complex_corridor,FRC2,15,15,2,2,1.0,False,-6.239928542802509,106.79846583092547,2.2254395550977346,True,
2026-08-03T03:30:57.339103+00:00,3134,-6.2892448600025785,106.77855074999796,complex_corridor,FRC1,14,22,18,11,1.0,False,-6.289262432333267,106.778499467014,5.995427904385316,True,
2026-08-03T03:30:57.627661+00:00,3164,-6.239840140000258,106.79869149999956,complex_corridor,FRC2,19,24,183,145,1.0,False,-6.23981997364873,106.79856239045006,14.446370748590217,True,
2026-08-03T03:30:57.911726+00:00,3940,-6.242815700000143,106.84290446666662,complex_corridor,FRC2,21,21,19,19,1.0,False,-6.242610768682978,106.84288187111798,22.923789898286447,True,
2026-08-03T03:30:58.202407+00:00,3995,-6.2428431,106.8426503,complex_corridor,FRC2,32,32,8,8,1.0,False,-6.24270333943449,106.84230519617961,41.19038604817657,True,
2026-08-03T03:30:58.497927+00:00,4135,-6.242451300001405,106.84346441666648,complex_corridor,FRC3,19,27,22,15,1.0,False,-6.24264159782794,106.84303341592732,52.128779444682614,True,
2026-08-03T03:30:58.786654+00:00,4174,-6.242622250001264,106.84418269999986,complex_corridor,FRC3,21,21,14,14,1.0,False,-6.242365385288672,106.84405667866673,31.777844988721665,True,
2026-08-03T03:30:59.074758+00:00,4307,-6.237238257899974,106.8272395210502,complex_corridor,FRC2,16,21,8,6,1.0,False,-6.237236971031365,106.82743234718856,21.314848279038795,True,
2026-08-03T03:30:59.376733+00:00,4312,-6.237042057899963,106.8269344210502,complex_corridor,FRC2,23,23,6,6,1.0,False,-6.237208807900389,106.82690797532604,18.770772040768108,True,
2026-08-03T03:30:59.664436+00:00,4383,-6.255330045001537,106.84307333999776,complex_corridor,FRC4,18,24,10,7,0.99,False,-6.255170245392188,106.84296367849294,21.509477825194235,True,
2026-08-03T03:30:59.950036+00:00,4421,-6.237577607899957,106.82686737105018,complex_corridor,FRC3,14,17,35,28,0.97,False,-6.237416698431964,106.82692406858013,18.95817050701808,True,
2026-08-03T03:31:00.241546+00:00,5234,-6.255677025000373,106.8431710999986,complex_corridor,FRC4,23,23,6,6,1.0,False,-6.25559934329838,106.84329627241084,16.310649749926508,True,
2026-08-03T03:31:00.528189+00:00,5259,-6.255508725000373,106.84360214999862,complex_corridor,FRC4,17,30,506,287,0.995447,False,-6.255457199448482,106.84295563186589,71.6908067558573,True,
2026-08-03T03:31:00.821850+00:00,5296,-6.242909649999996,106.84406470000002,complex_corridor,FRC2,35,35,40,40,1.0,False,-6.24287098327402,106.84404058541264,5.0587612651154314,True,
2026-08-03T03:45:51.397098+00:00,703,-6.235444892859697,106.75583232857385,complex_corridor,FRC2,28,28,6,6,1.0,False,-6.235637002833079,106.75573958241279,23.694334982762854,True,
2026-08-03T03:45:51.683617+00:00,821,-6.288795825000754,106.77763638750048,complex_corridor,FRC1,31,31,35,35,1.0,False,-6.288676397337788,106.77774978959411,18.260596237349766,True,
2026-08-03T03:45:51.990607+00:00,1336,-6.235382350000007,106.7560557,complex_corridor,FRC2,27,27,9,9,1.0,False,-6.235851643158244,106.75634307944131,61.09133400248038,True,
2026-08-03T03:45:52.286817+00:00,2187,-6.234661449999994,106.7555585,complex_corridor,FRC2,29,38,25,19,0.97,False,-6.235295044618109,106.75596622907466,83.63486690954973,True,
2026-08-03T03:45:52.578108+00:00,2188,-6.233655599999991,106.75488135,complex_corridor,FRC2,30,30,32,32,1.0,False,-6.233742064909034,106.75495503627582,12.600808704103487,True,
2026-08-03T03:45:52.865961+00:00,2298,-6.288583799999989,106.77784095,complex_corridor,FRC1,28,40,500,350,1.0,False,-6.288634823320289,106.77780477487897,6.94084144102375,True,
2026-08-03T03:45:53.151168+00:00,2322,-6.2884621,106.7781152,complex_corridor,FRC1,26,26,53,53,1.0,False,-6.288455113550981,106.77822722279888,12.405765015820144,True,
2026-08-03T03:45:53.442888+00:00,2459,-6.23996075,106.79819865,complex_corridor,FRC3,20,28,568,405,1.0,False,-6.239927209643448,106.79835988366938,18.208192291717626,True,
2026-08-03T03:45:53.744421+00:00,2660,-6.288887410002579,106.77817204999796,complex_corridor,FRC1,15,15,29,29,1.0,False,-6.289080056713849,106.77821112954479,21.852459789678804,True,
2026-08-03T03:45:54.043336+00:00,2731,-6.240104349999994,106.79819525,complex_corridor,FRC1,16,20,375,300,1.0,False,-6.254711568502923,106.79717434728451,1628.1638385691926,False,
2026-08-03T03:45:54.330919+00:00,2979,-6.239918790000258,106.79844824999957,complex_corridor,FRC2,15,15,2,2,1.0,False,-6.239928542802509,106.79846583092547,2.2254395550977346,True,
2026-08-03T03:45:54.619566+00:00,3134,-6.2892448600025785,106.77855074999796,complex_corridor,FRC1,22,22,11,11,1.0,False,-6.289262432333267,106.778499467014,5.995427904385316,True,
2026-08-03T03:45:54.911758+00:00,3164,-6.239840140000258,106.79869149999956,complex_corridor,FRC2,24,24,145,145,1.0,False,-6.23981997364873,106.79856239045006,14.446370748590217,True,
2026-08-03T03:45:55.196836+00:00,3940,-6.242815700000143,106.84290446666662,complex_corridor,FRC2,15,20,26,20,0.98,False,-6.242610768682978,106.84288187111798,22.923789898286447,True,
2026-08-03T03:45:55.485031+00:00,3995,-6.2428431,106.8426503,complex_corridor,FRC2,24,32,11,8,0.96,False,-6.24270333943449,106.84230519617961,41.19038604817657,True,
2026-08-03T03:45:55.770865+00:00,4135,-6.242451300001405,106.84346441666648,complex_corridor,FRC3,27,27,15,15,1.0,False,-6.24264159782794,106.84303341592732,52.128779444682614,True,
2026-08-03T03:45:56.056078+00:00,4174,-6.242622250001264,106.84418269999986,complex_corridor,FRC3,21,21,14,14,1.0,False,-6.242365385288672,106.84405667866673,31.777844988721665,True,
2026-08-03T03:45:56.341712+00:00,4307,-6.237238257899974,106.8272395210502,complex_corridor,FRC2,21,21,6,6,1.0,False,-6.237236971031365,106.82743234718856,21.314848279038795,True,
2026-08-03T03:45:56.628652+00:00,4312,-6.237042057899963,106.8269344210502,complex_corridor,FRC2,23,23,6,6,1.0,False,-6.237208807900389,106.82690797532604,18.770772040768108,True,
2026-08-03T03:45:56.924324+00:00,4383,-6.255330045001537,106.84307333999776,complex_corridor,FRC4,25,25,7,7,1.0,False,-6.255170245392188,106.84296367849294,21.509477825194235,True,
2026-08-03T03:45:57.210029+00:00,4421,-6.237577607899957,106.82686737105018,complex_corridor,FRC3,10,17,49,28,0.95,False,-6.237416698431964,106.82692406858013,18.95817050701808,True,
2026-08-03T03:45:57.500035+00:00,5234,-6.255677025000373,106.8431710999986,complex_corridor,FRC4,23,23,6,6,1.0,False,-6.25559934329838,106.84329627241084,16.310649749926508,True,
2026-08-03T03:45:57.790531+00:00,5259,-6.255508725000373,106.84360214999862,complex_corridor,FRC4,20,31,430,278,0.99726,False,-6.255457199448482,106.84295563186589,71.6908067558573,True,
2026-08-03T03:45:58.076604+00:00,5296,-6.242909649999996,106.84406470000002,complex_corridor,FRC2,19,34,74,41,1.0,False,-6.24287098327402,106.84404058541264,5.0587612651154314,True,
2026-08-03T04:00:58.215096+00:00,703,-6.235444892859697,106.75583232857385,complex_corridor,FRC2,28,28,6,6,1.0,False,-6.235637002833079,106.75573958241279,23.694334982762854,True,
2026-08-03T04:00:58.491319+00:00,821,-6.288795825000754,106.77763638750048,complex_corridor,FRC1,31,31,35,35,1.0,False,-6.288676397337788,106.77774978959411,18.260596237349766,True,
2026-08-03T04:00:58.758517+00:00,1336,-6.235382350000007,106.7560557,complex_corridor,FRC2,27,27,9,9,1.0,False,-6.235851643158244,106.75634307944131,61.09133400248038,True,
2026-08-03T04:00:59.023951+00:00,2187,-6.234661449999994,106.7555585,complex_corridor,FRC2,39,39,18,18,1.0,False,-6.235295044618109,106.75596622907466,83.63486690954973,True,
2026-08-03T04:00:59.291740+00:00,2188,-6.233655599999991,106.75488135,complex_corridor,FRC2,30,30,32,32,1.0,False,-6.233742064909034,106.75495503627582,12.600808704103487,True,
2026-08-03T04:00:59.564455+00:00,2298,-6.288583799999989,106.77784095,complex_corridor,FRC1,29,40,482,350,1.0,False,-6.288634823320289,106.77780477487897,6.94084144102375,True,
2026-08-03T04:00:59.829086+00:00,2322,-6.2884621,106.7781152,complex_corridor,FRC1,26,26,53,53,1.0,False,-6.288455113550981,106.77822722279888,12.405765015820144,True,
2026-08-03T04:01:00.102021+00:00,2459,-6.23996075,106.79819865,complex_corridor,FRC3,20,28,568,405,1.0,False,-6.239927209643448,106.79835988366938,18.208192291717626,True,
2026-08-03T04:01:00.372030+00:00,2660,-6.288887410002579,106.77817204999796,complex_corridor,FRC1,9,14,49,31,1.0,False,-6.289080056713849,106.77821112954479,21.852459789678804,True,
2026-08-03T04:01:00.637392+00:00,2731,-6.240104349999994,106.79819525,complex_corridor,FRC1,18,22,333,272,1.0,False,-6.254711568502923,106.79717434728451,1628.1638385691926,False,
2026-08-03T04:01:00.904551+00:00,2979,-6.239918790000258,106.79844824999957,complex_corridor,FRC2,15,15,2,2,1.0,False,-6.239928542802509,106.79846583092547,2.2254395550977346,True,
2026-08-03T04:01:01.174501+00:00,3134,-6.2892448600025785,106.77855074999796,complex_corridor,FRC1,16,22,16,11,1.0,False,-6.289262432333267,106.778499467014,5.995427904385316,True,
2026-08-03T04:01:01.444242+00:00,3164,-6.239840140000258,106.79869149999956,complex_corridor,FRC2,24,24,145,145,1.0,False,-6.23981997364873,106.79856239045006,14.446370748590217,True,
2026-08-03T04:01:01.709191+00:00,3940,-6.242815700000143,106.84290446666662,complex_corridor,FRC2,21,21,19,19,1.0,False,-6.242610768682978,106.84288187111798,22.923789898286447,True,
2026-08-03T04:01:01.973273+00:00,3995,-6.2428431,106.8426503,complex_corridor,FRC2,11,33,25,8,0.97,False,-6.24270333943449,106.84230519617961,41.19038604817657,True,
2026-08-03T04:01:02.236204+00:00,4135,-6.242451300001405,106.84346441666648,complex_corridor,FRC3,19,26,22,16,1.0,False,-6.24264159782794,106.84303341592732,52.128779444682614,True,
2026-08-03T04:01:02.503013+00:00,4174,-6.242622250001264,106.84418269999986,complex_corridor,FRC3,21,21,14,14,1.0,False,-6.242365385288672,106.84405667866673,31.777844988721665,True,
2026-08-03T04:01:02.766556+00:00,4307,-6.237238257899974,106.8272395210502,complex_corridor,FRC2,21,21,6,6,1.0,False,-6.237236971031365,106.82743234718856,21.314848279038795,True,
2026-08-03T04:01:03.036333+00:00,4312,-6.237042057899963,106.8269344210502,complex_corridor,FRC2,23,23,6,6,1.0,False,-6.237208807900389,106.82690797532604,18.770772040768108,True,
2026-08-03T04:01:03.309981+00:00,4383,-6.255330045001537,106.84307333999776,complex_corridor,FRC4,25,25,7,7,1.0,False,-6.255170245392188,106.84296367849294,21.509477825194235,True,
2026-08-03T04:01:03.580548+00:00,4421,-6.237577607899957,106.82686737105018,complex_corridor,FRC3,13,18,37,27,0.98,False,-6.237416698431964,106.82692406858013,18.95817050701808,True,
2026-08-03T04:01:03.851648+00:00,5234,-6.255677025000373,106.8431710999986,complex_corridor,FRC4,23,23,6,6,1.0,False,-6.25559934329838,106.84329627241084,16.310649749926508,True,
2026-08-03T04:01:04.116786+00:00,5259,-6.255508725000373,106.84360214999862,complex_corridor,FRC4,21,31,410,278,0.994306,False,-6.255457199448482,106.84295563186589,71.6908067558573,True,
2026-08-03T04:01:04.392793+00:00,5296,-6.242909649999996,106.84406470000002,complex_corridor,FRC2,28,35,50,40,1.0,False,-6.24287098327402,106.84404058541264,5.0587612651154314,True,
2026-08-03T04:15:55.639897+00:00,703,-6.235444892859697,106.75583232857385,complex_corridor,FRC2,28,28,6,6,1.0,False,-6.235637002833079,106.75573958241279,23.694334982762854,True,
2026-08-03T04:15:55.915207+00:00,821,-6.288795825000754,106.77763638750048,complex_corridor,FRC1,16,31,68,35,0.99,False,-6.288676397337788,106.77774978959411,18.260596237349766,True,
2026-08-03T04:15:56.184766+00:00,1336,-6.235382350000007,106.7560557,complex_corridor,FRC2,27,27,9,9,1.0,False,-6.235851643158244,106.75634307944131,61.09133400248038,True,
2026-08-03T04:15:56.452533+00:00,2187,-6.234661449999994,106.7555585,complex_corridor,FRC2,39,39,18,18,1.0,False,-6.235295044618109,106.75596622907466,83.63486690954973,True,
2026-08-03T04:15:56.724874+00:00,2188,-6.233655599999991,106.75488135,complex_corridor,FRC2,30,30,32,32,1.0,False,-6.233742064909034,106.75495503627582,12.600808704103487,True,
2026-08-03T04:15:56.990998+00:00,2298,-6.288583799999989,106.77784095,complex_corridor,FRC1,28,40,500,350,1.0,False,-6.288634823320289,106.77780477487897,6.94084144102375,True,
2026-08-03T04:15:57.261114+00:00,2322,-6.2884621,106.7781152,complex_corridor,FRC1,26,26,53,53,1.0,False,-6.288455113550981,106.77822722279888,12.405765015820144,True,
2026-08-03T04:15:57.526831+00:00,2459,-6.23996075,106.79819865,complex_corridor,FRC3,18,27,631,420,1.0,False,-6.239927209643448,106.79835988366938,18.208192291717626,True,
2026-08-03T04:15:57.794220+00:00,2660,-6.288887410002579,106.77817204999796,complex_corridor,FRC1,8,15,55,29,1.0,False,-6.289080056713849,106.77821112954479,21.852459789678804,True,
2026-08-03T04:15:58.057305+00:00,2731,-6.240104349999994,106.79819525,complex_corridor,FRC1,15,20,400,300,1.0,False,-6.254711568502923,106.79717434728451,1628.1638385691926,False,
2026-08-03T04:15:58.329042+00:00,2979,-6.239918790000258,106.79844824999957,complex_corridor,FRC2,15,15,2,2,1.0,False,-6.239928542802509,106.79846583092547,2.2254395550977346,True,
2026-08-03T04:15:58.595720+00:00,3134,-6.2892448600025785,106.77855074999796,complex_corridor,FRC1,22,22,11,11,1.0,False,-6.289262432333267,106.778499467014,5.995427904385316,True,
2026-08-03T04:15:58.859252+00:00,3164,-6.239840140000258,106.79869149999956,complex_corridor,FRC2,24,24,145,145,1.0,False,-6.23981997364873,106.79856239045006,14.446370748590217,True,
2026-08-03T04:15:59.125207+00:00,3940,-6.242815700000143,106.84290446666662,complex_corridor,FRC2,21,21,19,19,1.0,False,-6.242610768682978,106.84288187111798,22.923789898286447,True,
2026-08-03T04:15:59.398814+00:00,3995,-6.2428431,106.8426503,complex_corridor,FRC2,11,33,25,8,0.94,False,-6.24270333943449,106.84230519617961,41.19038604817657,True,
2026-08-03T04:15:59.664780+00:00,4135,-6.242451300001405,106.84346441666648,complex_corridor,FRC3,21,27,19,15,1.0,False,-6.24264159782794,106.84303341592732,52.128779444682614,True,
2026-08-03T04:15:59.928768+00:00,4174,-6.242622250001264,106.84418269999986,complex_corridor,FRC3,21,21,14,14,1.0,False,-6.242365385288672,106.84405667866673,31.777844988721665,True,
2026-08-03T04:16:00.196352+00:00,4307,-6.237238257899974,106.8272395210502,complex_corridor,FRC2,21,21,6,6,1.0,False,-6.237236971031365,106.82743234718856,21.314848279038795,True,
2026-08-03T04:16:00.461992+00:00,4312,-6.237042057899963,106.8269344210502,complex_corridor,FRC2,23,23,6,6,1.0,False,-6.237208807900389,106.82690797532604,18.770772040768108,True,
2026-08-03T04:16:00.728343+00:00,4383,-6.255330045001537,106.84307333999776,complex_corridor,FRC4,25,25,7,7,1.0,False,-6.255170245392188,106.84296367849294,21.509477825194235,True,
2026-08-03T04:16:00.993350+00:00,4421,-6.237577607899957,106.82686737105018,complex_corridor,FRC3,18,18,27,27,1.0,False,-6.237416698431964,106.82692406858013,18.95817050701808,True,
2026-08-03T04:16:01.268051+00:00,5234,-6.255677025000373,106.8431710999986,complex_corridor,FRC4,23,23,6,6,1.0,False,-6.25559934329838,106.84329627241084,16.310649749926508,True,
2026-08-03T04:16:01.534034+00:00,5259,-6.255508725000373,106.84360214999862,complex_corridor,FRC4,20,30,430,287,0.997022,False,-6.255457199448482,106.84295563186589,71.6908067558573,True,
2026-08-03T04:16:01.809440+00:00,5296,-6.242909649999996,106.84406470000002,complex_corridor,FRC2,16,34,88,41,1.0,False,-6.24287098327402,106.84404058541264,5.0587612651154314,True,
2026-08-03T04:30:55.577323+00:00,703,-6.235444892859697,106.75583232857385,complex_corridor,FRC2,28,28,6,6,1.0,False,-6.235637002833079,106.75573958241279,23.694334982762854,True,
2026-08-03T04:30:55.878091+00:00,821,-6.288795825000754,106.77763638750048,complex_corridor,FRC1,22,31,49,35,0.98,False,-6.288676397337788,106.77774978959411,18.260596237349766,True,
2026-08-03T04:30:56.176394+00:00,1336,-6.235382350000007,106.7560557,complex_corridor,FRC2,27,27,9,9,1.0,False,-6.235851643158244,106.75634307944131,61.09133400248038,True,
2026-08-03T04:30:56.462702+00:00,2187,-6.234661449999994,106.7555585,complex_corridor,FRC2,39,39,18,18,1.0,False,-6.235295044618109,106.75596622907466,83.63486690954973,True,
2026-08-03T04:30:56.780330+00:00,2188,-6.233655599999991,106.75488135,complex_corridor,FRC2,30,30,32,32,1.0,False,-6.233742064909034,106.75495503627582,12.600808704103487,True,
2026-08-03T04:30:57.065774+00:00,2298,-6.288583799999989,106.77784095,complex_corridor,FRC1,32,40,437,350,1.0,False,-6.288634823320289,106.77780477487897,6.94084144102375,True,
2026-08-03T04:30:57.353265+00:00,2322,-6.2884621,106.7781152,complex_corridor,FRC1,26,26,53,53,1.0,False,-6.288455113550981,106.77822722279888,12.405765015820144,True,
2026-08-03T04:30:57.642534+00:00,2459,-6.23996075,106.79819865,complex_corridor,FRC3,15,28,757,405,1.0,False,-6.239927209643448,106.79835988366938,18.208192291717626,True,
2026-08-03T04:30:57.948897+00:00,2660,-6.288887410002579,106.77817204999796,complex_corridor,FRC1,9,14,49,31,1.0,False,-6.289080056713849,106.77821112954479,21.852459789678804,True,
2026-08-03T04:30:58.238538+00:00,2731,-6.240104349999994,106.79819525,complex_corridor,FRC1,15,20,400,300,1.0,False,-6.254711568502923,106.79717434728451,1628.1638385691926,False,
2026-08-03T04:30:58.523183+00:00,2979,-6.239918790000258,106.79844824999957,complex_corridor,FRC2,15,15,2,2,1.0,False,-6.239928542802509,106.79846583092547,2.2254395550977346,True,
2026-08-03T04:30:58.810847+00:00,3134,-6.2892448600025785,106.77855074999796,complex_corridor,FRC1,12,21,21,12,1.0,False,-6.289262432333267,106.778499467014,5.995427904385316,True,
2026-08-03T04:30:59.103977+00:00,3164,-6.239840140000258,106.79869149999956,complex_corridor,FRC2,24,24,145,145,1.0,False,-6.23981997364873,106.79856239045006,14.446370748590217,True,
2026-08-03T04:30:59.387919+00:00,3940,-6.242815700000143,106.84290446666662,complex_corridor,FRC2,21,21,19,19,1.0,False,-6.242610768682978,106.84288187111798,22.923789898286447,True,
2026-08-03T04:30:59.676306+00:00,3995,-6.2428431,106.8426503,complex_corridor,FRC2,19,32,14,8,0.91,False,-6.24270333943449,106.84230519617961,41.19038604817657,True,
2026-08-03T04:30:59.970341+00:00,4135,-6.242451300001405,106.84346441666648,complex_corridor,FRC3,20,27,20,15,1.0,False,-6.24264159782794,106.84303341592732,52.128779444682614,True,
2026-08-03T04:31:00.257812+00:00,4174,-6.242622250001264,106.84418269999986,complex_corridor,FRC3,14,21,21,14,0.93,False,-6.242365385288672,106.84405667866673,31.777844988721665,True,
2026-08-03T04:31:00.547813+00:00,4307,-6.237238257899974,106.8272395210502,complex_corridor,FRC2,21,21,6,6,1.0,False,-6.237236971031365,106.82743234718856,21.314848279038795,True,
2026-08-03T04:31:00.838195+00:00,4312,-6.237042057899963,106.8269344210502,complex_corridor,FRC2,23,23,6,6,1.0,False,-6.237208807900389,106.82690797532604,18.770772040768108,True,
2026-08-03T04:31:01.140047+00:00,4383,-6.255330045001537,106.84307333999776,complex_corridor,FRC4,15,24,12,7,1.0,False,-6.255170245392188,106.84296367849294,21.509477825194235,True,
2026-08-03T04:31:01.428956+00:00,4421,-6.237577607899957,106.82686737105018,complex_corridor,FRC3,18,18,27,27,1.0,False,-6.237416698431964,106.82692406858013,18.95817050701808,True,
2026-08-03T04:31:01.722087+00:00,5234,-6.255677025000373,106.8431710999986,complex_corridor,FRC4,23,23,6,6,1.0,False,-6.25559934329838,106.84329627241084,16.310649749926508,True,
2026-08-03T04:31:02.010848+00:00,5259,-6.255508725000373,106.84360214999862,complex_corridor,FRC4,20,31,430,278,0.997084,False,-6.255457199448482,106.84295563186589,71.6908067558573,True,
2026-08-03T04:31:02.303284+00:00,5296,-6.242909649999996,106.84406470000002,complex_corridor,FRC2,35,35,40,40,1.0,False,-6.24287098327402,106.84404058541264,5.0587612651154314,True,
2026-08-03T04:45:48.355837+00:00,703,-6.235444892859697,106.75583232857385,complex_corridor,FRC2,28,28,6,6,1.0,False,-6.235637002833079,106.75573958241279,23.694334982762854,True,
2026-08-03T04:45:48.626995+00:00,821,-6.288795825000754,106.77763638750048,complex_corridor,FRC1,31,31,35,35,1.0,False,-6.288676397337788,106.77774978959411,18.260596237349766,True,
2026-08-03T04:45:48.894282+00:00,1336,-6.235382350000007,106.7560557,complex_corridor,FRC2,27,27,9,9,1.0,False,-6.235851643158244,106.75634307944131,61.09133400248038,True,
2026-08-03T04:45:49.168088+00:00,2187,-6.234661449999994,106.7555585,complex_corridor,FRC2,39,39,18,18,1.0,False,-6.235295044618109,106.75596622907466,83.63486690954973,True,
2026-08-03T04:45:49.438403+00:00,2188,-6.233655599999991,106.75488135,complex_corridor,FRC2,30,30,32,32,1.0,False,-6.233742064909034,106.75495503627582,12.600808704103487,True,
2026-08-03T04:45:49.706013+00:00,2298,-6.288583799999989,106.77784095,complex_corridor,FRC1,29,40,482,350,1.0,False,-6.288634823320289,106.77780477487897,6.94084144102375,True,
2026-08-03T04:45:49.979319+00:00,2322,-6.2884621,106.7781152,complex_corridor,FRC1,26,26,53,53,1.0,False,-6.288455113550981,106.77822722279888,12.405765015820144,True,
2026-08-03T04:45:50.244851+00:00,2459,-6.23996075,106.79819865,complex_corridor,FRC3,15,27,757,420,1.0,False,-6.239927209643448,106.79835988366938,18.208192291717626,True,
2026-08-03T04:45:50.510459+00:00,2660,-6.288887410002579,106.77817204999796,complex_corridor,FRC1,6,15,74,29,1.0,False,-6.289080056713849,106.77821112954479,21.852459789678804,True,
2026-08-03T04:45:50.775067+00:00,2731,-6.240104349999994,106.79819525,complex_corridor,FRC1,14,20,428,300,1.0,False,-6.254711568502923,106.79717434728451,1628.1638385691926,False,
2026-08-03T04:45:51.043641+00:00,2979,-6.239918790000258,106.79844824999957,complex_corridor,FRC2,15,15,2,2,1.0,False,-6.239928542802509,106.79846583092547,2.2254395550977346,True,
2026-08-03T04:45:51.306364+00:00,3134,-6.2892448600025785,106.77855074999796,complex_corridor,FRC1,22,22,11,11,1.0,False,-6.289262432333267,106.778499467014,5.995427904385316,True,
2026-08-03T04:45:51.570351+00:00,3164,-6.239840140000258,106.79869149999956,complex_corridor,FRC2,24,24,145,145,1.0,False,-6.23981997364873,106.79856239045006,14.446370748590217,True,
2026-08-03T04:45:51.847410+00:00,3940,-6.242815700000143,106.84290446666662,complex_corridor,FRC2,17,21,23,19,0.99,False,-6.242610768682978,106.84288187111798,22.923789898286447,True,
2026-08-03T04:45:52.111305+00:00,3995,-6.2428431,106.8426503,complex_corridor,FRC2,32,32,8,8,1.0,False,-6.24270333943449,106.84230519617961,41.19038604817657,True,
2026-08-03T04:45:52.376754+00:00,4135,-6.242451300001405,106.84346441666648,complex_corridor,FRC3,27,27,15,15,1.0,False,-6.24264159782794,106.84303341592732,52.128779444682614,True,
2026-08-03T04:45:52.640796+00:00,4174,-6.242622250001264,106.84418269999986,complex_corridor,FRC3,15,20,19,14,0.97,False,-6.242365385288672,106.84405667866673,31.777844988721665,True,
2026-08-03T04:45:52.908544+00:00,4307,-6.237238257899974,106.8272395210502,complex_corridor,FRC2,21,21,6,6,1.0,False,-6.237236971031365,106.82743234718856,21.314848279038795,True,
2026-08-03T04:45:53.174033+00:00,4312,-6.237042057899963,106.8269344210502,complex_corridor,FRC2,23,23,6,6,1.0,False,-6.237208807900389,106.82690797532604,18.770772040768108,True,
2026-08-03T04:45:53.439647+00:00,4383,-6.255330045001537,106.84307333999776,complex_corridor,FRC4,19,25,9,7,0.99,False,-6.255170245392188,106.84296367849294,21.509477825194235,True,
2026-08-03T04:45:53.703451+00:00,4421,-6.237577607899957,106.82686737105018,complex_corridor,FRC3,18,18,27,27,1.0,False,-6.237416698431964,106.82692406858013,18.95817050701808,True,
2026-08-03T04:45:53.969059+00:00,5234,-6.255677025000373,106.8431710999986,complex_corridor,FRC4,23,23,6,6,1.0,False,-6.25559934329838,106.84329627241084,16.310649749926508,True,
2026-08-03T04:45:54.232032+00:00,5259,-6.255508725000373,106.84360214999862,complex_corridor,FRC4,21,31,410,278,0.994382,False,-6.255457199448482,106.84295563186589,71.6908067558573,True,
2026-08-03T04:45:54.503923+00:00,5296,-6.242909649999996,106.84406470000002,complex_corridor,FRC2,28,35,50,40,1.0,False,-6.24287098327402,106.84404058541264,5.0587612651154314,True,
2026-08-03T05:00:57.550788+00:00,703,-6.235444892859697,106.75583232857385,complex_corridor,FRC2,28,28,6,6,1.0,False,-6.235637002833079,106.75573958241279,23.694334982762854,True,
2026-08-03T05:00:57.821145+00:00,821,-6.288795825000754,106.77763638750048,complex_corridor,FRC1,31,31,35,35,1.0,False,-6.288676397337788,106.77774978959411,18.260596237349766,True,
2026-08-03T05:00:58.091434+00:00,1336,-6.235382350000007,106.7560557,complex_corridor,FRC2,27,27,9,9,1.0,False,-6.235851643158244,106.75634307944131,61.09133400248038,True,
2026-08-03T05:00:58.358804+00:00,2187,-6.234661449999994,106.7555585,complex_corridor,FRC2,39,39,18,18,1.0,False,-6.235295044618109,106.75596622907466,83.63486690954973,True,
2026-08-03T05:00:58.620203+00:00,2188,-6.233655599999991,106.75488135,complex_corridor,FRC2,30,30,32,32,1.0,False,-6.233742064909034,106.75495503627582,12.600808704103487,True,
2026-08-03T05:00:58.887911+00:00,2298,-6.288583799999989,106.77784095,complex_corridor,FRC1,31,40,451,350,1.0,False,-6.288634823320289,106.77780477487897,6.94084144102375,True,
2026-08-03T05:00:59.151802+00:00,2322,-6.2884621,106.7781152,complex_corridor,FRC1,12,25,116,56,0.99,False,-6.288455113550981,106.77822722279888,12.405765015820144,True,
2026-08-03T05:00:59.424440+00:00,2459,-6.23996075,106.79819865,complex_corridor,FRC3,17,27,668,420,1.0,False,-6.239927209643448,106.79835988366938,18.208192291717626,True,
2026-08-03T05:00:59.690369+00:00,2660,-6.288887410002579,106.77817204999796,complex_corridor,FRC1,15,15,29,29,1.0,False,-6.289080056713849,106.77821112954479,21.852459789678804,True,
2026-08-03T05:00:59.959438+00:00,2731,-6.240104349999994,106.79819525,complex_corridor,FRC1,17,21,353,285,1.0,False,-6.254711568502923,106.79717434728451,1628.1638385691926,False,
2026-08-03T05:01:00.225843+00:00,2979,-6.239918790000258,106.79844824999957,complex_corridor,FRC2,15,15,2,2,1.0,False,-6.239928542802509,106.79846583092547,2.2254395550977346,True,
2026-08-03T05:01:00.489789+00:00,3134,-6.2892448600025785,106.77855074999796,complex_corridor,FRC1,22,22,11,11,1.0,False,-6.289262432333267,106.778499467014,5.995427904385316,True,
2026-08-03T05:01:00.759274+00:00,3164,-6.239840140000258,106.79869149999956,complex_corridor,FRC2,24,24,145,145,1.0,False,-6.23981997364873,106.79856239045006,14.446370748590217,True,
2026-08-03T05:01:01.025167+00:00,3940,-6.242815700000143,106.84290446666662,complex_corridor,FRC2,21,21,19,19,1.0,False,-6.242610768682978,106.84288187111798,22.923789898286447,True,
2026-08-03T05:01:01.290903+00:00,3995,-6.2428431,106.8426503,complex_corridor,FRC2,32,32,8,8,1.0,False,-6.24270333943449,106.84230519617961,41.19038604817657,True,
2026-08-03T05:01:01.569230+00:00,4135,-6.242451300001405,106.84346441666648,complex_corridor,FRC3,21,27,19,15,1.0,False,-6.24264159782794,106.84303341592732,52.128779444682614,True,
2026-08-03T05:01:01.833347+00:00,4174,-6.242622250001264,106.84418269999986,complex_corridor,FRC3,21,21,14,14,1.0,False,-6.242365385288672,106.84405667866673,31.777844988721665,True,
2026-08-03T05:01:02.097834+00:00,4307,-6.237238257899974,106.8272395210502,complex_corridor,FRC2,17,21,7,6,0.99,False,-6.237236971031365,106.82743234718856,21.314848279038795,True,
2026-08-03T05:01:02.360079+00:00,4312,-6.237042057899963,106.8269344210502,complex_corridor,FRC2,23,23,6,6,1.0,False,-6.237208807900389,106.82690797532604,18.770772040768108,True,
2026-08-03T05:01:02.623232+00:00,4383,-6.255330045001537,106.84307333999776,complex_corridor,FRC4,25,25,7,7,1.0,False,-6.255170245392188,106.84296367849294,21.509477825194235,True,
2026-08-03T05:01:02.888784+00:00,4421,-6.237577607899957,106.82686737105018,complex_corridor,FRC3,18,18,27,27,1.0,False,-6.237416698431964,106.82692406858013,18.95817050701808,True,
2026-08-03T05:01:03.157564+00:00,5234,-6.255677025000373,106.8431710999986,complex_corridor,FRC4,23,23,6,6,1.0,False,-6.25559934329838,106.84329627241084,16.310649749926508,True,
2026-08-03T05:01:03.422471+00:00,5259,-6.255508725000373,106.84360214999862,complex_corridor,FRC4,23,30,374,287,0.991767,False,-6.255457199448482,106.84295563186589,71.6908067558573,True,
2026-08-03T05:01:03.687427+00:00,5296,-6.242909649999996,106.84406470000002,complex_corridor,FRC2,22,35,64,40,1.0,False,-6.24287098327402,106.84404058541264,5.0587612651154314,True,
2026-08-03T05:15:48.606805+00:00,703,-6.235444892859697,106.75583232857385,complex_corridor,FRC2,22,28,7,6,0.88,False,-6.235637002833079,106.75573958241279,23.694334982762854,True,
2026-08-03T05:15:48.901322+00:00,821,-6.288795825000754,106.77763638750048,complex_corridor,FRC1,31,31,35,35,1.0,False,-6.288676397337788,106.77774978959411,18.260596237349766,True,
2026-08-03T05:15:49.189400+00:00,1336,-6.235382350000007,106.7560557,complex_corridor,FRC2,27,27,9,9,1.0,False,-6.235851643158244,106.75634307944131,61.09133400248038,True,
2026-08-03T05:15:49.481288+00:00,2187,-6.234661449999994,106.7555585,complex_corridor,FRC2,39,39,18,18,1.0,False,-6.235295044618109,106.75596622907466,83.63486690954973,True,
2026-08-03T05:15:49.768108+00:00,2188,-6.233655599999991,106.75488135,complex_corridor,FRC2,30,30,32,32,1.0,False,-6.233742064909034,106.75495503627582,12.600808704103487,True,
2026-08-03T05:15:50.058250+00:00,2298,-6.288583799999989,106.77784095,complex_corridor,FRC1,31,41,451,341,1.0,False,-6.288634823320289,106.77780477487897,6.94084144102375,True,
2026-08-03T05:15:50.348425+00:00,2322,-6.2884621,106.7781152,complex_corridor,FRC1,13,25,107,56,0.99,False,-6.288455113550981,106.77822722279888,12.405765015820144,True,
2026-08-03T05:15:50.635641+00:00,2459,-6.23996075,106.79819865,complex_corridor,FRC3,18,27,631,420,1.0,False,-6.239927209643448,106.79835988366938,18.208192291717626,True,
2026-08-03T05:15:50.928216+00:00,2660,-6.288887410002579,106.77817204999796,complex_corridor,FRC1,15,15,29,29,1.0,False,-6.289080056713849,106.77821112954479,21.852459789678804,True,
2026-08-03T05:15:51.215776+00:00,2731,-6.240104349999994,106.79819525,complex_corridor,FRC1,15,20,400,300,1.0,False,-6.254711568502923,106.79717434728451,1628.1638385691926,False,
2026-08-03T05:15:51.504802+00:00,2979,-6.239918790000258,106.79844824999957,complex_corridor,FRC2,11,15,3,2,1.0,False,-6.239928542802509,106.79846583092547,2.2254395550977346,True,
2026-08-03T05:15:51.791786+00:00,3134,-6.2892448600025785,106.77855074999796,complex_corridor,FRC1,22,22,11,11,1.0,False,-6.289262432333267,106.778499467014,5.995427904385316,True,
2026-08-03T05:15:52.088337+00:00,3164,-6.239840140000258,106.79869149999956,complex_corridor,FRC2,20,26,174,134,1.0,False,-6.23981997364873,106.79856239045006,14.446370748590217,True,
2026-08-03T05:15:52.376061+00:00,3940,-6.242815700000143,106.84290446666662,complex_corridor,FRC2,14,21,28,19,1.0,False,-6.242610768682978,106.84288187111798,22.923789898286447,True,
2026-08-03T05:15:52.663106+00:00,3995,-6.2428431,106.8426503,complex_corridor,FRC2,32,32,8,8,1.0,False,-6.24270333943449,106.84230519617961,41.19038604817657,True,
2026-08-03T05:15:52.947061+00:00,4135,-6.242451300001405,106.84346441666648,complex_corridor,FRC3,27,27,15,15,1.0,False,-6.24264159782794,106.84303341592732,52.128779444682614,True,
2026-08-03T05:15:53.234720+00:00,4174,-6.242622250001264,106.84418269999986,complex_corridor,FRC3,21,21,14,14,1.0,False,-6.242365385288672,106.84405667866673,31.777844988721665,True,
2026-08-03T05:15:53.519075+00:00,4307,-6.237238257899974,106.8272395210502,complex_corridor,FRC2,12,20,10,6,0.99,False,-6.237236971031365,106.82743234718856,21.314848279038795,True,
2026-08-03T05:15:53.805501+00:00,4312,-6.237042057899963,106.8269344210502,complex_corridor,FRC2,23,23,6,6,1.0,False,-6.237208807900389,106.82690797532604,18.770772040768108,True,
2026-08-03T05:15:54.091556+00:00,4383,-6.255330045001537,106.84307333999776,complex_corridor,FRC4,25,25,7,7,1.0,False,-6.255170245392188,106.84296367849294,21.509477825194235,True,
2026-08-03T05:15:54.374766+00:00,4421,-6.237577607899957,106.82686737105018,complex_corridor,FRC3,18,18,27,27,1.0,False,-6.237416698431964,106.82692406858013,18.95817050701808,True,
2026-08-03T05:15:54.660628+00:00,5234,-6.255677025000373,106.8431710999986,complex_corridor,FRC4,17,23,8,6,1.0,False,-6.25559934329838,106.84329627241084,16.310649749926508,True,
2026-08-03T05:15:54.946657+00:00,5259,-6.255508725000373,106.84360214999862,complex_corridor,FRC4,24,29,359,297,0.986279,False,-6.255457199448482,106.84295563186589,71.6908067558573,True,
2026-08-03T05:15:55.240891+00:00,5296,-6.242909649999996,106.84406470000002,complex_corridor,FRC2,17,35,83,40,1.0,False,-6.24287098327402,106.84404058541264,5.0587612651154314,True,
2026-08-03T05:30:57.922629+00:00,703,-6.235444892859697,106.75583232857385,complex_corridor,FRC2,28,28,6,6,1,False,-6.235637002833079,106.75573958241279,23.694334982762854,True,
2026-08-03T05:30:58.197179+00:00,821,-6.288795825000754,106.77763638750048,complex_corridor,FRC1,31,31,35,35,1,False,-6.288676397337788,106.77774978959411,18.260596237349766,True,
2026-08-03T05:30:58.471275+00:00,1336,-6.235382350000007,106.7560557,complex_corridor,FRC2,27,27,9,9,1,False,-6.235851643158244,106.75634307944131,61.09133400248038,True,
2026-08-03T05:30:58.740970+00:00,2187,-6.234661449999994,106.7555585,complex_corridor,FRC2,39,39,18,18,1,False,-6.235295044618109,106.75596622907466,83.63486690954973,True,
2026-08-03T05:30:59.010633+00:00,2188,-6.233655599999991,106.75488135,complex_corridor,FRC2,30,30,32,32,1,False,-6.233742064909034,106.75495503627582,12.600808704103487,True,
2026-08-03T05:30:59.282466+00:00,2298,-6.288583799999989,106.77784095,complex_corridor,FRC1,32,41,437,341,1,False,-6.288634823320289,106.77780477487897,6.94084144102375,True,
2026-08-03T05:30:59.553754+00:00,2322,-6.2884621,106.7781152,complex_corridor,FRC1,20,26,70,53,1,False,-6.288455113550981,106.77822722279888,12.405765015820144,True,
2026-08-03T05:30:59.823355+00:00,2459,-6.23996075,106.79819865,complex_corridor,FRC3,18,27,631,420,1,False,-6.239927209643448,106.79835988366938,18.208192291717626,True,
2026-08-03T05:31:00.096654+00:00,2660,-6.288887410002579,106.77817204999796,complex_corridor,FRC1,7,14,63,31,1,False,-6.289080056713849,106.77821112954479,21.852459789678804,True,
2026-08-03T05:31:00.366441+00:00,2731,-6.240104349999994,106.79819525,complex_corridor,FRC1,16,21,375,285,1,False,-6.254711568502923,106.79717434728451,1628.1638385691926,False,
2026-08-03T05:31:00.637995+00:00,2979,-6.239918790000258,106.79844824999957,complex_corridor,FRC2,9,15,4,2,1,False,-6.239928542802509,106.79846583092547,2.2254395550977346,True,
2026-08-03T05:31:00.906752+00:00,3134,-6.2892448600025785,106.77855074999796,complex_corridor,FRC1,14,22,18,11,1,False,-6.289262432333267,106.778499467014,5.995427904385316,True,
2026-08-03T05:31:01.176944+00:00,3164,-6.239840140000258,106.79869149999956,complex_corridor,FRC2,24,24,145,145,1,False,-6.23981997364873,106.79856239045006,14.446370748590217,True,
2026-08-03T05:31:01.445209+00:00,3940,-6.242815700000143,106.84290446666662,complex_corridor,FRC2,21,21,19,19,1,False,-6.242610768682978,106.84288187111798,22.923789898286447,True,
2026-08-03T05:31:01.714599+00:00,3995,-6.2428431,106.8426503,complex_corridor,FRC2,32,32,8,8,1,False,-6.24270333943449,106.84230519617961,41.19038604817657,True,
2026-08-03T05:31:01.990234+00:00,4135,-6.242451300001405,106.84346441666648,complex_corridor,FRC3,19,26,22,16,1,False,-6.24264159782794,106.84303341592732,52.128779444682614,True,
2026-08-03T05:31:02.259049+00:00,4174,-6.242622250001264,106.84418269999986,complex_corridor,FRC3,21,21,14,14,1,False,-6.242365385288672,106.84405667866673,31.777844988721665,True,
2026-08-03T05:31:02.527707+00:00,4307,-6.237238257899974,106.8272395210502,complex_corridor,FRC2,21,21,6,6,1,False,-6.237236971031365,106.82743234718856,21.314848279038795,True,
2026-08-03T05:31:02.797259+00:00,4312,-6.237042057899963,106.8269344210502,complex_corridor,FRC2,23,23,6,6,1,False,-6.237208807900389,106.82690797532604,18.770772040768108,True,
2026-08-03T05:31:03.064997+00:00,4383,-6.255330045001537,106.84307333999776,complex_corridor,FRC4,25,25,7,7,1,False,-6.255170245392188,106.84296367849294,21.509477825194235,True,
2026-08-03T05:31:03.334319+00:00,4421,-6.237577607899957,106.82686737105018,complex_corridor,FRC3,18,18,27,27,1,False,-6.237416698431964,106.82692406858013,18.95817050701808,True,
2026-08-03T05:31:03.611286+00:00,5234,-6.255677025000373,106.8431710999986,complex_corridor,FRC4,23,23,6,6,1,False,-6.25559934329838,106.84329627241084,16.310649749926508,True,
2026-08-03T05:31:03.882210+00:00,5259,-6.255508725000373,106.84360214999862,complex_corridor,FRC4,30,30,287,287,1,False,-6.255457199448482,106.84295563186589,71.6908067558573,True,
2026-08-03T05:31:04.155460+00:00,5296,-6.242909649999996,106.84406470000002,complex_corridor,FRC2,25,35,56,40,1,False,-6.24287098327402,106.84404058541264,5.0587612651154314,True,
2026-08-03T05:45:47.528944+00:00,703,-6.235444892859697,106.75583232857385,complex_corridor,FRC2,28,28,6,6,1,False,-6.235637002833079,106.75573958241279,23.694334982762854,True,
2026-08-03T05:45:47.800059+00:00,821,-6.288795825000754,106.77763638750048,complex_corridor,FRC1,31,31,35,35,1,False,-6.288676397337788,106.77774978959411,18.260596237349766,True,
2026-08-03T05:45:48.076990+00:00,1336,-6.235382350000007,106.7560557,complex_corridor,FRC2,27,27,9,9,1,False,-6.235851643158244,106.75634307944131,61.09133400248038,True,
2026-08-03T05:45:48.360206+00:00,2187,-6.234661449999994,106.7555585,complex_corridor,FRC2,39,39,18,18,1,False,-6.235295044618109,106.75596622907466,83.63486690954973,True,
2026-08-03T05:45:48.625892+00:00,2188,-6.233655599999991,106.75488135,complex_corridor,FRC2,30,30,32,32,1,False,-6.233742064909034,106.75495503627582,12.600808704103487,True,
2026-08-03T05:45:48.898957+00:00,2298,-6.288583799999989,106.77784095,complex_corridor,FRC1,31,41,451,341,1,False,-6.288634823320289,106.77780477487897,6.94084144102375,True,
2026-08-03T05:45:49.164573+00:00,2322,-6.2884621,106.7781152,complex_corridor,FRC1,26,26,53,53,1,False,-6.288455113550981,106.77822722279888,12.405765015820144,True,
2026-08-03T05:45:49.430494+00:00,2459,-6.23996075,106.79819865,complex_corridor,FRC3,17,27,668,420,1,False,-6.239927209643448,106.79835988366938,18.208192291717626,True,
2026-08-03T05:45:49.695457+00:00,2660,-6.288887410002579,106.77817204999796,complex_corridor,FRC1,11,15,40,29,1,False,-6.289080056713849,106.77821112954479,21.852459789678804,True,
2026-08-03T05:45:49.960919+00:00,2731,-6.240104349999994,106.79819525,complex_corridor,FRC1,15,21,400,285,1,False,-6.254711568502923,106.79717434728451,1628.1638385691926,False,
2026-08-03T05:45:50.225323+00:00,2979,-6.239918790000258,106.79844824999957,complex_corridor,FRC2,15,15,2,2,1,False,-6.239928542802509,106.79846583092547,2.2254395550977346,True,
2026-08-03T05:45:50.489224+00:00,3134,-6.2892448600025785,106.77855074999796,complex_corridor,FRC1,22,22,11,11,1,False,-6.289262432333267,106.778499467014,5.995427904385316,True,
2026-08-03T05:45:50.755653+00:00,3164,-6.239840140000258,106.79869149999956,complex_corridor,FRC2,24,24,145,145,1,False,-6.23981997364873,106.79856239045006,14.446370748590217,True,
2026-08-03T05:45:51.022813+00:00,3940,-6.242815700000143,106.84290446666662,complex_corridor,FRC2,21,21,19,19,1,False,-6.242610768682978,106.84288187111798,22.923789898286447,True,
2026-08-03T05:45:51.294854+00:00,3995,-6.2428431,106.8426503,complex_corridor,FRC2,32,32,8,8,1,False,-6.24270333943449,106.84230519617961,41.19038604817657,True,
2026-08-03T05:45:51.560238+00:00,4135,-6.242451300001405,106.84346441666648,complex_corridor,FRC3,27,27,15,15,1,False,-6.24264159782794,106.84303341592732,52.128779444682614,True,
2026-08-03T05:45:51.822173+00:00,4174,-6.242622250001264,106.84418269999986,complex_corridor,FRC3,21,21,14,14,1,False,-6.242365385288672,106.84405667866673,31.777844988721665,True,
2026-08-03T05:45:52.086505+00:00,4307,-6.237238257899974,106.8272395210502,complex_corridor,FRC2,21,21,6,6,1,False,-6.237236971031365,106.82743234718856,21.314848279038795,True,
2026-08-03T05:45:52.350464+00:00,4312,-6.237042057899963,106.8269344210502,complex_corridor,FRC2,23,23,6,6,1,False,-6.237208807900389,106.82690797532604,18.770772040768108,True,
2026-08-03T05:45:52.614609+00:00,4383,-6.255330045001537,106.84307333999776,complex_corridor,FRC4,25,25,7,7,1,False,-6.255170245392188,106.84296367849294,21.509477825194235,True,
2026-08-03T05:45:52.877989+00:00,4421,-6.237577607899957,106.82686737105018,complex_corridor,FRC3,18,18,27,27,1,False,-6.237416698431964,106.82692406858013,18.95817050701808,True,
2026-08-03T05:45:53.142261+00:00,5234,-6.255677025000373,106.8431710999986,complex_corridor,FRC4,23,23,6,6,1,False,-6.25559934329838,106.84329627241084,16.310649749926508,True,
2026-08-03T05:45:53.410981+00:00,5259,-6.255508725000373,106.84360214999862,complex_corridor,FRC4,30,30,287,287,1,False,-6.255457199448482,106.84295563186589,71.6908067558573,True,
2026-08-03T05:45:53.675353+00:00,5296,-6.242909649999996,106.84406470000002,complex_corridor,FRC2,27,35,52,40,1,False,-6.24287098327402,106.84404058541264,5.0587612651154314,True,
2026-08-03T06:00:56.684266+00:00,703,-6.235444892859697,106.75583232857385,complex_corridor,FRC2,28,28,6,6,1,False,-6.235637002833079,106.75573958241279,23.694334982762854,True,
2026-08-03T06:00:56.957722+00:00,821,-6.288795825000754,106.77763638750048,complex_corridor,FRC1,31,31,35,35,1,False,-6.288676397337788,106.77774978959411,18.260596237349766,True,
2026-08-03T06:00:57.223737+00:00,1336,-6.235382350000007,106.7560557,complex_corridor,FRC2,27,27,9,9,1,False,-6.235851643158244,106.75634307944131,61.09133400248038,True,
2026-08-03T06:00:57.489880+00:00,2187,-6.234661449999994,106.7555585,complex_corridor,FRC2,39,39,18,18,1,False,-6.235295044618109,106.75596622907466,83.63486690954973,True,
2026-08-03T06:00:57.755064+00:00,2188,-6.233655599999991,106.75488135,complex_corridor,FRC2,30,30,32,32,1,False,-6.233742064909034,106.75495503627582,12.600808704103487,True,
2026-08-03T06:00:58.025763+00:00,2298,-6.288583799999989,106.77784095,complex_corridor,FRC1,33,41,424,341,1,False,-6.288634823320289,106.77780477487897,6.94084144102375,True,
2026-08-03T06:00:58.307064+00:00,2322,-6.2884621,106.7781152,complex_corridor,FRC1,18,26,77,53,1,False,-6.288455113550981,106.77822722279888,12.405765015820144,True,
2026-08-03T06:00:58.574604+00:00,2459,-6.23996075,106.79819865,complex_corridor,FRC3,21,28,541,405,1,False,-6.239927209643448,106.79835988366938,18.208192291717626,True,
2026-08-03T06:00:58.846333+00:00,2660,-6.288887410002579,106.77817204999796,complex_corridor,FRC1,15,15,29,29,1,False,-6.289080056713849,106.77821112954479,21.852459789678804,True,
2026-08-03T06:00:59.120331+00:00,2731,-6.240104349999994,106.79819525,complex_corridor,FRC1,17,20,353,300,1,False,-6.254711568502923,106.79717434728451,1628.1638385691926,False,
2026-08-03T06:00:59.390117+00:00,2979,-6.239918790000258,106.79844824999957,complex_corridor,FRC2,9,15,4,2,1,False,-6.239928542802509,106.79846583092547,2.2254395550977346,True,
2026-08-03T06:00:59.660604+00:00,3134,-6.2892448600025785,106.77855074999796,complex_corridor,FRC1,22,22,11,11,1,False,-6.289262432333267,106.778499467014,5.995427904385316,True,
2026-08-03T06:00:59.926277+00:00,3164,-6.239840140000258,106.79869149999956,complex_corridor,FRC2,20,24,174,145,1,False,-6.23981997364873,106.79856239045006,14.446370748590217,True,
2026-08-03T06:01:00.198427+00:00,3940,-6.242815700000143,106.84290446666662,complex_corridor,FRC2,21,21,19,19,1,False,-6.242610768682978,106.84288187111798,22.923789898286447,True,
2026-08-03T06:01:00.483635+00:00,3995,-6.2428431,106.8426503,complex_corridor,FRC2,32,32,8,8,1,False,-6.24270333943449,106.84230519617961,41.19038604817657,True,
2026-08-03T06:01:00.747272+00:00,4135,-6.242451300001405,106.84346441666648,complex_corridor,FRC3,27,27,15,15,1,False,-6.24264159782794,106.84303341592732,52.128779444682614,True,
2026-08-03T06:01:01.011068+00:00,4174,-6.242622250001264,106.84418269999986,complex_corridor,FRC3,21,21,14,14,1,False,-6.242365385288672,106.84405667866673,31.777844988721665,True,
2026-08-03T06:01:01.275123+00:00,4307,-6.237238257899974,106.8272395210502,complex_corridor,FRC2,21,21,6,6,1,False,-6.237236971031365,106.82743234718856,21.314848279038795,True,
2026-08-03T06:01:01.549620+00:00,4312,-6.237042057899963,106.8269344210502,complex_corridor,FRC2,23,23,6,6,1,False,-6.237208807900389,106.82690797532604,18.770772040768108,True,
2026-08-03T06:01:01.821145+00:00,4383,-6.255330045001537,106.84307333999776,complex_corridor,FRC4,25,25,7,7,1,False,-6.255170245392188,106.84296367849294,21.509477825194235,True,
2026-08-03T06:01:02.085586+00:00,4421,-6.237577607899957,106.82686737105018,complex_corridor,FRC3,18,18,27,27,1,False,-6.237416698431964,106.82692406858013,18.95817050701808,True,
2026-08-03T06:01:02.347080+00:00,5234,-6.255677025000373,106.8431710999986,complex_corridor,FRC4,23,23,6,6,1,False,-6.25559934329838,106.84329627241084,16.310649749926508,True,
2026-08-03T06:01:02.613964+00:00,5259,-6.255508725000373,106.84360214999862,complex_corridor,FRC4,30,30,287,287,1,False,-6.255457199448482,106.84295563186589,71.6908067558573,True,
2026-08-03T06:01:02.880937+00:00,5296,-6.242909649999996,106.84406470000002,complex_corridor,FRC2,21,35,67,40,1,False,-6.24287098327402,106.84404058541264,5.0587612651154314,True,
2026-08-03T06:15:53.683908+00:00,703,-6.235444892859697,106.75583232857385,complex_corridor,FRC2,28,28,6,6,1.0,False,-6.235637002833079,106.75573958241279,23.694334982762854,True,
2026-08-03T06:15:53.950665+00:00,821,-6.288795825000754,106.77763638750048,complex_corridor,FRC1,24,31,45,35,0.99,False,-6.288676397337788,106.77774978959411,18.260596237349766,True,
2026-08-03T06:15:54.222040+00:00,1336,-6.235382350000007,106.7560557,complex_corridor,FRC2,27,27,9,9,1.0,False,-6.235851643158244,106.75634307944131,61.09133400248038,True,
2026-08-03T06:15:54.487794+00:00,2187,-6.234661449999994,106.7555585,complex_corridor,FRC2,39,39,18,18,1.0,False,-6.235295044618109,106.75596622907466,83.63486690954973,True,
2026-08-03T06:15:54.762346+00:00,2188,-6.233655599999991,106.75488135,complex_corridor,FRC2,30,30,32,32,1.0,False,-6.233742064909034,106.75495503627582,12.600808704103487,True,
2026-08-03T06:15:55.036614+00:00,2298,-6.288583799999989,106.77784095,complex_corridor,FRC1,32,40,437,350,1.0,False,-6.288634823320289,106.77780477487897,6.94084144102375,True,
2026-08-03T06:15:55.300592+00:00,2322,-6.2884621,106.7781152,complex_corridor,FRC1,18,26,77,53,1.0,False,-6.288455113550981,106.77822722279888,12.405765015820144,True,
2026-08-03T06:15:55.577548+00:00,2459,-6.23996075,106.79819865,complex_corridor,FRC3,14,27,811,420,1.0,False,-6.239927209643448,106.79835988366938,18.208192291717626,True,
2026-08-03T06:15:55.841628+00:00,2660,-6.288887410002579,106.77817204999796,complex_corridor,FRC1,9,14,49,31,1.0,False,-6.289080056713849,106.77821112954479,21.852459789678804,True,
2026-08-03T06:15:56.126629+00:00,2731,-6.240104349999994,106.79819525,complex_corridor,FRC1,21,21,285,285,1.0,False,-6.254711568502923,106.79717434728451,1628.1638385691926,False,
2026-08-03T06:15:56.390783+00:00,2979,-6.239918790000258,106.79844824999957,complex_corridor,FRC2,10,15,4,2,1.0,False,-6.239928542802509,106.79846583092547,2.2254395550977346,True,
2026-08-03T06:15:56.653627+00:00,3134,-6.2892448600025785,106.77855074999796,complex_corridor,FRC1,22,22,11,11,1.0,False,-6.289262432333267,106.778499467014,5.995427904385316,True,
2026-08-03T06:15:56.931451+00:00,3164,-6.239840140000258,106.79869149999956,complex_corridor,FRC2,17,25,205,139,1.0,False,-6.23981997364873,106.79856239045006,14.446370748590217,True,
2026-08-03T06:15:57.196314+00:00,3940,-6.242815700000143,106.84290446666662,complex_corridor,FRC2,21,21,19,19,1.0,False,-6.242610768682978,106.84288187111798,22.923789898286447,True,
2026-08-03T06:15:57.460749+00:00,3995,-6.2428431,106.8426503,complex_corridor,FRC2,25,30,11,9,0.97,False,-6.24270333943449,106.84230519617961,41.19038604817657,True,
2026-08-03T06:15:57.725037+00:00,4135,-6.242451300001405,106.84346441666648,complex_corridor,FRC3,27,27,15,15,1.0,False,-6.24264159782794,106.84303341592732,52.128779444682614,True,
2026-08-03T06:15:57.988444+00:00,4174,-6.242622250001264,106.84418269999986,complex_corridor,FRC3,15,21,19,14,1.0,False,-6.242365385288672,106.84405667866673,31.777844988721665,True,
2026-08-03T06:15:58.268743+00:00,4307,-6.237238257899974,106.8272395210502,complex_corridor,FRC2,17,21,7,6,0.99,False,-6.237236971031365,106.82743234718856,21.314848279038795,True,
2026-08-03T06:15:58.533119+00:00,4312,-6.237042057899963,106.8269344210502,complex_corridor,FRC2,23,23,6,6,1.0,False,-6.237208807900389,106.82690797532604,18.770772040768108,True,
2026-08-03T06:15:58.795896+00:00,4383,-6.255330045001537,106.84307333999776,complex_corridor,FRC4,25,25,7,7,1.0,False,-6.255170245392188,106.84296367849294,21.509477825194235,True,
2026-08-03T06:15:59.063398+00:00,4421,-6.237577607899957,106.82686737105018,complex_corridor,FRC3,14,17,35,28,0.98,False,-6.237416698431964,106.82692406858013,18.95817050701808,True,
2026-08-03T06:15:59.327346+00:00,5234,-6.255677025000373,106.8431710999986,complex_corridor,FRC4,23,23,6,6,1.0,False,-6.25559934329838,106.84329627241084,16.310649749926508,True,
2026-08-03T06:15:59.591079+00:00,5259,-6.255508725000373,106.84360214999862,complex_corridor,FRC4,25,29,344,297,0.991767,False,-6.255457199448482,106.84295563186589,71.6908067558573,True,
2026-08-03T06:15:59.856307+00:00,5296,-6.242909649999996,106.84406470000002,complex_corridor,FRC2,25,35,56,40,1.0,False,-6.24287098327402,106.84404058541264,5.0587612651154314,True,
2026-08-03T06:30:59.891936+00:00,703,-6.235444892859697,106.75583232857385,complex_corridor,FRC2,28,28,6,6,1.0,False,-6.235637002833079,106.75573958241279,23.694334982762854,True,
2026-08-03T06:31:00.162116+00:00,821,-6.288795825000754,106.77763638750048,complex_corridor,FRC1,21,31,52,35,0.99,False,-6.288676397337788,106.77774978959411,18.260596237349766,True,
2026-08-03T06:31:00.439855+00:00,1336,-6.235382350000007,106.7560557,complex_corridor,FRC2,27,27,9,9,1.0,False,-6.235851643158244,106.75634307944131,61.09133400248038,True,
2026-08-03T06:31:00.714110+00:00,2187,-6.234661449999994,106.7555585,complex_corridor,FRC2,39,39,18,18,1.0,False,-6.235295044618109,106.75596622907466,83.63486690954973,True,
2026-08-03T06:31:00.990972+00:00,2188,-6.233655599999991,106.75488135,complex_corridor,FRC2,30,30,32,32,1.0,False,-6.233742064909034,106.75495503627582,12.600808704103487,True,
2026-08-03T06:31:01.266402+00:00,2298,-6.288583799999989,106.77784095,complex_corridor,FRC1,33,41,424,341,1.0,False,-6.288634823320289,106.77780477487897,6.94084144102375,True,
2026-08-03T06:31:01.535241+00:00,2322,-6.2884621,106.7781152,complex_corridor,FRC1,14,25,100,56,1.0,False,-6.288455113550981,106.77822722279888,12.405765015820144,True,
2026-08-03T06:31:01.806502+00:00,2459,-6.23996075,106.79819865,complex_corridor,FRC3,18,27,631,420,1.0,False,-6.239927209643448,106.79835988366938,18.208192291717626,True,
2026-08-03T06:31:02.120264+00:00,2660,-6.288887410002579,106.77817204999796,complex_corridor,FRC1,9,15,49,29,1.0,False,-6.289080056713849,106.77821112954479,21.852459789678804,True,
2026-08-03T06:31:02.389740+00:00,2731,-6.240104349999994,106.79819525,complex_corridor,FRC1,21,21,285,285,1.0,False,-6.254711568502923,106.79717434728451,1628.1638385691926,False,
2026-08-03T06:31:02.660288+00:00,2979,-6.239918790000258,106.79844824999957,complex_corridor,FRC2,12,15,3,2,1.0,False,-6.239928542802509,106.79846583092547,2.2254395550977346,True,
2026-08-03T06:31:02.929038+00:00,3134,-6.2892448600025785,106.77855074999796,complex_corridor,FRC1,22,22,11,11,1.0,False,-6.289262432333267,106.778499467014,5.995427904385316,True,
2026-08-03T06:31:03.199994+00:00,3164,-6.239840140000258,106.79869149999956,complex_corridor,FRC2,24,24,145,145,1.0,False,-6.23981997364873,106.79856239045006,14.446370748590217,True,
2026-08-03T06:31:03.485009+00:00,3940,-6.242815700000143,106.84290446666662,complex_corridor,FRC2,21,21,19,19,1.0,False,-6.242610768682978,106.84288187111798,22.923789898286447,True,
2026-08-03T06:31:03.752979+00:00,3995,-6.2428431,106.8426503,complex_corridor,FRC2,32,32,8,8,1.0,False,-6.24270333943449,106.84230519617961,41.19038604817657,True,
2026-08-03T06:31:04.022276+00:00,4135,-6.242451300001405,106.84346441666648,complex_corridor,FRC3,27,27,15,15,1.0,False,-6.24264159782794,106.84303341592732,52.128779444682614,True,
2026-08-03T06:31:04.333145+00:00,4174,-6.242622250001264,106.84418269999986,complex_corridor,FRC3,21,21,14,14,1.0,False,-6.242365385288672,106.84405667866673,31.777844988721665,True,
2026-08-03T06:31:04.608654+00:00,4307,-6.237238257899974,106.8272395210502,complex_corridor,FRC2,21,21,6,6,1.0,False,-6.237236971031365,106.82743234718856,21.314848279038795,True,
2026-08-03T06:31:04.877572+00:00,4312,-6.237042057899963,106.8269344210502,complex_corridor,FRC2,23,23,6,6,1.0,False,-6.237208807900389,106.82690797532604,18.770772040768108,True,
2026-08-03T06:31:05.146267+00:00,4383,-6.255330045001537,106.84307333999776,complex_corridor,FRC4,25,25,7,7,1.0,False,-6.255170245392188,106.84296367849294,21.509477825194235,True,
2026-08-03T06:31:05.415833+00:00,4421,-6.237577607899957,106.82686737105018,complex_corridor,FRC3,10,18,49,27,0.99,False,-6.237416698431964,106.82692406858013,18.95817050701808,True,
2026-08-03T06:31:05.684168+00:00,5234,-6.255677025000373,106.8431710999986,complex_corridor,FRC4,23,23,6,6,1.0,False,-6.25559934329838,106.84329627241084,16.310649749926508,True,
2026-08-03T06:31:05.953936+00:00,5259,-6.255508725000373,106.84360214999862,complex_corridor,FRC4,21,30,410,287,0.996299,False,-6.255457199448482,106.84295563186589,71.6908067558573,True,
2026-08-03T06:31:06.223314+00:00,5296,-6.242909649999996,106.84406470000002,complex_corridor,FRC2,35,35,40,40,1.0,False,-6.24287098327402,106.84404058541264,5.0587612651154314,True,
2026-08-03T06:45:47.609817+00:00,703,-6.235444892859697,106.75583232857385,complex_corridor,FRC2,28,28,6,6,1.0,False,-6.235637002833079,106.75573958241279,23.694334982762854,True,
2026-08-03T06:45:47.882054+00:00,821,-6.288795825000754,106.77763638750048,complex_corridor,FRC1,18,30,60,36,0.98,False,-6.288676397337788,106.77774978959411,18.260596237349766,True,
2026-08-03T06:45:48.153030+00:00,1336,-6.235382350000007,106.7560557,complex_corridor,FRC2,16,26,16,10,0.94,False,-6.235851643158244,106.75634307944131,61.09133400248038,True,
2026-08-03T06:45:48.420410+00:00,2187,-6.234661449999994,106.7555585,complex_corridor,FRC2,39,39,18,18,1.0,False,-6.235295044618109,106.75596622907466,83.63486690954973,True,
2026-08-03T06:45:48.692307+00:00,2188,-6.233655599999991,106.75488135,complex_corridor,FRC2,30,30,32,32,1.0,False,-6.233742064909034,106.75495503627582,12.600808704103487,True,
2026-08-03T06:45:48.957465+00:00,2298,-6.288583799999989,106.77784095,complex_corridor,FRC1,32,40,437,350,1.0,False,-6.288634823320289,106.77780477487897,6.94084144102375,True,
2026-08-03T06:45:49.223398+00:00,2322,-6.2884621,106.7781152,complex_corridor,FRC1,13,25,107,56,1.0,False,-6.288455113550981,106.77822722279888,12.405765015820144,True,
2026-08-03T06:45:49.488529+00:00,2459,-6.23996075,106.79819865,complex_corridor,FRC3,19,28,597,405,1.0,False,-6.239927209643448,106.79835988366938,18.208192291717626,True,
2026-08-03T06:45:49.757358+00:00,2660,-6.288887410002579,106.77817204999796,complex_corridor,FRC1,10,15,44,29,1.0,False,-6.289080056713849,106.77821112954479,21.852459789678804,True,
2026-08-03T06:45:50.023518+00:00,2731,-6.240104349999994,106.79819525,complex_corridor,FRC1,18,21,333,285,1.0,False,-6.254711568502923,106.79717434728451,1628.1638385691926,False,
2026-08-03T06:45:50.289691+00:00,2979,-6.239918790000258,106.79844824999957,complex_corridor,FRC2,15,15,2,2,1.0,False,-6.239928542802509,106.79846583092547,2.2254395550977346,True,
2026-08-03T06:45:50.554867+00:00,3134,-6.2892448600025785,106.77855074999796,complex_corridor,FRC1,16,22,16,11,1.0,False,-6.289262432333267,106.778499467014,5.995427904385316,True,
2026-08-03T06:45:50.818583+00:00,3164,-6.239840140000258,106.79869149999956,complex_corridor,FRC2,24,24,145,145,1.0,False,-6.23981997364873,106.79856239045006,14.446370748590217,True,
2026-08-03T06:45:51.081547+00:00,3940,-6.242815700000143,106.84290446666662,complex_corridor,FRC2,15,21,26,19,1.0,False,-6.242610768682978,106.84288187111798,22.923789898286447,True,
2026-08-03T06:45:51.344761+00:00,3995,-6.2428431,106.8426503,complex_corridor,FRC2,26,32,10,8,0.98,False,-6.24270333943449,106.84230519617961,41.19038604817657,True,
2026-08-03T06:45:51.606902+00:00,4135,-6.242451300001405,106.84346441666648,complex_corridor,FRC3,16,27,26,15,1.0,False,-6.24264159782794,106.84303341592732,52.128779444682614,True,
2026-08-03T06:45:51.869853+00:00,4174,-6.242622250001264,106.84418269999986,complex_corridor,FRC3,21,21,14,14,1.0,False,-6.242365385288672,106.84405667866673,31.777844988721665,True,
2026-08-03T06:45:52.133067+00:00,4307,-6.237238257899974,106.8272395210502,complex_corridor,FRC2,14,20,9,6,1.0,False,-6.237236971031365,106.82743234718856,21.314848279038795,True,
2026-08-03T06:45:52.402520+00:00,4312,-6.237042057899963,106.8269344210502,complex_corridor,FRC2,23,23,6,6,1.0,False,-6.237208807900389,106.82690797532604,18.770772040768108,True,
2026-08-03T06:45:52.667003+00:00,4383,-6.255330045001537,106.84307333999776,complex_corridor,FRC4,25,25,7,7,1.0,False,-6.255170245392188,106.84296367849294,21.509477825194235,True,
2026-08-03T06:45:52.935926+00:00,4421,-6.237577607899957,106.82686737105018,complex_corridor,FRC3,10,18,49,27,1.0,False,-6.237416698431964,106.82692406858013,18.95817050701808,True,
2026-08-03T06:45:53.200998+00:00,5234,-6.255677025000373,106.8431710999986,complex_corridor,FRC4,10,22,14,6,0.99,False,-6.25559934329838,106.84329627241084,16.310649749926508,True,
2026-08-03T06:45:53.470831+00:00,5259,-6.255508725000373,106.84360214999862,complex_corridor,FRC4,24,29,359,297,0.996663,False,-6.255457199448482,106.84295563186589,71.6908067558573,True,
2026-08-03T06:45:53.742996+00:00,5296,-6.242909649999996,106.84406470000002,complex_corridor,FRC2,24,35,59,40,1.0,False,-6.24287098327402,106.84404058541264,5.0587612651154314,True,
2026-08-03T07:01:31.532191+00:00,703,-6.235444892859697,106.75583232857385,complex_corridor,FRC2,28,28,6,6,1.0,False,-6.235637002833079,106.75573958241279,23.694334982762854,True,
2026-08-03T07:01:31.795650+00:00,821,-6.288795825000754,106.77763638750048,complex_corridor,FRC1,19,30,57,36,0.97,False,-6.288676397337788,106.77774978959411,18.260596237349766,True,
2026-08-03T07:01:32.075495+00:00,1336,-6.235382350000007,106.7560557,complex_corridor,FRC2,27,27,9,9,1.0,False,-6.235851643158244,106.75634307944131,61.09133400248038,True,
2026-08-03T07:01:32.341007+00:00,2187,-6.234661449999994,106.7555585,complex_corridor,FRC2,39,39,18,18,1.0,False,-6.235295044618109,106.75596622907466,83.63486690954973,True,
2026-08-03T07:01:32.605137+00:00,2188,-6.233655599999991,106.75488135,complex_corridor,FRC2,30,30,32,32,1.0,False,-6.233742064909034,106.75495503627582,12.600808704103487,True,
2026-08-03T07:01:32.874088+00:00,2298,-6.288583799999989,106.77784095,complex_corridor,FRC1,32,40,437,350,1.0,False,-6.288634823320289,106.77780477487897,6.94084144102375,True,
2026-08-03T07:01:33.139168+00:00,2322,-6.2884621,106.7781152,complex_corridor,FRC1,14,26,100,53,0.99,False,-6.288455113550981,106.77822722279888,12.405765015820144,True,
2026-08-03T07:01:33.409059+00:00,2459,-6.23996075,106.79819865,complex_corridor,FRC3,17,27,668,420,1.0,False,-6.239927209643448,106.79835988366938,18.208192291717626,True,
2026-08-03T07:01:33.687736+00:00,2660,-6.288887410002579,106.77817204999796,complex_corridor,FRC1,9,14,49,31,1.0,False,-6.289080056713849,106.77821112954479,21.852459789678804,True,
2026-08-03T07:01:33.974419+00:00,2731,-6.240104349999994,106.79819525,complex_corridor,FRC1,17,21,353,285,1.0,False,-6.254711568502923,106.79717434728451,1628.1638385691926,False,
2026-08-03T07:01:34.241018+00:00,2979,-6.239918790000258,106.79844824999957,complex_corridor,FRC2,15,15,2,2,1.0,False,-6.239928542802509,106.79846583092547,2.2254395550977346,True,
2026-08-03T07:01:34.511299+00:00,3134,-6.2892448600025785,106.77855074999796,complex_corridor,FRC1,22,22,11,11,1.0,False,-6.289262432333267,106.778499467014,5.995427904385316,True,
2026-08-03T07:01:34.775504+00:00,3164,-6.239840140000258,106.79869149999956,complex_corridor,FRC2,24,24,145,145,1.0,False,-6.23981997364873,106.79856239045006,14.446370748590217,True,
2026-08-03T07:01:35.038971+00:00,3940,-6.242815700000143,106.84290446666662,complex_corridor,FRC2,21,21,19,19,1.0,False,-6.242610768682978,106.84288187111798,22.923789898286447,True,
2026-08-03T07:01:35.309004+00:00,3995,-6.2428431,106.8426503,complex_corridor,FRC2,32,32,8,8,1.0,False,-6.24270333943449,106.84230519617961,41.19038604817657,True,
2026-08-03T07:01:35.574754+00:00,4135,-6.242451300001405,106.84346441666648,complex_corridor,FRC3,27,27,15,15,1.0,False,-6.24264159782794,106.84303341592732,52.128779444682614,True,
2026-08-03T07:01:35.846285+00:00,4174,-6.242622250001264,106.84418269999986,complex_corridor,FRC3,21,21,14,14,1.0,False,-6.242365385288672,106.84405667866673,31.777844988721665,True,
2026-08-03T07:01:36.111573+00:00,4307,-6.237238257899974,106.8272395210502,complex_corridor,FRC2,21,21,6,6,1.0,False,-6.237236971031365,106.82743234718856,21.314848279038795,True,
2026-08-03T07:01:36.379580+00:00,4312,-6.237042057899963,106.8269344210502,complex_corridor,FRC2,23,23,6,6,1.0,False,-6.237208807900389,106.82690797532604,18.770772040768108,True,
2026-08-03T07:01:36.643039+00:00,4383,-6.255330045001537,106.84307333999776,complex_corridor,FRC4,20,25,9,7,1.0,False,-6.255170245392188,106.84296367849294,21.509477825194235,True,
2026-08-03T07:01:36.906464+00:00,4421,-6.237577607899957,106.82686737105018,complex_corridor,FRC3,12,18,41,27,1.0,False,-6.237416698431964,106.82692406858013,18.95817050701808,True,
2026-08-03T07:01:37.171691+00:00,5234,-6.255677025000373,106.8431710999986,complex_corridor,FRC4,23,23,6,6,1.0,False,-6.25559934329838,106.84329627241084,16.310649749926508,True,
2026-08-03T07:01:37.443118+00:00,5259,-6.255508725000373,106.84360214999862,complex_corridor,FRC4,22,30,391,287,0.993902,False,-6.255457199448482,106.84295563186589,71.6908067558573,True,
2026-08-03T07:01:37.708391+00:00,5296,-6.242909649999996,106.84406470000002,complex_corridor,FRC2,24,35,59,40,1.0,False,-6.24287098327402,106.84404058541264,5.0587612651154314,True,
2026-08-03T07:16:16.289134+00:00,703,-6.235444892859697,106.75583232857385,complex_corridor,FRC2,28,28,6,6,1.0,False,-6.235637002833079,106.75573958241279,23.694334982762854,True,
2026-08-03T07:16:16.577625+00:00,821,-6.288795825000754,106.77763638750048,complex_corridor,FRC1,31,31,35,35,1.0,False,-6.288676397337788,106.77774978959411,18.260596237349766,True,
2026-08-03T07:16:16.870121+00:00,1336,-6.235382350000007,106.7560557,complex_corridor,FRC2,27,27,9,9,1.0,False,-6.235851643158244,106.75634307944131,61.09133400248038,True,
2026-08-03T07:16:17.155899+00:00,2187,-6.234661449999994,106.7555585,complex_corridor,FRC2,39,39,18,18,1.0,False,-6.235295044618109,106.75596622907466,83.63486690954973,True,
2026-08-03T07:16:17.446542+00:00,2188,-6.233655599999991,106.75488135,complex_corridor,FRC2,30,30,32,32,1.0,False,-6.233742064909034,106.75495503627582,12.600808704103487,True,
2026-08-03T07:16:17.743147+00:00,2298,-6.288583799999989,106.77784095,complex_corridor,FRC1,31,40,451,350,1.0,False,-6.288634823320289,106.77780477487897,6.94084144102375,True,
2026-08-03T07:16:18.034712+00:00,2322,-6.2884621,106.7781152,complex_corridor,FRC1,26,26,53,53,1.0,False,-6.288455113550981,106.77822722279888,12.405765015820144,True,
2026-08-03T07:16:18.324349+00:00,2459,-6.23996075,106.79819865,complex_corridor,FRC3,13,27,873,420,1.0,False,-6.239927209643448,106.79835988366938,18.208192291717626,True,
2026-08-03T07:16:18.615900+00:00,2660,-6.288887410002579,106.77817204999796,complex_corridor,FRC1,11,14,40,31,1.0,False,-6.289080056713849,106.77821112954479,21.852459789678804,True,
2026-08-03T07:16:18.903432+00:00,2731,-6.240104349999994,106.79819525,complex_corridor,FRC1,17,21,353,285,0.996605,False,-6.254711568502923,106.79717434728451,1628.1638385691926,False,
2026-08-03T07:16:19.188620+00:00,2979,-6.239918790000258,106.79844824999957,complex_corridor,FRC2,15,15,2,2,1.0,False,-6.239928542802509,106.79846583092547,2.2254395550977346,True,
2026-08-03T07:16:19.482927+00:00,3134,-6.2892448600025785,106.77855074999796,complex_corridor,FRC1,22,22,11,11,1.0,False,-6.289262432333267,106.778499467014,5.995427904385316,True,
2026-08-03T07:16:19.778623+00:00,3164,-6.239840140000258,106.79869149999956,complex_corridor,FRC2,24,24,145,145,1.0,False,-6.23981997364873,106.79856239045006,14.446370748590217,True,
2026-08-03T07:16:20.066525+00:00,3940,-6.242815700000143,106.84290446666662,complex_corridor,FRC2,21,21,19,19,1.0,False,-6.242610768682978,106.84288187111798,22.923789898286447,True,
2026-08-03T07:16:20.353228+00:00,3995,-6.2428431,106.8426503,complex_corridor,FRC2,22,32,12,8,0.94,False,-6.24270333943449,106.84230519617961,41.19038604817657,True,
2026-08-03T07:16:20.637987+00:00,4135,-6.242451300001405,106.84346441666648,complex_corridor,FRC3,27,27,15,15,1.0,False,-6.24264159782794,106.84303341592732,52.128779444682614,True,
2026-08-03T07:16:20.930306+00:00,4174,-6.242622250001264,106.84418269999986,complex_corridor,FRC3,21,21,14,14,1.0,False,-6.242365385288672,106.84405667866673,31.777844988721665,True,
2026-08-03T07:16:21.221481+00:00,4307,-6.237238257899974,106.8272395210502,complex_corridor,FRC2,21,21,6,6,1.0,False,-6.237236971031365,106.82743234718856,21.314848279038795,True,
2026-08-03T07:16:21.506485+00:00,4312,-6.237042057899963,106.8269344210502,complex_corridor,FRC2,18,22,8,6,1.0,False,-6.237208807900389,106.82690797532604,18.770772040768108,True,
2026-08-03T07:16:21.792816+00:00,4383,-6.255330045001537,106.84307333999776,complex_corridor,FRC4,25,25,7,7,1.0,False,-6.255170245392188,106.84296367849294,21.509477825194235,True,
2026-08-03T07:16:22.087660+00:00,4421,-6.237577607899957,106.82686737105018,complex_corridor,FRC3,18,18,27,27,1.0,False,-6.237416698431964,106.82692406858013,18.95817050701808,True,
2026-08-03T07:16:22.381047+00:00,5234,-6.255677025000373,106.8431710999986,complex_corridor,FRC4,23,23,6,6,1.0,False,-6.25559934329838,106.84329627241084,16.310649749926508,True,
2026-08-03T07:16:22.664211+00:00,5259,-6.255508725000373,106.84360214999862,complex_corridor,FRC4,24,30,359,287,0.994512,False,-6.255457199448482,106.84295563186589,71.6908067558573,True,
2026-08-03T07:16:22.950463+00:00,5296,-6.242909649999996,106.84406470000002,complex_corridor,FRC2,26,34,54,41,1.0,False,-6.24287098327402,106.84404058541264,5.0587612651154314,True,
2026-08-03T07:31:00.361914+00:00,703,-6.235444892859697,106.75583232857385,complex_corridor,FRC2,22,28,7,6,0.88,False,-6.235637002833079,106.75573958241279,23.694334982762854,True,
2026-08-03T07:31:00.632890+00:00,821,-6.288795825000754,106.77763638750048,complex_corridor,FRC1,21,31,52,35,0.99,False,-6.288676397337788,106.77774978959411,18.260596237349766,True,
2026-08-03T07:31:00.907144+00:00,1336,-6.235382350000007,106.7560557,complex_corridor,FRC2,27,27,9,9,1.0,False,-6.235851643158244,106.75634307944131,61.09133400248038,True,
2026-08-03T07:31:01.193722+00:00,2187,-6.234661449999994,106.7555585,complex_corridor,FRC2,39,39,18,18,1.0,False,-6.235295044618109,106.75596622907466,83.63486690954973,True,
2026-08-03T07:31:01.462525+00:00,2188,-6.233655599999991,106.75488135,complex_corridor,FRC2,30,30,32,32,1.0,False,-6.233742064909034,106.75495503627582,12.600808704103487,True,
2026-08-03T07:31:01.732237+00:00,2298,-6.288583799999989,106.77784095,complex_corridor,FRC1,31,41,451,341,1.0,False,-6.288634823320289,106.77780477487897,6.94084144102375,True,
2026-08-03T07:31:02.016357+00:00,2322,-6.2884621,106.7781152,complex_corridor,FRC1,14,25,100,56,1.0,False,-6.288455113550981,106.77822722279888,12.405765015820144,True,
2026-08-03T07:31:02.284460+00:00,2459,-6.23996075,106.79819865,complex_corridor,FRC3,14,27,811,420,1.0,False,-6.239927209643448,106.79835988366938,18.208192291717626,True,
2026-08-03T07:31:02.559729+00:00,2660,-6.288887410002579,106.77817204999796,complex_corridor,FRC1,15,15,29,29,1.0,False,-6.289080056713849,106.77821112954479,21.852459789678804,True,
2026-08-03T07:31:02.828445+00:00,2731,-6.240104349999994,106.79819525,complex_corridor,FRC1,14,21,428,285,1.0,False,-6.254711568502923,106.79717434728451,1628.1638385691926,False,
2026-08-03T07:31:03.096555+00:00,2979,-6.239918790000258,106.79844824999957,complex_corridor,FRC2,10,15,4,2,1.0,False,-6.239928542802509,106.79846583092547,2.2254395550977346,True,
2026-08-03T07:31:03.382776+00:00,3134,-6.2892448600025785,106.77855074999796,complex_corridor,FRC1,22,22,11,11,1.0,False,-6.289262432333267,106.778499467014,5.995427904385316,True,
2026-08-03T07:31:03.652323+00:00,3164,-6.239840140000258,106.79869149999956,complex_corridor,FRC2,20,24,174,145,1.0,False,-6.23981997364873,106.79856239045006,14.446370748590217,True,
2026-08-03T07:31:03.919434+00:00,3940,-6.242815700000143,106.84290446666662,complex_corridor,FRC2,21,21,19,19,1.0,False,-6.242610768682978,106.84288187111798,22.923789898286447,True,
2026-08-03T07:31:04.188242+00:00,3995,-6.2428431,106.8426503,complex_corridor,FRC2,25,30,11,9,0.94,False,-6.24270333943449,106.84230519617961,41.19038604817657,True,
2026-08-03T07:31:04.461681+00:00,4135,-6.242451300001405,106.84346441666648,complex_corridor,FRC3,13,27,32,15,1.0,False,-6.24264159782794,106.84303341592732,52.128779444682614,True,
2026-08-03T07:31:04.728992+00:00,4174,-6.242622250001264,106.84418269999986,complex_corridor,FRC3,21,21,14,14,1.0,False,-6.242365385288672,106.84405667866673,31.777844988721665,True,
2026-08-03T07:31:05.003471+00:00,4307,-6.237238257899974,106.8272395210502,complex_corridor,FRC2,21,21,6,6,1.0,False,-6.237236971031365,106.82743234718856,21.314848279038795,True,
2026-08-03T07:31:05.272669+00:00,4312,-6.237042057899963,106.8269344210502,complex_corridor,FRC2,23,23,6,6,1.0,False,-6.237208807900389,106.82690797532604,18.770772040768108,True,
2026-08-03T07:31:05.541323+00:00,4383,-6.255330045001537,106.84307333999776,complex_corridor,FRC4,25,25,7,7,1.0,False,-6.255170245392188,106.84296367849294,21.509477825194235,True,
2026-08-03T07:31:05.810076+00:00,4421,-6.237577607899957,106.82686737105018,complex_corridor,FRC3,18,18,27,27,1.0,False,-6.237416698431964,106.82692406858013,18.95817050701808,True,
2026-08-03T07:31:06.084189+00:00,5234,-6.255677025000373,106.8431710999986,complex_corridor,FRC4,17,22,8,6,0.99,False,-6.25559934329838,106.84329627241084,16.310649749926508,True,
2026-08-03T07:31:06.354752+00:00,5259,-6.255508725000373,106.84360214999862,complex_corridor,FRC4,24,30,359,287,0.994512,False,-6.255457199448482,106.84295563186589,71.6908067558573,True,
2026-08-03T07:31:06.621894+00:00,5296,-6.242909649999996,106.84406470000002,complex_corridor,FRC2,35,35,40,40,1.0,False,-6.24287098327402,106.84404058541264,5.0587612651154314,True,
2026-08-03T07:46:56.080426+00:00,703,-6.235444892859697,106.75583232857385,complex_corridor,FRC2,28,28,6,6,1.0,False,-6.235637002833079,106.75573958241279,23.694334982762854,True,
2026-08-03T07:46:56.369485+00:00,821,-6.288795825000754,106.77763638750048,complex_corridor,FRC1,16,31,68,35,0.99,False,-6.288676397337788,106.77774978959411,18.260596237349766,True,
2026-08-03T07:46:56.657358+00:00,1336,-6.235382350000007,106.7560557,complex_corridor,FRC2,21,26,12,10,0.97,False,-6.235851643158244,106.75634307944131,61.09133400248038,True,
2026-08-03T07:46:56.942106+00:00,2187,-6.234661449999994,106.7555585,complex_corridor,FRC2,39,39,18,18,1.0,False,-6.235295044618109,106.75596622907466,83.63486690954973,True,
2026-08-03T07:46:57.228831+00:00,2188,-6.233655599999991,106.75488135,complex_corridor,FRC2,30,30,32,32,1.0,False,-6.233742064909034,106.75495503627582,12.600808704103487,True,
2026-08-03T07:46:57.514492+00:00,2298,-6.288583799999989,106.77784095,complex_corridor,FRC1,32,41,437,341,1.0,False,-6.288634823320289,106.77780477487897,6.94084144102375,True,
2026-08-03T07:46:57.803013+00:00,2322,-6.2884621,106.7781152,complex_corridor,FRC1,17,26,82,53,0.99,False,-6.288455113550981,106.77822722279888,12.405765015820144,True,
2026-08-03T07:46:58.093095+00:00,2459,-6.23996075,106.79819865,complex_corridor,FRC3,17,27,668,420,1.0,False,-6.239927209643448,106.79835988366938,18.208192291717626,True,
2026-08-03T07:46:58.386000+00:00,2660,-6.288887410002579,106.77817204999796,complex_corridor,FRC1,15,15,29,29,1.0,False,-6.289080056713849,106.77821112954479,21.852459789678804,True,
2026-08-03T07:46:58.675276+00:00,2731,-6.240104349999994,106.79819525,complex_corridor,FRC1,16,21,375,285,1.0,False,-6.254711568502923,106.79717434728451,1628.1638385691926,False,
2026-08-03T07:46:58.961298+00:00,2979,-6.239918790000258,106.79844824999957,complex_corridor,FRC2,15,15,2,2,1.0,False,-6.239928542802509,106.79846583092547,2.2254395550977346,True,
2026-08-03T07:46:59.252399+00:00,3134,-6.2892448600025785,106.77855074999796,complex_corridor,FRC1,22,22,11,11,1.0,False,-6.289262432333267,106.778499467014,5.995427904385316,True,
2026-08-03T07:46:59.542674+00:00,3164,-6.239840140000258,106.79869149999956,complex_corridor,FRC2,24,24,145,145,1.0,False,-6.23981997364873,106.79856239045006,14.446370748590217,True,
2026-08-03T07:46:59.830457+00:00,3940,-6.242815700000143,106.84290446666662,complex_corridor,FRC2,16,21,25,19,0.99,False,-6.242610768682978,106.84288187111798,22.923789898286447,True,
2026-08-03T07:47:00.114099+00:00,3995,-6.2428431,106.8426503,complex_corridor,FRC2,25,30,11,9,0.81,False,-6.24270333943449,106.84230519617961,41.19038604817657,True,
2026-08-03T07:47:00.399870+00:00,4135,-6.242451300001405,106.84346441666648,complex_corridor,FRC3,27,27,15,15,1.0,False,-6.24264159782794,106.84303341592732,52.128779444682614,True,
2026-08-03T07:47:00.694878+00:00,4174,-6.242622250001264,106.84418269999986,complex_corridor,FRC3,21,21,14,14,1.0,False,-6.242365385288672,106.84405667866673,31.777844988721665,True,
2026-08-03T07:47:00.980387+00:00,4307,-6.237238257899974,106.8272395210502,complex_corridor,FRC2,21,21,6,6,1.0,False,-6.237236971031365,106.82743234718856,21.314848279038795,True,
2026-08-03T07:47:01.268893+00:00,4312,-6.237042057899963,106.8269344210502,complex_corridor,FRC2,23,23,6,6,1.0,False,-6.237208807900389,106.82690797532604,18.770772040768108,True,
2026-08-03T07:47:01.553594+00:00,4383,-6.255330045001537,106.84307333999776,complex_corridor,FRC4,25,25,7,7,1.0,False,-6.255170245392188,106.84296367849294,21.509477825194235,True,
2026-08-03T07:47:01.843004+00:00,4421,-6.237577607899957,106.82686737105018,complex_corridor,FRC3,18,18,27,27,1.0,False,-6.237416698431964,106.82692406858013,18.95817050701808,True,
2026-08-03T07:47:02.147487+00:00,5234,-6.255677025000373,106.8431710999986,complex_corridor,FRC4,23,23,6,6,1.0,False,-6.25559934329838,106.84329627241084,16.310649749926508,True,
2026-08-03T07:47:02.434663+00:00,5259,-6.255508725000373,106.84360214999862,complex_corridor,FRC4,22,30,391,287,0.99206,False,-6.255457199448482,106.84295563186589,71.6908067558573,True,
2026-08-03T07:47:02.728532+00:00,5296,-6.242909649999996,106.84406470000002,complex_corridor,FRC2,27,35,52,40,1.0,False,-6.24287098327402,106.84404058541264,5.0587612651154314,True,
2026-08-03T08:01:15.159448+00:00,703,-6.235444892859697,106.75583232857385,complex_corridor,FRC2,28,28,6,6,1.0,False,-6.235637002833079,106.75573958241279,23.694334982762854,True,
2026-08-03T08:01:15.452342+00:00,821,-6.288795825000754,106.77763638750048,complex_corridor,FRC1,17,31,64,35,0.98,False,-6.288676397337788,106.77774978959411,18.260596237349766,True,
2026-08-03T08:01:15.741487+00:00,1336,-6.235382350000007,106.7560557,complex_corridor,FRC2,27,27,9,9,1.0,False,-6.235851643158244,106.75634307944131,61.09133400248038,True,
2026-08-03T08:01:16.029412+00:00,2187,-6.234661449999994,106.7555585,complex_corridor,FRC2,39,39,18,18,1.0,False,-6.235295044618109,106.75596622907466,83.63486690954973,True,
2026-08-03T08:01:16.322869+00:00,2188,-6.233655599999991,106.75488135,complex_corridor,FRC2,24,30,40,32,0.98,False,-6.233742064909034,106.75495503627582,12.600808704103487,True,
2026-08-03T08:01:16.623474+00:00,2298,-6.288583799999989,106.77784095,complex_corridor,FRC1,29,41,482,341,1.0,False,-6.288634823320289,106.77780477487897,6.94084144102375,True,
2026-08-03T08:01:16.913330+00:00,2322,-6.2884621,106.7781152,complex_corridor,FRC1,14,25,100,56,1.0,False,-6.288455113550981,106.77822722279888,12.405765015820144,True,
2026-08-03T08:01:17.205247+00:00,2459,-6.23996075,106.79819865,complex_corridor,FRC3,21,27,541,420,1.0,False,-6.239927209643448,106.79835988366938,18.208192291717626,True,
2026-08-03T08:01:17.494322+00:00,2660,-6.288887410002579,106.77817204999796,complex_corridor,FRC1,15,15,29,29,1.0,False,-6.289080056713849,106.77821112954479,21.852459789678804,True,
2026-08-03T08:01:17.778243+00:00,2731,-6.240104349999994,106.79819525,complex_corridor,FRC1,21,21,285,285,1.0,False,-6.254711568502923,106.79717434728451,1628.1638385691926,False,
2026-08-03T08:01:18.064967+00:00,2979,-6.239918790000258,106.79844824999957,complex_corridor,FRC2,15,15,2,2,1.0,False,-6.239928542802509,106.79846583092547,2.2254395550977346,True,
2026-08-03T08:01:18.352296+00:00,3134,-6.2892448600025785,106.77855074999796,complex_corridor,FRC1,14,22,18,11,1.0,False,-6.289262432333267,106.778499467014,5.995427904385316,True,
2026-08-03T08:01:18.640397+00:00,3164,-6.239840140000258,106.79869149999956,complex_corridor,FRC2,24,24,145,145,1.0,False,-6.23981997364873,106.79856239045006,14.446370748590217,True,
2026-08-03T08:01:18.928385+00:00,3940,-6.242815700000143,106.84290446666662,complex_corridor,FRC2,21,21,19,19,1.0,False,-6.242610768682978,106.84288187111798,22.923789898286447,True,
2026-08-03T08:01:19.216053+00:00,3995,-6.2428431,106.8426503,complex_corridor,FRC2,32,32,8,8,1.0,False,-6.24270333943449,106.84230519617961,41.19038604817657,True,
2026-08-03T08:01:19.502139+00:00,4135,-6.242451300001405,106.84346441666648,complex_corridor,FRC3,27,27,15,15,1.0,False,-6.24264159782794,106.84303341592732,52.128779444682614,True,
2026-08-03T08:01:19.790417+00:00,4174,-6.242622250001264,106.84418269999986,complex_corridor,FRC3,21,21,14,14,1.0,False,-6.242365385288672,106.84405667866673,31.777844988721665,True,
2026-08-03T08:01:20.072667+00:00,4307,-6.237238257899974,106.8272395210502,complex_corridor,FRC2,21,21,6,6,1.0,False,-6.237236971031365,106.82743234718856,21.314848279038795,True,
2026-08-03T08:01:20.360908+00:00,4312,-6.237042057899963,106.8269344210502,complex_corridor,FRC2,23,23,6,6,1.0,False,-6.237208807900389,106.82690797532604,18.770772040768108,True,
2026-08-03T08:01:20.655407+00:00,4383,-6.255330045001537,106.84307333999776,complex_corridor,FRC4,25,25,7,7,1.0,False,-6.255170245392188,106.84296367849294,21.509477825194235,True,
2026-08-03T08:01:20.958878+00:00,4421,-6.237577607899957,106.82686737105018,complex_corridor,FRC3,18,18,27,27,1.0,False,-6.237416698431964,106.82692406858013,18.95817050701808,True,
2026-08-03T08:01:21.248990+00:00,5234,-6.255677025000373,106.8431710999986,complex_corridor,FRC4,23,23,6,6,1.0,False,-6.25559934329838,106.84329627241084,16.310649749926508,True,
2026-08-03T08:01:21.543229+00:00,5259,-6.255508725000373,106.84360214999862,complex_corridor,FRC4,23,29,374,297,0.99541,False,-6.255457199448482,106.84295563186589,71.6908067558573,True,
2026-08-03T08:01:21.829511+00:00,5296,-6.242909649999996,106.84406470000002,complex_corridor,FRC2,27,35,52,40,1.0,False,-6.24287098327402,106.84404058541264,5.0587612651154314,True,
2026-08-03T08:21:03.807187+00:00,703,-6.235444892859697,106.75583232857385,complex_corridor,FRC2,28,28,6,6,1.0,False,-6.235637002833079,106.75573958241279,23.694334982762854,True,
2026-08-03T08:21:04.100118+00:00,821,-6.288795825000754,106.77763638750048,complex_corridor,FRC1,31,31,35,35,1.0,False,-6.288676397337788,106.77774978959411,18.260596237349766,True,
2026-08-03T08:21:04.392370+00:00,1336,-6.235382350000007,106.7560557,complex_corridor,FRC2,27,27,9,9,1.0,False,-6.235851643158244,106.75634307944131,61.09133400248038,True,
2026-08-03T08:21:04.690702+00:00,2187,-6.234661449999994,106.7555585,complex_corridor,FRC2,39,39,18,18,1.0,False,-6.235295044618109,106.75596622907466,83.63486690954973,True,
2026-08-03T08:21:04.980806+00:00,2188,-6.233655599999991,106.75488135,complex_corridor,FRC2,30,30,32,32,1.0,False,-6.233742064909034,106.75495503627582,12.600808704103487,True,
2026-08-03T08:21:05.270720+00:00,2298,-6.288583799999989,106.77784095,complex_corridor,FRC1,32,41,437,341,1.0,False,-6.288634823320289,106.77780477487897,6.94084144102375,True,
2026-08-03T08:21:05.559802+00:00,2322,-6.2884621,106.7781152,complex_corridor,FRC1,13,26,107,53,1.0,False,-6.288455113550981,106.77822722279888,12.405765015820144,True,
2026-08-03T08:21:05.854594+00:00,2459,-6.23996075,106.79819865,complex_corridor,FRC3,15,29,757,391,1.0,False,-6.239927209643448,106.79835988366938,18.208192291717626,True,
2026-08-03T08:21:06.151782+00:00,2660,-6.288887410002579,106.77817204999796,complex_corridor,FRC1,15,15,29,29,1.0,False,-6.289080056713849,106.77821112954479,21.852459789678804,True,
2026-08-03T08:21:06.440479+00:00,2731,-6.240104349999994,106.79819525,complex_corridor,FRC1,15,22,400,272,1.0,False,-6.254711568502923,106.79717434728451,1628.1638385691926,False,
2026-08-03T08:21:06.732955+00:00,2979,-6.239918790000258,106.79844824999957,complex_corridor,FRC2,15,15,2,2,1.0,False,-6.239928542802509,106.79846583092547,2.2254395550977346,True,
2026-08-03T08:21:07.028239+00:00,3134,-6.2892448600025785,106.77855074999796,complex_corridor,FRC1,22,22,11,11,1.0,False,-6.289262432333267,106.778499467014,5.995427904385316,True,
2026-08-03T08:21:07.315919+00:00,3164,-6.239840140000258,106.79869149999956,complex_corridor,FRC2,24,24,145,145,1.0,False,-6.23981997364873,106.79856239045006,14.446370748590217,True,
2026-08-03T08:21:07.606358+00:00,3940,-6.242815700000143,106.84290446666662,complex_corridor,FRC2,21,21,19,19,1.0,False,-6.242610768682978,106.84288187111798,22.923789898286447,True,
2026-08-03T08:21:07.893902+00:00,3995,-6.2428431,106.8426503,complex_corridor,FRC2,26,32,10,8,0.97,False,-6.24270333943449,106.84230519617961,41.19038604817657,True,
2026-08-03T08:21:08.184139+00:00,4135,-6.242451300001405,106.84346441666648,complex_corridor,FRC3,27,27,15,15,1.0,False,-6.24264159782794,106.84303341592732,52.128779444682614,True,
2026-08-03T08:21:08.486483+00:00,4174,-6.242622250001264,106.84418269999986,complex_corridor,FRC3,21,21,14,14,1.0,False,-6.242365385288672,106.84405667866673,31.777844988721665,True,
2026-08-03T08:21:08.775123+00:00,4307,-6.237238257899974,106.8272395210502,complex_corridor,FRC2,21,21,6,6,1.0,False,-6.237236971031365,106.82743234718856,21.314848279038795,True,
2026-08-03T08:21:09.065777+00:00,4312,-6.237042057899963,106.8269344210502,complex_corridor,FRC2,23,23,6,6,1.0,False,-6.237208807900389,106.82690797532604,18.770772040768108,True,
2026-08-03T08:21:09.353903+00:00,4383,-6.255330045001537,106.84307333999776,complex_corridor,FRC4,15,24,12,7,1.0,False,-6.255170245392188,106.84296367849294,21.509477825194235,True,
2026-08-03T08:21:09.650348+00:00,4421,-6.237577607899957,106.82686737105018,complex_corridor,FRC3,14,17,35,28,0.98,False,-6.237416698431964,106.82692406858013,18.95817050701808,True,
2026-08-03T08:21:09.941237+00:00,5234,-6.255677025000373,106.8431710999986,complex_corridor,FRC4,23,23,6,6,1.0,False,-6.25559934329838,106.84329627241084,16.310649749926508,True,
2026-08-03T08:21:10.233216+00:00,5259,-6.255508725000373,106.84360214999862,complex_corridor,FRC4,20,30,430,287,0.996579,False,-6.255457199448482,106.84295563186589,71.6908067558573,True,
2026-08-03T08:21:10.527379+00:00,5296,-6.242909649999996,106.84406470000002,complex_corridor,FRC2,35,35,40,40,1.0,False,-6.24287098327402,106.84404058541264,5.0587612651154314,True,
2026-08-03T08:30:58.760138+00:00,703,-6.235444892859697,106.75583232857385,complex_corridor,FRC2,28,28,6,6,1.0,False,-6.235637002833079,106.75573958241279,23.694334982762854,True,
2026-08-03T08:30:59.040911+00:00,821,-6.288795825000754,106.77763638750048,complex_corridor,FRC1,31,31,35,35,1.0,False,-6.288676397337788,106.77774978959411,18.260596237349766,True,
2026-08-03T08:30:59.310041+00:00,1336,-6.235382350000007,106.7560557,complex_corridor,FRC2,27,27,9,9,1.0,False,-6.235851643158244,106.75634307944131,61.09133400248038,True,
2026-08-03T08:30:59.602240+00:00,2187,-6.234661449999994,106.7555585,complex_corridor,FRC2,39,39,18,18,1.0,False,-6.235295044618109,106.75596622907466,83.63486690954973,True,
2026-08-03T08:30:59.871451+00:00,2188,-6.233655599999991,106.75488135,complex_corridor,FRC2,30,30,32,32,1.0,False,-6.233742064909034,106.75495503627582,12.600808704103487,True,
2026-08-03T08:31:00.139084+00:00,2298,-6.288583799999989,106.77784095,complex_corridor,FRC1,28,40,500,350,1.0,False,-6.288634823320289,106.77780477487897,6.94084144102375,True,
2026-08-03T08:31:00.404618+00:00,2322,-6.2884621,106.7781152,complex_corridor,FRC1,12,26,116,53,1.0,False,-6.288455113550981,106.77822722279888,12.405765015820144,True,
2026-08-03T08:31:00.693782+00:00,2459,-6.23996075,106.79819865,complex_corridor,FRC3,15,27,757,420,1.0,False,-6.239927209643448,106.79835988366938,18.208192291717626,True,
2026-08-03T08:31:00.959462+00:00,2660,-6.288887410002579,106.77817204999796,complex_corridor,FRC1,10,15,44,29,1.0,False,-6.289080056713849,106.77821112954479,21.852459789678804,True,
2026-08-03T08:31:01.228590+00:00,2731,-6.240104349999994,106.79819525,complex_corridor,FRC1,15,21,400,285,1.0,False,-6.254711568502923,106.79717434728451,1628.1638385691926,False,
2026-08-03T08:31:01.498156+00:00,2979,-6.239918790000258,106.79844824999957,complex_corridor,FRC2,12,15,3,2,1.0,False,-6.239928542802509,106.79846583092547,2.2254395550977346,True,
2026-08-03T08:31:01.764072+00:00,3134,-6.2892448600025785,106.77855074999796,complex_corridor,FRC1,22,22,11,11,1.0,False,-6.289262432333267,106.778499467014,5.995427904385316,True,
2026-08-03T08:31:02.035884+00:00,3164,-6.239840140000258,106.79869149999956,complex_corridor,FRC2,24,24,145,145,1.0,False,-6.23981997364873,106.79856239045006,14.446370748590217,True,
2026-08-03T08:31:02.299239+00:00,3940,-6.242815700000143,106.84290446666662,complex_corridor,FRC2,21,21,19,19,1.0,False,-6.242610768682978,106.84288187111798,22.923789898286447,True,
2026-08-03T08:31:02.566339+00:00,3995,-6.2428431,106.8426503,complex_corridor,FRC2,32,32,8,8,1.0,False,-6.24270333943449,106.84230519617961,41.19038604817657,True,
2026-08-03T08:31:02.837880+00:00,4135,-6.242451300001405,106.84346441666648,complex_corridor,FRC3,27,27,15,15,1.0,False,-6.24264159782794,106.84303341592732,52.128779444682614,True,
2026-08-03T08:31:03.107173+00:00,4174,-6.242622250001264,106.84418269999986,complex_corridor,FRC3,16,20,18,14,0.99,False,-6.242365385288672,106.84405667866673,31.777844988721665,True,
2026-08-03T08:31:03.373805+00:00,4307,-6.237238257899974,106.8272395210502,complex_corridor,FRC2,21,21,6,6,1.0,False,-6.237236971031365,106.82743234718856,21.314848279038795,True,
2026-08-03T08:31:03.639802+00:00,4312,-6.237042057899963,106.8269344210502,complex_corridor,FRC2,23,23,6,6,1.0,False,-6.237208807900389,106.82690797532604,18.770772040768108,True,
2026-08-03T08:31:03.904775+00:00,4383,-6.255330045001537,106.84307333999776,complex_corridor,FRC4,25,25,7,7,1.0,False,-6.255170245392188,106.84296367849294,21.509477825194235,True,
2026-08-03T08:31:04.170862+00:00,4421,-6.237577607899957,106.82686737105018,complex_corridor,FRC3,11,17,44,28,0.99,False,-6.237416698431964,106.82692406858013,18.95817050701808,True,
2026-08-03T08:31:04.438647+00:00,5234,-6.255677025000373,106.8431710999986,complex_corridor,FRC4,23,23,6,6,1.0,False,-6.25559934329838,106.84329627241084,16.310649749926508,True,
2026-08-03T08:31:04.702211+00:00,5259,-6.255508725000373,106.84360214999862,complex_corridor,FRC4,20,30,430,287,0.993334,False,-6.255457199448482,106.84295563186589,71.6908067558573,True,
2026-08-03T08:31:04.973080+00:00,5296,-6.242909649999996,106.84406470000002,complex_corridor,FRC2,22,35,64,40,1.0,False,-6.24287098327402,106.84404058541264,5.0587612651154314,True,
2026-08-03T08:45:59.819804+00:00,703,-6.235444892859697,106.75583232857385,complex_corridor,FRC2,28,28,6,6,1.0,False,-6.235637002833079,106.75573958241279,23.694334982762854,True,
2026-08-03T08:46:00.129318+00:00,821,-6.288795825000754,106.77763638750048,complex_corridor,FRC1,31,31,35,35,1.0,False,-6.288676397337788,106.77774978959411,18.260596237349766,True,
2026-08-03T08:46:00.429601+00:00,1336,-6.235382350000007,106.7560557,complex_corridor,FRC2,27,27,9,9,1.0,False,-6.235851643158244,106.75634307944131,61.09133400248038,True,
2026-08-03T08:46:00.739505+00:00,2187,-6.234661449999994,106.7555585,complex_corridor,FRC2,39,39,18,18,1.0,False,-6.235295044618109,106.75596622907466,83.63486690954973,True,
2026-08-03T08:46:01.045816+00:00,2188,-6.233655599999991,106.75488135,complex_corridor,FRC2,30,30,32,32,1.0,False,-6.233742064909034,106.75495503627582,12.600808704103487,True,
2026-08-03T08:46:01.352688+00:00,2298,-6.288583799999989,106.77784095,complex_corridor,FRC1,29,40,482,350,1.0,False,-6.288634823320289,106.77780477487897,6.94084144102375,True,
2026-08-03T08:46:01.668951+00:00,2322,-6.2884621,106.7781152,complex_corridor,FRC1,14,26,100,53,1.0,False,-6.288455113550981,106.77822722279888,12.405765015820144,True,
2026-08-03T08:46:01.971784+00:00,2459,-6.23996075,106.79819865,complex_corridor,FRC3,17,28,668,405,1.0,False,-6.239927209643448,106.79835988366938,18.208192291717626,True,
2026-08-03T08:46:02.277748+00:00,2660,-6.288887410002579,106.77817204999796,complex_corridor,FRC1,10,15,44,29,1.0,False,-6.289080056713849,106.77821112954479,21.852459789678804,True,
2026-08-03T08:46:02.581654+00:00,2731,-6.240104349999994,106.79819525,complex_corridor,FRC1,11,22,545,272,1.0,False,-6.254711568502923,106.79717434728451,1628.1638385691926,False,
2026-08-03T08:46:02.884198+00:00,2979,-6.239918790000258,106.79844824999957,complex_corridor,FRC2,5,13,8,3,1.0,False,-6.239928542802509,106.79846583092547,2.2254395550977346,True,
2026-08-03T08:46:03.182421+00:00,3134,-6.2892448600025785,106.77855074999796,complex_corridor,FRC1,22,22,11,11,1.0,False,-6.289262432333267,106.778499467014,5.995427904385316,True,
2026-08-03T08:46:03.483196+00:00,3164,-6.239840140000258,106.79869149999956,complex_corridor,FRC2,24,24,145,145,1.0,False,-6.23981997364873,106.79856239045006,14.446370748590217,True,
2026-08-03T08:46:03.783945+00:00,3940,-6.242815700000143,106.84290446666662,complex_corridor,FRC2,21,21,19,19,1.0,False,-6.242610768682978,106.84288187111798,22.923789898286447,True,
2026-08-03T08:46:04.083833+00:00,3995,-6.2428431,106.8426503,complex_corridor,FRC2,32,32,8,8,1.0,False,-6.24270333943449,106.84230519617961,41.19038604817657,True,
2026-08-03T08:46:04.386897+00:00,4135,-6.242451300001405,106.84346441666648,complex_corridor,FRC3,27,27,15,15,1.0,False,-6.24264159782794,106.84303341592732,52.128779444682614,True,
2026-08-03T08:46:04.687363+00:00,4174,-6.242622250001264,106.84418269999986,complex_corridor,FRC3,21,21,14,14,1.0,False,-6.242365385288672,106.84405667866673,31.777844988721665,True,
2026-08-03T08:46:04.990204+00:00,4307,-6.237238257899974,106.8272395210502,complex_corridor,FRC2,14,20,9,6,0.99,False,-6.237236971031365,106.82743234718856,21.314848279038795,True,
2026-08-03T08:46:05.289921+00:00,4312,-6.237042057899963,106.8269344210502,complex_corridor,FRC2,23,23,6,6,1.0,False,-6.237208807900389,106.82690797532604,18.770772040768108,True,
2026-08-03T08:46:05.589965+00:00,4383,-6.255330045001537,106.84307333999776,complex_corridor,FRC4,17,25,10,7,1.0,False,-6.255170245392188,106.84296367849294,21.509477825194235,True,
2026-08-03T08:46:05.888789+00:00,4421,-6.237577607899957,106.82686737105018,complex_corridor,FRC3,10,18,49,27,0.99,False,-6.237416698431964,106.82692406858013,18.95817050701808,True,
2026-08-03T08:46:06.191950+00:00,5234,-6.255677025000373,106.8431710999986,complex_corridor,FRC4,23,23,6,6,1.0,False,-6.25559934329838,106.84329627241084,16.310649749926508,True,
2026-08-03T08:46:06.493794+00:00,5259,-6.255508725000373,106.84360214999862,complex_corridor,FRC4,23,30,374,287,0.992741,False,-6.255457199448482,106.84295563186589,71.6908067558573,True,
2026-08-03T08:46:06.798204+00:00,5296,-6.242909649999996,106.84406470000002,complex_corridor,FRC2,27,34,52,41,1.0,False,-6.24287098327402,106.84404058541264,5.0587612651154314,True,
2026-08-03T09:01:33.528553+00:00,703,-6.235444892859697,106.75583232857385,complex_corridor,FRC2,28,28,6,6,1.0,False,-6.235637002833079,106.75573958241279,23.694334982762854,True,
2026-08-03T09:01:33.797651+00:00,821,-6.288795825000754,106.77763638750048,complex_corridor,FRC1,24,30,45,36,1.0,False,-6.288676397337788,106.77774978959411,18.260596237349766,True,
2026-08-03T09:01:34.091468+00:00,1336,-6.235382350000007,106.7560557,complex_corridor,FRC2,27,27,9,9,1.0,False,-6.235851643158244,106.75634307944131,61.09133400248038,True,
2026-08-03T09:01:34.355600+00:00,2187,-6.234661449999994,106.7555585,complex_corridor,FRC2,39,39,18,18,1.0,False,-6.235295044618109,106.75596622907466,83.63486690954973,True,
2026-08-03T09:01:34.630829+00:00,2188,-6.233655599999991,106.75488135,complex_corridor,FRC2,30,30,32,32,1.0,False,-6.233742064909034,106.75495503627582,12.600808704103487,True,
2026-08-03T09:01:34.902938+00:00,2298,-6.288583799999989,106.77784095,complex_corridor,FRC1,32,41,437,341,1.0,False,-6.288634823320289,106.77780477487897,6.94084144102375,True,
2026-08-03T09:01:35.194284+00:00,2322,-6.2884621,106.7781152,complex_corridor,FRC1,20,25,70,56,1.0,False,-6.288455113550981,106.77822722279888,12.405765015820144,True,
2026-08-03T09:01:35.476797+00:00,2459,-6.23996075,106.79819865,complex_corridor,FRC3,17,27,668,420,1.0,False,-6.239927209643448,106.79835988366938,18.208192291717626,True,
2026-08-03T09:01:35.744248+00:00,2660,-6.288887410002579,106.77817204999796,complex_corridor,FRC1,8,14,55,31,1.0,False,-6.289080056713849,106.77821112954479,21.852459789678804,True,
2026-08-03T09:01:36.028099+00:00,2731,-6.240104349999994,106.79819525,complex_corridor,FRC1,16,23,375,260,1.0,False,-6.254711568502923,106.79717434728451,1628.1638385691926,False,
2026-08-03T09:01:36.300495+00:00,2979,-6.239918790000258,106.79844824999957,complex_corridor,FRC2,15,15,2,2,1.0,False,-6.239928542802509,106.79846583092547,2.2254395550977346,True,
2026-08-03T09:01:36.571557+00:00,3134,-6.2892448600025785,106.77855074999796,complex_corridor,FRC1,22,22,11,11,1.0,False,-6.289262432333267,106.778499467014,5.995427904385316,True,
2026-08-03T09:01:36.837105+00:00,3164,-6.239840140000258,106.79869149999956,complex_corridor,FRC2,18,23,193,151,1.0,False,-6.23981997364873,106.79856239045006,14.446370748590217,True,
2026-08-03T09:01:37.112551+00:00,3940,-6.242815700000143,106.84290446666662,complex_corridor,FRC2,21,21,19,19,1.0,False,-6.242610768682978,106.84288187111798,22.923789898286447,True,
2026-08-03T09:01:37.384570+00:00,3995,-6.2428431,106.8426503,complex_corridor,FRC2,32,32,8,8,1.0,False,-6.24270333943449,106.84230519617961,41.19038604817657,True,
2026-08-03T09:01:37.649602+00:00,4135,-6.242451300001405,106.84346441666648,complex_corridor,FRC3,20,26,20,16,1.0,False,-6.24264159782794,106.84303341592732,52.128779444682614,True,
2026-08-03T09:01:37.922192+00:00,4174,-6.242622250001264,106.84418269999986,complex_corridor,FRC3,16,21,18,14,0.99,False,-6.242365385288672,106.84405667866673,31.777844988721665,True,
2026-08-03T09:01:38.187111+00:00,4307,-6.237238257899974,106.8272395210502,complex_corridor,FRC2,11,21,11,6,0.99,False,-6.237236971031365,106.82743234718856,21.314848279038795,True,
2026-08-03T09:01:38.456054+00:00,4312,-6.237042057899963,106.8269344210502,complex_corridor,FRC2,23,23,6,6,1.0,False,-6.237208807900389,106.82690797532604,18.770772040768108,True,
2026-08-03T09:01:38.743354+00:00,4383,-6.255330045001537,106.84307333999776,complex_corridor,FRC4,19,24,9,7,1.0,False,-6.255170245392188,106.84296367849294,21.509477825194235,True,
2026-08-03T09:01:39.006788+00:00,4421,-6.237577607899957,106.82686737105018,complex_corridor,FRC3,11,18,44,27,0.99,False,-6.237416698431964,106.82692406858013,18.95817050701808,True,
2026-08-03T09:01:39.300954+00:00,5234,-6.255677025000373,106.8431710999986,complex_corridor,FRC4,23,23,6,6,1.0,False,-6.25559934329838,106.84329627241084,16.310649749926508,True,
2026-08-03T09:01:39.569012+00:00,5259,-6.255508725000373,106.84360214999862,complex_corridor,FRC4,20,31,430,278,0.99267,False,-6.255457199448482,106.84295563186589,71.6908067558573,True,
2026-08-03T09:01:39.833635+00:00,5296,-6.242909649999996,106.84406470000002,complex_corridor,FRC2,27,35,52,40,1.0,False,-6.24287098327402,106.84404058541264,5.0587612651154314,True,
2026-08-03T09:15:50.711697+00:00,703,-6.235444892859697,106.75583232857385,complex_corridor,FRC2,28,28,6,6,1.0,False,-6.235637002833079,106.75573958241279,23.694334982762854,True,
2026-08-03T09:15:51.007239+00:00,821,-6.288795825000754,106.77763638750048,complex_corridor,FRC1,31,31,35,35,1.0,False,-6.288676397337788,106.77774978959411,18.260596237349766,True,
2026-08-03T09:15:51.302031+00:00,1336,-6.235382350000007,106.7560557,complex_corridor,FRC2,27,27,9,9,1.0,False,-6.235851643158244,106.75634307944131,61.09133400248038,True,
2026-08-03T09:15:51.601374+00:00,2187,-6.234661449999994,106.7555585,complex_corridor,FRC2,39,39,18,18,1.0,False,-6.235295044618109,106.75596622907466,83.63486690954973,True,
2026-08-03T09:15:51.893410+00:00,2188,-6.233655599999991,106.75488135,complex_corridor,FRC2,30,30,32,32,1.0,False,-6.233742064909034,106.75495503627582,12.600808704103487,True,
2026-08-03T09:15:52.207968+00:00,2298,-6.288583799999989,106.77784095,complex_corridor,FRC1,30,40,466,350,1.0,False,-6.288634823320289,106.77780477487897,6.94084144102375,True,
2026-08-03T09:15:52.506916+00:00,2322,-6.2884621,106.7781152,complex_corridor,FRC1,18,25,77,56,1.0,False,-6.288455113550981,106.77822722279888,12.405765015820144,True,
2026-08-03T09:15:52.803977+00:00,2459,-6.23996075,106.79819865,complex_corridor,FRC3,19,27,597,420,0.998561,False,-6.239927209643448,106.79835988366938,18.208192291717626,True,
2026-08-03T09:15:53.098682+00:00,2660,-6.288887410002579,106.77817204999796,complex_corridor,FRC1,15,15,29,29,1.0,False,-6.289080056713849,106.77821112954479,21.852459789678804,True,
2026-08-03T09:15:53.395824+00:00,2731,-6.240104349999994,106.79819525,complex_corridor,FRC1,14,21,428,285,1.0,False,-6.254711568502923,106.79717434728451,1628.1638385691926,False,
2026-08-03T09:15:53.686546+00:00,2979,-6.239918790000258,106.79844824999957,complex_corridor,FRC2,15,15,2,2,1.0,False,-6.239928542802509,106.79846583092547,2.2254395550977346,True,
2026-08-03T09:15:53.987612+00:00,3134,-6.2892448600025785,106.77855074999796,complex_corridor,FRC1,22,22,11,11,1.0,False,-6.289262432333267,106.778499467014,5.995427904385316,True,
2026-08-03T09:15:54.284842+00:00,3164,-6.239840140000258,106.79869149999956,complex_corridor,FRC2,24,24,145,145,1.0,False,-6.23981997364873,106.79856239045006,14.446370748590217,True,
2026-08-03T09:15:54.579191+00:00,3940,-6.242815700000143,106.84290446666662,complex_corridor,FRC2,14,20,28,20,1.0,False,-6.242610768682978,106.84288187111798,22.923789898286447,True,
2026-08-03T09:15:54.872141+00:00,3995,-6.2428431,106.8426503,complex_corridor,FRC2,32,32,8,8,1.0,False,-6.24270333943449,106.84230519617961,41.19038604817657,True,
2026-08-03T09:15:55.169853+00:00,4135,-6.242451300001405,106.84346441666648,complex_corridor,FRC3,27,27,15,15,1.0,False,-6.24264159782794,106.84303341592732,52.128779444682614,True,
2026-08-03T09:15:55.470023+00:00,4174,-6.242622250001264,106.84418269999986,complex_corridor,FRC3,21,21,14,14,1.0,False,-6.242365385288672,106.84405667866673,31.777844988721665,True,
2026-08-03T09:15:55.767072+00:00,4307,-6.237238257899974,106.8272395210502,complex_corridor,FRC2,21,21,6,6,1.0,False,-6.237236971031365,106.82743234718856,21.314848279038795,True,
2026-08-03T09:15:56.064118+00:00,4312,-6.237042057899963,106.8269344210502,complex_corridor,FRC2,23,23,6,6,1.0,False,-6.237208807900389,106.82690797532604,18.770772040768108,True,
2026-08-03T09:15:56.365297+00:00,4383,-6.255330045001537,106.84307333999776,complex_corridor,FRC4,25,25,7,7,1.0,False,-6.255170245392188,106.84296367849294,21.509477825194235,True,
2026-08-03T09:15:56.675606+00:00,4421,-6.237577607899957,106.82686737105018,complex_corridor,FRC3,18,18,27,27,1.0,False,-6.237416698431964,106.82692406858013,18.95817050701808,True,
2026-08-03T09:15:56.974345+00:00,5234,-6.255677025000373,106.8431710999986,complex_corridor,FRC4,23,23,6,6,1.0,False,-6.25559934329838,106.84329627241084,16.310649749926508,True,
2026-08-03T09:15:57.267302+00:00,5259,-6.255508725000373,106.84360214999862,complex_corridor,FRC4,24,29,359,297,0.996299,False,-6.255457199448482,106.84295563186589,71.6908067558573,True,
2026-08-03T09:15:57.562112+00:00,5296,-6.242909649999996,106.84406470000002,complex_corridor,FRC2,35,35,40,40,1.0,False,-6.24287098327402,106.84404058541264,5.0587612651154314,True,
2026-08-03T09:32:56.802710+00:00,703,-6.235444892859697,106.75583232857385,complex_corridor,FRC2,28,28,6,6,1.0,False,-6.235637002833079,106.75573958241279,23.694334982762854,True,
2026-08-03T09:32:57.087233+00:00,821,-6.288795825000754,106.77763638750048,complex_corridor,FRC1,22,31,49,35,1.0,False,-6.288676397337788,106.77774978959411,18.260596237349766,True,
2026-08-03T09:32:57.364806+00:00,1336,-6.235382350000007,106.7560557,complex_corridor,FRC2,27,27,9,9,1.0,False,-6.235851643158244,106.75634307944131,61.09133400248038,True,
2026-08-03T09:32:57.631311+00:00,2187,-6.234661449999994,106.7555585,complex_corridor,FRC2,39,39,18,18,1.0,False,-6.235295044618109,106.75596622907466,83.63486690954973,True,
2026-08-03T09:32:57.904695+00:00,2188,-6.233655599999991,106.75488135,complex_corridor,FRC2,30,30,32,32,1.0,False,-6.233742064909034,106.75495503627582,12.600808704103487,True,
2026-08-03T09:32:58.169191+00:00,2298,-6.288583799999989,106.77784095,complex_corridor,FRC1,30,41,466,341,1.0,False,-6.288634823320289,106.77780477487897,6.94084144102375,True,
2026-08-03T09:32:58.439141+00:00,2322,-6.2884621,106.7781152,complex_corridor,FRC1,19,25,73,56,1.0,False,-6.288455113550981,106.77822722279888,12.405765015820144,True,
2026-08-03T09:32:58.705376+00:00,2459,-6.23996075,106.79819865,complex_corridor,FRC3,17,27,668,420,0.988584,False,-6.239927209643448,106.79835988366938,18.208192291717626,True,
2026-08-03T09:32:58.975836+00:00,2660,-6.288887410002579,106.77817204999796,complex_corridor,FRC1,9,14,49,31,1.0,False,-6.289080056713849,106.77821112954479,21.852459789678804,True,
2026-08-03T09:32:59.249185+00:00,2731,-6.240104349999994,106.79819525,complex_corridor,FRC1,17,22,353,272,1.0,False,-6.254711568502923,106.79717434728451,1628.1638385691926,False,
2026-08-03T09:32:59.514472+00:00,2979,-6.239918790000258,106.79844824999957,complex_corridor,FRC2,15,15,2,2,1.0,False,-6.239928542802509,106.79846583092547,2.2254395550977346,True,
2026-08-03T09:32:59.787931+00:00,3134,-6.2892448600025785,106.77855074999796,complex_corridor,FRC1,22,22,11,11,1.0,False,-6.289262432333267,106.778499467014,5.995427904385316,True,
2026-08-03T09:33:00.053856+00:00,3164,-6.239840140000258,106.79869149999956,complex_corridor,FRC2,24,24,145,145,1.0,False,-6.23981997364873,106.79856239045006,14.446370748590217,True,
2026-08-03T09:33:00.327369+00:00,3940,-6.242815700000143,106.84290446666662,complex_corridor,FRC2,21,21,19,19,1.0,False,-6.242610768682978,106.84288187111798,22.923789898286447,True,
2026-08-03T09:33:00.604179+00:00,3995,-6.2428431,106.8426503,complex_corridor,FRC2,32,32,8,8,1.0,False,-6.24270333943449,106.84230519617961,41.19038604817657,True,
2026-08-03T09:33:00.882832+00:00,4135,-6.242451300001405,106.84346441666648,complex_corridor,FRC3,27,27,15,15,1.0,False,-6.24264159782794,106.84303341592732,52.128779444682614,True,
2026-08-03T09:33:01.147340+00:00,4174,-6.242622250001264,106.84418269999986,complex_corridor,FRC3,21,21,14,14,1.0,False,-6.242365385288672,106.84405667866673,31.777844988721665,True,
2026-08-03T09:33:01.417448+00:00,4307,-6.237238257899974,106.8272395210502,complex_corridor,FRC2,21,21,6,6,1.0,False,-6.237236971031365,106.82743234718856,21.314848279038795,True,
2026-08-03T09:33:01.702157+00:00,4312,-6.237042057899963,106.8269344210502,complex_corridor,FRC2,23,23,6,6,1.0,False,-6.237208807900389,106.82690797532604,18.770772040768108,True,
2026-08-03T09:33:01.965027+00:00,4383,-6.255330045001537,106.84307333999776,complex_corridor,FRC4,25,25,7,7,1.0,False,-6.255170245392188,106.84296367849294,21.509477825194235,True,
2026-08-03T09:33:02.247483+00:00,4421,-6.237577607899957,106.82686737105018,complex_corridor,FRC3,7,18,70,27,1.0,False,-6.237416698431964,106.82692406858013,18.95817050701808,True,
2026-08-03T09:33:02.514419+00:00,5234,-6.255677025000373,106.8431710999986,complex_corridor,FRC4,13,23,10,6,1.0,False,-6.25559934329838,106.84329627241084,16.310649749926508,True,
2026-08-03T09:33:02.781877+00:00,5259,-6.255508725000373,106.84360214999862,complex_corridor,FRC4,19,29,453,297,0.99726,False,-6.255457199448482,106.84295563186589,71.6908067558573,True,
2026-08-03T09:33:03.048991+00:00,5296,-6.242909649999996,106.84406470000002,complex_corridor,FRC2,22,35,64,40,1.0,False,-6.24287098327402,106.84404058541264,5.0587612651154314,True,
2026-08-03T09:45:48.338530+00:00,703,-6.235444892859697,106.75583232857385,complex_corridor,FRC2,28,28,6,6,1.0,False,-6.235637002833079,106.75573958241279,23.694334982762854,True,
2026-08-03T09:45:48.614949+00:00,821,-6.288795825000754,106.77763638750048,complex_corridor,FRC1,18,31,60,35,1.0,False,-6.288676397337788,106.77774978959411,18.260596237349766,True,
2026-08-03T09:45:48.884153+00:00,1336,-6.235382350000007,106.7560557,complex_corridor,FRC2,27,27,9,9,1.0,False,-6.235851643158244,106.75634307944131,61.09133400248038,True,
2026-08-03T09:45:49.153168+00:00,2187,-6.234661449999994,106.7555585,complex_corridor,FRC2,39,39,18,18,1.0,False,-6.235295044618109,106.75596622907466,83.63486690954973,True,
2026-08-03T09:45:49.425848+00:00,2188,-6.233655599999991,106.75488135,complex_corridor,FRC2,30,30,32,32,1.0,False,-6.233742064909034,106.75495503627582,12.600808704103487,True,
2026-08-03T09:45:49.694596+00:00,2298,-6.288583799999989,106.77784095,complex_corridor,FRC1,31,40,451,350,1.0,False,-6.288634823320289,106.77780477487897,6.94084144102375,True,
2026-08-03T09:45:49.960802+00:00,2322,-6.2884621,106.7781152,complex_corridor,FRC1,26,26,53,53,1.0,False,-6.288455113550981,106.77822722279888,12.405765015820144,True,
2026-08-03T09:45:50.225635+00:00,2459,-6.23996075,106.79819865,complex_corridor,FRC3,22,27,516,420,0.985707,False,-6.239927209643448,106.79835988366938,18.208192291717626,True,
2026-08-03T09:45:50.491081+00:00,2660,-6.288887410002579,106.77817204999796,complex_corridor,FRC1,15,15,29,29,1.0,False,-6.289080056713849,106.77821112954479,21.852459789678804,True,
2026-08-03T09:45:50.753561+00:00,2731,-6.240104349999994,106.79819525,complex_corridor,FRC1,21,21,285,285,1.0,False,-6.254711568502923,106.79717434728451,1628.1638385691926,False,
2026-08-03T09:45:51.030868+00:00,2979,-6.239918790000258,106.79844824999957,complex_corridor,FRC2,5,16,8,2,1.0,False,-6.239928542802509,106.79846583092547,2.2254395550977346,True,
2026-08-03T09:45:51.294612+00:00,3134,-6.2892448600025785,106.77855074999796,complex_corridor,FRC1,22,22,11,11,1.0,False,-6.289262432333267,106.778499467014,5.995427904385316,True,
2026-08-03T09:45:51.559563+00:00,3164,-6.239840140000258,106.79869149999956,complex_corridor,FRC2,24,24,145,145,1.0,False,-6.23981997364873,106.79856239045006,14.446370748590217,True,
2026-08-03T09:45:51.823146+00:00,3940,-6.242815700000143,106.84290446666662,complex_corridor,FRC2,21,21,19,19,1.0,False,-6.242610768682978,106.84288187111798,22.923789898286447,True,
2026-08-03T09:45:52.087378+00:00,3995,-6.2428431,106.8426503,complex_corridor,FRC2,32,32,8,8,1.0,False,-6.24270333943449,106.84230519617961,41.19038604817657,True,
2026-08-03T09:45:52.350172+00:00,4135,-6.242451300001405,106.84346441666648,complex_corridor,FRC3,27,27,15,15,1.0,False,-6.24264159782794,106.84303341592732,52.128779444682614,True,
2026-08-03T09:45:52.618048+00:00,4174,-6.242622250001264,106.84418269999986,complex_corridor,FRC3,21,21,14,14,1.0,False,-6.242365385288672,106.84405667866673,31.777844988721665,True,
2026-08-03T09:45:52.884784+00:00,4307,-6.237238257899974,106.8272395210502,complex_corridor,FRC2,21,21,6,6,1.0,False,-6.237236971031365,106.82743234718856,21.314848279038795,True,
2026-08-03T09:45:53.150837+00:00,4312,-6.237042057899963,106.8269344210502,complex_corridor,FRC2,14,22,10,6,1.0,False,-6.237208807900389,106.82690797532604,18.770772040768108,True,
2026-08-03T09:45:53.432345+00:00,4383,-6.255330045001537,106.84307333999776,complex_corridor,FRC4,25,25,7,7,1.0,False,-6.255170245392188,106.84296367849294,21.509477825194235,True,
2026-08-03T09:45:53.699183+00:00,4421,-6.237577607899957,106.82686737105018,complex_corridor,FRC3,10,18,49,27,1.0,False,-6.237416698431964,106.82692406858013,18.95817050701808,True,
2026-08-03T09:45:53.969902+00:00,5234,-6.255677025000373,106.8431710999986,complex_corridor,FRC4,23,23,6,6,1.0,False,-6.25559934329838,106.84329627241084,16.310649749926508,True,
2026-08-03T09:45:54.235683+00:00,5259,-6.255508725000373,106.84360214999862,complex_corridor,FRC4,20,30,430,287,0.997298,False,-6.255457199448482,106.84295563186589,71.6908067558573,True,
2026-08-03T09:45:54.506551+00:00,5296,-6.242909649999996,106.84406470000002,complex_corridor,FRC2,25,35,56,40,1.0,False,-6.24287098327402,106.84404058541264,5.0587612651154314,True,
2026-08-03T10:00:59.662742+00:00,703,-6.235444892859697,106.75583232857385,complex_corridor,FRC2,28,28,6,6,1.0,False,-6.235637002833079,106.75573958241279,23.694334982762854,True,
2026-08-03T10:00:59.956045+00:00,821,-6.288795825000754,106.77763638750048,complex_corridor,FRC1,20,31,54,35,1.0,False,-6.288676397337788,106.77774978959411,18.260596237349766,True,
2026-08-03T10:01:00.246340+00:00,1336,-6.235382350000007,106.7560557,complex_corridor,FRC2,19,26,14,10,0.95,False,-6.235851643158244,106.75634307944131,61.09133400248038,True,
2026-08-03T10:01:00.542480+00:00,2187,-6.234661449999994,106.7555585,complex_corridor,FRC2,39,39,18,18,1.0,False,-6.235295044618109,106.75596622907466,83.63486690954973,True,
2026-08-03T10:01:00.829643+00:00,2188,-6.233655599999991,106.75488135,complex_corridor,FRC2,30,30,32,32,1.0,False,-6.233742064909034,106.75495503627582,12.600808704103487,True,
2026-08-03T10:01:01.120682+00:00,2298,-6.288583799999989,106.77784095,complex_corridor,FRC1,31,41,451,341,1.0,False,-6.288634823320289,106.77780477487897,6.94084144102375,True,
2026-08-03T10:01:01.405173+00:00,2322,-6.2884621,106.7781152,complex_corridor,FRC1,26,26,53,53,1.0,False,-6.288455113550981,106.77822722279888,12.405765015820144,True,
2026-08-03T10:01:01.701956+00:00,2459,-6.23996075,106.79819865,complex_corridor,FRC3,28,28,405,405,1.0,False,-6.239927209643448,106.79835988366938,18.208192291717626,True,
2026-08-03T10:01:01.998541+00:00,2660,-6.288887410002579,106.77817204999796,complex_corridor,FRC1,12,15,37,29,1.0,False,-6.289080056713849,106.77821112954479,21.852459789678804,True,
2026-08-03T10:01:02.286360+00:00,2731,-6.240104349999994,106.79819525,complex_corridor,FRC1,14,21,428,285,1.0,False,-6.254711568502923,106.79717434728451,1628.1638385691926,False,
2026-08-03T10:01:02.574347+00:00,2979,-6.239918790000258,106.79844824999957,complex_corridor,FRC2,9,15,4,2,1.0,False,-6.239928542802509,106.79846583092547,2.2254395550977346,True,
2026-08-03T10:01:02.862450+00:00,3134,-6.2892448600025785,106.77855074999796,complex_corridor,FRC1,22,22,11,11,1.0,False,-6.289262432333267,106.778499467014,5.995427904385316,True,
2026-08-03T10:01:03.149109+00:00,3164,-6.239840140000258,106.79869149999956,complex_corridor,FRC2,18,25,193,139,1.0,False,-6.23981997364873,106.79856239045006,14.446370748590217,True,
2026-08-03T10:01:03.434120+00:00,3940,-6.242815700000143,106.84290446666662,complex_corridor,FRC2,21,21,19,19,1.0,False,-6.242610768682978,106.84288187111798,22.923789898286447,True,
2026-08-03T10:01:03.729409+00:00,3995,-6.2428431,106.8426503,complex_corridor,FRC2,32,32,8,8,1.0,False,-6.24270333943449,106.84230519617961,41.19038604817657,True,
2026-08-03T10:01:04.014340+00:00,4135,-6.242451300001405,106.84346441666648,complex_corridor,FRC3,27,27,15,15,1.0,False,-6.24264159782794,106.84303341592732,52.128779444682614,True,
2026-08-03T10:01:04.309094+00:00,4174,-6.242622250001264,106.84418269999986,complex_corridor,FRC3,17,21,17,14,0.99,False,-6.242365385288672,106.84405667866673,31.777844988721665,True,
2026-08-03T10:01:04.603164+00:00,4307,-6.237238257899974,106.8272395210502,complex_corridor,FRC2,12,20,10,6,1.0,False,-6.237236971031365,106.82743234718856,21.314848279038795,True,
2026-08-03T10:01:04.888467+00:00,4312,-6.237042057899963,106.8269344210502,complex_corridor,FRC2,23,23,6,6,1.0,False,-6.237208807900389,106.82690797532604,18.770772040768108,True,
2026-08-03T10:01:05.173409+00:00,4383,-6.255330045001537,106.84307333999776,complex_corridor,FRC4,25,25,7,7,1.0,False,-6.255170245392188,106.84296367849294,21.509477825194235,True,
2026-08-03T10:01:05.461803+00:00,4421,-6.237577607899957,106.82686737105018,complex_corridor,FRC3,7,19,70,25,1.0,False,-6.237416698431964,106.82692406858013,18.95817050701808,True,
2026-08-03T10:01:05.750163+00:00,5234,-6.255677025000373,106.8431710999986,complex_corridor,FRC4,17,23,8,6,1.0,False,-6.25559934329838,106.84329627241084,16.310649749926508,True,
2026-08-03T10:01:06.036411+00:00,5259,-6.255508725000373,106.84360214999862,complex_corridor,FRC4,22,30,391,287,0.994512,False,-6.255457199448482,106.84295563186589,71.6908067558573,True,
2026-08-03T10:01:06.322402+00:00,5296,-6.242909649999996,106.84406470000002,complex_corridor,FRC2,22,34,64,41,1.0,False,-6.24287098327402,106.84404058541264,5.0587612651154314,True,
2026-08-03T10:15:59.306331+00:00,703,-6.235444892859697,106.75583232857385,complex_corridor,FRC2,28,28,6,6,1.0,False,-6.235637002833079,106.75573958241279,23.694334982762854,True,
2026-08-03T10:15:59.601451+00:00,821,-6.288795825000754,106.77763638750048,complex_corridor,FRC1,31,31,35,35,1.0,False,-6.288676397337788,106.77774978959411,18.260596237349766,True,
2026-08-03T10:15:59.883661+00:00,1336,-6.235382350000007,106.7560557,complex_corridor,FRC2,27,27,9,9,1.0,False,-6.235851643158244,106.75634307944131,61.09133400248038,True,
2026-08-03T10:16:00.174360+00:00,2187,-6.234661449999994,106.7555585,complex_corridor,FRC2,39,39,18,18,1.0,False,-6.235295044618109,106.75596622907466,83.63486690954973,True,
2026-08-03T10:16:00.457265+00:00,2188,-6.233655599999991,106.75488135,complex_corridor,FRC2,30,30,32,32,1.0,False,-6.233742064909034,106.75495503627582,12.600808704103487,True,
2026-08-03T10:16:00.738658+00:00,2298,-6.288583799999989,106.77784095,complex_corridor,FRC1,32,40,437,350,1.0,False,-6.288634823320289,106.77780477487897,6.94084144102375,True,
2026-08-03T10:16:01.027042+00:00,2322,-6.2884621,106.7781152,complex_corridor,FRC1,13,25,107,56,1.0,False,-6.288455113550981,106.77822722279888,12.405765015820144,True,
2026-08-03T10:16:01.308780+00:00,2459,-6.23996075,106.79819865,complex_corridor,FRC3,19,27,597,420,0.967098,False,-6.239927209643448,106.79835988366938,18.208192291717626,True,
2026-08-03T10:16:01.594660+00:00,2660,-6.288887410002579,106.77817204999796,complex_corridor,FRC1,11,15,40,29,1.0,False,-6.289080056713849,106.77821112954479,21.852459789678804,True,
2026-08-03T10:16:01.874995+00:00,2731,-6.240104349999994,106.79819525,complex_corridor,FRC1,21,21,285,285,1.0,False,-6.254711568502923,106.79717434728451,1628.1638385691926,False,
2026-08-03T10:16:02.157500+00:00,2979,-6.239918790000258,106.79844824999957,complex_corridor,FRC2,15,15,2,2,1.0,False,-6.239928542802509,106.79846583092547,2.2254395550977346,True,
2026-08-03T10:16:02.442033+00:00,3134,-6.2892448600025785,106.77855074999796,complex_corridor,FRC1,22,22,11,11,1.0,False,-6.289262432333267,106.778499467014,5.995427904385316,True,
2026-08-03T10:16:02.720811+00:00,3164,-6.239840140000258,106.79869149999956,complex_corridor,FRC2,24,24,145,145,1.0,False,-6.23981997364873,106.79856239045006,14.446370748590217,True,
2026-08-03T10:16:03.008510+00:00,3940,-6.242815700000143,106.84290446666662,complex_corridor,FRC2,17,21,23,19,1.0,False,-6.242610768682978,106.84288187111798,22.923789898286447,True,
2026-08-03T10:16:03.289334+00:00,3995,-6.2428431,106.8426503,complex_corridor,FRC2,32,32,8,8,1.0,False,-6.24270333943449,106.84230519617961,41.19038604817657,True,
2026-08-03T10:16:03.571366+00:00,4135,-6.242451300001405,106.84346441666648,complex_corridor,FRC3,20,26,20,16,1.0,False,-6.24264159782794,106.84303341592732,52.128779444682614,True,
2026-08-03T10:16:03.859326+00:00,4174,-6.242622250001264,106.84418269999986,complex_corridor,FRC3,21,21,14,14,1.0,False,-6.242365385288672,106.84405667866673,31.777844988721665,True,
2026-08-03T10:16:04.140665+00:00,4307,-6.237238257899974,106.8272395210502,complex_corridor,FRC2,5,21,25,6,1.0,False,-6.237236971031365,106.82743234718856,21.314848279038795,True,
2026-08-03T10:16:04.435834+00:00,4312,-6.237042057899963,106.8269344210502,complex_corridor,FRC2,23,23,6,6,1.0,False,-6.237208807900389,106.82690797532604,18.770772040768108,True,
2026-08-03T10:16:04.722577+00:00,4383,-6.255330045001537,106.84307333999776,complex_corridor,FRC4,25,25,7,7,1.0,False,-6.255170245392188,106.84296367849294,21.509477825194235,True,
2026-08-03T10:16:05.010160+00:00,4421,-6.237577607899957,106.82686737105018,complex_corridor,FRC3,9,18,54,27,1.0,False,-6.237416698431964,106.82692406858013,18.95817050701808,True,
2026-08-03T10:16:05.291020+00:00,5234,-6.255677025000373,106.8431710999986,complex_corridor,FRC4,15,22,9,6,1.0,False,-6.25559934329838,106.84329627241084,16.310649749926508,True,
2026-08-03T10:16:05.583527+00:00,5259,-6.255508725000373,106.84360214999862,complex_corridor,FRC4,20,31,430,278,0.99911,False,-6.255457199448482,106.84295563186589,71.6908067558573,True,
2026-08-03T10:16:05.870699+00:00,5296,-6.242909649999996,106.84406470000002,complex_corridor,FRC2,19,35,74,40,1.0,False,-6.24287098327402,106.84404058541264,5.0587612651154314,True,
2026-08-03T10:30:51.122963+00:00,703,-6.235444892859697,106.75583232857385,complex_corridor,FRC2,28,28,6,6,1.0,False,-6.235637002833079,106.75573958241279,23.694334982762854,True,
2026-08-03T10:30:51.407408+00:00,821,-6.288795825000754,106.77763638750048,complex_corridor,FRC1,12,31,91,35,1.0,False,-6.288676397337788,106.77774978959411,18.260596237349766,True,
2026-08-03T10:30:51.697055+00:00,1336,-6.235382350000007,106.7560557,complex_corridor,FRC2,27,27,9,9,1.0,False,-6.235851643158244,106.75634307944131,61.09133400248038,True,
2026-08-03T10:30:51.980718+00:00,2187,-6.234661449999994,106.7555585,complex_corridor,FRC2,39,39,18,18,1.0,False,-6.235295044618109,106.75596622907466,83.63486690954973,True,
2026-08-03T10:30:52.267044+00:00,2188,-6.233655599999991,106.75488135,complex_corridor,FRC2,30,30,32,32,1.0,False,-6.233742064909034,106.75495503627582,12.600808704103487,True,
2026-08-03T10:30:52.555372+00:00,2298,-6.288583799999989,106.77784095,complex_corridor,FRC1,31,40,451,350,1.0,False,-6.288634823320289,106.77780477487897,6.94084144102375,True,
2026-08-03T10:30:52.856317+00:00,2322,-6.2884621,106.7781152,complex_corridor,FRC1,14,25,100,56,1.0,False,-6.288455113550981,106.77822722279888,12.405765015820144,True,
2026-08-03T10:30:53.156070+00:00,2459,-6.23996075,106.79819865,complex_corridor,FRC3,19,28,597,405,0.948397,False,-6.239927209643448,106.79835988366938,18.208192291717626,True,
2026-08-03T10:30:53.437518+00:00,2660,-6.288887410002579,106.77817204999796,complex_corridor,FRC1,12,15,37,29,1.0,False,-6.289080056713849,106.77821112954479,21.852459789678804,True,
2026-08-03T10:30:53.726830+00:00,2731,-6.240104349999994,106.79819525,complex_corridor,FRC1,19,22,315,272,1.0,False,-6.254711568502923,106.79717434728451,1628.1638385691926,False,
2026-08-03T10:30:54.018446+00:00,2979,-6.239918790000258,106.79844824999957,complex_corridor,FRC2,9,15,4,2,1.0,False,-6.239928542802509,106.79846583092547,2.2254395550977346,True,
2026-08-03T10:30:54.297443+00:00,3134,-6.2892448600025785,106.77855074999796,complex_corridor,FRC1,22,22,11,11,1.0,False,-6.289262432333267,106.778499467014,5.995427904385316,True,
2026-08-03T10:30:54.579587+00:00,3164,-6.239840140000258,106.79869149999956,complex_corridor,FRC2,20,24,174,145,1.0,False,-6.23981997364873,106.79856239045006,14.446370748590217,True,
2026-08-03T10:30:54.862302+00:00,3940,-6.242815700000143,106.84290446666662,complex_corridor,FRC2,16,21,25,19,1.0,False,-6.242610768682978,106.84288187111798,22.923789898286447,True,
2026-08-03T10:30:55.145735+00:00,3995,-6.2428431,106.8426503,complex_corridor,FRC2,32,32,8,8,1.0,False,-6.24270333943449,106.84230519617961,41.19038604817657,True,
2026-08-03T10:30:55.426333+00:00,4135,-6.242451300001405,106.84346441666648,complex_corridor,FRC3,27,27,15,15,1.0,False,-6.24264159782794,106.84303341592732,52.128779444682614,True,
2026-08-03T10:30:55.719867+00:00,4174,-6.242622250001264,106.84418269999986,complex_corridor,FRC3,15,21,19,14,1.0,False,-6.242365385288672,106.84405667866673,31.777844988721665,True,
2026-08-03T10:30:56.000930+00:00,4307,-6.237238257899974,106.8272395210502,complex_corridor,FRC2,1,17,129,7,1.0,False,-6.237236971031365,106.82743234718856,21.314848279038795,True,
2026-08-03T10:30:56.281059+00:00,4312,-6.237042057899963,106.8269344210502,complex_corridor,FRC2,23,23,6,6,1.0,False,-6.237208807900389,106.82690797532604,18.770772040768108,True,
2026-08-03T10:30:56.569521+00:00,4383,-6.255330045001537,106.84307333999776,complex_corridor,FRC4,25,25,7,7,1.0,False,-6.255170245392188,106.84296367849294,21.509477825194235,True,
2026-08-03T10:30:56.854097+00:00,4421,-6.237577607899957,106.82686737105018,complex_corridor,FRC3,8,18,61,27,1.0,False,-6.237416698431964,106.82692406858013,18.95817050701808,True,
2026-08-03T10:30:57.136496+00:00,5234,-6.255677025000373,106.8431710999986,complex_corridor,FRC4,23,23,6,6,1.0,False,-6.25559934329838,106.84329627241084,16.310649749926508,True,
2026-08-03T10:30:57.421172+00:00,5259,-6.255508725000373,106.84360214999862,complex_corridor,FRC4,19,29,453,297,0.997293,False,-6.255457199448482,106.84295563186589,71.6908067558573,True,
2026-08-03T10:30:57.703574+00:00,5296,-6.242909649999996,106.84406470000002,complex_corridor,FRC2,15,35,94,40,1.0,False,-6.24287098327402,106.84404058541264,5.0587612651154314,True,
2026-08-03T10:45:50.848203+00:00,703,-6.235444892859697,106.75583232857385,complex_corridor,FRC2,28,28,6,6,1.0,False,-6.235637002833079,106.75573958241279,23.694334982762854,True,
2026-08-03T10:45:51.139977+00:00,821,-6.288795825000754,106.77763638750048,complex_corridor,FRC1,15,31,73,35,1.0,False,-6.288676397337788,106.77774978959411,18.260596237349766,True,
2026-08-03T10:45:51.438664+00:00,1336,-6.235382350000007,106.7560557,complex_corridor,FRC2,27,27,9,9,1.0,False,-6.235851643158244,106.75634307944131,61.09133400248038,True,
2026-08-03T10:45:51.731403+00:00,2187,-6.234661449999994,106.7555585,complex_corridor,FRC2,39,39,18,18,1.0,False,-6.235295044618109,106.75596622907466,83.63486690954973,True,
2026-08-03T10:45:52.022285+00:00,2188,-6.233655599999991,106.75488135,complex_corridor,FRC2,30,30,32,32,1.0,False,-6.233742064909034,106.75495503627582,12.600808704103487,True,
2026-08-03T10:45:52.309806+00:00,2298,-6.288583799999989,106.77784095,complex_corridor,FRC1,33,41,424,341,1.0,False,-6.288634823320289,106.77780477487897,6.94084144102375,True,
2026-08-03T10:45:52.650309+00:00,2322,-6.2884621,106.7781152,complex_corridor,FRC1,20,26,70,53,1.0,False,-6.288455113550981,106.77822722279888,12.405765015820144,True,
2026-08-03T10:45:52.941217+00:00,2459,-6.23996075,106.79819865,complex_corridor,FRC3,19,27,597,420,0.972798,False,-6.239927209643448,106.79835988366938,18.208192291717626,True,
2026-08-03T10:45:53.234208+00:00,2660,-6.288887410002579,106.77817204999796,complex_corridor,FRC1,11,15,40,29,1.0,False,-6.289080056713849,106.77821112954479,21.852459789678804,True,
2026-08-03T10:45:53.525198+00:00,2731,-6.240104349999994,106.79819525,complex_corridor,FRC1,16,22,375,272,1.0,False,-6.254711568502923,106.79717434728451,1628.1638385691926,False,
2026-08-03T10:45:53.828078+00:00,2979,-6.239918790000258,106.79844824999957,complex_corridor,FRC2,5,16,8,2,1.0,False,-6.239928542802509,106.79846583092547,2.2254395550977346,True,
2026-08-03T10:45:54.116835+00:00,3134,-6.2892448600025785,106.77855074999796,complex_corridor,FRC1,22,22,11,11,1.0,False,-6.289262432333267,106.778499467014,5.995427904385316,True,
2026-08-03T10:45:54.403140+00:00,3164,-6.239840140000258,106.79869149999956,complex_corridor,FRC2,24,24,145,145,1.0,False,-6.23981997364873,106.79856239045006,14.446370748590217,True,
2026-08-03T10:45:54.690450+00:00,3940,-6.242815700000143,106.84290446666662,complex_corridor,FRC2,21,21,19,19,1.0,False,-6.242610768682978,106.84288187111798,22.923789898286447,True,
2026-08-03T10:45:54.986862+00:00,3995,-6.2428431,106.8426503,complex_corridor,FRC2,32,32,8,8,1.0,False,-6.24270333943449,106.84230519617961,41.19038604817657,True,
2026-08-03T10:45:55.276565+00:00,4135,-6.242451300001405,106.84346441666648,complex_corridor,FRC3,27,27,15,15,1.0,False,-6.24264159782794,106.84303341592732,52.128779444682614,True,
2026-08-03T10:45:55.567609+00:00,4174,-6.242622250001264,106.84418269999986,complex_corridor,FRC3,15,21,19,14,0.99,False,-6.242365385288672,106.84405667866673,31.777844988721665,True,
2026-08-03T10:45:55.874539+00:00,4307,-6.237238257899974,106.8272395210502,complex_corridor,FRC2,0,19,0,6,1.0,False,-6.237236971031365,106.82743234718856,21.314848279038795,True,
2026-08-03T10:45:56.161108+00:00,4312,-6.237042057899963,106.8269344210502,complex_corridor,FRC2,23,23,6,6,1.0,False,-6.237208807900389,106.82690797532604,18.770772040768108,True,
2026-08-03T10:45:56.449471+00:00,4383,-6.255330045001537,106.84307333999776,complex_corridor,FRC4,25,25,7,7,1.0,False,-6.255170245392188,106.84296367849294,21.509477825194235,True,
2026-08-03T10:45:56.738838+00:00,4421,-6.237577607899957,106.82686737105018,complex_corridor,FRC3,6,18,82,27,1.0,False,-6.237416698431964,106.82692406858013,18.95817050701808,True,
2026-08-03T10:45:57.027764+00:00,5234,-6.255677025000373,106.8431710999986,complex_corridor,FRC4,23,23,6,6,1.0,False,-6.25559934329838,106.84329627241084,16.310649749926508,True,
2026-08-03T10:45:57.320957+00:00,5259,-6.255508725000373,106.84360214999862,complex_corridor,FRC4,17,29,506,297,0.999148,False,-6.255457199448482,106.84295563186589,71.6908067558573,True,
2026-08-03T10:45:57.607354+00:00,5296,-6.242909649999996,106.84406470000002,complex_corridor,FRC2,17,34,83,41,1.0,False,-6.24287098327402,106.84404058541264,5.0587612651154314,True,
2026-08-03T11:01:03.707657+00:00,703,-6.235444892859697,106.75583232857385,complex_corridor,FRC2,28,28,6,6,1.0,False,-6.235637002833079,106.75573958241279,23.694334982762854,True,
2026-08-03T11:01:03.999328+00:00,821,-6.288795825000754,106.77763638750048,complex_corridor,FRC1,11,30,99,36,1.0,False,-6.288676397337788,106.77774978959411,18.260596237349766,True,
2026-08-03T11:01:04.287939+00:00,1336,-6.235382350000007,106.7560557,complex_corridor,FRC2,27,27,9,9,1.0,False,-6.235851643158244,106.75634307944131,61.09133400248038,True,
2026-08-03T11:01:04.578825+00:00,2187,-6.234661449999994,106.7555585,complex_corridor,FRC2,39,39,18,18,1.0,False,-6.235295044618109,106.75596622907466,83.63486690954973,True,
2026-08-03T11:01:04.892569+00:00,2188,-6.233655599999991,106.75488135,complex_corridor,FRC2,30,30,32,32,1.0,False,-6.233742064909034,106.75495503627582,12.600808704103487,True,
2026-08-03T11:01:05.177374+00:00,2298,-6.288583799999989,106.77784095,complex_corridor,FRC1,32,41,437,341,1.0,False,-6.288634823320289,106.77780477487897,6.94084144102375,True,
2026-08-03T11:01:05.461963+00:00,2322,-6.2884621,106.7781152,complex_corridor,FRC1,26,26,53,53,1.0,False,-6.288455113550981,106.77822722279888,12.405765015820144,True,
2026-08-03T11:01:05.753882+00:00,2459,-6.23996075,106.79819865,complex_corridor,FRC3,19,28,597,405,0.967317,False,-6.239927209643448,106.79835988366938,18.208192291717626,True,
2026-08-03T11:01:06.041321+00:00,2660,-6.288887410002579,106.77817204999796,complex_corridor,FRC1,15,17,29,26,1.0,False,-6.289080056713849,106.77821112954479,21.852459789678804,True,
2026-08-03T11:01:06.328453+00:00,2731,-6.240104349999994,106.79819525,complex_corridor,FRC1,16,21,375,285,1.0,False,-6.254711568502923,106.79717434728451,1628.1638385691926,False,
2026-08-03T11:01:06.624369+00:00,2979,-6.239918790000258,106.79844824999957,complex_corridor,FRC2,6,15,7,2,1.0,False,-6.239928542802509,106.79846583092547,2.2254395550977346,True,
2026-08-03T11:01:06.929570+00:00,3134,-6.2892448600025785,106.77855074999796,complex_corridor,FRC1,22,22,11,11,1.0,False,-6.289262432333267,106.778499467014,5.995427904385316,True,
2026-08-03T11:01:07.218382+00:00,3164,-6.239840140000258,106.79869149999956,complex_corridor,FRC2,24,24,145,145,1.0,False,-6.23981997364873,106.79856239045006,14.446370748590217,True,
2026-08-03T11:01:07.506645+00:00,3940,-6.242815700000143,106.84290446666662,complex_corridor,FRC2,21,21,19,19,1.0,False,-6.242610768682978,106.84288187111798,22.923789898286447,True,
2026-08-03T11:01:07.796219+00:00,3995,-6.2428431,106.8426503,complex_corridor,FRC2,32,32,8,8,1.0,False,-6.24270333943449,106.84230519617961,41.19038604817657,True,
2026-08-03T11:01:08.084440+00:00,4135,-6.242451300001405,106.84346441666648,complex_corridor,FRC3,27,27,15,15,1.0,False,-6.24264159782794,106.84303341592732,52.128779444682614,True,
2026-08-03T11:01:08.377469+00:00,4174,-6.242622250001264,106.84418269999986,complex_corridor,FRC3,21,21,14,14,1.0,False,-6.242365385288672,106.84405667866673,31.777844988721665,True,
2026-08-03T11:01:08.665726+00:00,4307,-6.237238257899974,106.8272395210502,complex_corridor,FRC2,3,21,43,6,1.0,False,-6.237236971031365,106.82743234718856,21.314848279038795,True,
2026-08-03T11:01:08.950168+00:00,4312,-6.237042057899963,106.8269344210502,complex_corridor,FRC2,23,23,6,6,1.0,False,-6.237208807900389,106.82690797532604,18.770772040768108,True,
2026-08-03T11:01:09.235320+00:00,4383,-6.255330045001537,106.84307333999776,complex_corridor,FRC4,14,25,12,7,1.0,False,-6.255170245392188,106.84296367849294,21.509477825194235,True,
2026-08-03T11:01:09.526453+00:00,4421,-6.237577607899957,106.82686737105018,complex_corridor,FRC3,7,18,70,27,0.99,False,-6.237416698431964,106.82692406858013,18.95817050701808,True,
2026-08-03T11:01:09.827383+00:00,5234,-6.255677025000373,106.8431710999986,complex_corridor,FRC4,17,22,8,6,1.0,False,-6.25559934329838,106.84329627241084,16.310649749926508,True,
2026-08-03T11:01:10.111451+00:00,5259,-6.255508725000373,106.84360214999862,complex_corridor,FRC4,18,31,478,278,1.0,False,-6.255457199448482,106.84295563186589,71.6908067558573,True,
2026-08-03T11:01:10.400113+00:00,5296,-6.242909649999996,106.84406470000002,complex_corridor,FRC2,18,34,79,41,1.0,False,-6.24287098327402,106.84404058541264,5.0587612651154314,True,
2026-08-03T11:15:56.606801+00:00,703,-6.235444892859697,106.75583232857385,complex_corridor,FRC2,28,28,6,6,1.0,False,-6.235637002833079,106.75573958241279,23.694334982762854,True,
2026-08-03T11:15:56.899642+00:00,821,-6.288795825000754,106.77763638750048,complex_corridor,FRC1,12,32,91,34,1.0,False,-6.288676397337788,106.77774978959411,18.260596237349766,True,
2026-08-03T11:15:57.184991+00:00,1336,-6.235382350000007,106.7560557,complex_corridor,FRC2,27,27,9,9,1.0,False,-6.235851643158244,106.75634307944131,61.09133400248038,True,
2026-08-03T11:15:57.483315+00:00,2187,-6.234661449999994,106.7555585,complex_corridor,FRC2,39,39,18,18,1.0,False,-6.235295044618109,106.75596622907466,83.63486690954973,True,
2026-08-03T11:15:57.799569+00:00,2188,-6.233655599999991,106.75488135,complex_corridor,FRC2,30,30,32,32,1.0,False,-6.233742064909034,106.75495503627582,12.600808704103487,True,
2026-08-03T11:15:58.090283+00:00,2298,-6.288583799999989,106.77784095,complex_corridor,FRC1,30,41,466,341,1.0,False,-6.288634823320289,106.77780477487897,6.94084144102375,True,
2026-08-03T11:15:58.382512+00:00,2322,-6.2884621,106.7781152,complex_corridor,FRC1,18,25,77,56,1.0,False,-6.288455113550981,106.77822722279888,12.405765015820144,True,
2026-08-03T11:15:58.673025+00:00,2459,-6.23996075,106.79819865,complex_corridor,FRC3,28,28,405,405,1.0,False,-6.239927209643448,106.79835988366938,18.208192291717626,True,
2026-08-03T11:15:58.963234+00:00,2660,-6.288887410002579,106.77817204999796,complex_corridor,FRC1,15,15,29,29,1.0,False,-6.289080056713849,106.77821112954479,21.852459789678804,True,
2026-08-03T11:15:59.269479+00:00,2731,-6.240104349999994,106.79819525,complex_corridor,FRC1,16,22,375,272,1.0,False,-6.254711568502923,106.79717434728451,1628.1638385691926,False,
2026-08-03T11:15:59.555876+00:00,2979,-6.239918790000258,106.79844824999957,complex_corridor,FRC2,11,15,3,2,1.0,False,-6.239928542802509,106.79846583092547,2.2254395550977346,True,
2026-08-03T11:15:59.840858+00:00,3134,-6.2892448600025785,106.77855074999796,complex_corridor,FRC1,22,22,11,11,1.0,False,-6.289262432333267,106.778499467014,5.995427904385316,True,
2026-08-03T11:16:00.130515+00:00,3164,-6.239840140000258,106.79869149999956,complex_corridor,FRC2,18,25,193,139,1.0,False,-6.23981997364873,106.79856239045006,14.446370748590217,True,
2026-08-03T11:16:00.422339+00:00,3940,-6.242815700000143,106.84290446666662,complex_corridor,FRC2,21,21,19,19,1.0,False,-6.242610768682978,106.84288187111798,22.923789898286447,True,
2026-08-03T11:16:00.721198+00:00,3995,-6.2428431,106.8426503,complex_corridor,FRC2,15,30,18,9,0.91,False,-6.24270333943449,106.84230519617961,41.19038604817657,True,
2026-08-03T11:16:01.011231+00:00,4135,-6.242451300001405,106.84346441666648,complex_corridor,FRC3,27,27,15,15,1.0,False,-6.24264159782794,106.84303341592732,52.128779444682614,True,
2026-08-03T11:16:01.309738+00:00,4174,-6.242622250001264,106.84418269999986,complex_corridor,FRC3,21,21,14,14,1.0,False,-6.242365385288672,106.84405667866673,31.777844988721665,True,
2026-08-03T11:16:01.599219+00:00,4307,-6.237238257899974,106.8272395210502,complex_corridor,FRC2,5,21,25,6,0.99,False,-6.237236971031365,106.82743234718856,21.314848279038795,True,
2026-08-03T11:16:01.884408+00:00,4312,-6.237042057899963,106.8269344210502,complex_corridor,FRC2,23,23,6,6,1.0,False,-6.237208807900389,106.82690797532604,18.770772040768108,True,
2026-08-03T11:16:02.180025+00:00,4383,-6.255330045001537,106.84307333999776,complex_corridor,FRC4,25,25,7,7,1.0,False,-6.255170245392188,106.84296367849294,21.509477825194235,True,
2026-08-03T11:16:02.474733+00:00,4421,-6.237577607899957,106.82686737105018,complex_corridor,FRC3,5,19,98,25,0.99,False,-6.237416698431964,106.82692406858013,18.95817050701808,True,
2026-08-03T11:16:02.760532+00:00,5234,-6.255677025000373,106.8431710999986,complex_corridor,FRC4,13,23,10,6,1.0,False,-6.25559934329838,106.84329627241084,16.310649749926508,True,
2026-08-03T11:16:03.046172+00:00,5259,-6.255508725000373,106.84360214999862,complex_corridor,FRC4,18,31,478,278,0.999148,False,-6.255457199448482,106.84295563186589,71.6908067558573,True,
2026-08-03T11:16:03.345181+00:00,5296,-6.242909649999996,106.84406470000002,complex_corridor,FRC2,24,34,59,41,1.0,False,-6.24287098327402,106.84404058541264,5.0587612651154314,True,
2026-08-03T11:30:55.585835+00:00,703,-6.235444892859697,106.75583232857385,complex_corridor,FRC2,28,28,6,6,1.0,False,-6.235637002833079,106.75573958241279,23.694334982762854,True,
2026-08-03T11:30:55.882112+00:00,821,-6.288795825000754,106.77763638750048,complex_corridor,FRC1,10,28,109,39,1.0,False,-6.288676397337788,106.77774978959411,18.260596237349766,True,
2026-08-03T11:30:56.169801+00:00,1336,-6.235382350000007,106.7560557,complex_corridor,FRC2,27,27,9,9,1.0,False,-6.235851643158244,106.75634307944131,61.09133400248038,True,
2026-08-03T11:30:56.463753+00:00,2187,-6.234661449999994,106.7555585,complex_corridor,FRC2,39,39,18,18,1.0,False,-6.235295044618109,106.75596622907466,83.63486690954973,True,
2026-08-03T11:30:56.753368+00:00,2188,-6.233655599999991,106.75488135,complex_corridor,FRC2,30,30,32,32,1.0,False,-6.233742064909034,106.75495503627582,12.600808704103487,True,
2026-08-03T11:30:57.042731+00:00,2298,-6.288583799999989,106.77784095,complex_corridor,FRC1,29,40,482,350,1.0,False,-6.288634823320289,106.77780477487897,6.94084144102375,True,
2026-08-03T11:30:57.336208+00:00,2322,-6.2884621,106.7781152,complex_corridor,FRC1,14,25,100,56,1.0,False,-6.288455113550981,106.77822722279888,12.405765015820144,True,
2026-08-03T11:30:57.631023+00:00,2459,-6.23996075,106.79819865,complex_corridor,FRC3,18,27,631,420,0.949836,False,-6.239927209643448,106.79835988366938,18.208192291717626,True,
2026-08-03T11:30:57.940160+00:00,2660,-6.288887410002579,106.77817204999796,complex_corridor,FRC1,13,17,34,26,1.0,False,-6.289080056713849,106.77821112954479,21.852459789678804,True,
2026-08-03T11:30:58.233803+00:00,2731,-6.240104349999994,106.79819525,complex_corridor,FRC1,17,21,353,285,1.0,False,-6.254711568502923,106.79717434728451,1628.1638385691926,False,
2026-08-03T11:30:58.526746+00:00,2979,-6.239918790000258,106.79844824999957,complex_corridor,FRC2,4,13,10,3,1.0,False,-6.239928542802509,106.79846583092547,2.2254395550977346,True,
2026-08-03T11:30:58.813167+00:00,3134,-6.2892448600025785,106.77855074999796,complex_corridor,FRC1,17,22,15,11,1.0,False,-6.289262432333267,106.778499467014,5.995427904385316,True,
2026-08-03T11:30:59.099554+00:00,3164,-6.239840140000258,106.79869149999956,complex_corridor,FRC2,24,24,145,145,1.0,False,-6.23981997364873,106.79856239045006,14.446370748590217,True,
2026-08-03T11:30:59.392120+00:00,3940,-6.242815700000143,106.84290446666662,complex_corridor,FRC2,21,21,19,19,1.0,False,-6.242610768682978,106.84288187111798,22.923789898286447,True,
2026-08-03T11:30:59.678221+00:00,3995,-6.2428431,106.8426503,complex_corridor,FRC2,32,32,8,8,1.0,False,-6.24270333943449,106.84230519617961,41.19038604817657,True,
2026-08-03T11:30:59.966366+00:00,4135,-6.242451300001405,106.84346441666648,complex_corridor,FRC3,27,27,15,15,1.0,False,-6.24264159782794,106.84303341592732,52.128779444682614,True,
2026-08-03T11:31:00.255077+00:00,4174,-6.242622250001264,106.84418269999986,complex_corridor,FRC3,21,21,14,14,1.0,False,-6.242365385288672,106.84405667866673,31.777844988721665,True,
2026-08-03T11:31:00.545758+00:00,4307,-6.237238257899974,106.8272395210502,complex_corridor,FRC2,4,20,32,6,1.0,False,-6.237236971031365,106.82743234718856,21.314848279038795,True,
2026-08-03T11:31:00.838455+00:00,4312,-6.237042057899963,106.8269344210502,complex_corridor,FRC2,23,23,6,6,1.0,False,-6.237208807900389,106.82690797532604,18.770772040768108,True,
2026-08-03T11:31:01.125280+00:00,4383,-6.255330045001537,106.84307333999776,complex_corridor,FRC4,25,25,7,7,1.0,False,-6.255170245392188,106.84296367849294,21.509477825194235,True,
2026-08-03T11:31:01.414084+00:00,4421,-6.237577607899957,106.82686737105018,complex_corridor,FRC3,4,18,123,27,0.99,False,-6.237416698431964,106.82692406858013,18.95817050701808,True,
2026-08-03T11:31:01.709201+00:00,5234,-6.255677025000373,106.8431710999986,complex_corridor,FRC4,23,23,6,6,1.0,False,-6.25559934329838,106.84329627241084,16.310649749926508,True,
2026-08-03T11:31:01.998002+00:00,5259,-6.255508725000373,106.84360214999862,complex_corridor,FRC4,17,30,506,287,0.999148,False,-6.255457199448482,106.84295563186589,71.6908067558573,True,
2026-08-03T11:31:02.285551+00:00,5296,-6.242909649999996,106.84406470000002,complex_corridor,FRC2,22,35,64,40,1.0,False,-6.24287098327402,106.84404058541264,5.0587612651154314,True,
2026-08-03T11:45:54.702969+00:00,703,-6.235444892859697,106.75583232857385,complex_corridor,FRC2,28,28,6,6,1.0,False,-6.235637002833079,106.75573958241279,23.694334982762854,True,
2026-08-03T11:45:54.993390+00:00,821,-6.288795825000754,106.77763638750048,complex_corridor,FRC1,15,30,73,36,1.0,False,-6.288676397337788,106.77774978959411,18.260596237349766,True,
2026-08-03T11:45:55.286588+00:00,1336,-6.235382350000007,106.7560557,complex_corridor,FRC2,27,27,9,9,1.0,False,-6.235851643158244,106.75634307944131,61.09133400248038,True,
2026-08-03T11:45:55.573494+00:00,2187,-6.234661449999994,106.7555585,complex_corridor,FRC2,39,39,18,18,1.0,False,-6.235295044618109,106.75596622907466,83.63486690954973,True,
2026-08-03T11:45:55.861722+00:00,2188,-6.233655599999991,106.75488135,complex_corridor,FRC2,30,30,32,32,1.0,False,-6.233742064909034,106.75495503627582,12.600808704103487,True,
2026-08-03T11:45:56.153803+00:00,2298,-6.288583799999989,106.77784095,complex_corridor,FRC1,29,41,482,341,1.0,False,-6.288634823320289,106.77780477487897,6.94084144102375,True,
2026-08-03T11:45:56.439654+00:00,2322,-6.2884621,106.7781152,complex_corridor,FRC1,11,25,127,56,1.0,False,-6.288455113550981,106.77822722279888,12.405765015820144,True,
2026-08-03T11:45:56.726684+00:00,2459,-6.23996075,106.79819865,complex_corridor,FRC3,23,27,493,420,0.975653,False,-6.239927209643448,106.79835988366938,18.208192291717626,True,
2026-08-03T11:45:57.034254+00:00,2660,-6.288887410002579,106.77817204999796,complex_corridor,FRC1,15,15,29,29,1.0,False,-6.289080056713849,106.77821112954479,21.852459789678804,True,
2026-08-03T11:45:57.325482+00:00,2731,-6.240104349999994,106.79819525,complex_corridor,FRC1,15,20,400,300,1.0,False,-6.254711568502923,106.79717434728451,1628.1638385691926,False,
2026-08-03T11:45:57.616885+00:00,2979,-6.239918790000258,106.79844824999957,complex_corridor,FRC2,5,13,8,3,1.0,False,-6.239928542802509,106.79846583092547,2.2254395550977346,True,
2026-08-03T11:45:57.912701+00:00,3134,-6.2892448600025785,106.77855074999796,complex_corridor,FRC1,17,22,15,11,1.0,False,-6.289262432333267,106.778499467014,5.995427904385316,True,
2026-08-03T11:45:58.207050+00:00,3164,-6.239840140000258,106.79869149999956,complex_corridor,FRC2,20,23,174,151,1.0,False,-6.23981997364873,106.79856239045006,14.446370748590217,True,
2026-08-03T11:45:58.498887+00:00,3940,-6.242815700000143,106.84290446666662,complex_corridor,FRC2,21,21,19,19,1.0,False,-6.242610768682978,106.84288187111798,22.923789898286447,True,
2026-08-03T11:45:58.786551+00:00,3995,-6.2428431,106.8426503,complex_corridor,FRC2,32,32,8,8,1.0,False,-6.24270333943449,106.84230519617961,41.19038604817657,True,
2026-08-03T11:45:59.075961+00:00,4135,-6.242451300001405,106.84346441666648,complex_corridor,FRC3,27,27,15,15,1.0,False,-6.24264159782794,106.84303341592732,52.128779444682614,True,
2026-08-03T11:45:59.360879+00:00,4174,-6.242622250001264,106.84418269999986,complex_corridor,FRC3,21,21,14,14,1.0,False,-6.242365385288672,106.84405667866673,31.777844988721665,True,
2026-08-03T11:45:59.646365+00:00,4307,-6.237238257899974,106.8272395210502,complex_corridor,FRC2,1,17,129,7,1.0,False,-6.237236971031365,106.82743234718856,21.314848279038795,True,
2026-08-03T11:45:59.932169+00:00,4312,-6.237042057899963,106.8269344210502,complex_corridor,FRC2,13,22,11,6,1.0,False,-6.237208807900389,106.82690797532604,18.770772040768108,True,
2026-08-03T11:46:00.216805+00:00,4383,-6.255330045001537,106.84307333999776,complex_corridor,FRC4,25,25,7,7,1.0,False,-6.255170245392188,106.84296367849294,21.509477825194235,True,
2026-08-03T11:46:00.526878+00:00,4421,-6.237577607899957,106.82686737105018,complex_corridor,FRC3,5,17,98,28,0.99,False,-6.237416698431964,106.82692406858013,18.95817050701808,True,
2026-08-03T11:46:00.814809+00:00,5234,-6.255677025000373,106.8431710999986,complex_corridor,FRC4,18,22,7,6,1.0,False,-6.25559934329838,106.84329627241084,16.310649749926508,True,
2026-08-03T11:46:01.104613+00:00,5259,-6.255508725000373,106.84360214999862,complex_corridor,FRC4,17,30,506,287,0.994382,False,-6.255457199448482,106.84295563186589,71.6908067558573,True,
2026-08-03T11:46:01.401484+00:00,5296,-6.242909649999996,106.84406470000002,complex_corridor,FRC2,20,34,71,41,1.0,False,-6.24287098327402,106.84404058541264,5.0587612651154314,True,
2026-08-03T12:01:03.810278+00:00,703,-6.235444892859697,106.75583232857385,complex_corridor,FRC2,28,28,6,6,1.0,False,-6.235637002833079,106.75573958241279,23.694334982762854,True,
2026-08-03T12:01:04.100565+00:00,821,-6.288795825000754,106.77763638750048,complex_corridor,FRC1,14,30,78,36,1.0,False,-6.288676397337788,106.77774978959411,18.260596237349766,True,
2026-08-03T12:01:04.396281+00:00,1336,-6.235382350000007,106.7560557,complex_corridor,FRC2,27,27,9,9,1.0,False,-6.235851643158244,106.75634307944131,61.09133400248038,True,
2026-08-03T12:01:04.691050+00:00,2187,-6.234661449999994,106.7555585,complex_corridor,FRC2,39,39,18,18,1.0,False,-6.235295044618109,106.75596622907466,83.63486690954973,True,
2026-08-03T12:01:04.985224+00:00,2188,-6.233655599999991,106.75488135,complex_corridor,FRC2,30,30,32,32,1.0,False,-6.233742064909034,106.75495503627582,12.600808704103487,True,
2026-08-03T12:01:05.277596+00:00,2298,-6.288583799999989,106.77784095,complex_corridor,FRC1,34,41,411,341,1.0,False,-6.288634823320289,106.77780477487897,6.94084144102375,True,
2026-08-03T12:01:05.578518+00:00,2322,-6.2884621,106.7781152,complex_corridor,FRC1,11,26,127,53,1.0,False,-6.288455113550981,106.77822722279888,12.405765015820144,True,
2026-08-03T12:01:05.877688+00:00,2459,-6.23996075,106.79819865,complex_corridor,FRC3,19,28,597,405,0.978425,False,-6.239927209643448,106.79835988366938,18.208192291717626,True,
2026-08-03T12:01:06.167767+00:00,2660,-6.288887410002579,106.77817204999796,complex_corridor,FRC1,15,15,29,29,1.0,False,-6.289080056713849,106.77821112954479,21.852459789678804,True,
2026-08-03T12:01:06.462799+00:00,2731,-6.240104349999994,106.79819525,complex_corridor,FRC1,18,22,333,272,1.0,False,-6.254711568502923,106.79717434728451,1628.1638385691926,False,
2026-08-03T12:01:06.751376+00:00,2979,-6.239918790000258,106.79844824999957,complex_corridor,FRC2,6,13,7,3,1.0,False,-6.239928542802509,106.79846583092547,2.2254395550977346,True,
2026-08-03T12:01:07.046583+00:00,3134,-6.2892448600025785,106.77855074999796,complex_corridor,FRC1,22,22,11,11,1.0,False,-6.289262432333267,106.778499467014,5.995427904385316,True,
2026-08-03T12:01:07.335518+00:00,3164,-6.239840140000258,106.79869149999956,complex_corridor,FRC2,22,26,158,134,1.0,False,-6.23981997364873,106.79856239045006,14.446370748590217,True,
2026-08-03T12:01:07.631709+00:00,3940,-6.242815700000143,106.84290446666662,complex_corridor,FRC2,21,21,19,19,1.0,False,-6.242610768682978,106.84288187111798,22.923789898286447,True,
2026-08-03T12:01:07.919658+00:00,3995,-6.2428431,106.8426503,complex_corridor,FRC2,32,32,8,8,1.0,False,-6.24270333943449,106.84230519617961,41.19038604817657,True,
2026-08-03T12:01:08.207228+00:00,4135,-6.242451300001405,106.84346441666648,complex_corridor,FRC3,27,27,15,15,1.0,False,-6.24264159782794,106.84303341592732,52.128779444682614,True,
2026-08-03T12:01:08.499588+00:00,4174,-6.242622250001264,106.84418269999986,complex_corridor,FRC3,7,21,42,14,1.0,False,-6.242365385288672,106.84405667866673,31.777844988721665,True,
2026-08-03T12:01:08.790891+00:00,4307,-6.237238257899974,106.8272395210502,complex_corridor,FRC2,2,26,64,4,0.99,False,-6.237236971031365,106.82743234718856,21.314848279038795,True,
2026-08-03T12:01:09.085515+00:00,4312,-6.237042057899963,106.8269344210502,complex_corridor,FRC2,23,23,6,6,1.0,False,-6.237208807900389,106.82690797532604,18.770772040768108,True,
2026-08-03T12:01:09.373181+00:00,4383,-6.255330045001537,106.84307333999776,complex_corridor,FRC4,25,25,7,7,1.0,False,-6.255170245392188,106.84296367849294,21.509477825194235,True,
2026-08-03T12:01:09.664251+00:00,4421,-6.237577607899957,106.82686737105018,complex_corridor,FRC3,5,18,98,27,0.99,False,-6.237416698431964,106.82692406858013,18.95817050701808,True,
2026-08-03T12:01:09.956526+00:00,5234,-6.255677025000373,106.8431710999986,complex_corridor,FRC4,17,23,8,6,1.0,False,-6.25559934329838,106.84329627241084,16.310649749926508,True,
2026-08-03T12:01:10.259868+00:00,5259,-6.255508725000373,106.84360214999862,complex_corridor,FRC4,17,29,506,297,0.997694,False,-6.255457199448482,106.84295563186589,71.6908067558573,True,
2026-08-03T12:01:10.551486+00:00,5296,-6.242909649999996,106.84406470000002,complex_corridor,FRC2,19,35,74,40,1.0,False,-6.24287098327402,106.84404058541264,5.0587612651154314,True,
2026-08-03T12:16:00.551772+00:00,703,-6.235444892859697,106.75583232857385,complex_corridor,FRC2,28,28,6,6,1.0,False,-6.235637002833079,106.75573958241279,23.694334982762854,True,
2026-08-03T12:16:00.862094+00:00,821,-6.288795825000754,106.77763638750048,complex_corridor,FRC1,9,28,121,39,1.0,False,-6.288676397337788,106.77774978959411,18.260596237349766,True,
2026-08-03T12:16:01.175162+00:00,1336,-6.235382350000007,106.7560557,complex_corridor,FRC2,27,27,9,9,1.0,False,-6.235851643158244,106.75634307944131,61.09133400248038,True,
2026-08-03T12:16:01.477595+00:00,2187,-6.234661449999994,106.7555585,complex_corridor,FRC2,39,39,18,18,1.0,False,-6.235295044618109,106.75596622907466,83.63486690954973,True,
2026-08-03T12:16:01.797154+00:00,2188,-6.233655599999991,106.75488135,complex_corridor,FRC2,30,30,32,32,1.0,False,-6.233742064909034,106.75495503627582,12.600808704103487,True,
2026-08-03T12:16:02.099033+00:00,2298,-6.288583799999989,106.77784095,complex_corridor,FRC1,33,40,424,350,1.0,False,-6.288634823320289,106.77780477487897,6.94084144102375,True,
2026-08-03T12:16:02.403469+00:00,2322,-6.2884621,106.7781152,complex_corridor,FRC1,12,26,116,53,1.0,False,-6.288455113550981,106.77822722279888,12.405765015820144,True,
2026-08-03T12:16:02.712254+00:00,2459,-6.23996075,106.79819865,complex_corridor,FRC3,20,27,568,420,0.985647,False,-6.239927209643448,106.79835988366938,18.208192291717626,True,
2026-08-03T12:16:03.043206+00:00,2660,-6.288887410002579,106.77817204999796,complex_corridor,FRC1,11,14,40,31,1.0,False,-6.289080056713849,106.77821112954479,21.852459789678804,True,
2026-08-03T12:16:03.343570+00:00,2731,-6.240104349999994,106.79819525,complex_corridor,FRC1,16,20,375,300,1.0,False,-6.254711568502923,106.79717434728451,1628.1638385691926,False,
2026-08-03T12:16:03.641982+00:00,2979,-6.239918790000258,106.79844824999957,complex_corridor,FRC2,5,15,8,2,1.0,False,-6.239928542802509,106.79846583092547,2.2254395550977346,True,
2026-08-03T12:16:03.946517+00:00,3134,-6.2892448600025785,106.77855074999796,complex_corridor,FRC1,22,22,11,11,1.0,False,-6.289262432333267,106.778499467014,5.995427904385316,True,
2026-08-03T12:16:04.249983+00:00,3164,-6.239840140000258,106.79869149999956,complex_corridor,FRC2,24,24,145,145,1.0,False,-6.23981997364873,106.79856239045006,14.446370748590217,True,
2026-08-03T12:16:04.549961+00:00,3940,-6.242815700000143,106.84290446666662,complex_corridor,FRC2,15,21,26,19,1.0,False,-6.242610768682978,106.84288187111798,22.923789898286447,True,
2026-08-03T12:16:04.854904+00:00,3995,-6.2428431,106.8426503,complex_corridor,FRC2,3,28,92,9,0.94,False,-6.24270333943449,106.84230519617961,41.19038604817657,True,
2026-08-03T12:16:05.159460+00:00,4135,-6.242451300001405,106.84346441666648,complex_corridor,FRC3,27,27,15,15,1.0,False,-6.24264159782794,106.84303341592732,52.128779444682614,True,
2026-08-03T12:16:05.461922+00:00,4174,-6.242622250001264,106.84418269999986,complex_corridor,FRC3,21,21,14,14,1.0,False,-6.242365385288672,106.84405667866673,31.777844988721665,True,
2026-08-03T12:16:05.776005+00:00,4307,-6.237238257899974,106.8272395210502,complex_corridor,FRC2,13,21,9,6,1.0,False,-6.237236971031365,106.82743234718856,21.314848279038795,True,
2026-08-03T12:16:06.076867+00:00,4312,-6.237042057899963,106.8269344210502,complex_corridor,FRC2,13,23,11,6,1.0,False,-6.237208807900389,106.82690797532604,18.770772040768108,True,
2026-08-03T12:16:06.387098+00:00,4383,-6.255330045001537,106.84307333999776,complex_corridor,FRC4,25,25,7,7,1.0,False,-6.255170245392188,106.84296367849294,21.509477825194235,True,
2026-08-03T12:16:06.685421+00:00,4421,-6.237577607899957,106.82686737105018,complex_corridor,FRC3,5,17,98,28,1.0,False,-6.237416698431964,106.82692406858013,18.95817050701808,True,
2026-08-03T12:16:06.987174+00:00,5234,-6.255677025000373,106.8431710999986,complex_corridor,FRC4,23,23,6,6,1.0,False,-6.25559934329838,106.84329627241084,16.310649749926508,True,
2026-08-03T12:16:07.287775+00:00,5259,-6.255508725000373,106.84360214999862,complex_corridor,FRC4,18,29,478,297,0.999148,False,-6.255457199448482,106.84295563186589,71.6908067558573,True,
2026-08-03T12:16:07.593662+00:00,5296,-6.242909649999996,106.84406470000002,complex_corridor,FRC2,19,35,74,40,1.0,False,-6.24287098327402,106.84404058541264,5.0587612651154314,True,
2026-08-03T12:31:02.539091+00:00,703,-6.235444892859697,106.75583232857385,complex_corridor,FRC2,28,28,6,6,1.0,False,-6.235637002833079,106.75573958241279,23.694334982762854,True,
2026-08-03T12:31:02.855204+00:00,821,-6.288795825000754,106.77763638750048,complex_corridor,FRC1,15,31,73,35,1.0,False,-6.288676397337788,106.77774978959411,18.260596237349766,True,
2026-08-03T12:31:03.165761+00:00,1336,-6.235382350000007,106.7560557,complex_corridor,FRC2,27,27,9,9,1.0,False,-6.235851643158244,106.75634307944131,61.09133400248038,True,
2026-08-03T12:31:03.469241+00:00,2187,-6.234661449999994,106.7555585,complex_corridor,FRC2,39,39,18,18,1.0,False,-6.235295044618109,106.75596622907466,83.63486690954973,True,
2026-08-03T12:31:03.771220+00:00,2188,-6.233655599999991,106.75488135,complex_corridor,FRC2,30,30,32,32,1.0,False,-6.233742064909034,106.75495503627582,12.600808704103487,True,
2026-08-03T12:31:04.072469+00:00,2298,-6.288583799999989,106.77784095,complex_corridor,FRC1,41,41,341,341,1.0,False,-6.288634823320289,106.77780477487897,6.94084144102375,True,
2026-08-03T12:31:04.385692+00:00,2322,-6.2884621,106.7781152,complex_corridor,FRC1,18,29,77,48,1.0,False,-6.288455113550981,106.77822722279888,12.405765015820144,True,
2026-08-03T12:31:04.685021+00:00,2459,-6.23996075,106.79819865,complex_corridor,FRC3,22,28,516,405,0.990022,False,-6.239927209643448,106.79835988366938,18.208192291717626,True,
2026-08-03T12:31:04.996291+00:00,2660,-6.288887410002579,106.77817204999796,complex_corridor,FRC1,10,14,44,31,1.0,False,-6.289080056713849,106.77821112954479,21.852459789678804,True,
2026-08-03T12:31:05.300206+00:00,2731,-6.240104349999994,106.79819525,complex_corridor,FRC1,18,22,333,272,1.0,False,-6.254711568502923,106.79717434728451,1628.1638385691926,False,
2026-08-03T12:31:05.618060+00:00,2979,-6.239918790000258,106.79844824999957,complex_corridor,FRC2,5,13,8,3,1.0,False,-6.239928542802509,106.79846583092547,2.2254395550977346,True,
2026-08-03T12:31:05.919114+00:00,3134,-6.2892448600025785,106.77855074999796,complex_corridor,FRC1,12,22,21,11,1.0,False,-6.289262432333267,106.778499467014,5.995427904385316,True,
2026-08-03T12:31:06.218968+00:00,3164,-6.239840140000258,106.79869149999956,complex_corridor,FRC2,24,24,145,145,1.0,False,-6.23981997364873,106.79856239045006,14.446370748590217,True,
2026-08-03T12:31:06.517765+00:00,3940,-6.242815700000143,106.84290446666662,complex_corridor,FRC2,21,21,19,19,1.0,False,-6.242610768682978,106.84288187111798,22.923789898286447,True,
2026-08-03T12:31:06.828587+00:00,3995,-6.2428431,106.8426503,complex_corridor,FRC2,22,32,12,8,0.96,False,-6.24270333943449,106.84230519617961,41.19038604817657,True,
2026-08-03T12:31:07.133551+00:00,4135,-6.242451300001405,106.84346441666648,complex_corridor,FRC3,27,27,15,15,1.0,False,-6.24264159782794,106.84303341592732,52.128779444682614,True,
2026-08-03T12:31:07.442207+00:00,4174,-6.242622250001264,106.84418269999986,complex_corridor,FRC3,21,21,14,14,1.0,False,-6.242365385288672,106.84405667866673,31.777844988721665,True,
2026-08-03T12:31:07.744136+00:00,4307,-6.237238257899974,106.8272395210502,complex_corridor,FRC2,1,20,129,6,0.99,False,-6.237236971031365,106.82743234718856,21.314848279038795,True,
2026-08-03T12:31:08.045612+00:00,4312,-6.237042057899963,106.8269344210502,complex_corridor,FRC2,23,23,6,6,1.0,False,-6.237208807900389,106.82690797532604,18.770772040768108,True,
2026-08-03T12:31:08.345975+00:00,4383,-6.255330045001537,106.84307333999776,complex_corridor,FRC4,25,25,7,7,1.0,False,-6.255170245392188,106.84296367849294,21.509477825194235,True,
2026-08-03T12:31:08.658747+00:00,4421,-6.237577607899957,106.82686737105018,complex_corridor,FRC3,8,18,61,27,1.0,False,-6.237416698431964,106.82692406858013,18.95817050701808,True,
2026-08-03T12:31:08.968781+00:00,5234,-6.255677025000373,106.8431710999986,complex_corridor,FRC4,23,23,6,6,1.0,False,-6.25559934329838,106.84329627241084,16.310649749926508,True,
2026-08-03T12:31:09.269475+00:00,5259,-6.255508725000373,106.84360214999862,complex_corridor,FRC4,17,30,506,287,0.997293,False,-6.255457199448482,106.84295563186589,71.6908067558573,True,
2026-08-03T12:31:09.570915+00:00,5296,-6.242909649999996,106.84406470000002,complex_corridor,FRC2,25,34,56,41,1.0,False,-6.24287098327402,106.84404058541264,5.0587612651154314,True,
2026-08-03T12:45:51.980416+00:00,703,-6.235444892859697,106.75583232857385,complex_corridor,FRC2,28,28,6,6,1.0,False,-6.235637002833079,106.75573958241279,23.694334982762854,True,
2026-08-03T12:45:52.270796+00:00,821,-6.288795825000754,106.77763638750048,complex_corridor,FRC1,12,31,91,35,1.0,False,-6.288676397337788,106.77774978959411,18.260596237349766,True,
2026-08-03T12:45:52.560987+00:00,1336,-6.235382350000007,106.7560557,complex_corridor,FRC2,27,27,9,9,1.0,False,-6.235851643158244,106.75634307944131,61.09133400248038,True,
2026-08-03T12:45:52.850835+00:00,2187,-6.234661449999994,106.7555585,complex_corridor,FRC2,22,39,33,18,0.97,False,-6.235295044618109,106.75596622907466,83.63486690954973,True,
2026-08-03T12:45:53.140975+00:00,2188,-6.233655599999991,106.75488135,complex_corridor,FRC2,30,30,32,32,1.0,False,-6.233742064909034,106.75495503627582,12.600808704103487,True,
2026-08-03T12:45:53.430777+00:00,2298,-6.288583799999989,106.77784095,complex_corridor,FRC1,41,41,341,341,1.0,False,-6.288634823320289,106.77780477487897,6.94084144102375,True,
2026-08-03T12:45:53.716795+00:00,2322,-6.2884621,106.7781152,complex_corridor,FRC1,12,25,116,56,1.0,False,-6.288455113550981,106.77822722279888,12.405765015820144,True,
2026-08-03T12:45:54.003111+00:00,2459,-6.23996075,106.79819865,complex_corridor,FRC3,18,27,631,420,0.999715,False,-6.239927209643448,106.79835988366938,18.208192291717626,True,
2026-08-03T12:45:54.291427+00:00,2660,-6.288887410002579,106.77817204999796,complex_corridor,FRC1,11,15,40,29,1.0,False,-6.289080056713849,106.77821112954479,21.852459789678804,True,
2026-08-03T12:45:54.583486+00:00,2731,-6.240104349999994,106.79819525,complex_corridor,FRC1,16,22,375,272,1.0,False,-6.254711568502923,106.79717434728451,1628.1638385691926,False,
2026-08-03T12:45:54.869108+00:00,2979,-6.239918790000258,106.79844824999957,complex_corridor,FRC2,9,13,4,3,1.0,False,-6.239928542802509,106.79846583092547,2.2254395550977346,True,
2026-08-03T12:45:55.163443+00:00,3134,-6.2892448600025785,106.77855074999796,complex_corridor,FRC1,17,22,15,11,1.0,False,-6.289262432333267,106.778499467014,5.995427904385316,True,
2026-08-03T12:45:55.451642+00:00,3164,-6.239840140000258,106.79869149999956,complex_corridor,FRC2,20,24,174,145,1.0,False,-6.23981997364873,106.79856239045006,14.446370748590217,True,
2026-08-03T12:45:55.748363+00:00,3940,-6.242815700000143,106.84290446666662,complex_corridor,FRC2,21,21,19,19,1.0,False,-6.242610768682978,106.84288187111798,22.923789898286447,True,
2026-08-03T12:45:56.043759+00:00,3995,-6.2428431,106.8426503,complex_corridor,FRC2,32,32,8,8,1.0,False,-6.24270333943449,106.84230519617961,41.19038604817657,True,
2026-08-03T12:45:56.336775+00:00,4135,-6.242451300001405,106.84346441666648,complex_corridor,FRC3,27,27,15,15,1.0,False,-6.24264159782794,106.84303341592732,52.128779444682614,True,
2026-08-03T12:45:56.645693+00:00,4174,-6.242622250001264,106.84418269999986,complex_corridor,FRC3,21,21,14,14,1.0,False,-6.242365385288672,106.84405667866673,31.777844988721665,True,
2026-08-03T12:45:56.930858+00:00,4307,-6.237238257899974,106.8272395210502,complex_corridor,FRC2,2,26,64,4,0.97,False,-6.237236971031365,106.82743234718856,21.314848279038795,True,
2026-08-03T12:45:57.216666+00:00,4312,-6.237042057899963,106.8269344210502,complex_corridor,FRC2,23,23,6,6,1.0,False,-6.237208807900389,106.82690797532604,18.770772040768108,True,
2026-08-03T12:45:57.502110+00:00,4383,-6.255330045001537,106.84307333999776,complex_corridor,FRC4,25,25,7,7,1.0,False,-6.255170245392188,106.84296367849294,21.509477825194235,True,
2026-08-03T12:45:57.790370+00:00,4421,-6.237577607899957,106.82686737105018,complex_corridor,FRC3,5,19,98,25,1.0,False,-6.237416698431964,106.82692406858013,18.95817050701808,True,
2026-08-03T12:45:58.085455+00:00,5234,-6.255677025000373,106.8431710999986,complex_corridor,FRC4,23,23,6,6,1.0,False,-6.25559934329838,106.84329627241084,16.310649749926508,True,
2026-08-03T12:45:58.375362+00:00,5259,-6.255508725000373,106.84360214999862,complex_corridor,FRC4,20,30,430,287,1.0,False,-6.255457199448482,106.84295563186589,71.6908067558573,True,
2026-08-03T12:45:58.658831+00:00,5296,-6.242909649999996,106.84406470000002,complex_corridor,FRC2,28,35,50,40,1.0,False,-6.24287098327402,106.84404058541264,5.0587612651154314,True,
2026-08-03T13:01:03.775730+00:00,703,-6.235444892859697,106.75583232857385,complex_corridor,FRC2,28,28,6,6,1.0,False,-6.235637002833079,106.75573958241279,23.694334982762854,True,
2026-08-03T13:01:04.041238+00:00,821,-6.288795825000754,106.77763638750048,complex_corridor,FRC1,11,32,99,34,1.0,False,-6.288676397337788,106.77774978959411,18.260596237349766,True,
2026-08-03T13:01:04.309004+00:00,1336,-6.235382350000007,106.7560557,complex_corridor,FRC2,27,27,9,9,1.0,False,-6.235851643158244,106.75634307944131,61.09133400248038,True,
2026-08-03T13:01:04.576589+00:00,2187,-6.234661449999994,106.7555585,complex_corridor,FRC2,31,39,23,18,0.98,False,-6.235295044618109,106.75596622907466,83.63486690954973,True,
2026-08-03T13:01:04.846853+00:00,2188,-6.233655599999991,106.75488135,complex_corridor,FRC2,23,30,42,32,0.98,False,-6.233742064909034,106.75495503627582,12.600808704103487,True,
2026-08-03T13:01:05.118596+00:00,2298,-6.288583799999989,106.77784095,complex_corridor,FRC1,41,41,341,341,1.0,False,-6.288634823320289,106.77780477487897,6.94084144102375,True,
2026-08-03T13:01:05.392769+00:00,2322,-6.2884621,106.7781152,complex_corridor,FRC1,14,27,100,51,1.0,False,-6.288455113550981,106.77822722279888,12.405765015820144,True,
2026-08-03T13:01:05.675263+00:00,2459,-6.23996075,106.79819865,complex_corridor,FRC3,21,28,541,405,1.0,False,-6.239927209643448,106.79835988366938,18.208192291717626,True,
2026-08-03T13:01:05.943602+00:00,2660,-6.288887410002579,106.77817204999796,complex_corridor,FRC1,15,15,29,29,1.0,False,-6.289080056713849,106.77821112954479,21.852459789678804,True,
2026-08-03T13:01:06.207106+00:00,2731,-6.240104349999994,106.79819525,complex_corridor,FRC1,21,21,285,285,1.0,False,-6.254711568502923,106.79717434728451,1628.1638385691926,False,
2026-08-03T13:01:06.472532+00:00,2979,-6.239918790000258,106.79844824999957,complex_corridor,FRC2,15,15,2,2,1.0,False,-6.239928542802509,106.79846583092547,2.2254395550977346,True,
2026-08-03T13:01:06.751532+00:00,3134,-6.2892448600025785,106.77855074999796,complex_corridor,FRC1,22,22,11,11,1.0,False,-6.289262432333267,106.778499467014,5.995427904385316,True,
2026-08-03T13:01:07.018185+00:00,3164,-6.239840140000258,106.79869149999956,complex_corridor,FRC2,18,24,193,145,1.0,False,-6.23981997364873,106.79856239045006,14.446370748590217,True,
2026-08-03T13:01:07.288288+00:00,3940,-6.242815700000143,106.84290446666662,complex_corridor,FRC2,14,20,28,20,0.99,False,-6.242610768682978,106.84288187111798,22.923789898286447,True,
2026-08-03T13:01:07.551673+00:00,3995,-6.2428431,106.8426503,complex_corridor,FRC2,32,32,8,8,1.0,False,-6.24270333943449,106.84230519617961,41.19038604817657,True,
2026-08-03T13:01:07.817617+00:00,4135,-6.242451300001405,106.84346441666648,complex_corridor,FRC3,27,27,15,15,1.0,False,-6.24264159782794,106.84303341592732,52.128779444682614,True,
2026-08-03T13:01:08.085205+00:00,4174,-6.242622250001264,106.84418269999986,complex_corridor,FRC3,21,21,14,14,1.0,False,-6.242365385288672,106.84405667866673,31.777844988721665,True,
2026-08-03T13:01:08.359151+00:00,4307,-6.237238257899974,106.8272395210502,complex_corridor,FRC2,2,22,64,5,0.98,False,-6.237236971031365,106.82743234718856,21.314848279038795,True,
2026-08-03T13:01:08.625668+00:00,4312,-6.237042057899963,106.8269344210502,complex_corridor,FRC2,23,23,6,6,1.0,False,-6.237208807900389,106.82690797532604,18.770772040768108,True,
2026-08-03T13:01:08.901608+00:00,4383,-6.255330045001537,106.84307333999776,complex_corridor,FRC4,25,25,7,7,1.0,False,-6.255170245392188,106.84296367849294,21.509477825194235,True,
2026-08-03T13:01:09.175868+00:00,4421,-6.237577607899957,106.82686737105018,complex_corridor,FRC3,7,17,70,28,1.0,False,-6.237416698431964,106.82692406858013,18.95817050701808,True,
2026-08-03T13:01:09.440308+00:00,5234,-6.255677025000373,106.8431710999986,complex_corridor,FRC4,23,23,6,6,1.0,False,-6.25559934329838,106.84329627241084,16.310649749926508,True,
2026-08-03T13:01:09.708535+00:00,5259,-6.255508725000373,106.84360214999862,complex_corridor,FRC4,20,29,430,297,0.997256,False,-6.255457199448482,106.84295563186589,71.6908067558573,True,
2026-08-03T13:01:09.974968+00:00,5296,-6.242909649999996,106.84406470000002,complex_corridor,FRC2,27,34,52,41,1.0,False,-6.24287098327402,106.84404058541264,5.0587612651154314,True,
2026-08-03T13:15:49.619116+00:00,703,-6.235444892859697,106.75583232857385,complex_corridor,FRC2,28,28,6,6,1.0,False,-6.235637002833079,106.75573958241279,23.694334982762854,True,
2026-08-03T13:15:49.889411+00:00,821,-6.288795825000754,106.77763638750048,complex_corridor,FRC1,17,31,64,35,1.0,False,-6.288676397337788,106.77774978959411,18.260596237349766,True,
2026-08-03T13:15:50.160154+00:00,1336,-6.235382350000007,106.7560557,complex_corridor,FRC2,27,27,9,9,1.0,False,-6.235851643158244,106.75634307944131,61.09133400248038,True,
2026-08-03T13:15:50.431751+00:00,2187,-6.234661449999994,106.7555585,complex_corridor,FRC2,31,38,23,19,0.98,False,-6.235295044618109,106.75596622907466,83.63486690954973,True,
2026-08-03T13:15:50.708110+00:00,2188,-6.233655599999991,106.75488135,complex_corridor,FRC2,30,30,32,32,1.0,False,-6.233742064909034,106.75495503627582,12.600808704103487,True,
2026-08-03T13:15:50.981087+00:00,2298,-6.288583799999989,106.77784095,complex_corridor,FRC1,41,41,341,341,1.0,False,-6.288634823320289,106.77780477487897,6.94084144102375,True,
2026-08-03T13:15:51.247751+00:00,2322,-6.2884621,106.7781152,complex_corridor,FRC1,26,26,53,53,1.0,False,-6.288455113550981,106.77822722279888,12.405765015820144,True,
2026-08-03T13:15:51.518671+00:00,2459,-6.23996075,106.79819865,complex_corridor,FRC3,28,28,405,405,1.0,False,-6.239927209643448,106.79835988366938,18.208192291717626,True,
2026-08-03T13:15:51.790329+00:00,2660,-6.288887410002579,106.77817204999796,complex_corridor,FRC1,15,15,29,29,1.0,False,-6.289080056713849,106.77821112954479,21.852459789678804,True,
2026-08-03T13:15:52.054432+00:00,2731,-6.240104349999994,106.79819525,complex_corridor,FRC1,16,20,375,300,1.0,False,-6.254711568502923,106.79717434728451,1628.1638385691926,False,
2026-08-03T13:15:52.319775+00:00,2979,-6.239918790000258,106.79844824999957,complex_corridor,FRC2,8,13,5,3,1.0,False,-6.239928542802509,106.79846583092547,2.2254395550977346,True,
2026-08-03T13:15:52.587977+00:00,3134,-6.2892448600025785,106.77855074999796,complex_corridor,FRC1,22,22,11,11,1.0,False,-6.289262432333267,106.778499467014,5.995427904385316,True,
2026-08-03T13:15:52.857160+00:00,3164,-6.239840140000258,106.79869149999956,complex_corridor,FRC2,24,24,145,145,1.0,False,-6.23981997364873,106.79856239045006,14.446370748590217,True,
2026-08-03T13:15:53.121714+00:00,3940,-6.242815700000143,106.84290446666662,complex_corridor,FRC2,21,21,19,19,1.0,False,-6.242610768682978,106.84288187111798,22.923789898286447,True,
2026-08-03T13:15:53.393916+00:00,3995,-6.2428431,106.8426503,complex_corridor,FRC2,25,32,11,8,0.93,False,-6.24270333943449,106.84230519617961,41.19038604817657,True,
2026-08-03T13:15:53.658693+00:00,4135,-6.242451300001405,106.84346441666648,complex_corridor,FRC3,27,27,15,15,1.0,False,-6.24264159782794,106.84303341592732,52.128779444682614,True,
2026-08-03T13:15:53.926904+00:00,4174,-6.242622250001264,106.84418269999986,complex_corridor,FRC3,16,21,18,14,1.0,False,-6.242365385288672,106.84405667866673,31.777844988721665,True,
2026-08-03T13:15:54.192857+00:00,4307,-6.237238257899974,106.8272395210502,complex_corridor,FRC2,2,26,64,4,0.98,False,-6.237236971031365,106.82743234718856,21.314848279038795,True,
2026-08-03T13:15:54.457868+00:00,4312,-6.237042057899963,106.8269344210502,complex_corridor,FRC2,23,23,6,6,1.0,False,-6.237208807900389,106.82690797532604,18.770772040768108,True,
2026-08-03T13:15:54.721373+00:00,4383,-6.255330045001537,106.84307333999776,complex_corridor,FRC4,25,25,7,7,1.0,False,-6.255170245392188,106.84296367849294,21.509477825194235,True,
2026-08-03T13:15:54.983839+00:00,4421,-6.237577607899957,106.82686737105018,complex_corridor,FRC3,8,17,61,28,1.0,False,-6.237416698431964,106.82692406858013,18.95817050701808,True,
2026-08-03T13:15:55.262317+00:00,5234,-6.255677025000373,106.8431710999986,complex_corridor,FRC4,23,23,6,6,1.0,False,-6.25559934329838,106.84329627241084,16.310649749926508,True,
2026-08-03T13:15:55.528865+00:00,5259,-6.255508725000373,106.84360214999862,complex_corridor,FRC4,20,29,430,297,0.99911,False,-6.255457199448482,106.84295563186589,71.6908067558573,True,
2026-08-03T13:15:55.792082+00:00,5296,-6.242909649999996,106.84406470000002,complex_corridor,FRC2,27,35,52,40,1.0,False,-6.24287098327402,106.84404058541264,5.0587612651154314,True,
2026-08-03T13:30:55.410601+00:00,703,-6.235444892859697,106.75583232857385,complex_corridor,FRC2,28,28,6,6,1.0,False,-6.235637002833079,106.75573958241279,23.694334982762854,True,
2026-08-03T13:30:55.704019+00:00,821,-6.288795825000754,106.77763638750048,complex_corridor,FRC1,16,31,68,35,1.0,False,-6.288676397337788,106.77774978959411,18.260596237349766,True,
2026-08-03T13:30:56.006811+00:00,1336,-6.235382350000007,106.7560557,complex_corridor,FRC2,27,27,9,9,1.0,False,-6.235851643158244,106.75634307944131,61.09133400248038,True,
2026-08-03T13:30:56.300836+00:00,2187,-6.234661449999994,106.7555585,complex_corridor,FRC2,39,39,18,18,1.0,False,-6.235295044618109,106.75596622907466,83.63486690954973,True,
2026-08-03T13:30:56.590073+00:00,2188,-6.233655599999991,106.75488135,complex_corridor,FRC2,30,30,32,32,1.0,False,-6.233742064909034,106.75495503627582,12.600808704103487,True,
2026-08-03T13:30:56.888565+00:00,2298,-6.288583799999989,106.77784095,complex_corridor,FRC1,41,41,341,341,1.0,False,-6.288634823320289,106.77780477487897,6.94084144102375,True,
2026-08-03T13:30:57.201798+00:00,2322,-6.2884621,106.7781152,complex_corridor,FRC1,17,26,82,53,1.0,False,-6.288455113550981,106.77822722279888,12.405765015820144,True,
2026-08-03T13:30:57.491259+00:00,2459,-6.23996075,106.79819865,complex_corridor,FRC3,22,27,516,420,1.0,False,-6.239927209643448,106.79835988366938,18.208192291717626,True,
2026-08-03T13:30:57.778243+00:00,2660,-6.288887410002579,106.77817204999796,complex_corridor,FRC1,9,14,49,31,1.0,False,-6.289080056713849,106.77821112954479,21.852459789678804,True,
2026-08-03T13:30:58.084112+00:00,2731,-6.240104349999994,106.79819525,complex_corridor,FRC1,16,22,375,272,1.0,False,-6.254711568502923,106.79717434728451,1628.1638385691926,False,
2026-08-03T13:30:58.373831+00:00,2979,-6.239918790000258,106.79844824999957,complex_corridor,FRC2,6,16,7,2,1.0,False,-6.239928542802509,106.79846583092547,2.2254395550977346,True,
2026-08-03T13:30:58.669684+00:00,3134,-6.2892448600025785,106.77855074999796,complex_corridor,FRC1,22,22,11,11,1.0,False,-6.289262432333267,106.778499467014,5.995427904385316,True,
2026-08-03T13:30:58.957275+00:00,3164,-6.239840140000258,106.79869149999956,complex_corridor,FRC2,24,24,145,145,1.0,False,-6.23981997364873,106.79856239045006,14.446370748590217,True,
2026-08-03T13:30:59.262836+00:00,3940,-6.242815700000143,106.84290446666662,complex_corridor,FRC2,21,21,19,19,1.0,False,-6.242610768682978,106.84288187111798,22.923789898286447,True,
2026-08-03T13:30:59.559316+00:00,3995,-6.2428431,106.8426503,complex_corridor,FRC2,32,32,8,8,1.0,False,-6.24270333943449,106.84230519617961,41.19038604817657,True,
2026-08-03T13:30:59.846259+00:00,4135,-6.242451300001405,106.84346441666648,complex_corridor,FRC3,27,27,15,15,1.0,False,-6.24264159782794,106.84303341592732,52.128779444682614,True,
2026-08-03T13:31:00.149514+00:00,4174,-6.242622250001264,106.84418269999986,complex_corridor,FRC3,21,21,14,14,1.0,False,-6.242365385288672,106.84405667866673,31.777844988721665,True,
2026-08-03T13:31:00.451464+00:00,4307,-6.237238257899974,106.8272395210502,complex_corridor,FRC2,14,20,9,6,0.95,False,-6.237236971031365,106.82743234718856,21.314848279038795,True,
2026-08-03T13:31:00.736355+00:00,4312,-6.237042057899963,106.8269344210502,complex_corridor,FRC2,23,23,6,6,1.0,False,-6.237208807900389,106.82690797532604,18.770772040768108,True,
2026-08-03T13:31:01.035369+00:00,4383,-6.255330045001537,106.84307333999776,complex_corridor,FRC4,25,25,7,7,1.0,False,-6.255170245392188,106.84296367849294,21.509477825194235,True,
2026-08-03T13:31:01.335002+00:00,4421,-6.237577607899957,106.82686737105018,complex_corridor,FRC3,18,18,27,27,1.0,False,-6.237416698431964,106.82692406858013,18.95817050701808,True,
2026-08-03T13:31:01.625892+00:00,5234,-6.255677025000373,106.8431710999986,complex_corridor,FRC4,23,23,6,6,1.0,False,-6.25559934329838,106.84329627241084,16.310649749926508,True,
2026-08-03T13:31:01.949790+00:00,5259,-6.255508725000373,106.84360214999862,complex_corridor,FRC4,22,30,391,287,0.996667,False,-6.255457199448482,106.84295563186589,71.6908067558573,True,
2026-08-03T13:31:02.245969+00:00,5296,-6.242909649999996,106.84406470000002,complex_corridor,FRC2,22,35,64,40,1.0,False,-6.24287098327402,106.84404058541264,5.0587612651154314,True,
2026-08-03T13:45:55.606544+00:00,703,-6.235444892859697,106.75583232857385,complex_corridor,FRC2,28,28,6,6,1.0,False,-6.235637002833079,106.75573958241279,23.694334982762854,True,
2026-08-03T13:45:55.896214+00:00,821,-6.288795825000754,106.77763638750048,complex_corridor,FRC1,23,31,47,35,1.0,False,-6.288676397337788,106.77774978959411,18.260596237349766,True,
2026-08-03T13:45:56.183354+00:00,1336,-6.235382350000007,106.7560557,complex_corridor,FRC2,27,27,9,9,1.0,False,-6.235851643158244,106.75634307944131,61.09133400248038,True,
2026-08-03T13:45:56.470797+00:00,2187,-6.234661449999994,106.7555585,complex_corridor,FRC2,39,39,18,18,1.0,False,-6.235295044618109,106.75596622907466,83.63486690954973,True,
2026-08-03T13:45:56.760323+00:00,2188,-6.233655599999991,106.75488135,complex_corridor,FRC2,30,30,32,32,1.0,False,-6.233742064909034,106.75495503627582,12.600808704103487,True,
2026-08-03T13:45:57.048682+00:00,2298,-6.288583799999989,106.77784095,complex_corridor,FRC1,32,40,437,350,1.0,False,-6.288634823320289,106.77780477487897,6.94084144102375,True,
2026-08-03T13:45:57.343826+00:00,2322,-6.2884621,106.7781152,complex_corridor,FRC1,18,25,77,56,1.0,False,-6.288455113550981,106.77822722279888,12.405765015820144,True,
2026-08-03T13:45:57.649334+00:00,2459,-6.23996075,106.79819865,complex_corridor,FRC3,28,28,405,405,1.0,False,-6.239927209643448,106.79835988366938,18.208192291717626,True,
2026-08-03T13:45:57.940357+00:00,2660,-6.288887410002579,106.77817204999796,complex_corridor,FRC1,15,15,29,29,1.0,False,-6.289080056713849,106.77821112954479,21.852459789678804,True,
2026-08-03T13:45:58.227214+00:00,2731,-6.240104349999994,106.79819525,complex_corridor,FRC1,16,21,375,285,1.0,False,-6.254711568502923,106.79717434728451,1628.1638385691926,False,
2026-08-03T13:45:58.514286+00:00,2979,-6.239918790000258,106.79844824999957,complex_corridor,FRC2,6,15,7,2,1.0,False,-6.239928542802509,106.79846583092547,2.2254395550977346,True,
2026-08-03T13:45:58.806030+00:00,3134,-6.2892448600025785,106.77855074999796,complex_corridor,FRC1,22,22,11,11,1.0,False,-6.289262432333267,106.778499467014,5.995427904385316,True,
2026-08-03T13:45:59.106305+00:00,3164,-6.239840140000258,106.79869149999956,complex_corridor,FRC2,24,24,145,145,1.0,False,-6.23981997364873,106.79856239045006,14.446370748590217,True,
2026-08-03T13:45:59.393496+00:00,3940,-6.242815700000143,106.84290446666662,complex_corridor,FRC2,21,21,19,19,1.0,False,-6.242610768682978,106.84288187111798,22.923789898286447,True,
2026-08-03T13:45:59.685297+00:00,3995,-6.2428431,106.8426503,complex_corridor,FRC2,32,32,8,8,1.0,False,-6.24270333943449,106.84230519617961,41.19038604817657,True,
2026-08-03T13:45:59.974197+00:00,4135,-6.242451300001405,106.84346441666648,complex_corridor,FRC3,27,27,15,15,1.0,False,-6.24264159782794,106.84303341592732,52.128779444682614,True,
2026-08-03T13:46:00.259209+00:00,4174,-6.242622250001264,106.84418269999986,complex_corridor,FRC3,21,21,14,14,1.0,False,-6.242365385288672,106.84405667866673,31.777844988721665,True,
2026-08-03T13:46:00.546439+00:00,4307,-6.237238257899974,106.8272395210502,complex_corridor,FRC2,16,20,8,6,0.99,False,-6.237236971031365,106.82743234718856,21.314848279038795,True,
2026-08-03T13:46:00.840737+00:00,4312,-6.237042057899963,106.8269344210502,complex_corridor,FRC2,23,23,6,6,1.0,False,-6.237208807900389,106.82690797532604,18.770772040768108,True,
2026-08-03T13:46:01.140657+00:00,4383,-6.255330045001537,106.84307333999776,complex_corridor,FRC4,25,25,7,7,1.0,False,-6.255170245392188,106.84296367849294,21.509477825194235,True,
2026-08-03T13:46:01.427228+00:00,4421,-6.237577607899957,106.82686737105018,complex_corridor,FRC3,18,18,27,27,1.0,False,-6.237416698431964,106.82692406858013,18.95817050701808,True,
2026-08-03T13:46:01.714478+00:00,5234,-6.255677025000373,106.8431710999986,complex_corridor,FRC4,23,23,6,6,1.0,False,-6.25559934329838,106.84329627241084,16.310649749926508,True,
2026-08-03T13:46:02.007922+00:00,5259,-6.255508725000373,106.84360214999862,complex_corridor,FRC4,22,30,391,287,1.0,False,-6.255457199448482,106.84295563186589,71.6908067558573,True,
2026-08-03T13:46:02.296352+00:00,5296,-6.242909649999996,106.84406470000002,complex_corridor,FRC2,35,35,40,40,1.0,False,-6.24287098327402,106.84404058541264,5.0587612651154314,True,
2026-08-03T14:01:00.704737+00:00,703,-6.235444892859697,106.75583232857385,complex_corridor,FRC2,28,28,6,6,1,False,-6.235637002833079,106.75573958241279,23.694334982762854,True,
2026-08-03T14:01:00.976462+00:00,821,-6.288795825000754,106.77763638750048,complex_corridor,FRC1,17,30,64,36,1,False,-6.288676397337788,106.77774978959411,18.260596237349766,True,
2026-08-03T14:01:01.250230+00:00,1336,-6.235382350000007,106.7560557,complex_corridor,FRC2,27,27,9,9,1,False,-6.235851643158244,106.75634307944131,61.09133400248038,True,
2026-08-03T14:01:01.520839+00:00,2187,-6.234661449999994,106.7555585,complex_corridor,FRC2,39,39,18,18,1,False,-6.235295044618109,106.75596622907466,83.63486690954973,True,
2026-08-03T14:01:01.819491+00:00,2188,-6.233655599999991,106.75488135,complex_corridor,FRC2,30,30,32,32,1,False,-6.233742064909034,106.75495503627582,12.600808704103487,True,
2026-08-03T14:01:02.094662+00:00,2298,-6.288583799999989,106.77784095,complex_corridor,FRC1,41,41,341,341,1,False,-6.288634823320289,106.77780477487897,6.94084144102375,True,
2026-08-03T14:01:02.360800+00:00,2322,-6.2884621,106.7781152,complex_corridor,FRC1,26,26,53,53,1,False,-6.288455113550981,106.77822722279888,12.405765015820144,True,
2026-08-03T14:01:02.630175+00:00,2459,-6.23996075,106.79819865,complex_corridor,FRC3,28,28,405,405,1,False,-6.239927209643448,106.79835988366938,18.208192291717626,True,
2026-08-03T14:01:02.897579+00:00,2660,-6.288887410002579,106.77817204999796,complex_corridor,FRC1,15,15,29,29,1,False,-6.289080056713849,106.77821112954479,21.852459789678804,True,
2026-08-03T14:01:03.186478+00:00,2731,-6.240104349999994,106.79819525,complex_corridor,FRC1,21,21,285,285,1,False,-6.254711568502923,106.79717434728451,1628.1638385691926,False,
2026-08-03T14:01:03.466041+00:00,2979,-6.239918790000258,106.79844824999957,complex_corridor,FRC2,9,15,4,2,1,False,-6.239928542802509,106.79846583092547,2.2254395550977346,True,
2026-08-03T14:01:03.755469+00:00,3134,-6.2892448600025785,106.77855074999796,complex_corridor,FRC1,22,22,11,11,1,False,-6.289262432333267,106.778499467014,5.995427904385316,True,
2026-08-03T14:01:04.030430+00:00,3164,-6.239840140000258,106.79869149999956,complex_corridor,FRC2,24,24,145,145,1,False,-6.23981997364873,106.79856239045006,14.446370748590217,True,
2026-08-03T14:01:04.302799+00:00,3940,-6.242815700000143,106.84290446666662,complex_corridor,FRC2,21,21,19,19,1,False,-6.242610768682978,106.84288187111798,22.923789898286447,True,
2026-08-03T14:01:04.603515+00:00,3995,-6.2428431,106.8426503,complex_corridor,FRC2,32,32,8,8,1,False,-6.24270333943449,106.84230519617961,41.19038604817657,True,
2026-08-03T14:01:04.895551+00:00,4135,-6.242451300001405,106.84346441666648,complex_corridor,FRC3,27,27,15,15,1,False,-6.24264159782794,106.84303341592732,52.128779444682614,True,
2026-08-03T14:01:05.160267+00:00,4174,-6.242622250001264,106.84418269999986,complex_corridor,FRC3,17,21,17,14,1,False,-6.242365385288672,106.84405667866673,31.777844988721665,True,
2026-08-03T14:01:05.428117+00:00,4307,-6.237238257899974,106.8272395210502,complex_corridor,FRC2,21,21,6,6,1,False,-6.237236971031365,106.82743234718856,21.314848279038795,True,
2026-08-03T14:01:05.689711+00:00,4312,-6.237042057899963,106.8269344210502,complex_corridor,FRC2,23,23,6,6,1,False,-6.237208807900389,106.82690797532604,18.770772040768108,True,
2026-08-03T14:01:05.985300+00:00,4383,-6.255330045001537,106.84307333999776,complex_corridor,FRC4,25,25,7,7,1,False,-6.255170245392188,106.84296367849294,21.509477825194235,True,
2026-08-03T14:01:06.257008+00:00,4421,-6.237577607899957,106.82686737105018,complex_corridor,FRC3,18,18,27,27,1,False,-6.237416698431964,106.82692406858013,18.95817050701808,True,
2026-08-03T14:01:06.520910+00:00,5234,-6.255677025000373,106.8431710999986,complex_corridor,FRC4,23,23,6,6,1,False,-6.25559934329838,106.84329627241084,16.310649749926508,True,
2026-08-03T14:01:06.785643+00:00,5259,-6.255508725000373,106.84360214999862,complex_corridor,FRC4,30,30,287,287,1,False,-6.255457199448482,106.84295563186589,71.6908067558573,True,
2026-08-03T14:01:07.051326+00:00,5296,-6.242909649999996,106.84406470000002,complex_corridor,FRC2,35,35,40,40,1,False,-6.24287098327402,106.84404058541264,5.0587612651154314,True,
2026-08-03T14:15:47.051512+00:00,703,-6.235444892859697,106.75583232857385,complex_corridor,FRC2,28,28,6,6,1,False,-6.235637002833079,106.75573958241279,23.694334982762854,True,
2026-08-03T14:15:47.339232+00:00,821,-6.288795825000754,106.77763638750048,complex_corridor,FRC1,16,31,68,35,1,False,-6.288676397337788,106.77774978959411,18.260596237349766,True,
2026-08-03T14:15:47.636665+00:00,1336,-6.235382350000007,106.7560557,complex_corridor,FRC2,27,27,9,9,1,False,-6.235851643158244,106.75634307944131,61.09133400248038,True,
2026-08-03T14:15:47.924823+00:00,2187,-6.234661449999994,106.7555585,complex_corridor,FRC2,39,39,18,18,1,False,-6.235295044618109,106.75596622907466,83.63486690954973,True,
2026-08-03T14:15:48.212295+00:00,2188,-6.233655599999991,106.75488135,complex_corridor,FRC2,30,30,32,32,1,False,-6.233742064909034,106.75495503627582,12.600808704103487,True,
2026-08-03T14:15:48.508678+00:00,2298,-6.288583799999989,106.77784095,complex_corridor,FRC1,41,41,341,341,1,False,-6.288634823320289,106.77780477487897,6.94084144102375,True,
2026-08-03T14:15:48.803035+00:00,2322,-6.2884621,106.7781152,complex_corridor,FRC1,20,25,70,56,1,False,-6.288455113550981,106.77822722279888,12.405765015820144,True,
2026-08-03T14:15:49.089978+00:00,2459,-6.23996075,106.79819865,complex_corridor,FRC3,25,28,454,405,1,False,-6.239927209643448,106.79835988366938,18.208192291717626,True,
2026-08-03T14:15:49.380632+00:00,2660,-6.288887410002579,106.77817204999796,complex_corridor,FRC1,10,15,44,29,1,False,-6.289080056713849,106.77821112954479,21.852459789678804,True,
2026-08-03T14:15:49.668405+00:00,2731,-6.240104349999994,106.79819525,complex_corridor,FRC1,21,21,285,285,1,False,-6.254711568502923,106.79717434728451,1628.1638385691926,False,
2026-08-03T14:15:49.957060+00:00,2979,-6.239918790000258,106.79844824999957,complex_corridor,FRC2,15,15,2,2,1,False,-6.239928542802509,106.79846583092547,2.2254395550977346,True,
2026-08-03T14:15:50.246911+00:00,3134,-6.2892448600025785,106.77855074999796,complex_corridor,FRC1,22,22,11,11,1,False,-6.289262432333267,106.778499467014,5.995427904385316,True,
2026-08-03T14:15:50.531826+00:00,3164,-6.239840140000258,106.79869149999956,complex_corridor,FRC2,24,24,145,145,1,False,-6.23981997364873,106.79856239045006,14.446370748590217,True,
2026-08-03T14:15:50.818334+00:00,3940,-6.242815700000143,106.84290446666662,complex_corridor,FRC2,21,21,19,19,1,False,-6.242610768682978,106.84288187111798,22.923789898286447,True,
2026-08-03T14:15:51.111167+00:00,3995,-6.2428431,106.8426503,complex_corridor,FRC2,32,32,8,8,1,False,-6.24270333943449,106.84230519617961,41.19038604817657,True,
2026-08-03T14:15:51.399825+00:00,4135,-6.242451300001405,106.84346441666648,complex_corridor,FRC3,27,27,15,15,1,False,-6.24264159782794,106.84303341592732,52.128779444682614,True,
2026-08-03T14:15:51.694625+00:00,4174,-6.242622250001264,106.84418269999986,complex_corridor,FRC3,21,21,14,14,1,False,-6.242365385288672,106.84405667866673,31.777844988721665,True,
2026-08-03T14:15:51.981023+00:00,4307,-6.237238257899974,106.8272395210502,complex_corridor,FRC2,21,21,6,6,1,False,-6.237236971031365,106.82743234718856,21.314848279038795,True,
2026-08-03T14:15:52.269936+00:00,4312,-6.237042057899963,106.8269344210502,complex_corridor,FRC2,23,23,6,6,1,False,-6.237208807900389,106.82690797532604,18.770772040768108,True,
2026-08-03T14:15:52.568195+00:00,4383,-6.255330045001537,106.84307333999776,complex_corridor,FRC4,25,25,7,7,1,False,-6.255170245392188,106.84296367849294,21.509477825194235,True,
2026-08-03T14:15:52.855970+00:00,4421,-6.237577607899957,106.82686737105018,complex_corridor,FRC3,18,18,27,27,1,False,-6.237416698431964,106.82692406858013,18.95817050701808,True,
2026-08-03T14:15:53.142074+00:00,5234,-6.255677025000373,106.8431710999986,complex_corridor,FRC4,15,23,9,6,1,False,-6.25559934329838,106.84329627241084,16.310649749926508,True,
2026-08-03T14:15:53.429849+00:00,5259,-6.255508725000373,106.84360214999862,complex_corridor,FRC4,30,30,287,287,1,False,-6.255457199448482,106.84295563186589,71.6908067558573,True,
2026-08-03T14:15:53.717989+00:00,5296,-6.242909649999996,106.84406470000002,complex_corridor,FRC2,24,35,59,40,1,False,-6.24287098327402,106.84404058541264,5.0587612651154314,True,
2026-08-03T14:30:59.784203+00:00,703,-6.235444892859697,106.75583232857385,complex_corridor,FRC2,28,28,6,6,1.0,False,-6.235637002833079,106.75573958241279,23.694334982762854,True,
2026-08-03T14:31:00.080228+00:00,821,-6.288795825000754,106.77763638750048,complex_corridor,FRC1,24,30,45,36,0.99,False,-6.288676397337788,106.77774978959411,18.260596237349766,True,
2026-08-03T14:31:00.381829+00:00,1336,-6.235382350000007,106.7560557,complex_corridor,FRC2,27,27,9,9,1.0,False,-6.235851643158244,106.75634307944131,61.09133400248038,True,
2026-08-03T14:31:00.674307+00:00,2187,-6.234661449999994,106.7555585,complex_corridor,FRC2,39,39,18,18,1.0,False,-6.235295044618109,106.75596622907466,83.63486690954973,True,
2026-08-03T14:31:00.975914+00:00,2188,-6.233655599999991,106.75488135,complex_corridor,FRC2,30,30,32,32,1.0,False,-6.233742064909034,106.75495503627582,12.600808704103487,True,
2026-08-03T14:31:01.265464+00:00,2298,-6.288583799999989,106.77784095,complex_corridor,FRC1,41,41,341,341,1.0,False,-6.288634823320289,106.77780477487897,6.94084144102375,True,
2026-08-03T14:31:01.557430+00:00,2322,-6.2884621,106.7781152,complex_corridor,FRC1,18,25,77,56,1.0,False,-6.288455113550981,106.77822722279888,12.405765015820144,True,
2026-08-03T14:31:01.845669+00:00,2459,-6.23996075,106.79819865,complex_corridor,FRC3,28,28,405,405,1.0,False,-6.239927209643448,106.79835988366938,18.208192291717626,True,
2026-08-03T14:31:02.143492+00:00,2660,-6.288887410002579,106.77817204999796,complex_corridor,FRC1,9,15,49,29,1.0,False,-6.289080056713849,106.77821112954479,21.852459789678804,True,
2026-08-03T14:31:02.437814+00:00,2731,-6.240104349999994,106.79819525,complex_corridor,FRC1,21,21,285,285,1.0,False,-6.254711568502923,106.79717434728451,1628.1638385691926,False,
2026-08-03T14:31:02.738203+00:00,2979,-6.239918790000258,106.79844824999957,complex_corridor,FRC2,9,13,4,3,1.0,False,-6.239928542802509,106.79846583092547,2.2254395550977346,True,
2026-08-03T14:31:03.025776+00:00,3134,-6.2892448600025785,106.77855074999796,complex_corridor,FRC1,22,22,11,11,1.0,False,-6.289262432333267,106.778499467014,5.995427904385316,True,
2026-08-03T14:31:03.316091+00:00,3164,-6.239840140000258,106.79869149999956,complex_corridor,FRC2,24,24,145,145,1.0,False,-6.23981997364873,106.79856239045006,14.446370748590217,True,
2026-08-03T14:31:03.606179+00:00,3940,-6.242815700000143,106.84290446666662,complex_corridor,FRC2,21,21,19,19,1.0,False,-6.242610768682978,106.84288187111798,22.923789898286447,True,
2026-08-03T14:31:03.901221+00:00,3995,-6.2428431,106.8426503,complex_corridor,FRC2,32,32,8,8,1.0,False,-6.24270333943449,106.84230519617961,41.19038604817657,True,
2026-08-03T14:31:04.189764+00:00,4135,-6.242451300001405,106.84346441666648,complex_corridor,FRC3,27,27,15,15,1.0,False,-6.24264159782794,106.84303341592732,52.128779444682614,True,
2026-08-03T14:31:04.475862+00:00,4174,-6.242622250001264,106.84418269999986,complex_corridor,FRC3,16,20,18,14,1.0,False,-6.242365385288672,106.84405667866673,31.777844988721665,True,
2026-08-03T14:31:04.766024+00:00,4307,-6.237238257899974,106.8272395210502,complex_corridor,FRC2,21,21,6,6,1.0,False,-6.237236971031365,106.82743234718856,21.314848279038795,True,
2026-08-03T14:31:05.075226+00:00,4312,-6.237042057899963,106.8269344210502,complex_corridor,FRC2,23,23,6,6,1.0,False,-6.237208807900389,106.82690797532604,18.770772040768108,True,
2026-08-03T14:31:05.363169+00:00,4383,-6.255330045001537,106.84307333999776,complex_corridor,FRC4,20,25,9,7,1.0,False,-6.255170245392188,106.84296367849294,21.509477825194235,True,
2026-08-03T14:31:05.653758+00:00,4421,-6.237577607899957,106.82686737105018,complex_corridor,FRC3,18,18,27,27,1.0,False,-6.237416698431964,106.82692406858013,18.95817050701808,True,
2026-08-03T14:31:05.957719+00:00,5234,-6.255677025000373,106.8431710999986,complex_corridor,FRC4,23,23,6,6,1.0,False,-6.25559934329838,106.84329627241084,16.310649749926508,True,
2026-08-03T14:31:06.256726+00:00,5259,-6.255508725000373,106.84360214999862,complex_corridor,FRC4,30,30,287,287,1.0,False,-6.255457199448482,106.84295563186589,71.6908067558573,True,
2026-08-03T14:31:06.545994+00:00,5296,-6.242909649999996,106.84406470000002,complex_corridor,FRC2,26,34,54,41,1.0,False,-6.24287098327402,106.84404058541264,5.0587612651154314,True,
2026-08-03T14:46:02.948745+00:00,703,-6.235444892859697,106.75583232857385,complex_corridor,FRC2,28,28,6,6,1,False,-6.235637002833079,106.75573958241279,23.694334982762854,True,
2026-08-03T14:46:03.254921+00:00,821,-6.288795825000754,106.77763638750048,complex_corridor,FRC1,22,30,49,36,1,False,-6.288676397337788,106.77774978959411,18.260596237349766,True,
2026-08-03T14:46:03.581338+00:00,1336,-6.235382350000007,106.7560557,complex_corridor,FRC2,27,27,9,9,1,False,-6.235851643158244,106.75634307944131,61.09133400248038,True,
2026-08-03T14:46:03.892103+00:00,2187,-6.234661449999994,106.7555585,complex_corridor,FRC2,39,39,18,18,1,False,-6.235295044618109,106.75596622907466,83.63486690954973,True,
2026-08-03T14:46:04.195528+00:00,2188,-6.233655599999991,106.75488135,complex_corridor,FRC2,30,30,32,32,1,False,-6.233742064909034,106.75495503627582,12.600808704103487,True,
2026-08-03T14:46:04.496926+00:00,2298,-6.288583799999989,106.77784095,complex_corridor,FRC1,41,41,341,341,1,False,-6.288634823320289,106.77780477487897,6.94084144102375,True,
2026-08-03T14:46:04.819483+00:00,2322,-6.2884621,106.7781152,complex_corridor,FRC1,26,26,53,53,1,False,-6.288455113550981,106.77822722279888,12.405765015820144,True,
2026-08-03T14:46:05.127000+00:00,2459,-6.23996075,106.79819865,complex_corridor,FRC3,25,28,454,405,1,False,-6.239927209643448,106.79835988366938,18.208192291717626,True,
2026-08-03T14:46:05.432313+00:00,2660,-6.288887410002579,106.77817204999796,complex_corridor,FRC1,15,15,29,29,1,False,-6.289080056713849,106.77821112954479,21.852459789678804,True,
2026-08-03T14:46:05.739033+00:00,2731,-6.240104349999994,106.79819525,complex_corridor,FRC1,15,21,400,285,1,False,-6.254711568502923,106.79717434728451,1628.1638385691926,False,
2026-08-03T14:46:06.045471+00:00,2979,-6.239918790000258,106.79844824999957,complex_corridor,FRC2,9,15,4,2,1,False,-6.239928542802509,106.79846583092547,2.2254395550977346,True,
2026-08-03T14:46:06.346934+00:00,3134,-6.2892448600025785,106.77855074999796,complex_corridor,FRC1,22,22,11,11,1,False,-6.289262432333267,106.778499467014,5.995427904385316,True,
2026-08-03T14:46:06.660392+00:00,3164,-6.239840140000258,106.79869149999956,complex_corridor,FRC2,24,24,145,145,1,False,-6.23981997364873,106.79856239045006,14.446370748590217,True,
2026-08-03T14:46:06.962774+00:00,3940,-6.242815700000143,106.84290446666662,complex_corridor,FRC2,21,21,19,19,1,False,-6.242610768682978,106.84288187111798,22.923789898286447,True,
2026-08-03T14:46:07.264213+00:00,3995,-6.2428431,106.8426503,complex_corridor,FRC2,32,32,8,8,1,False,-6.24270333943449,106.84230519617961,41.19038604817657,True,
2026-08-03T14:46:07.566491+00:00,4135,-6.242451300001405,106.84346441666648,complex_corridor,FRC3,27,27,15,15,1,False,-6.24264159782794,106.84303341592732,52.128779444682614,True,
2026-08-03T14:46:07.875565+00:00,4174,-6.242622250001264,106.84418269999986,complex_corridor,FRC3,21,21,14,14,1,False,-6.242365385288672,106.84405667866673,31.777844988721665,True,
2026-08-03T14:46:08.184262+00:00,4307,-6.237238257899974,106.8272395210502,complex_corridor,FRC2,21,21,6,6,1,False,-6.237236971031365,106.82743234718856,21.314848279038795,True,
2026-08-03T14:46:08.486329+00:00,4312,-6.237042057899963,106.8269344210502,complex_corridor,FRC2,23,23,6,6,1,False,-6.237208807900389,106.82690797532604,18.770772040768108,True,
2026-08-03T14:46:08.788942+00:00,4383,-6.255330045001537,106.84307333999776,complex_corridor,FRC4,25,25,7,7,1,False,-6.255170245392188,106.84296367849294,21.509477825194235,True,
2026-08-03T14:46:09.105873+00:00,4421,-6.237577607899957,106.82686737105018,complex_corridor,FRC3,18,18,27,27,1,False,-6.237416698431964,106.82692406858013,18.95817050701808,True,
2026-08-03T14:46:09.407713+00:00,5234,-6.255677025000373,106.8431710999986,complex_corridor,FRC4,23,23,6,6,1,False,-6.25559934329838,106.84329627241084,16.310649749926508,True,
2026-08-03T14:46:09.714839+00:00,5259,-6.255508725000373,106.84360214999862,complex_corridor,FRC4,30,30,287,287,1,False,-6.255457199448482,106.84295563186589,71.6908067558573,True,
2026-08-03T14:46:10.046086+00:00,5296,-6.242909649999996,106.84406470000002,complex_corridor,FRC2,35,35,40,40,1,False,-6.24287098327402,106.84404058541264,5.0587612651154314,True,
2026-08-03T15:01:09.107838+00:00,703,-6.235444892859697,106.75583232857385,complex_corridor,FRC2,28,28,6,6,1,False,-6.235637002833079,106.75573958241279,23.694334982762854,True,
2026-08-03T15:01:09.400555+00:00,821,-6.288795825000754,106.77763638750048,complex_corridor,FRC1,24,31,45,35,1,False,-6.288676397337788,106.77774978959411,18.260596237349766,True,
2026-08-03T15:01:09.689030+00:00,1336,-6.235382350000007,106.7560557,complex_corridor,FRC2,27,27,9,9,1,False,-6.235851643158244,106.75634307944131,61.09133400248038,True,
2026-08-03T15:01:09.975834+00:00,2187,-6.234661449999994,106.7555585,complex_corridor,FRC2,39,39,18,18,1,False,-6.235295044618109,106.75596622907466,83.63486690954973,True,
2026-08-03T15:01:10.259998+00:00,2188,-6.233655599999991,106.75488135,complex_corridor,FRC2,30,30,32,32,1,False,-6.233742064909034,106.75495503627582,12.600808704103487,True,
2026-08-03T15:01:10.569536+00:00,2298,-6.288583799999989,106.77784095,complex_corridor,FRC1,41,41,341,341,1,False,-6.288634823320289,106.77780477487897,6.94084144102375,True,
2026-08-03T15:01:10.866171+00:00,2322,-6.2884621,106.7781152,complex_corridor,FRC1,26,26,53,53,1,False,-6.288455113550981,106.77822722279888,12.405765015820144,True,
2026-08-03T15:01:11.156952+00:00,2459,-6.23996075,106.79819865,complex_corridor,FRC3,26,28,436,405,1,False,-6.239927209643448,106.79835988366938,18.208192291717626,True,
2026-08-03T15:01:11.446814+00:00,2660,-6.288887410002579,106.77817204999796,complex_corridor,FRC1,15,15,29,29,1,False,-6.289080056713849,106.77821112954479,21.852459789678804,True,
2026-08-03T15:01:11.735728+00:00,2731,-6.240104349999994,106.79819525,complex_corridor,FRC1,21,21,285,285,1,False,-6.254711568502923,106.79717434728451,1628.1638385691926,False,
2026-08-03T15:01:12.051023+00:00,2979,-6.239918790000258,106.79844824999957,complex_corridor,FRC2,15,15,2,2,1,False,-6.239928542802509,106.79846583092547,2.2254395550977346,True,
2026-08-03T15:01:12.392982+00:00,3134,-6.2892448600025785,106.77855074999796,complex_corridor,FRC1,22,22,11,11,1,False,-6.289262432333267,106.778499467014,5.995427904385316,True,
2026-08-03T15:01:12.720143+00:00,3164,-6.239840140000258,106.79869149999956,complex_corridor,FRC2,24,24,145,145,1,False,-6.23981997364873,106.79856239045006,14.446370748590217,True,
2026-08-03T15:01:13.013032+00:00,3940,-6.242815700000143,106.84290446666662,complex_corridor,FRC2,21,21,19,19,1,False,-6.242610768682978,106.84288187111798,22.923789898286447,True,
2026-08-03T15:01:13.302626+00:00,3995,-6.2428431,106.8426503,complex_corridor,FRC2,32,32,8,8,1,False,-6.24270333943449,106.84230519617961,41.19038604817657,True,
2026-08-03T15:01:13.589565+00:00,4135,-6.242451300001405,106.84346441666648,complex_corridor,FRC3,27,27,15,15,1,False,-6.24264159782794,106.84303341592732,52.128779444682614,True,
2026-08-03T15:01:13.880375+00:00,4174,-6.242622250001264,106.84418269999986,complex_corridor,FRC3,21,21,14,14,1,False,-6.242365385288672,106.84405667866673,31.777844988721665,True,
2026-08-03T15:01:14.165719+00:00,4307,-6.237238257899974,106.8272395210502,complex_corridor,FRC2,21,21,6,6,1,False,-6.237236971031365,106.82743234718856,21.314848279038795,True,
2026-08-03T15:01:14.456853+00:00,4312,-6.237042057899963,106.8269344210502,complex_corridor,FRC2,23,23,6,6,1,False,-6.237208807900389,106.82690797532604,18.770772040768108,True,
2026-08-03T15:01:14.750399+00:00,4383,-6.255330045001537,106.84307333999776,complex_corridor,FRC4,25,25,7,7,1,False,-6.255170245392188,106.84296367849294,21.509477825194235,True,
2026-08-03T15:01:15.043949+00:00,4421,-6.237577607899957,106.82686737105018,complex_corridor,FRC3,18,18,27,27,1,False,-6.237416698431964,106.82692406858013,18.95817050701808,True,
2026-08-03T15:01:15.342022+00:00,5234,-6.255677025000373,106.8431710999986,complex_corridor,FRC4,23,23,6,6,1,False,-6.25559934329838,106.84329627241084,16.310649749926508,True,
2026-08-03T15:01:15.631214+00:00,5259,-6.255508725000373,106.84360214999862,complex_corridor,FRC4,30,30,287,287,1,False,-6.255457199448482,106.84295563186589,71.6908067558573,True,
2026-08-03T15:01:15.931974+00:00,5296,-6.242909649999996,106.84406470000002,complex_corridor,FRC2,35,35,40,40,1,False,-6.24287098327402,106.84404058541264,5.0587612651154314,True,
2026-08-03T15:15:58.589075+00:00,703,-6.235444892859697,106.75583232857385,complex_corridor,FRC2,28,28,6,6,1.0,False,-6.235637002833079,106.75573958241279,23.694334982762854,True,
2026-08-03T15:15:58.872235+00:00,821,-6.288795825000754,106.77763638750048,complex_corridor,FRC1,31,31,35,35,1.0,False,-6.288676397337788,106.77774978959411,18.260596237349766,True,
2026-08-03T15:15:59.161282+00:00,1336,-6.235382350000007,106.7560557,complex_corridor,FRC2,27,27,9,9,1.0,False,-6.235851643158244,106.75634307944131,61.09133400248038,True,
2026-08-03T15:15:59.430109+00:00,2187,-6.234661449999994,106.7555585,complex_corridor,FRC2,39,39,18,18,1.0,False,-6.235295044618109,106.75596622907466,83.63486690954973,True,
2026-08-03T15:15:59.694064+00:00,2188,-6.233655599999991,106.75488135,complex_corridor,FRC2,30,30,32,32,1.0,False,-6.233742064909034,106.75495503627582,12.600808704103487,True,
2026-08-03T15:15:59.962935+00:00,2298,-6.288583799999989,106.77784095,complex_corridor,FRC1,41,41,341,341,1.0,False,-6.288634823320289,106.77780477487897,6.94084144102375,True,
2026-08-03T15:16:00.230133+00:00,2322,-6.2884621,106.7781152,complex_corridor,FRC1,26,26,53,53,1.0,False,-6.288455113550981,106.77822722279888,12.405765015820144,True,
2026-08-03T15:16:00.515271+00:00,2459,-6.23996075,106.79819865,complex_corridor,FRC3,28,28,405,405,1.0,False,-6.239927209643448,106.79835988366938,18.208192291717626,True,
2026-08-03T15:16:00.783038+00:00,2660,-6.288887410002579,106.77817204999796,complex_corridor,FRC1,15,15,29,29,1.0,False,-6.289080056713849,106.77821112954479,21.852459789678804,True,
2026-08-03T15:16:01.052867+00:00,2731,-6.240104349999994,106.79819525,complex_corridor,FRC1,21,21,285,285,1.0,False,-6.254711568502923,106.79717434728451,1628.1638385691926,False,
2026-08-03T15:16:01.322936+00:00,2979,-6.239918790000258,106.79844824999957,complex_corridor,FRC2,10,13,4,3,1.0,False,-6.239928542802509,106.79846583092547,2.2254395550977346,True,
2026-08-03T15:16:01.601225+00:00,3134,-6.2892448600025785,106.77855074999796,complex_corridor,FRC1,22,22,11,11,1.0,False,-6.289262432333267,106.778499467014,5.995427904385316,True,
2026-08-03T15:16:01.870170+00:00,3164,-6.239840140000258,106.79869149999956,complex_corridor,FRC2,24,24,145,145,1.0,False,-6.23981997364873,106.79856239045006,14.446370748590217,True,
2026-08-03T15:16:02.148859+00:00,3940,-6.242815700000143,106.84290446666662,complex_corridor,FRC2,21,21,19,19,1.0,False,-6.242610768682978,106.84288187111798,22.923789898286447,True,
2026-08-03T15:16:02.414999+00:00,3995,-6.2428431,106.8426503,complex_corridor,FRC2,8,32,34,8,0.96,False,-6.24270333943449,106.84230519617961,41.19038604817657,True,
2026-08-03T15:16:02.691129+00:00,4135,-6.242451300001405,106.84346441666648,complex_corridor,FRC3,27,27,15,15,1.0,False,-6.24264159782794,106.84303341592732,52.128779444682614,True,
2026-08-03T15:16:02.967278+00:00,4174,-6.242622250001264,106.84418269999986,complex_corridor,FRC3,21,21,14,14,1.0,False,-6.242365385288672,106.84405667866673,31.777844988721665,True,
2026-08-03T15:16:03.234679+00:00,4307,-6.237238257899974,106.8272395210502,complex_corridor,FRC2,21,21,6,6,1.0,False,-6.237236971031365,106.82743234718856,21.314848279038795,True,
2026-08-03T15:16:03.499788+00:00,4312,-6.237042057899963,106.8269344210502,complex_corridor,FRC2,23,23,6,6,1.0,False,-6.237208807900389,106.82690797532604,18.770772040768108,True,
2026-08-03T15:16:03.763447+00:00,4383,-6.255330045001537,106.84307333999776,complex_corridor,FRC4,25,25,7,7,1.0,False,-6.255170245392188,106.84296367849294,21.509477825194235,True,
2026-08-03T15:16:04.035120+00:00,4421,-6.237577607899957,106.82686737105018,complex_corridor,FRC3,18,18,27,27,1.0,False,-6.237416698431964,106.82692406858013,18.95817050701808,True,
2026-08-03T15:16:04.318633+00:00,5234,-6.255677025000373,106.8431710999986,complex_corridor,FRC4,23,23,6,6,1.0,False,-6.25559934329838,106.84329627241084,16.310649749926508,True,
2026-08-03T15:16:04.582266+00:00,5259,-6.255508725000373,106.84360214999862,complex_corridor,FRC4,30,30,287,287,1.0,False,-6.255457199448482,106.84295563186589,71.6908067558573,True,
2026-08-03T15:16:04.848571+00:00,5296,-6.242909649999996,106.84406470000002,complex_corridor,FRC2,35,35,40,40,1.0,False,-6.24287098327402,106.84404058541264,5.0587612651154314,True,
2026-08-03T15:30:53.666042+00:00,703,-6.235444892859697,106.75583232857385,complex_corridor,FRC2,28,28,6,6,1,False,-6.235637002833079,106.75573958241279,23.694334982762854,True,
2026-08-03T15:30:53.963448+00:00,821,-6.288795825000754,106.77763638750048,complex_corridor,FRC1,31,31,35,35,1,False,-6.288676397337788,106.77774978959411,18.260596237349766,True,
2026-08-03T15:30:54.308235+00:00,1336,-6.235382350000007,106.7560557,complex_corridor,FRC2,27,27,9,9,1,False,-6.235851643158244,106.75634307944131,61.09133400248038,True,
2026-08-03T15:30:54.604626+00:00,2187,-6.234661449999994,106.7555585,complex_corridor,FRC2,39,39,18,18,1,False,-6.235295044618109,106.75596622907466,83.63486690954973,True,
2026-08-03T15:30:54.910534+00:00,2188,-6.233655599999991,106.75488135,complex_corridor,FRC2,30,30,32,32,1,False,-6.233742064909034,106.75495503627582,12.600808704103487,True,
2026-08-03T15:30:55.199029+00:00,2298,-6.288583799999989,106.77784095,complex_corridor,FRC1,41,41,341,341,1,False,-6.288634823320289,106.77780477487897,6.94084144102375,True,
2026-08-03T15:30:55.491175+00:00,2322,-6.2884621,106.7781152,complex_corridor,FRC1,26,26,53,53,1,False,-6.288455113550981,106.77822722279888,12.405765015820144,True,
2026-08-03T15:30:55.775973+00:00,2459,-6.23996075,106.79819865,complex_corridor,FRC3,28,28,405,405,1,False,-6.239927209643448,106.79835988366938,18.208192291717626,True,
2026-08-03T15:30:56.064672+00:00,2660,-6.288887410002579,106.77817204999796,complex_corridor,FRC1,9,15,49,29,1,False,-6.289080056713849,106.77821112954479,21.852459789678804,True,
2026-08-03T15:30:56.368390+00:00,2731,-6.240104349999994,106.79819525,complex_corridor,FRC1,18,21,333,285,1,False,-6.254711568502923,106.79717434728451,1628.1638385691926,False,
2026-08-03T15:30:56.656348+00:00,2979,-6.239918790000258,106.79844824999957,complex_corridor,FRC2,6,13,7,3,1,False,-6.239928542802509,106.79846583092547,2.2254395550977346,True,
2026-08-03T15:30:56.942085+00:00,3134,-6.2892448600025785,106.77855074999796,complex_corridor,FRC1,22,22,11,11,1,False,-6.289262432333267,106.778499467014,5.995427904385316,True,
2026-08-03T15:30:57.231118+00:00,3164,-6.239840140000258,106.79869149999956,complex_corridor,FRC2,24,24,145,145,1,False,-6.23981997364873,106.79856239045006,14.446370748590217,True,
2026-08-03T15:30:57.515205+00:00,3940,-6.242815700000143,106.84290446666662,complex_corridor,FRC2,21,21,19,19,1,False,-6.242610768682978,106.84288187111798,22.923789898286447,True,
2026-08-03T15:30:57.802635+00:00,3995,-6.2428431,106.8426503,complex_corridor,FRC2,32,32,8,8,1,False,-6.24270333943449,106.84230519617961,41.19038604817657,True,
2026-08-03T15:30:58.090335+00:00,4135,-6.242451300001405,106.84346441666648,complex_corridor,FRC3,27,27,15,15,1,False,-6.24264159782794,106.84303341592732,52.128779444682614,True,
2026-08-03T15:30:58.376970+00:00,4174,-6.242622250001264,106.84418269999986,complex_corridor,FRC3,21,21,14,14,1,False,-6.242365385288672,106.84405667866673,31.777844988721665,True,
2026-08-03T15:30:58.671073+00:00,4307,-6.237238257899974,106.8272395210502,complex_corridor,FRC2,21,21,6,6,1,False,-6.237236971031365,106.82743234718856,21.314848279038795,True,
2026-08-03T15:30:58.961359+00:00,4312,-6.237042057899963,106.8269344210502,complex_corridor,FRC2,23,23,6,6,1,False,-6.237208807900389,106.82690797532604,18.770772040768108,True,
2026-08-03T15:30:59.251760+00:00,4383,-6.255330045001537,106.84307333999776,complex_corridor,FRC4,13,24,13,7,1,False,-6.255170245392188,106.84296367849294,21.509477825194235,True,
2026-08-03T15:30:59.542818+00:00,4421,-6.237577607899957,106.82686737105018,complex_corridor,FRC3,18,18,27,27,1,False,-6.237416698431964,106.82692406858013,18.95817050701808,True,
2026-08-03T15:30:59.840134+00:00,5234,-6.255677025000373,106.8431710999986,complex_corridor,FRC4,23,23,6,6,1,False,-6.25559934329838,106.84329627241084,16.310649749926508,True,
2026-08-03T15:31:00.135486+00:00,5259,-6.255508725000373,106.84360214999862,complex_corridor,FRC4,30,30,287,287,1,False,-6.255457199448482,106.84295563186589,71.6908067558573,True,
2026-08-03T15:31:00.428096+00:00,5296,-6.242909649999996,106.84406470000002,complex_corridor,FRC2,35,35,40,40,1,False,-6.24287098327402,106.84404058541264,5.0587612651154314,True,
2026-08-03T15:45:52.364596+00:00,703,-6.235444892859697,106.75583232857385,complex_corridor,FRC2,28,28,6,6,1.0,False,-6.235637002833079,106.75573958241279,23.694334982762854,True,
2026-08-03T15:45:52.679873+00:00,821,-6.288795825000754,106.77763638750048,complex_corridor,FRC1,19,30,57,36,1.0,False,-6.288676397337788,106.77774978959411,18.260596237349766,True,
2026-08-03T15:45:52.975881+00:00,1336,-6.235382350000007,106.7560557,complex_corridor,FRC2,27,27,9,9,1.0,False,-6.235851643158244,106.75634307944131,61.09133400248038,True,
2026-08-03T15:45:53.267496+00:00,2187,-6.234661449999994,106.7555585,complex_corridor,FRC2,39,39,18,18,1.0,False,-6.235295044618109,106.75596622907466,83.63486690954973,True,
2026-08-03T15:45:53.556202+00:00,2188,-6.233655599999991,106.75488135,complex_corridor,FRC2,30,30,32,32,1.0,False,-6.233742064909034,106.75495503627582,12.600808704103487,True,
2026-08-03T15:45:53.848243+00:00,2298,-6.288583799999989,106.77784095,complex_corridor,FRC1,41,41,341,341,1.0,False,-6.288634823320289,106.77780477487897,6.94084144102375,True,
2026-08-03T15:45:54.157358+00:00,2322,-6.2884621,106.7781152,complex_corridor,FRC1,26,26,53,53,1.0,False,-6.288455113550981,106.77822722279888,12.405765015820144,True,
2026-08-03T15:45:54.452174+00:00,2459,-6.23996075,106.79819865,complex_corridor,FRC3,25,28,454,405,1.0,False,-6.239927209643448,106.79835988366938,18.208192291717626,True,
2026-08-03T15:45:54.742985+00:00,2660,-6.288887410002579,106.77817204999796,complex_corridor,FRC1,15,15,29,29,1.0,False,-6.289080056713849,106.77821112954479,21.852459789678804,True,
2026-08-03T15:45:55.038352+00:00,2731,-6.240104349999994,106.79819525,complex_corridor,FRC1,21,21,285,285,1.0,False,-6.254711568502923,106.79717434728451,1628.1638385691926,False,
2026-08-03T15:45:55.326579+00:00,2979,-6.239918790000258,106.79844824999957,complex_corridor,FRC2,8,13,5,3,1.0,False,-6.239928542802509,106.79846583092547,2.2254395550977346,True,
2026-08-03T15:45:55.617659+00:00,3134,-6.2892448600025785,106.77855074999796,complex_corridor,FRC1,22,22,11,11,1.0,False,-6.289262432333267,106.778499467014,5.995427904385316,True,
2026-08-03T15:45:55.905318+00:00,3164,-6.239840140000258,106.79869149999956,complex_corridor,FRC2,24,24,145,145,1.0,False,-6.23981997364873,106.79856239045006,14.446370748590217,True,
2026-08-03T15:45:56.192611+00:00,3940,-6.242815700000143,106.84290446666662,complex_corridor,FRC2,21,21,19,19,1.0,False,-6.242610768682978,106.84288187111798,22.923789898286447,True,
2026-08-03T15:45:56.484000+00:00,3995,-6.2428431,106.8426503,complex_corridor,FRC2,22,32,12,8,0.91,False,-6.24270333943449,106.84230519617961,41.19038604817657,True,
2026-08-03T15:45:56.770813+00:00,4135,-6.242451300001405,106.84346441666648,complex_corridor,FRC3,27,27,15,15,1.0,False,-6.24264159782794,106.84303341592732,52.128779444682614,True,
2026-08-03T15:45:57.061819+00:00,4174,-6.242622250001264,106.84418269999986,complex_corridor,FRC3,21,21,14,14,1.0,False,-6.242365385288672,106.84405667866673,31.777844988721665,True,
2026-08-03T15:45:57.352352+00:00,4307,-6.237238257899974,106.8272395210502,complex_corridor,FRC2,21,21,6,6,1.0,False,-6.237236971031365,106.82743234718856,21.314848279038795,True,
2026-08-03T15:45:57.641901+00:00,4312,-6.237042057899963,106.8269344210502,complex_corridor,FRC2,23,23,6,6,1.0,False,-6.237208807900389,106.82690797532604,18.770772040768108,True,
2026-08-03T15:45:57.935853+00:00,4383,-6.255330045001537,106.84307333999776,complex_corridor,FRC4,25,25,7,7,1.0,False,-6.255170245392188,106.84296367849294,21.509477825194235,True,
2026-08-03T15:45:58.228241+00:00,4421,-6.237577607899957,106.82686737105018,complex_corridor,FRC3,18,18,27,27,1.0,False,-6.237416698431964,106.82692406858013,18.95817050701808,True,
2026-08-03T15:45:58.532521+00:00,5234,-6.255677025000373,106.8431710999986,complex_corridor,FRC4,23,23,6,6,1.0,False,-6.25559934329838,106.84329627241084,16.310649749926508,True,
2026-08-03T15:45:58.822085+00:00,5259,-6.255508725000373,106.84360214999862,complex_corridor,FRC4,30,30,287,287,1.0,False,-6.255457199448482,106.84295563186589,71.6908067558573,True,
2026-08-03T15:45:59.114016+00:00,5296,-6.242909649999996,106.84406470000002,complex_corridor,FRC2,35,35,40,40,1.0,False,-6.24287098327402,106.84404058541264,5.0587612651154314,True,
2026-08-03T16:01:09.214960+00:00,703,-6.235444892859697,106.75583232857385,complex_corridor,FRC2,28,28,6,6,1.0,False,-6.235637002833079,106.75573958241279,23.694334982762854,True,
2026-08-03T16:01:09.505800+00:00,821,-6.288795825000754,106.77763638750048,complex_corridor,FRC1,31,31,35,35,1.0,False,-6.288676397337788,106.77774978959411,18.260596237349766,True,
2026-08-03T16:01:09.793274+00:00,1336,-6.235382350000007,106.7560557,complex_corridor,FRC2,27,27,9,9,1.0,False,-6.235851643158244,106.75634307944131,61.09133400248038,True,
2026-08-03T16:01:10.085594+00:00,2187,-6.234661449999994,106.7555585,complex_corridor,FRC2,39,39,18,18,1.0,False,-6.235295044618109,106.75596622907466,83.63486690954973,True,
2026-08-03T16:01:10.377532+00:00,2188,-6.233655599999991,106.75488135,complex_corridor,FRC2,30,30,32,32,1.0,False,-6.233742064909034,106.75495503627582,12.600808704103487,True,
2026-08-03T16:01:10.711553+00:00,2298,-6.288583799999989,106.77784095,complex_corridor,FRC1,41,41,341,341,1.0,False,-6.288634823320289,106.77780477487897,6.94084144102375,True,
2026-08-03T16:01:11.001903+00:00,2322,-6.2884621,106.7781152,complex_corridor,FRC1,26,26,53,53,1.0,False,-6.288455113550981,106.77822722279888,12.405765015820144,True,
2026-08-03T16:01:11.301797+00:00,2459,-6.23996075,106.79819865,complex_corridor,FRC3,28,28,405,405,1.0,False,-6.239927209643448,106.79835988366938,18.208192291717626,True,
2026-08-03T16:01:11.585553+00:00,2660,-6.288887410002579,106.77817204999796,complex_corridor,FRC1,15,15,29,29,1.0,False,-6.289080056713849,106.77821112954479,21.852459789678804,True,
2026-08-03T16:01:11.945046+00:00,2731,-6.240104349999994,106.79819525,complex_corridor,FRC1,21,21,285,285,1.0,False,-6.254711568502923,106.79717434728451,1628.1638385691926,False,
2026-08-03T16:01:12.238762+00:00,2979,-6.239918790000258,106.79844824999957,complex_corridor,FRC2,15,15,2,2,1.0,False,-6.239928542802509,106.79846583092547,2.2254395550977346,True,
2026-08-03T16:01:12.532892+00:00,3134,-6.2892448600025785,106.77855074999796,complex_corridor,FRC1,22,22,11,11,1.0,False,-6.289262432333267,106.778499467014,5.995427904385316,True,
2026-08-03T16:01:12.840413+00:00,3164,-6.239840140000258,106.79869149999956,complex_corridor,FRC2,24,24,145,145,1.0,False,-6.23981997364873,106.79856239045006,14.446370748590217,True,
2026-08-03T16:01:13.133677+00:00,3940,-6.242815700000143,106.84290446666662,complex_corridor,FRC2,21,21,19,19,1.0,False,-6.242610768682978,106.84288187111798,22.923789898286447,True,
2026-08-03T16:01:13.425283+00:00,3995,-6.2428431,106.8426503,complex_corridor,FRC2,23,30,12,9,0.88,False,-6.24270333943449,106.84230519617961,41.19038604817657,True,
2026-08-03T16:01:13.709792+00:00,4135,-6.242451300001405,106.84346441666648,complex_corridor,FRC3,27,27,15,15,1.0,False,-6.24264159782794,106.84303341592732,52.128779444682614,True,
2026-08-03T16:01:14.001355+00:00,4174,-6.242622250001264,106.84418269999986,complex_corridor,FRC3,21,21,14,14,1.0,False,-6.242365385288672,106.84405667866673,31.777844988721665,True,
2026-08-03T16:01:14.287768+00:00,4307,-6.237238257899974,106.8272395210502,complex_corridor,FRC2,15,21,8,6,0.99,False,-6.237236971031365,106.82743234718856,21.314848279038795,True,
2026-08-03T16:01:14.585885+00:00,4312,-6.237042057899963,106.8269344210502,complex_corridor,FRC2,23,23,6,6,1.0,False,-6.237208807900389,106.82690797532604,18.770772040768108,True,
2026-08-03T16:01:14.874137+00:00,4383,-6.255330045001537,106.84307333999776,complex_corridor,FRC4,13,25,13,7,1.0,False,-6.255170245392188,106.84296367849294,21.509477825194235,True,
2026-08-03T16:01:15.160711+00:00,4421,-6.237577607899957,106.82686737105018,complex_corridor,FRC3,18,18,27,27,1.0,False,-6.237416698431964,106.82692406858013,18.95817050701808,True,
2026-08-03T16:01:15.453579+00:00,5234,-6.255677025000373,106.8431710999986,complex_corridor,FRC4,23,23,6,6,1.0,False,-6.25559934329838,106.84329627241084,16.310649749926508,True,
2026-08-03T16:01:15.744305+00:00,5259,-6.255508725000373,106.84360214999862,complex_corridor,FRC4,30,30,287,287,1.0,False,-6.255457199448482,106.84295563186589,71.6908067558573,True,
2026-08-03T16:01:16.030616+00:00,5296,-6.242909649999996,106.84406470000002,complex_corridor,FRC2,35,35,40,40,1.0,False,-6.24287098327402,106.84404058541264,5.0587612651154314,True,
2026-08-03T16:15:56.663904+00:00,703,-6.235444892859697,106.75583232857385,complex_corridor,FRC2,28,28,6,6,1,False,-6.235637002833079,106.75573958241279,23.694334982762854,True,
2026-08-03T16:15:56.955623+00:00,821,-6.288795825000754,106.77763638750048,complex_corridor,FRC1,31,31,35,35,1,False,-6.288676397337788,106.77774978959411,18.260596237349766,True,
2026-08-03T16:15:57.243002+00:00,1336,-6.235382350000007,106.7560557,complex_corridor,FRC2,27,27,9,9,1,False,-6.235851643158244,106.75634307944131,61.09133400248038,True,
2026-08-03T16:15:57.536949+00:00,2187,-6.234661449999994,106.7555585,complex_corridor,FRC2,39,39,18,18,1,False,-6.235295044618109,106.75596622907466,83.63486690954973,True,
2026-08-03T16:15:57.826838+00:00,2188,-6.233655599999991,106.75488135,complex_corridor,FRC2,30,30,32,32,1,False,-6.233742064909034,106.75495503627582,12.600808704103487,True,
2026-08-03T16:15:58.121963+00:00,2298,-6.288583799999989,106.77784095,complex_corridor,FRC1,41,41,341,341,1,False,-6.288634823320289,106.77780477487897,6.94084144102375,True,
2026-08-03T16:15:58.409376+00:00,2322,-6.2884621,106.7781152,complex_corridor,FRC1,26,26,53,53,1,False,-6.288455113550981,106.77822722279888,12.405765015820144,True,
2026-08-03T16:15:58.701124+00:00,2459,-6.23996075,106.79819865,complex_corridor,FRC3,28,28,405,405,1,False,-6.239927209643448,106.79835988366938,18.208192291717626,True,
2026-08-03T16:15:58.993147+00:00,2660,-6.288887410002579,106.77817204999796,complex_corridor,FRC1,15,15,29,29,1,False,-6.289080056713849,106.77821112954479,21.852459789678804,True,
2026-08-03T16:15:59.281759+00:00,2731,-6.240104349999994,106.79819525,complex_corridor,FRC1,21,21,285,285,1,False,-6.254711568502923,106.79717434728451,1628.1638385691926,False,
2026-08-03T16:15:59.568339+00:00,2979,-6.239918790000258,106.79844824999957,complex_corridor,FRC2,10,13,4,3,1,False,-6.239928542802509,106.79846583092547,2.2254395550977346,True,
2026-08-03T16:15:59.857657+00:00,3134,-6.2892448600025785,106.77855074999796,complex_corridor,FRC1,22,22,11,11,1,False,-6.289262432333267,106.778499467014,5.995427904385316,True,
2026-08-03T16:16:00.145750+00:00,3164,-6.239840140000258,106.79869149999956,complex_corridor,FRC2,24,24,145,145,1,False,-6.23981997364873,106.79856239045006,14.446370748590217,True,
2026-08-03T16:16:00.446025+00:00,3940,-6.242815700000143,106.84290446666662,complex_corridor,FRC2,21,21,19,19,1,False,-6.242610768682978,106.84288187111798,22.923789898286447,True,
2026-08-03T16:16:00.735744+00:00,3995,-6.2428431,106.8426503,complex_corridor,FRC2,32,32,8,8,1,False,-6.24270333943449,106.84230519617961,41.19038604817657,True,
2026-08-03T16:16:01.036352+00:00,4135,-6.242451300001405,106.84346441666648,complex_corridor,FRC3,27,27,15,15,1,False,-6.24264159782794,106.84303341592732,52.128779444682614,True,
2026-08-03T16:16:01.324646+00:00,4174,-6.242622250001264,106.84418269999986,complex_corridor,FRC3,21,21,14,14,1,False,-6.242365385288672,106.84405667866673,31.777844988721665,True,
2026-08-03T16:16:01.616769+00:00,4307,-6.237238257899974,106.8272395210502,complex_corridor,FRC2,21,21,6,6,1,False,-6.237236971031365,106.82743234718856,21.314848279038795,True,
2026-08-03T16:16:01.907313+00:00,4312,-6.237042057899963,106.8269344210502,complex_corridor,FRC2,23,23,6,6,1,False,-6.237208807900389,106.82690797532604,18.770772040768108,True,
2026-08-03T16:16:02.195992+00:00,4383,-6.255330045001537,106.84307333999776,complex_corridor,FRC4,25,25,7,7,1,False,-6.255170245392188,106.84296367849294,21.509477825194235,True,
2026-08-03T16:16:02.484531+00:00,4421,-6.237577607899957,106.82686737105018,complex_corridor,FRC3,18,18,27,27,1,False,-6.237416698431964,106.82692406858013,18.95817050701808,True,
2026-08-03T16:16:02.776044+00:00,5234,-6.255677025000373,106.8431710999986,complex_corridor,FRC4,23,23,6,6,1,False,-6.25559934329838,106.84329627241084,16.310649749926508,True,
2026-08-03T16:16:03.064802+00:00,5259,-6.255508725000373,106.84360214999862,complex_corridor,FRC4,30,30,287,287,1,False,-6.255457199448482,106.84295563186589,71.6908067558573,True,
2026-08-03T16:16:03.356645+00:00,5296,-6.242909649999996,106.84406470000002,complex_corridor,FRC2,35,35,40,40,1,False,-6.24287098327402,106.84404058541264,5.0587612651154314,True,
2026-08-03T16:31:01.103776+00:00,703,-6.235444892859697,106.75583232857385,complex_corridor,FRC2,28,28,6,6,1,False,-6.235637002833079,106.75573958241279,23.694334982762854,True,
2026-08-03T16:31:01.401973+00:00,821,-6.288795825000754,106.77763638750048,complex_corridor,FRC1,31,31,35,35,1,False,-6.288676397337788,106.77774978959411,18.260596237349766,True,
2026-08-03T16:31:01.693326+00:00,1336,-6.235382350000007,106.7560557,complex_corridor,FRC2,27,27,9,9,1,False,-6.235851643158244,106.75634307944131,61.09133400248038,True,
2026-08-03T16:31:01.979387+00:00,2187,-6.234661449999994,106.7555585,complex_corridor,FRC2,39,39,18,18,1,False,-6.235295044618109,106.75596622907466,83.63486690954973,True,
2026-08-03T16:31:02.266980+00:00,2188,-6.233655599999991,106.75488135,complex_corridor,FRC2,30,30,32,32,1,False,-6.233742064909034,106.75495503627582,12.600808704103487,True,
2026-08-03T16:31:02.571940+00:00,2298,-6.288583799999989,106.77784095,complex_corridor,FRC1,41,41,341,341,1,False,-6.288634823320289,106.77780477487897,6.94084144102375,True,
2026-08-03T16:31:02.860294+00:00,2322,-6.2884621,106.7781152,complex_corridor,FRC1,26,26,53,53,1,False,-6.288455113550981,106.77822722279888,12.405765015820144,True,
2026-08-03T16:31:03.145516+00:00,2459,-6.23996075,106.79819865,complex_corridor,FRC3,28,28,405,405,1,False,-6.239927209643448,106.79835988366938,18.208192291717626,True,
2026-08-03T16:31:03.432709+00:00,2660,-6.288887410002579,106.77817204999796,complex_corridor,FRC1,15,15,29,29,1,False,-6.289080056713849,106.77821112954479,21.852459789678804,True,
2026-08-03T16:31:03.728028+00:00,2731,-6.240104349999994,106.79819525,complex_corridor,FRC1,21,21,285,285,1,False,-6.254711568502923,106.79717434728451,1628.1638385691926,False,
2026-08-03T16:31:04.013757+00:00,2979,-6.239918790000258,106.79844824999957,complex_corridor,FRC2,15,15,2,2,1,False,-6.239928542802509,106.79846583092547,2.2254395550977346,True,
2026-08-03T16:31:04.301300+00:00,3134,-6.2892448600025785,106.77855074999796,complex_corridor,FRC1,22,22,11,11,1,False,-6.289262432333267,106.778499467014,5.995427904385316,True,
2026-08-03T16:31:04.604276+00:00,3164,-6.239840140000258,106.79869149999956,complex_corridor,FRC2,24,24,145,145,1,False,-6.23981997364873,106.79856239045006,14.446370748590217,True,
2026-08-03T16:31:04.919622+00:00,3940,-6.242815700000143,106.84290446666662,complex_corridor,FRC2,21,21,19,19,1,False,-6.242610768682978,106.84288187111798,22.923789898286447,True,
2026-08-03T16:31:05.205716+00:00,3995,-6.2428431,106.8426503,complex_corridor,FRC2,32,32,8,8,1,False,-6.24270333943449,106.84230519617961,41.19038604817657,True,
2026-08-03T16:31:05.493673+00:00,4135,-6.242451300001405,106.84346441666648,complex_corridor,FRC3,27,27,15,15,1,False,-6.24264159782794,106.84303341592732,52.128779444682614,True,
2026-08-03T16:31:05.778676+00:00,4174,-6.242622250001264,106.84418269999986,complex_corridor,FRC3,21,21,14,14,1,False,-6.242365385288672,106.84405667866673,31.777844988721665,True,
2026-08-03T16:31:06.084111+00:00,4307,-6.237238257899974,106.8272395210502,complex_corridor,FRC2,21,21,6,6,1,False,-6.237236971031365,106.82743234718856,21.314848279038795,True,
2026-08-03T16:31:06.385680+00:00,4312,-6.237042057899963,106.8269344210502,complex_corridor,FRC2,23,23,6,6,1,False,-6.237208807900389,106.82690797532604,18.770772040768108,True,
2026-08-03T16:31:06.694582+00:00,4383,-6.255330045001537,106.84307333999776,complex_corridor,FRC4,25,25,7,7,1,False,-6.255170245392188,106.84296367849294,21.509477825194235,True,
2026-08-03T16:31:06.987183+00:00,4421,-6.237577607899957,106.82686737105018,complex_corridor,FRC3,18,18,27,27,1,False,-6.237416698431964,106.82692406858013,18.95817050701808,True,
2026-08-03T16:31:07.276739+00:00,5234,-6.255677025000373,106.8431710999986,complex_corridor,FRC4,23,23,6,6,1,False,-6.25559934329838,106.84329627241084,16.310649749926508,True,
2026-08-03T16:31:07.574489+00:00,5259,-6.255508725000373,106.84360214999862,complex_corridor,FRC4,30,30,287,287,1,False,-6.255457199448482,106.84295563186589,71.6908067558573,True,
2026-08-03T16:31:07.863199+00:00,5296,-6.242909649999996,106.84406470000002,complex_corridor,FRC2,35,35,40,40,1,False,-6.24287098327402,106.84404058541264,5.0587612651154314,True,
2026-08-03T16:45:58.279614+00:00,703,-6.235444892859697,106.75583232857385,complex_corridor,FRC2,28,28,6,6,1,False,-6.235637002833079,106.75573958241279,23.694334982762854,True,
2026-08-03T16:45:58.578771+00:00,821,-6.288795825000754,106.77763638750048,complex_corridor,FRC1,31,31,35,35,1,False,-6.288676397337788,106.77774978959411,18.260596237349766,True,
2026-08-03T16:45:58.873466+00:00,1336,-6.235382350000007,106.7560557,complex_corridor,FRC2,27,27,9,9,1,False,-6.235851643158244,106.75634307944131,61.09133400248038,True,
2026-08-03T16:45:59.183994+00:00,2187,-6.234661449999994,106.7555585,complex_corridor,FRC2,39,39,18,18,1,False,-6.235295044618109,106.75596622907466,83.63486690954973,True,
2026-08-03T16:45:59.473531+00:00,2188,-6.233655599999991,106.75488135,complex_corridor,FRC2,30,30,32,32,1,False,-6.233742064909034,106.75495503627582,12.600808704103487,True,
2026-08-03T16:45:59.760731+00:00,2298,-6.288583799999989,106.77784095,complex_corridor,FRC1,41,41,341,341,1,False,-6.288634823320289,106.77780477487897,6.94084144102375,True,
2026-08-03T16:46:00.059000+00:00,2322,-6.2884621,106.7781152,complex_corridor,FRC1,26,26,53,53,1,False,-6.288455113550981,106.77822722279888,12.405765015820144,True,
2026-08-03T16:46:00.349356+00:00,2459,-6.23996075,106.79819865,complex_corridor,FRC3,28,28,405,405,1,False,-6.239927209643448,106.79835988366938,18.208192291717626,True,
2026-08-03T16:46:00.642136+00:00,2660,-6.288887410002579,106.77817204999796,complex_corridor,FRC1,15,15,29,29,1,False,-6.289080056713849,106.77821112954479,21.852459789678804,True,
2026-08-03T16:46:00.929756+00:00,2731,-6.240104349999994,106.79819525,complex_corridor,FRC1,21,21,285,285,1,False,-6.254711568502923,106.79717434728451,1628.1638385691926,False,
2026-08-03T16:46:01.221357+00:00,2979,-6.239918790000258,106.79844824999957,complex_corridor,FRC2,15,15,2,2,1,False,-6.239928542802509,106.79846583092547,2.2254395550977346,True,
2026-08-03T16:46:01.513392+00:00,3134,-6.2892448600025785,106.77855074999796,complex_corridor,FRC1,22,22,11,11,1,False,-6.289262432333267,106.778499467014,5.995427904385316,True,
2026-08-03T16:46:01.822178+00:00,3164,-6.239840140000258,106.79869149999956,complex_corridor,FRC2,24,24,145,145,1,False,-6.23981997364873,106.79856239045006,14.446370748590217,True,
2026-08-03T16:46:02.120878+00:00,3940,-6.242815700000143,106.84290446666662,complex_corridor,FRC2,21,21,19,19,1,False,-6.242610768682978,106.84288187111798,22.923789898286447,True,
2026-08-03T16:46:02.410702+00:00,3995,-6.2428431,106.8426503,complex_corridor,FRC2,32,32,8,8,1,False,-6.24270333943449,106.84230519617961,41.19038604817657,True,
2026-08-03T16:46:02.703541+00:00,4135,-6.242451300001405,106.84346441666648,complex_corridor,FRC3,27,27,15,15,1,False,-6.24264159782794,106.84303341592732,52.128779444682614,True,
2026-08-03T16:46:02.992391+00:00,4174,-6.242622250001264,106.84418269999986,complex_corridor,FRC3,21,21,14,14,1,False,-6.242365385288672,106.84405667866673,31.777844988721665,True,
2026-08-03T16:46:03.299652+00:00,4307,-6.237238257899974,106.8272395210502,complex_corridor,FRC2,21,21,6,6,1,False,-6.237236971031365,106.82743234718856,21.314848279038795,True,
2026-08-03T16:46:03.587773+00:00,4312,-6.237042057899963,106.8269344210502,complex_corridor,FRC2,23,23,6,6,1,False,-6.237208807900389,106.82690797532604,18.770772040768108,True,
2026-08-03T16:46:03.875426+00:00,4383,-6.255330045001537,106.84307333999776,complex_corridor,FRC4,25,25,7,7,1,False,-6.255170245392188,106.84296367849294,21.509477825194235,True,
2026-08-03T16:46:04.170791+00:00,4421,-6.237577607899957,106.82686737105018,complex_corridor,FRC3,18,18,27,27,1,False,-6.237416698431964,106.82692406858013,18.95817050701808,True,
2026-08-03T16:46:04.458592+00:00,5234,-6.255677025000373,106.8431710999986,complex_corridor,FRC4,23,23,6,6,1,False,-6.25559934329838,106.84329627241084,16.310649749926508,True,
2026-08-03T16:46:04.746691+00:00,5259,-6.255508725000373,106.84360214999862,complex_corridor,FRC4,30,30,287,287,1,False,-6.255457199448482,106.84295563186589,71.6908067558573,True,
2026-08-03T16:46:05.035838+00:00,5296,-6.242909649999996,106.84406470000002,complex_corridor,FRC2,35,35,40,40,1,False,-6.24287098327402,106.84404058541264,5.0587612651154314,True,
2026-08-03T17:01:02.657324+00:00,703,-6.235444892859697,106.75583232857385,complex_corridor,FRC2,28,28,6,6,1.0,False,-6.235637002833079,106.75573958241279,23.694334982762854,True,
2026-08-03T17:01:02.966281+00:00,821,-6.288795825000754,106.77763638750048,complex_corridor,FRC1,31,31,35,35,1.0,False,-6.288676397337788,106.77774978959411,18.260596237349766,True,
2026-08-03T17:01:03.278248+00:00,1336,-6.235382350000007,106.7560557,complex_corridor,FRC2,19,27,14,9,0.97,False,-6.235851643158244,106.75634307944131,61.09133400248038,True,
2026-08-03T17:01:03.584627+00:00,2187,-6.234661449999994,106.7555585,complex_corridor,FRC2,39,39,18,18,1.0,False,-6.235295044618109,106.75596622907466,83.63486690954973,True,
2026-08-03T17:01:03.900761+00:00,2188,-6.233655599999991,106.75488135,complex_corridor,FRC2,30,30,32,32,1.0,False,-6.233742064909034,106.75495503627582,12.600808704103487,True,
2026-08-03T17:01:04.203232+00:00,2298,-6.288583799999989,106.77784095,complex_corridor,FRC1,41,41,341,341,1.0,False,-6.288634823320289,106.77780477487897,6.94084144102375,True,
2026-08-03T17:01:04.529291+00:00,2322,-6.2884621,106.7781152,complex_corridor,FRC1,26,26,53,53,1.0,False,-6.288455113550981,106.77822722279888,12.405765015820144,True,
2026-08-03T17:01:04.832885+00:00,2459,-6.23996075,106.79819865,complex_corridor,FRC3,28,28,405,405,1.0,False,-6.239927209643448,106.79835988366938,18.208192291717626,True,
2026-08-03T17:01:05.140364+00:00,2660,-6.288887410002579,106.77817204999796,complex_corridor,FRC1,15,15,29,29,1.0,False,-6.289080056713849,106.77821112954479,21.852459789678804,True,
2026-08-03T17:01:05.442179+00:00,2731,-6.240104349999994,106.79819525,complex_corridor,FRC1,21,21,285,285,1.0,False,-6.254711568502923,106.79717434728451,1628.1638385691926,False,
2026-08-03T17:01:05.744274+00:00,2979,-6.239918790000258,106.79844824999957,complex_corridor,FRC2,15,15,2,2,1.0,False,-6.239928542802509,106.79846583092547,2.2254395550977346,True,
2026-08-03T17:01:06.050304+00:00,3134,-6.2892448600025785,106.77855074999796,complex_corridor,FRC1,22,22,11,11,1.0,False,-6.289262432333267,106.778499467014,5.995427904385316,True,
2026-08-03T17:01:06.351692+00:00,3164,-6.239840140000258,106.79869149999956,complex_corridor,FRC2,24,24,145,145,1.0,False,-6.23981997364873,106.79856239045006,14.446370748590217,True,
2026-08-03T17:01:06.675094+00:00,3940,-6.242815700000143,106.84290446666662,complex_corridor,FRC2,21,21,19,19,1.0,False,-6.242610768682978,106.84288187111798,22.923789898286447,True,
2026-08-03T17:01:06.983358+00:00,3995,-6.2428431,106.8426503,complex_corridor,FRC2,32,32,8,8,1.0,False,-6.24270333943449,106.84230519617961,41.19038604817657,True,
2026-08-03T17:01:07.285891+00:00,4135,-6.242451300001405,106.84346441666648,complex_corridor,FRC3,27,27,15,15,1.0,False,-6.24264159782794,106.84303341592732,52.128779444682614,True,
2026-08-03T17:01:07.589311+00:00,4174,-6.242622250001264,106.84418269999986,complex_corridor,FRC3,21,21,14,14,1.0,False,-6.242365385288672,106.84405667866673,31.777844988721665,True,
2026-08-03T17:01:07.889894+00:00,4307,-6.237238257899974,106.8272395210502,complex_corridor,FRC2,21,21,6,6,1.0,False,-6.237236971031365,106.82743234718856,21.314848279038795,True,
2026-08-03T17:01:08.196694+00:00,4312,-6.237042057899963,106.8269344210502,complex_corridor,FRC2,23,23,6,6,1.0,False,-6.237208807900389,106.82690797532604,18.770772040768108,True,
2026-08-03T17:01:08.497808+00:00,4383,-6.255330045001537,106.84307333999776,complex_corridor,FRC4,25,25,7,7,1.0,False,-6.255170245392188,106.84296367849294,21.509477825194235,True,
2026-08-03T17:01:08.798847+00:00,4421,-6.237577607899957,106.82686737105018,complex_corridor,FRC3,18,18,27,27,1.0,False,-6.237416698431964,106.82692406858013,18.95817050701808,True,
2026-08-03T17:01:09.100105+00:00,5234,-6.255677025000373,106.8431710999986,complex_corridor,FRC4,23,23,6,6,1.0,False,-6.25559934329838,106.84329627241084,16.310649749926508,True,
2026-08-03T17:01:09.409201+00:00,5259,-6.255508725000373,106.84360214999862,complex_corridor,FRC4,30,30,287,287,1.0,False,-6.255457199448482,106.84295563186589,71.6908067558573,True,
2026-08-03T17:01:09.720412+00:00,5296,-6.242909649999996,106.84406470000002,complex_corridor,FRC2,35,35,40,40,1.0,False,-6.24287098327402,106.84404058541264,5.0587612651154314,True,
2026-08-03T17:15:56.515585+00:00,703,-6.235444892859697,106.75583232857385,complex_corridor,FRC2,28,28,6,6,1,False,-6.235637002833079,106.75573958241279,23.694334982762854,True,
2026-08-03T17:15:56.803540+00:00,821,-6.288795825000754,106.77763638750048,complex_corridor,FRC1,31,31,35,35,1,False,-6.288676397337788,106.77774978959411,18.260596237349766,True,
2026-08-03T17:15:57.089387+00:00,1336,-6.235382350000007,106.7560557,complex_corridor,FRC2,27,27,9,9,1,False,-6.235851643158244,106.75634307944131,61.09133400248038,True,
2026-08-03T17:15:57.373682+00:00,2187,-6.234661449999994,106.7555585,complex_corridor,FRC2,39,39,18,18,1,False,-6.235295044618109,106.75596622907466,83.63486690954973,True,
2026-08-03T17:15:57.661372+00:00,2188,-6.233655599999991,106.75488135,complex_corridor,FRC2,30,30,32,32,1,False,-6.233742064909034,106.75495503627582,12.600808704103487,True,
2026-08-03T17:15:57.949746+00:00,2298,-6.288583799999989,106.77784095,complex_corridor,FRC1,41,41,341,341,1,False,-6.288634823320289,106.77780477487897,6.94084144102375,True,
2026-08-03T17:15:58.246834+00:00,2322,-6.2884621,106.7781152,complex_corridor,FRC1,26,26,53,53,1,False,-6.288455113550981,106.77822722279888,12.405765015820144,True,
2026-08-03T17:15:58.532948+00:00,2459,-6.23996075,106.79819865,complex_corridor,FRC3,28,28,405,405,1,False,-6.239927209643448,106.79835988366938,18.208192291717626,True,
2026-08-03T17:15:58.823537+00:00,2660,-6.288887410002579,106.77817204999796,complex_corridor,FRC1,15,15,29,29,1,False,-6.289080056713849,106.77821112954479,21.852459789678804,True,
2026-08-03T17:15:59.120532+00:00,2731,-6.240104349999994,106.79819525,complex_corridor,FRC1,21,21,285,285,1,False,-6.254711568502923,106.79717434728451,1628.1638385691926,False,
2026-08-03T17:15:59.407172+00:00,2979,-6.239918790000258,106.79844824999957,complex_corridor,FRC2,15,15,2,2,1,False,-6.239928542802509,106.79846583092547,2.2254395550977346,True,
2026-08-03T17:15:59.695043+00:00,3134,-6.2892448600025785,106.77855074999796,complex_corridor,FRC1,22,22,11,11,1,False,-6.289262432333267,106.778499467014,5.995427904385316,True,
2026-08-03T17:15:59.985524+00:00,3164,-6.239840140000258,106.79869149999956,complex_corridor,FRC2,24,24,145,145,1,False,-6.23981997364873,106.79856239045006,14.446370748590217,True,
2026-08-03T17:16:00.283438+00:00,3940,-6.242815700000143,106.84290446666662,complex_corridor,FRC2,21,21,19,19,1,False,-6.242610768682978,106.84288187111798,22.923789898286447,True,
2026-08-03T17:16:00.572465+00:00,3995,-6.2428431,106.8426503,complex_corridor,FRC2,32,32,8,8,1,False,-6.24270333943449,106.84230519617961,41.19038604817657,True,
2026-08-03T17:16:00.866174+00:00,4135,-6.242451300001405,106.84346441666648,complex_corridor,FRC3,27,27,15,15,1,False,-6.24264159782794,106.84303341592732,52.128779444682614,True,
2026-08-03T17:16:01.153290+00:00,4174,-6.242622250001264,106.84418269999986,complex_corridor,FRC3,21,21,14,14,1,False,-6.242365385288672,106.84405667866673,31.777844988721665,True,
2026-08-03T17:16:01.440136+00:00,4307,-6.237238257899974,106.8272395210502,complex_corridor,FRC2,21,21,6,6,1,False,-6.237236971031365,106.82743234718856,21.314848279038795,True,
2026-08-03T17:16:01.732377+00:00,4312,-6.237042057899963,106.8269344210502,complex_corridor,FRC2,23,23,6,6,1,False,-6.237208807900389,106.82690797532604,18.770772040768108,True,
2026-08-03T17:16:02.018670+00:00,4383,-6.255330045001537,106.84307333999776,complex_corridor,FRC4,25,25,7,7,1,False,-6.255170245392188,106.84296367849294,21.509477825194235,True,
2026-08-03T17:16:02.305107+00:00,4421,-6.237577607899957,106.82686737105018,complex_corridor,FRC3,18,18,27,27,1,False,-6.237416698431964,106.82692406858013,18.95817050701808,True,
2026-08-03T17:16:02.594809+00:00,5234,-6.255677025000373,106.8431710999986,complex_corridor,FRC4,23,23,6,6,1,False,-6.25559934329838,106.84329627241084,16.310649749926508,True,
2026-08-03T17:16:02.888216+00:00,5259,-6.255508725000373,106.84360214999862,complex_corridor,FRC4,30,30,287,287,1,False,-6.255457199448482,106.84295563186589,71.6908067558573,True,
2026-08-03T17:16:03.176530+00:00,5296,-6.242909649999996,106.84406470000002,complex_corridor,FRC2,35,35,40,40,1,False,-6.24287098327402,106.84404058541264,5.0587612651154314,True,
2026-08-03T17:31:04.510991+00:00,703,-6.235444892859697,106.75583232857385,complex_corridor,FRC2,28,28,6,6,1,False,-6.235637002833079,106.75573958241279,23.694334982762854,True,
2026-08-03T17:31:04.819843+00:00,821,-6.288795825000754,106.77763638750048,complex_corridor,FRC1,31,31,35,35,1,False,-6.288676397337788,106.77774978959411,18.260596237349766,True,
2026-08-03T17:31:05.124283+00:00,1336,-6.235382350000007,106.7560557,complex_corridor,FRC2,27,27,9,9,1,False,-6.235851643158244,106.75634307944131,61.09133400248038,True,
2026-08-03T17:31:05.438985+00:00,2187,-6.234661449999994,106.7555585,complex_corridor,FRC2,39,39,18,18,1,False,-6.235295044618109,106.75596622907466,83.63486690954973,True,
2026-08-03T17:31:05.749494+00:00,2188,-6.233655599999991,106.75488135,complex_corridor,FRC2,30,30,32,32,1,False,-6.233742064909034,106.75495503627582,12.600808704103487,True,
2026-08-03T17:31:06.059863+00:00,2298,-6.288583799999989,106.77784095,complex_corridor,FRC1,41,41,341,341,1,False,-6.288634823320289,106.77780477487897,6.94084144102375,True,
2026-08-03T17:31:06.365569+00:00,2322,-6.2884621,106.7781152,complex_corridor,FRC1,26,26,53,53,1,False,-6.288455113550981,106.77822722279888,12.405765015820144,True,
2026-08-03T17:31:06.674519+00:00,2459,-6.23996075,106.79819865,complex_corridor,FRC3,28,28,405,405,1,False,-6.239927209643448,106.79835988366938,18.208192291717626,True,
2026-08-03T17:31:06.991464+00:00,2660,-6.288887410002579,106.77817204999796,complex_corridor,FRC1,15,15,29,29,1,False,-6.289080056713849,106.77821112954479,21.852459789678804,True,
2026-08-03T17:31:07.293560+00:00,2731,-6.240104349999994,106.79819525,complex_corridor,FRC1,21,21,285,285,1,False,-6.254711568502923,106.79717434728451,1628.1638385691926,False,
2026-08-03T17:31:07.600350+00:00,2979,-6.239918790000258,106.79844824999957,complex_corridor,FRC2,15,15,2,2,1,False,-6.239928542802509,106.79846583092547,2.2254395550977346,True,
2026-08-03T17:31:07.909508+00:00,3134,-6.2892448600025785,106.77855074999796,complex_corridor,FRC1,22,22,11,11,1,False,-6.289262432333267,106.778499467014,5.995427904385316,True,
2026-08-03T17:31:08.214962+00:00,3164,-6.239840140000258,106.79869149999956,complex_corridor,FRC2,24,24,145,145,1,False,-6.23981997364873,106.79856239045006,14.446370748590217,True,
2026-08-03T17:31:08.530096+00:00,3940,-6.242815700000143,106.84290446666662,complex_corridor,FRC2,21,21,19,19,1,False,-6.242610768682978,106.84288187111798,22.923789898286447,True,
2026-08-03T17:31:08.851503+00:00,3995,-6.2428431,106.8426503,complex_corridor,FRC2,32,32,8,8,1,False,-6.24270333943449,106.84230519617961,41.19038604817657,True,
2026-08-03T17:31:09.152709+00:00,4135,-6.242451300001405,106.84346441666648,complex_corridor,FRC3,27,27,15,15,1,False,-6.24264159782794,106.84303341592732,52.128779444682614,True,
2026-08-03T17:31:09.451606+00:00,4174,-6.242622250001264,106.84418269999986,complex_corridor,FRC3,21,21,14,14,1,False,-6.242365385288672,106.84405667866673,31.777844988721665,True,
2026-08-03T17:31:09.755019+00:00,4307,-6.237238257899974,106.8272395210502,complex_corridor,FRC2,21,21,6,6,1,False,-6.237236971031365,106.82743234718856,21.314848279038795,True,
2026-08-03T17:31:10.062983+00:00,4312,-6.237042057899963,106.8269344210502,complex_corridor,FRC2,23,23,6,6,1,False,-6.237208807900389,106.82690797532604,18.770772040768108,True,
2026-08-03T17:31:10.362576+00:00,4383,-6.255330045001537,106.84307333999776,complex_corridor,FRC4,25,25,7,7,1,False,-6.255170245392188,106.84296367849294,21.509477825194235,True,
2026-08-03T17:31:10.667720+00:00,4421,-6.237577607899957,106.82686737105018,complex_corridor,FRC3,18,18,27,27,1,False,-6.237416698431964,106.82692406858013,18.95817050701808,True,
2026-08-03T17:31:10.970624+00:00,5234,-6.255677025000373,106.8431710999986,complex_corridor,FRC4,23,23,6,6,1,False,-6.25559934329838,106.84329627241084,16.310649749926508,True,
2026-08-03T17:31:11.274536+00:00,5259,-6.255508725000373,106.84360214999862,complex_corridor,FRC4,30,30,287,287,1,False,-6.255457199448482,106.84295563186589,71.6908067558573,True,
2026-08-03T17:31:11.575924+00:00,5296,-6.242909649999996,106.84406470000002,complex_corridor,FRC2,35,35,40,40,1,False,-6.24287098327402,106.84404058541264,5.0587612651154314,True,
2026-08-03T17:46:02.352858+00:00,703,-6.235444892859697,106.75583232857385,complex_corridor,FRC2,28,28,6,6,1,False,-6.235637002833079,106.75573958241279,23.694334982762854,True,
2026-08-03T17:46:02.656076+00:00,821,-6.288795825000754,106.77763638750048,complex_corridor,FRC1,31,31,35,35,1,False,-6.288676397337788,106.77774978959411,18.260596237349766,True,
2026-08-03T17:46:02.958530+00:00,1336,-6.235382350000007,106.7560557,complex_corridor,FRC2,27,27,9,9,1,False,-6.235851643158244,106.75634307944131,61.09133400248038,True,
2026-08-03T17:46:03.264210+00:00,2187,-6.234661449999994,106.7555585,complex_corridor,FRC2,39,39,18,18,1,False,-6.235295044618109,106.75596622907466,83.63486690954973,True,
2026-08-03T17:46:03.568492+00:00,2188,-6.233655599999991,106.75488135,complex_corridor,FRC2,30,30,32,32,1,False,-6.233742064909034,106.75495503627582,12.600808704103487,True,
2026-08-03T17:46:03.866805+00:00,2298,-6.288583799999989,106.77784095,complex_corridor,FRC1,41,41,341,341,1,False,-6.288634823320289,106.77780477487897,6.94084144102375,True,
2026-08-03T17:46:04.169641+00:00,2322,-6.2884621,106.7781152,complex_corridor,FRC1,26,26,53,53,1,False,-6.288455113550981,106.77822722279888,12.405765015820144,True,
2026-08-03T17:46:04.474063+00:00,2459,-6.23996075,106.79819865,complex_corridor,FRC3,28,28,405,405,1,False,-6.239927209643448,106.79835988366938,18.208192291717626,True,
2026-08-03T17:46:04.773421+00:00,2660,-6.288887410002579,106.77817204999796,complex_corridor,FRC1,15,15,29,29,1,False,-6.289080056713849,106.77821112954479,21.852459789678804,True,
2026-08-03T17:46:05.118504+00:00,2731,-6.240104349999994,106.79819525,complex_corridor,FRC1,21,21,285,285,1,False,-6.254711568502923,106.79717434728451,1628.1638385691926,False,
2026-08-03T17:46:05.421043+00:00,2979,-6.239918790000258,106.79844824999957,complex_corridor,FRC2,15,15,2,2,1,False,-6.239928542802509,106.79846583092547,2.2254395550977346,True,
2026-08-03T17:46:05.720594+00:00,3134,-6.2892448600025785,106.77855074999796,complex_corridor,FRC1,22,22,11,11,1,False,-6.289262432333267,106.778499467014,5.995427904385316,True,
2026-08-03T17:46:06.022277+00:00,3164,-6.239840140000258,106.79869149999956,complex_corridor,FRC2,24,24,145,145,1,False,-6.23981997364873,106.79856239045006,14.446370748590217,True,
2026-08-03T17:46:06.327582+00:00,3940,-6.242815700000143,106.84290446666662,complex_corridor,FRC2,21,21,19,19,1,False,-6.242610768682978,106.84288187111798,22.923789898286447,True,
2026-08-03T17:46:06.630323+00:00,3995,-6.2428431,106.8426503,complex_corridor,FRC2,32,32,8,8,1,False,-6.24270333943449,106.84230519617961,41.19038604817657,True,
2026-08-03T17:46:06.936031+00:00,4135,-6.242451300001405,106.84346441666648,complex_corridor,FRC3,27,27,15,15,1,False,-6.24264159782794,106.84303341592732,52.128779444682614,True,
2026-08-03T17:46:07.243052+00:00,4174,-6.242622250001264,106.84418269999986,complex_corridor,FRC3,21,21,14,14,1,False,-6.242365385288672,106.84405667866673,31.777844988721665,True,
2026-08-03T17:46:07.543879+00:00,4307,-6.237238257899974,106.8272395210502,complex_corridor,FRC2,21,21,6,6,1,False,-6.237236971031365,106.82743234718856,21.314848279038795,True,
2026-08-03T17:46:07.850622+00:00,4312,-6.237042057899963,106.8269344210502,complex_corridor,FRC2,23,23,6,6,1,False,-6.237208807900389,106.82690797532604,18.770772040768108,True,
2026-08-03T17:46:08.155321+00:00,4383,-6.255330045001537,106.84307333999776,complex_corridor,FRC4,25,25,7,7,1,False,-6.255170245392188,106.84296367849294,21.509477825194235,True,
2026-08-03T17:46:08.461709+00:00,4421,-6.237577607899957,106.82686737105018,complex_corridor,FRC3,18,18,27,27,1,False,-6.237416698431964,106.82692406858013,18.95817050701808,True,
2026-08-03T17:46:08.762709+00:00,5234,-6.255677025000373,106.8431710999986,complex_corridor,FRC4,23,23,6,6,1,False,-6.25559934329838,106.84329627241084,16.310649749926508,True,
2026-08-03T17:46:09.064737+00:00,5259,-6.255508725000373,106.84360214999862,complex_corridor,FRC4,30,30,287,287,1,False,-6.255457199448482,106.84295563186589,71.6908067558573,True,
2026-08-03T17:46:09.368558+00:00,5296,-6.242909649999996,106.84406470000002,complex_corridor,FRC2,35,35,40,40,1,False,-6.24287098327402,106.84404058541264,5.0587612651154314,True,
2026-08-03T18:01:08.545928+00:00,703,-6.235444892859697,106.75583232857385,complex_corridor,FRC2,28,28,6,6,1,False,-6.235637002833079,106.75573958241279,23.694334982762854,True,
2026-08-03T18:01:08.818122+00:00,821,-6.288795825000754,106.77763638750048,complex_corridor,FRC1,31,31,35,35,1,False,-6.288676397337788,106.77774978959411,18.260596237349766,True,
2026-08-03T18:01:09.096032+00:00,1336,-6.235382350000007,106.7560557,complex_corridor,FRC2,27,27,9,9,1,False,-6.235851643158244,106.75634307944131,61.09133400248038,True,
2026-08-03T18:01:09.378050+00:00,2187,-6.234661449999994,106.7555585,complex_corridor,FRC2,39,39,18,18,1,False,-6.235295044618109,106.75596622907466,83.63486690954973,True,
2026-08-03T18:01:09.659086+00:00,2188,-6.233655599999991,106.75488135,complex_corridor,FRC2,30,30,32,32,1,False,-6.233742064909034,106.75495503627582,12.600808704103487,True,
2026-08-03T18:01:09.950313+00:00,2298,-6.288583799999989,106.77784095,complex_corridor,FRC1,41,41,341,341,1,False,-6.288634823320289,106.77780477487897,6.94084144102375,True,
2026-08-03T18:01:10.228184+00:00,2322,-6.2884621,106.7781152,complex_corridor,FRC1,26,26,53,53,1,False,-6.288455113550981,106.77822722279888,12.405765015820144,True,
2026-08-03T18:01:10.500784+00:00,2459,-6.23996075,106.79819865,complex_corridor,FRC3,28,28,405,405,1,False,-6.239927209643448,106.79835988366938,18.208192291717626,True,
2026-08-03T18:01:10.770461+00:00,2660,-6.288887410002579,106.77817204999796,complex_corridor,FRC1,15,15,29,29,1,False,-6.289080056713849,106.77821112954479,21.852459789678804,True,
2026-08-03T18:01:11.049804+00:00,2731,-6.240104349999994,106.79819525,complex_corridor,FRC1,21,21,285,285,1,False,-6.254711568502923,106.79717434728451,1628.1638385691926,False,
2026-08-03T18:01:11.336181+00:00,2979,-6.239918790000258,106.79844824999957,complex_corridor,FRC2,15,15,2,2,1,False,-6.239928542802509,106.79846583092547,2.2254395550977346,True,
2026-08-03T18:01:11.614929+00:00,3134,-6.2892448600025785,106.77855074999796,complex_corridor,FRC1,22,22,11,11,1,False,-6.289262432333267,106.778499467014,5.995427904385316,True,
2026-08-03T18:01:11.884544+00:00,3164,-6.239840140000258,106.79869149999956,complex_corridor,FRC2,24,24,145,145,1,False,-6.23981997364873,106.79856239045006,14.446370748590217,True,
2026-08-03T18:01:12.156566+00:00,3940,-6.242815700000143,106.84290446666662,complex_corridor,FRC2,21,21,19,19,1,False,-6.242610768682978,106.84288187111798,22.923789898286447,True,
2026-08-03T18:01:12.432512+00:00,3995,-6.2428431,106.8426503,complex_corridor,FRC2,32,32,8,8,1,False,-6.24270333943449,106.84230519617961,41.19038604817657,True,
2026-08-03T18:01:12.702692+00:00,4135,-6.242451300001405,106.84346441666648,complex_corridor,FRC3,27,27,15,15,1,False,-6.24264159782794,106.84303341592732,52.128779444682614,True,
2026-08-03T18:01:12.980392+00:00,4174,-6.242622250001264,106.84418269999986,complex_corridor,FRC3,21,21,14,14,1,False,-6.242365385288672,106.84405667866673,31.777844988721665,True,
2026-08-03T18:01:13.253571+00:00,4307,-6.237238257899974,106.8272395210502,complex_corridor,FRC2,21,21,6,6,1,False,-6.237236971031365,106.82743234718856,21.314848279038795,True,
2026-08-03T18:01:13.534189+00:00,4312,-6.237042057899963,106.8269344210502,complex_corridor,FRC2,23,23,6,6,1,False,-6.237208807900389,106.82690797532604,18.770772040768108,True,
2026-08-03T18:01:13.810590+00:00,4383,-6.255330045001537,106.84307333999776,complex_corridor,FRC4,25,25,7,7,1,False,-6.255170245392188,106.84296367849294,21.509477825194235,True,
2026-08-03T18:01:14.079490+00:00,4421,-6.237577607899957,106.82686737105018,complex_corridor,FRC3,18,18,27,27,1,False,-6.237416698431964,106.82692406858013,18.95817050701808,True,
2026-08-03T18:01:14.354887+00:00,5234,-6.255677025000373,106.8431710999986,complex_corridor,FRC4,23,23,6,6,1,False,-6.25559934329838,106.84329627241084,16.310649749926508,True,
2026-08-03T18:01:14.633712+00:00,5259,-6.255508725000373,106.84360214999862,complex_corridor,FRC4,30,30,287,287,1,False,-6.255457199448482,106.84295563186589,71.6908067558573,True,
2026-08-03T18:01:14.906871+00:00,5296,-6.242909649999996,106.84406470000002,complex_corridor,FRC2,35,35,40,40,1,False,-6.24287098327402,106.84404058541264,5.0587612651154314,True,
2026-08-03T18:15:56.609532+00:00,703,-6.235444892859697,106.75583232857385,complex_corridor,FRC2,28,28,6,6,1,False,-6.235637002833079,106.75573958241279,23.694334982762854,True,
2026-08-03T18:15:56.904662+00:00,821,-6.288795825000754,106.77763638750048,complex_corridor,FRC1,31,31,35,35,1,False,-6.288676397337788,106.77774978959411,18.260596237349766,True,
2026-08-03T18:15:57.196415+00:00,1336,-6.235382350000007,106.7560557,complex_corridor,FRC2,27,27,9,9,1,False,-6.235851643158244,106.75634307944131,61.09133400248038,True,
2026-08-03T18:15:57.513615+00:00,2187,-6.234661449999994,106.7555585,complex_corridor,FRC2,39,39,18,18,1,False,-6.235295044618109,106.75596622907466,83.63486690954973,True,
2026-08-03T18:15:57.807086+00:00,2188,-6.233655599999991,106.75488135,complex_corridor,FRC2,30,30,32,32,1,False,-6.233742064909034,106.75495503627582,12.600808704103487,True,
2026-08-03T18:15:58.098049+00:00,2298,-6.288583799999989,106.77784095,complex_corridor,FRC1,41,41,341,341,1,False,-6.288634823320289,106.77780477487897,6.94084144102375,True,
2026-08-03T18:15:58.403678+00:00,2322,-6.2884621,106.7781152,complex_corridor,FRC1,26,26,53,53,1,False,-6.288455113550981,106.77822722279888,12.405765015820144,True,
2026-08-03T18:15:58.695726+00:00,2459,-6.23996075,106.79819865,complex_corridor,FRC3,28,28,405,405,1,False,-6.239927209643448,106.79835988366938,18.208192291717626,True,
2026-08-03T18:15:58.988029+00:00,2660,-6.288887410002579,106.77817204999796,complex_corridor,FRC1,15,15,29,29,1,False,-6.289080056713849,106.77821112954479,21.852459789678804,True,
2026-08-03T18:15:59.277615+00:00,2731,-6.240104349999994,106.79819525,complex_corridor,FRC1,21,21,285,285,1,False,-6.254711568502923,106.79717434728451,1628.1638385691926,False,
2026-08-03T18:15:59.585401+00:00,2979,-6.239918790000258,106.79844824999957,complex_corridor,FRC2,15,15,2,2,1,False,-6.239928542802509,106.79846583092547,2.2254395550977346,True,
2026-08-03T18:15:59.875353+00:00,3134,-6.2892448600025785,106.77855074999796,complex_corridor,FRC1,22,22,11,11,1,False,-6.289262432333267,106.778499467014,5.995427904385316,True,
2026-08-03T18:16:00.166684+00:00,3164,-6.239840140000258,106.79869149999956,complex_corridor,FRC2,24,24,145,145,1,False,-6.23981997364873,106.79856239045006,14.446370748590217,True,
2026-08-03T18:16:00.472223+00:00,3940,-6.242815700000143,106.84290446666662,complex_corridor,FRC2,21,21,19,19,1,False,-6.242610768682978,106.84288187111798,22.923789898286447,True,
2026-08-03T18:16:00.761994+00:00,3995,-6.2428431,106.8426503,complex_corridor,FRC2,32,32,8,8,1,False,-6.24270333943449,106.84230519617961,41.19038604817657,True,
2026-08-03T18:16:01.053133+00:00,4135,-6.242451300001405,106.84346441666648,complex_corridor,FRC3,27,27,15,15,1,False,-6.24264159782794,106.84303341592732,52.128779444682614,True,
2026-08-03T18:16:01.341671+00:00,4174,-6.242622250001264,106.84418269999986,complex_corridor,FRC3,21,21,14,14,1,False,-6.242365385288672,106.84405667866673,31.777844988721665,True,
2026-08-03T18:16:01.630696+00:00,4307,-6.237238257899974,106.8272395210502,complex_corridor,FRC2,21,21,6,6,1,False,-6.237236971031365,106.82743234718856,21.314848279038795,True,
2026-08-03T18:16:01.924594+00:00,4312,-6.237042057899963,106.8269344210502,complex_corridor,FRC2,23,23,6,6,1,False,-6.237208807900389,106.82690797532604,18.770772040768108,True,
2026-08-03T18:16:02.214849+00:00,4383,-6.255330045001537,106.84307333999776,complex_corridor,FRC4,25,25,7,7,1,False,-6.255170245392188,106.84296367849294,21.509477825194235,True,
2026-08-03T18:16:02.503172+00:00,4421,-6.237577607899957,106.82686737105018,complex_corridor,FRC3,18,18,27,27,1,False,-6.237416698431964,106.82692406858013,18.95817050701808,True,
2026-08-03T18:16:02.794923+00:00,5234,-6.255677025000373,106.8431710999986,complex_corridor,FRC4,23,23,6,6,1,False,-6.25559934329838,106.84329627241084,16.310649749926508,True,
2026-08-03T18:16:03.096055+00:00,5259,-6.255508725000373,106.84360214999862,complex_corridor,FRC4,30,30,287,287,1,False,-6.255457199448482,106.84295563186589,71.6908067558573,True,
2026-08-03T18:16:03.389514+00:00,5296,-6.242909649999996,106.84406470000002,complex_corridor,FRC2,35,35,40,40,1,False,-6.24287098327402,106.84404058541264,5.0587612651154314,True,
2026-08-03T18:30:56.340054+00:00,703,-6.235444892859697,106.75583232857385,complex_corridor,FRC2,28,28,6,6,1,False,-6.235637002833079,106.75573958241279,23.694334982762854,True,
2026-08-03T18:30:56.619298+00:00,821,-6.288795825000754,106.77763638750048,complex_corridor,FRC1,31,31,35,35,1,False,-6.288676397337788,106.77774978959411,18.260596237349766,True,
2026-08-03T18:30:56.890286+00:00,1336,-6.235382350000007,106.7560557,complex_corridor,FRC2,27,27,9,9,1,False,-6.235851643158244,106.75634307944131,61.09133400248038,True,
2026-08-03T18:30:57.162896+00:00,2187,-6.234661449999994,106.7555585,complex_corridor,FRC2,39,39,18,18,1,False,-6.235295044618109,106.75596622907466,83.63486690954973,True,
2026-08-03T18:30:57.443329+00:00,2188,-6.233655599999991,106.75488135,complex_corridor,FRC2,30,30,32,32,1,False,-6.233742064909034,106.75495503627582,12.600808704103487,True,
2026-08-03T18:30:57.720039+00:00,2298,-6.288583799999989,106.77784095,complex_corridor,FRC1,41,41,341,341,1,False,-6.288634823320289,106.77780477487897,6.94084144102375,True,
2026-08-03T18:30:57.989817+00:00,2322,-6.2884621,106.7781152,complex_corridor,FRC1,26,26,53,53,1,False,-6.288455113550981,106.77822722279888,12.405765015820144,True,
2026-08-03T18:30:58.273193+00:00,2459,-6.23996075,106.79819865,complex_corridor,FRC3,28,28,405,405,1,False,-6.239927209643448,106.79835988366938,18.208192291717626,True,
2026-08-03T18:30:58.550043+00:00,2660,-6.288887410002579,106.77817204999796,complex_corridor,FRC1,15,15,29,29,1,False,-6.289080056713849,106.77821112954479,21.852459789678804,True,
2026-08-03T18:30:58.825025+00:00,2731,-6.240104349999994,106.79819525,complex_corridor,FRC1,21,21,285,285,1,False,-6.254711568502923,106.79717434728451,1628.1638385691926,False,
2026-08-03T18:30:59.104061+00:00,2979,-6.239918790000258,106.79844824999957,complex_corridor,FRC2,10,15,4,2,1,False,-6.239928542802509,106.79846583092547,2.2254395550977346,True,
2026-08-03T18:30:59.380151+00:00,3134,-6.2892448600025785,106.77855074999796,complex_corridor,FRC1,22,22,11,11,1,False,-6.289262432333267,106.778499467014,5.995427904385316,True,
2026-08-03T18:30:59.656536+00:00,3164,-6.239840140000258,106.79869149999956,complex_corridor,FRC2,24,24,145,145,1,False,-6.23981997364873,106.79856239045006,14.446370748590217,True,
2026-08-03T18:30:59.929705+00:00,3940,-6.242815700000143,106.84290446666662,complex_corridor,FRC2,21,21,19,19,1,False,-6.242610768682978,106.84288187111798,22.923789898286447,True,
2026-08-03T18:31:00.200283+00:00,3995,-6.2428431,106.8426503,complex_corridor,FRC2,32,32,8,8,1,False,-6.24270333943449,106.84230519617961,41.19038604817657,True,
2026-08-03T18:31:00.473537+00:00,4135,-6.242451300001405,106.84346441666648,complex_corridor,FRC3,27,27,15,15,1,False,-6.24264159782794,106.84303341592732,52.128779444682614,True,
2026-08-03T18:31:00.745405+00:00,4174,-6.242622250001264,106.84418269999986,complex_corridor,FRC3,21,21,14,14,1,False,-6.242365385288672,106.84405667866673,31.777844988721665,True,
2026-08-03T18:31:01.031262+00:00,4307,-6.237238257899974,106.8272395210502,complex_corridor,FRC2,21,21,6,6,1,False,-6.237236971031365,106.82743234718856,21.314848279038795,True,
2026-08-03T18:31:01.314054+00:00,4312,-6.237042057899963,106.8269344210502,complex_corridor,FRC2,23,23,6,6,1,False,-6.237208807900389,106.82690797532604,18.770772040768108,True,
2026-08-03T18:31:01.586716+00:00,4383,-6.255330045001537,106.84307333999776,complex_corridor,FRC4,25,25,7,7,1,False,-6.255170245392188,106.84296367849294,21.509477825194235,True,
2026-08-03T18:31:01.859603+00:00,4421,-6.237577607899957,106.82686737105018,complex_corridor,FRC3,18,18,27,27,1,False,-6.237416698431964,106.82692406858013,18.95817050701808,True,
2026-08-03T18:31:02.135740+00:00,5234,-6.255677025000373,106.8431710999986,complex_corridor,FRC4,23,23,6,6,1,False,-6.25559934329838,106.84329627241084,16.310649749926508,True,
2026-08-03T18:31:02.406450+00:00,5259,-6.255508725000373,106.84360214999862,complex_corridor,FRC4,30,30,287,287,1,False,-6.255457199448482,106.84295563186589,71.6908067558573,True,
2026-08-03T18:31:02.674720+00:00,5296,-6.242909649999996,106.84406470000002,complex_corridor,FRC2,35,35,40,40,1,False,-6.24287098327402,106.84404058541264,5.0587612651154314,True,
2026-08-03T18:45:57.347608+00:00,703,-6.235444892859697,106.75583232857385,complex_corridor,FRC2,28,28,6,6,1,False,-6.235637002833079,106.75573958241279,23.694334982762854,True,
2026-08-03T18:45:57.656727+00:00,821,-6.288795825000754,106.77763638750048,complex_corridor,FRC1,31,31,35,35,1,False,-6.288676397337788,106.77774978959411,18.260596237349766,True,
2026-08-03T18:45:57.974431+00:00,1336,-6.235382350000007,106.7560557,complex_corridor,FRC2,27,27,9,9,1,False,-6.235851643158244,106.75634307944131,61.09133400248038,True,
2026-08-03T18:45:58.279181+00:00,2187,-6.234661449999994,106.7555585,complex_corridor,FRC2,39,39,18,18,1,False,-6.235295044618109,106.75596622907466,83.63486690954973,True,
2026-08-03T18:45:58.581653+00:00,2188,-6.233655599999991,106.75488135,complex_corridor,FRC2,30,30,32,32,1,False,-6.233742064909034,106.75495503627582,12.600808704103487,True,
2026-08-03T18:45:58.886443+00:00,2298,-6.288583799999989,106.77784095,complex_corridor,FRC1,41,41,341,341,1,False,-6.288634823320289,106.77780477487897,6.94084144102375,True,
2026-08-03T18:45:59.190990+00:00,2322,-6.2884621,106.7781152,complex_corridor,FRC1,26,26,53,53,1,False,-6.288455113550981,106.77822722279888,12.405765015820144,True,
2026-08-03T18:45:59.491265+00:00,2459,-6.23996075,106.79819865,complex_corridor,FRC3,28,28,405,405,1,False,-6.239927209643448,106.79835988366938,18.208192291717626,True,
2026-08-03T18:45:59.795173+00:00,2660,-6.288887410002579,106.77817204999796,complex_corridor,FRC1,15,15,29,29,1,False,-6.289080056713849,106.77821112954479,21.852459789678804,True,
2026-08-03T18:46:00.103117+00:00,2731,-6.240104349999994,106.79819525,complex_corridor,FRC1,21,21,285,285,1,False,-6.254711568502923,106.79717434728451,1628.1638385691926,False,
2026-08-03T18:46:00.405487+00:00,2979,-6.239918790000258,106.79844824999957,complex_corridor,FRC2,15,15,2,2,1,False,-6.239928542802509,106.79846583092547,2.2254395550977346,True,
2026-08-03T18:46:00.705692+00:00,3134,-6.2892448600025785,106.77855074999796,complex_corridor,FRC1,22,22,11,11,1,False,-6.289262432333267,106.778499467014,5.995427904385316,True,
2026-08-03T18:46:01.023712+00:00,3164,-6.239840140000258,106.79869149999956,complex_corridor,FRC2,24,24,145,145,1,False,-6.23981997364873,106.79856239045006,14.446370748590217,True,
2026-08-03T18:46:01.328176+00:00,3940,-6.242815700000143,106.84290446666662,complex_corridor,FRC2,21,21,19,19,1,False,-6.242610768682978,106.84288187111798,22.923789898286447,True,
2026-08-03T18:46:01.634205+00:00,3995,-6.2428431,106.8426503,complex_corridor,FRC2,32,32,8,8,1,False,-6.24270333943449,106.84230519617961,41.19038604817657,True,
2026-08-03T18:46:01.939225+00:00,4135,-6.242451300001405,106.84346441666648,complex_corridor,FRC3,27,27,15,15,1,False,-6.24264159782794,106.84303341592732,52.128779444682614,True,
2026-08-03T18:46:02.241582+00:00,4174,-6.242622250001264,106.84418269999986,complex_corridor,FRC3,21,21,14,14,1,False,-6.242365385288672,106.84405667866673,31.777844988721665,True,
2026-08-03T18:46:02.545207+00:00,4307,-6.237238257899974,106.8272395210502,complex_corridor,FRC2,21,21,6,6,1,False,-6.237236971031365,106.82743234718856,21.314848279038795,True,
2026-08-03T18:46:02.850606+00:00,4312,-6.237042057899963,106.8269344210502,complex_corridor,FRC2,23,23,6,6,1,False,-6.237208807900389,106.82690797532604,18.770772040768108,True,
2026-08-03T18:46:03.158733+00:00,4383,-6.255330045001537,106.84307333999776,complex_corridor,FRC4,25,25,7,7,1,False,-6.255170245392188,106.84296367849294,21.509477825194235,True,
2026-08-03T18:46:03.465453+00:00,4421,-6.237577607899957,106.82686737105018,complex_corridor,FRC3,18,18,27,27,1,False,-6.237416698431964,106.82692406858013,18.95817050701808,True,
2026-08-03T18:46:03.765092+00:00,5234,-6.255677025000373,106.8431710999986,complex_corridor,FRC4,23,23,6,6,1,False,-6.25559934329838,106.84329627241084,16.310649749926508,True,
2026-08-03T18:46:04.077905+00:00,5259,-6.255508725000373,106.84360214999862,complex_corridor,FRC4,30,30,287,287,1,False,-6.255457199448482,106.84295563186589,71.6908067558573,True,
2026-08-03T18:46:04.379097+00:00,5296,-6.242909649999996,106.84406470000002,complex_corridor,FRC2,35,35,40,40,1,False,-6.24287098327402,106.84404058541264,5.0587612651154314,True,
2026-08-03T19:01:01.298009+00:00,703,-6.235444892859697,106.75583232857385,complex_corridor,FRC2,28,28,6,6,1.0,False,-6.235637002833079,106.75573958241279,23.694334982762854,True,
2026-08-03T19:01:01.604406+00:00,821,-6.288795825000754,106.77763638750048,complex_corridor,FRC1,31,31,35,35,1.0,False,-6.288676397337788,106.77774978959411,18.260596237349766,True,
2026-08-03T19:01:01.908997+00:00,1336,-6.235382350000007,106.7560557,complex_corridor,FRC2,27,27,9,9,1.0,False,-6.235851643158244,106.75634307944131,61.09133400248038,True,
2026-08-03T19:01:02.215573+00:00,2187,-6.234661449999994,106.7555585,complex_corridor,FRC2,39,39,18,18,1.0,False,-6.235295044618109,106.75596622907466,83.63486690954973,True,
2026-08-03T19:01:02.518502+00:00,2188,-6.233655599999991,106.75488135,complex_corridor,FRC2,30,30,32,32,1.0,False,-6.233742064909034,106.75495503627582,12.600808704103487,True,
2026-08-03T19:01:02.826441+00:00,2298,-6.288583799999989,106.77784095,complex_corridor,FRC1,41,41,341,341,1.0,False,-6.288634823320289,106.77780477487897,6.94084144102375,True,
2026-08-03T19:01:03.135676+00:00,2322,-6.2884621,106.7781152,complex_corridor,FRC1,26,26,53,53,1.0,False,-6.288455113550981,106.77822722279888,12.405765015820144,True,
2026-08-03T19:01:03.440397+00:00,2459,-6.23996075,106.79819865,complex_corridor,FRC3,28,28,405,405,1.0,False,-6.239927209643448,106.79835988366938,18.208192291717626,True,
2026-08-03T19:01:03.742746+00:00,2660,-6.288887410002579,106.77817204999796,complex_corridor,FRC1,15,15,29,29,1.0,False,-6.289080056713849,106.77821112954479,21.852459789678804,True,
2026-08-03T19:01:04.056105+00:00,2731,-6.240104349999994,106.79819525,complex_corridor,FRC1,21,21,285,285,1.0,False,-6.254711568502923,106.79717434728451,1628.1638385691926,False,
2026-08-03T19:01:04.368250+00:00,2979,-6.239918790000258,106.79844824999957,complex_corridor,FRC2,12,15,3,2,0.99,False,-6.239928542802509,106.79846583092547,2.2254395550977346,True,
2026-08-03T19:01:04.673343+00:00,3134,-6.2892448600025785,106.77855074999796,complex_corridor,FRC1,22,22,11,11,1.0,False,-6.289262432333267,106.778499467014,5.995427904385316,True,
2026-08-03T19:01:04.975414+00:00,3164,-6.239840140000258,106.79869149999956,complex_corridor,FRC2,24,24,145,145,1.0,False,-6.23981997364873,106.79856239045006,14.446370748590217,True,
2026-08-03T19:01:05.282268+00:00,3940,-6.242815700000143,106.84290446666662,complex_corridor,FRC2,21,21,19,19,1.0,False,-6.242610768682978,106.84288187111798,22.923789898286447,True,
2026-08-03T19:01:05.583053+00:00,3995,-6.2428431,106.8426503,complex_corridor,FRC2,32,32,8,8,1.0,False,-6.24270333943449,106.84230519617961,41.19038604817657,True,
2026-08-03T19:01:05.885078+00:00,4135,-6.242451300001405,106.84346441666648,complex_corridor,FRC3,27,27,15,15,1.0,False,-6.24264159782794,106.84303341592732,52.128779444682614,True,
2026-08-03T19:01:06.187393+00:00,4174,-6.242622250001264,106.84418269999986,complex_corridor,FRC3,21,21,14,14,1.0,False,-6.242365385288672,106.84405667866673,31.777844988721665,True,
2026-08-03T19:01:06.497019+00:00,4307,-6.237238257899974,106.8272395210502,complex_corridor,FRC2,21,21,6,6,1.0,False,-6.237236971031365,106.82743234718856,21.314848279038795,True,
2026-08-03T19:01:06.807406+00:00,4312,-6.237042057899963,106.8269344210502,complex_corridor,FRC2,23,23,6,6,1.0,False,-6.237208807900389,106.82690797532604,18.770772040768108,True,
2026-08-03T19:01:07.117251+00:00,4383,-6.255330045001537,106.84307333999776,complex_corridor,FRC4,25,25,7,7,1.0,False,-6.255170245392188,106.84296367849294,21.509477825194235,True,
2026-08-03T19:01:07.424363+00:00,4421,-6.237577607899957,106.82686737105018,complex_corridor,FRC3,18,18,27,27,1.0,False,-6.237416698431964,106.82692406858013,18.95817050701808,True,
2026-08-03T19:01:07.739557+00:00,5234,-6.255677025000373,106.8431710999986,complex_corridor,FRC4,23,23,6,6,1.0,False,-6.25559934329838,106.84329627241084,16.310649749926508,True,
2026-08-03T19:01:08.117587+00:00,5259,-6.255508725000373,106.84360214999862,complex_corridor,FRC4,30,30,287,287,1.0,False,-6.255457199448482,106.84295563186589,71.6908067558573,True,
2026-08-03T19:01:08.420954+00:00,5296,-6.242909649999996,106.84406470000002,complex_corridor,FRC2,35,35,40,40,1.0,False,-6.24287098327402,106.84404058541264,5.0587612651154314,True,
2026-08-03T19:15:59.855072+00:00,703,-6.235444892859697,106.75583232857385,complex_corridor,FRC2,28,28,6,6,1,False,-6.235637002833079,106.75573958241279,23.694334982762854,True,
2026-08-03T19:16:00.146048+00:00,821,-6.288795825000754,106.77763638750048,complex_corridor,FRC1,31,31,35,35,1,False,-6.288676397337788,106.77774978959411,18.260596237349766,True,
2026-08-03T19:16:00.455820+00:00,1336,-6.235382350000007,106.7560557,complex_corridor,FRC2,27,27,9,9,1,False,-6.235851643158244,106.75634307944131,61.09133400248038,True,
2026-08-03T19:16:00.744550+00:00,2187,-6.234661449999994,106.7555585,complex_corridor,FRC2,39,39,18,18,1,False,-6.235295044618109,106.75596622907466,83.63486690954973,True,
2026-08-03T19:16:01.034725+00:00,2188,-6.233655599999991,106.75488135,complex_corridor,FRC2,30,30,32,32,1,False,-6.233742064909034,106.75495503627582,12.600808704103487,True,
2026-08-03T19:16:01.321521+00:00,2298,-6.288583799999989,106.77784095,complex_corridor,FRC1,41,41,341,341,1,False,-6.288634823320289,106.77780477487897,6.94084144102375,True,
2026-08-03T19:16:01.611182+00:00,2322,-6.2884621,106.7781152,complex_corridor,FRC1,26,26,53,53,1,False,-6.288455113550981,106.77822722279888,12.405765015820144,True,
2026-08-03T19:16:01.916753+00:00,2459,-6.23996075,106.79819865,complex_corridor,FRC3,28,28,405,405,1,False,-6.239927209643448,106.79835988366938,18.208192291717626,True,
2026-08-03T19:16:02.216032+00:00,2660,-6.288887410002579,106.77817204999796,complex_corridor,FRC1,15,15,29,29,1,False,-6.289080056713849,106.77821112954479,21.852459789678804,True,
2026-08-03T19:16:02.501214+00:00,2731,-6.240104349999994,106.79819525,complex_corridor,FRC1,21,21,285,285,1,False,-6.254711568502923,106.79717434728451,1628.1638385691926,False,
2026-08-03T19:16:02.794685+00:00,2979,-6.239918790000258,106.79844824999957,complex_corridor,FRC2,15,15,2,2,1,False,-6.239928542802509,106.79846583092547,2.2254395550977346,True,
2026-08-03T19:16:03.083576+00:00,3134,-6.2892448600025785,106.77855074999796,complex_corridor,FRC1,22,22,11,11,1,False,-6.289262432333267,106.778499467014,5.995427904385316,True,
2026-08-03T19:16:03.368589+00:00,3164,-6.239840140000258,106.79869149999956,complex_corridor,FRC2,24,24,145,145,1,False,-6.23981997364873,106.79856239045006,14.446370748590217,True,
2026-08-03T19:16:03.657774+00:00,3940,-6.242815700000143,106.84290446666662,complex_corridor,FRC2,21,21,19,19,1,False,-6.242610768682978,106.84288187111798,22.923789898286447,True,
2026-08-03T19:16:03.961115+00:00,3995,-6.2428431,106.8426503,complex_corridor,FRC2,32,32,8,8,1,False,-6.24270333943449,106.84230519617961,41.19038604817657,True,
2026-08-03T19:16:04.255260+00:00,4135,-6.242451300001405,106.84346441666648,complex_corridor,FRC3,27,27,15,15,1,False,-6.24264159782794,106.84303341592732,52.128779444682614,True,
2026-08-03T19:16:04.550112+00:00,4174,-6.242622250001264,106.84418269999986,complex_corridor,FRC3,21,21,14,14,1,False,-6.242365385288672,106.84405667866673,31.777844988721665,True,
2026-08-03T19:16:04.836175+00:00,4307,-6.237238257899974,106.8272395210502,complex_corridor,FRC2,21,21,6,6,1,False,-6.237236971031365,106.82743234718856,21.314848279038795,True,
2026-08-03T19:16:05.120348+00:00,4312,-6.237042057899963,106.8269344210502,complex_corridor,FRC2,23,23,6,6,1,False,-6.237208807900389,106.82690797532604,18.770772040768108,True,
2026-08-03T19:16:05.438013+00:00,4383,-6.255330045001537,106.84307333999776,complex_corridor,FRC4,25,25,7,7,1,False,-6.255170245392188,106.84296367849294,21.509477825194235,True,
2026-08-03T19:16:05.721945+00:00,4421,-6.237577607899957,106.82686737105018,complex_corridor,FRC3,18,18,27,27,1,False,-6.237416698431964,106.82692406858013,18.95817050701808,True,
2026-08-03T19:16:06.007449+00:00,5234,-6.255677025000373,106.8431710999986,complex_corridor,FRC4,23,23,6,6,1,False,-6.25559934329838,106.84329627241084,16.310649749926508,True,
2026-08-03T19:16:06.297917+00:00,5259,-6.255508725000373,106.84360214999862,complex_corridor,FRC4,30,30,287,287,1,False,-6.255457199448482,106.84295563186589,71.6908067558573,True,
2026-08-03T19:16:06.584002+00:00,5296,-6.242909649999996,106.84406470000002,complex_corridor,FRC2,35,35,40,40,1,False,-6.24287098327402,106.84404058541264,5.0587612651154314,True,
2026-08-03T19:30:58.769442+00:00,703,-6.235444892859697,106.75583232857385,complex_corridor,,,,,,,,,,,,"http_403: {""detailedError"":{""code"":""InsufficientFunds"",""message"":""You do not have enough credits to perform this action""}}"
2026-08-03T19:30:59.029559+00:00,821,-6.288795825000754,106.77763638750048,complex_corridor,,,,,,,,,,,,"http_403: {""detailedError"":{""code"":""InsufficientFunds"",""message"":""You do not have enough credits to perform this action""}}"
2026-08-03T19:30:59.305665+00:00,1336,-6.235382350000007,106.7560557,complex_corridor,,,,,,,,,,,,"http_403: {""detailedError"":{""code"":""InsufficientFunds"",""message"":""You do not have enough credits to perform this action""}}"
2026-08-03T19:30:59.571211+00:00,2187,-6.234661449999994,106.7555585,complex_corridor,,,,,,,,,,,,"http_403: {""detailedError"":{""code"":""InsufficientFunds"",""message"":""You do not have enough credits to perform this action""}}"
2026-08-03T19:30:59.832251+00:00,2188,-6.233655599999991,106.75488135,complex_corridor,,,,,,,,,,,,"http_403: {""detailedError"":{""code"":""InsufficientFunds"",""message"":""You do not have enough credits to perform this action""}}"
2026-08-03T19:31:00.099656+00:00,2298,-6.288583799999989,106.77784095,complex_corridor,,,,,,,,,,,,"http_403: {""detailedError"":{""code"":""InsufficientFunds"",""message"":""You do not have enough credits to perform this action""}}"
2026-08-03T19:31:00.358903+00:00,2322,-6.2884621,106.7781152,complex_corridor,,,,,,,,,,,,"http_403: {""detailedError"":{""code"":""InsufficientFunds"",""message"":""You do not have enough credits to perform this action""}}"
2026-08-03T19:31:00.641957+00:00,2459,-6.23996075,106.79819865,complex_corridor,,,,,,,,,,,,"http_403: {""detailedError"":{""code"":""InsufficientFunds"",""message"":""You do not have enough credits to perform this action""}}"
2026-08-03T19:31:00.905464+00:00,2660,-6.288887410002579,106.77817204999796,complex_corridor,,,,,,,,,,,,"http_403: {""detailedError"":{""code"":""InsufficientFunds"",""message"":""You do not have enough credits to perform this action""}}"
2026-08-03T19:31:01.165490+00:00,2731,-6.240104349999994,106.79819525,complex_corridor,,,,,,,,,,,,"http_403: {""detailedError"":{""code"":""InsufficientFunds"",""message"":""You do not have enough credits to perform this action""}}"
2026-08-03T19:31:01.427431+00:00,2979,-6.239918790000258,106.79844824999957,complex_corridor,,,,,,,,,,,,"http_403: {""detailedError"":{""code"":""InsufficientFunds"",""message"":""You do not have enough credits to perform this action""}}"
2026-08-03T19:31:01.687232+00:00,3134,-6.2892448600025785,106.77855074999796,complex_corridor,,,,,,,,,,,,"http_403: {""detailedError"":{""code"":""InsufficientFunds"",""message"":""You do not have enough credits to perform this action""}}"
2026-08-03T19:31:01.962916+00:00,3164,-6.239840140000258,106.79869149999956,complex_corridor,,,,,,,,,,,,"http_403: {""detailedError"":{""code"":""InsufficientFunds"",""message"":""You do not have enough credits to perform this action""}}"
2026-08-03T19:31:02.224158+00:00,3940,-6.242815700000143,106.84290446666662,complex_corridor,,,,,,,,,,,,"http_403: {""detailedError"":{""code"":""InsufficientFunds"",""message"":""You do not have enough credits to perform this action""}}"
2026-08-03T19:31:02.488519+00:00,3995,-6.2428431,106.8426503,complex_corridor,,,,,,,,,,,,"http_403: {""detailedError"":{""code"":""InsufficientFunds"",""message"":""You do not have enough credits to perform this action""}}"
2026-08-03T19:31:02.755354+00:00,4135,-6.242451300001405,106.84346441666648,complex_corridor,,,,,,,,,,,,"http_403: {""detailedError"":{""code"":""InsufficientFunds"",""message"":""You do not have enough credits to perform this action""}}"
2026-08-03T19:31:03.014282+00:00,4174,-6.242622250001264,106.84418269999986,complex_corridor,,,,,,,,,,,,"http_403: {""detailedError"":{""code"":""InsufficientFunds"",""message"":""You do not have enough credits to perform this action""}}"
2026-08-03T19:31:03.279279+00:00,4307,-6.237238257899974,106.8272395210502,complex_corridor,,,,,,,,,,,,"http_403: {""detailedError"":{""code"":""InsufficientFunds"",""message"":""You do not have enough credits to perform this action""}}"
2026-08-03T19:31:03.538394+00:00,4312,-6.237042057899963,106.8269344210502,complex_corridor,,,,,,,,,,,,"http_403: {""detailedError"":{""code"":""InsufficientFunds"",""message"":""You do not have enough credits to perform this action""}}"
2026-08-03T19:31:03.837220+00:00,4383,-6.255330045001537,106.84307333999776,complex_corridor,,,,,,,,,,,,"http_403: {""detailedError"":{""code"":""InsufficientFunds"",""message"":""You do not have enough credits to perform this action""}}"
2026-08-03T19:31:04.098344+00:00,4421,-6.237577607899957,106.82686737105018,complex_corridor,,,,,,,,,,,,"http_403: {""detailedError"":{""code"":""InsufficientFunds"",""message"":""You do not have enough credits to perform this action""}}"
2026-08-03T19:31:04.357115+00:00,5234,-6.255677025000373,106.8431710999986,complex_corridor,,,,,,,,,,,,"http_403: {""detailedError"":{""code"":""InsufficientFunds"",""message"":""You do not have enough credits to perform this action""}}"
2026-08-03T19:31:04.618248+00:00,5259,-6.255508725000373,106.84360214999862,complex_corridor,,,,,,,,,,,,"http_403: {""detailedError"":{""code"":""InsufficientFunds"",""message"":""You do not have enough credits to perform this action""}}"
2026-08-03T19:31:04.878678+00:00,5296,-6.242909649999996,106.84406470000002,complex_corridor,,,,,,,,,,,,"http_403: {""detailedError"":{""code"":""InsufficientFunds"",""message"":""You do not have enough credits to perform this action""}}"
2026-08-03T19:45:48.343665+00:00,703,-6.235444892859697,106.75583232857385,complex_corridor,,,,,,,,,,,,"http_403: {""detailedError"":{""code"":""InsufficientFunds"",""message"":""You do not have enough credits to perform this action""}}"
2026-08-03T19:45:48.629969+00:00,821,-6.288795825000754,106.77763638750048,complex_corridor,,,,,,,,,,,,"http_403: {""detailedError"":{""code"":""InsufficientFunds"",""message"":""You do not have enough credits to perform this action""}}"
2026-08-03T19:45:48.913047+00:00,1336,-6.235382350000007,106.7560557,complex_corridor,,,,,,,,,,,,"http_403: {""detailedError"":{""code"":""InsufficientFunds"",""message"":""You do not have enough credits to perform this action""}}"
2026-08-03T19:45:49.200836+00:00,2187,-6.234661449999994,106.7555585,complex_corridor,,,,,,,,,,,,"http_403: {""detailedError"":{""code"":""InsufficientFunds"",""message"":""You do not have enough credits to perform this action""}}"
2026-08-03T19:45:49.484127+00:00,2188,-6.233655599999991,106.75488135,complex_corridor,,,,,,,,,,,,"http_403: {""detailedError"":{""code"":""InsufficientFunds"",""message"":""You do not have enough credits to perform this action""}}"
2026-08-03T19:45:49.767730+00:00,2298,-6.288583799999989,106.77784095,complex_corridor,,,,,,,,,,,,"http_403: {""detailedError"":{""code"":""InsufficientFunds"",""message"":""You do not have enough credits to perform this action""}}"
2026-08-03T19:45:50.058733+00:00,2322,-6.2884621,106.7781152,complex_corridor,,,,,,,,,,,,"http_403: {""detailedError"":{""code"":""InsufficientFunds"",""message"":""You do not have enough credits to perform this action""}}"
2026-08-03T19:45:50.338994+00:00,2459,-6.23996075,106.79819865,complex_corridor,,,,,,,,,,,,"http_403: {""detailedError"":{""code"":""InsufficientFunds"",""message"":""You do not have enough credits to perform this action""}}"
2026-08-03T19:45:50.621505+00:00,2660,-6.288887410002579,106.77817204999796,complex_corridor,,,,,,,,,,,,"http_403: {""detailedError"":{""code"":""InsufficientFunds"",""message"":""You do not have enough credits to perform this action""}}"
2026-08-03T19:45:50.903655+00:00,2731,-6.240104349999994,106.79819525,complex_corridor,,,,,,,,,,,,"http_403: {""detailedError"":{""code"":""InsufficientFunds"",""message"":""You do not have enough credits to perform this action""}}"
2026-08-03T19:45:51.185095+00:00,2979,-6.239918790000258,106.79844824999957,complex_corridor,,,,,,,,,,,,"http_403: {""detailedError"":{""code"":""InsufficientFunds"",""message"":""You do not have enough credits to perform this action""}}"
2026-08-03T19:45:51.470036+00:00,3134,-6.2892448600025785,106.77855074999796,complex_corridor,,,,,,,,,,,,"http_403: {""detailedError"":{""code"":""InsufficientFunds"",""message"":""You do not have enough credits to perform this action""}}"
2026-08-03T19:45:51.751587+00:00,3164,-6.239840140000258,106.79869149999956,complex_corridor,,,,,,,,,,,,"http_403: {""detailedError"":{""code"":""InsufficientFunds"",""message"":""You do not have enough credits to perform this action""}}"
2026-08-03T19:45:52.035655+00:00,3940,-6.242815700000143,106.84290446666662,complex_corridor,,,,,,,,,,,,"http_403: {""detailedError"":{""code"":""InsufficientFunds"",""message"":""You do not have enough credits to perform this action""}}"
2026-08-03T19:45:52.316780+00:00,3995,-6.2428431,106.8426503,complex_corridor,,,,,,,,,,,,"http_403: {""detailedError"":{""code"":""InsufficientFunds"",""message"":""You do not have enough credits to perform this action""}}"
2026-08-03T19:45:52.598277+00:00,4135,-6.242451300001405,106.84346441666648,complex_corridor,,,,,,,,,,,,"http_403: {""detailedError"":{""code"":""InsufficientFunds"",""message"":""You do not have enough credits to perform this action""}}"
2026-08-03T19:45:52.880488+00:00,4174,-6.242622250001264,106.84418269999986,complex_corridor,,,,,,,,,,,,"http_403: {""detailedError"":{""code"":""InsufficientFunds"",""message"":""You do not have enough credits to perform this action""}}"
2026-08-03T19:45:53.173113+00:00,4307,-6.237238257899974,106.8272395210502,complex_corridor,,,,,,,,,,,,"http_403: {""detailedError"":{""code"":""InsufficientFunds"",""message"":""You do not have enough credits to perform this action""}}"
2026-08-03T19:45:53.455570+00:00,4312,-6.237042057899963,106.8269344210502,complex_corridor,,,,,,,,,,,,"http_403: {""detailedError"":{""code"":""InsufficientFunds"",""message"":""You do not have enough credits to perform this action""}}"
2026-08-03T19:45:53.750545+00:00,4383,-6.255330045001537,106.84307333999776,complex_corridor,,,,,,,,,,,,"http_403: {""detailedError"":{""code"":""InsufficientFunds"",""message"":""You do not have enough credits to perform this action""}}"
2026-08-03T19:45:54.031931+00:00,4421,-6.237577607899957,106.82686737105018,complex_corridor,,,,,,,,,,,,"http_403: {""detailedError"":{""code"":""InsufficientFunds"",""message"":""You do not have enough credits to perform this action""}}"
2026-08-03T19:45:54.313408+00:00,5234,-6.255677025000373,106.8431710999986,complex_corridor,,,,,,,,,,,,"http_403: {""detailedError"":{""code"":""InsufficientFunds"",""message"":""You do not have enough credits to perform this action""}}"
2026-08-03T19:45:54.597859+00:00,5259,-6.255508725000373,106.84360214999862,complex_corridor,,,,,,,,,,,,"http_403: {""detailedError"":{""code"":""InsufficientFunds"",""message"":""You do not have enough credits to perform this action""}}"
2026-08-03T19:45:54.879650+00:00,5296,-6.242909649999996,106.84406470000002,complex_corridor,,,,,,,,,,,,"http_403: {""detailedError"":{""code"":""InsufficientFunds"",""message"":""You do not have enough credits to perform this action""}}"
2026-08-03T20:01:06.929564+00:00,703,-6.235444892859697,106.75583232857385,complex_corridor,,,,,,,,,,,,"http_403: {""detailedError"":{""code"":""InsufficientFunds"",""message"":""You do not have enough credits to perform this action""}}"
2026-08-03T20:01:07.197172+00:00,821,-6.288795825000754,106.77763638750048,complex_corridor,,,,,,,,,,,,"http_403: {""detailedError"":{""code"":""InsufficientFunds"",""message"":""You do not have enough credits to perform this action""}}"
2026-08-03T20:01:07.463569+00:00,1336,-6.235382350000007,106.7560557,complex_corridor,,,,,,,,,,,,"http_403: {""detailedError"":{""code"":""InsufficientFunds"",""message"":""You do not have enough credits to perform this action""}}"
2026-08-03T20:01:07.736799+00:00,2187,-6.234661449999994,106.7555585,complex_corridor,,,,,,,,,,,,"http_403: {""detailedError"":{""code"":""InsufficientFunds"",""message"":""You do not have enough credits to perform this action""}}"
2026-08-03T20:01:08.046385+00:00,2188,-6.233655599999991,106.75488135,complex_corridor,,,,,,,,,,,,"http_403: {""detailedError"":{""code"":""InsufficientFunds"",""message"":""You do not have enough credits to perform this action""}}"
2026-08-03T20:01:08.313115+00:00,2298,-6.288583799999989,106.77784095,complex_corridor,,,,,,,,,,,,"http_403: {""detailedError"":{""code"":""InsufficientFunds"",""message"":""You do not have enough credits to perform this action""}}"
2026-08-03T20:01:08.582793+00:00,2322,-6.2884621,106.7781152,complex_corridor,,,,,,,,,,,,"http_403: {""detailedError"":{""code"":""InsufficientFunds"",""message"":""You do not have enough credits to perform this action""}}"
2026-08-03T20:01:08.853590+00:00,2459,-6.23996075,106.79819865,complex_corridor,,,,,,,,,,,,"http_403: {""detailedError"":{""code"":""InsufficientFunds"",""message"":""You do not have enough credits to perform this action""}}"
2026-08-03T20:01:09.117182+00:00,2660,-6.288887410002579,106.77817204999796,complex_corridor,,,,,,,,,,,,"http_403: {""detailedError"":{""code"":""InsufficientFunds"",""message"":""You do not have enough credits to perform this action""}}"
2026-08-03T20:01:09.385432+00:00,2731,-6.240104349999994,106.79819525,complex_corridor,,,,,,,,,,,,"http_403: {""detailedError"":{""code"":""InsufficientFunds"",""message"":""You do not have enough credits to perform this action""}}"
2026-08-03T20:01:09.648763+00:00,2979,-6.239918790000258,106.79844824999957,complex_corridor,,,,,,,,,,,,"http_403: {""detailedError"":{""code"":""InsufficientFunds"",""message"":""You do not have enough credits to perform this action""}}"
2026-08-03T20:01:09.915531+00:00,3134,-6.2892448600025785,106.77855074999796,complex_corridor,,,,,,,,,,,,"http_403: {""detailedError"":{""code"":""InsufficientFunds"",""message"":""You do not have enough credits to perform this action""}}"
2026-08-03T20:01:10.184386+00:00,3164,-6.239840140000258,106.79869149999956,complex_corridor,,,,,,,,,,,,"http_403: {""detailedError"":{""code"":""InsufficientFunds"",""message"":""You do not have enough credits to perform this action""}}"
2026-08-03T20:01:10.457208+00:00,3940,-6.242815700000143,106.84290446666662,complex_corridor,,,,,,,,,,,,"http_403: {""detailedError"":{""code"":""InsufficientFunds"",""message"":""You do not have enough credits to perform this action""}}"
2026-08-03T20:01:10.720174+00:00,3995,-6.2428431,106.8426503,complex_corridor,,,,,,,,,,,,"http_403: {""detailedError"":{""code"":""InsufficientFunds"",""message"":""You do not have enough credits to perform this action""}}"
2026-08-03T20:01:10.985480+00:00,4135,-6.242451300001405,106.84346441666648,complex_corridor,,,,,,,,,,,,"http_403: {""detailedError"":{""code"":""InsufficientFunds"",""message"":""You do not have enough credits to perform this action""}}"
2026-08-03T20:01:11.249788+00:00,4174,-6.242622250001264,106.84418269999986,complex_corridor,,,,,,,,,,,,"http_403: {""detailedError"":{""code"":""InsufficientFunds"",""message"":""You do not have enough credits to perform this action""}}"
2026-08-03T20:01:11.513566+00:00,4307,-6.237238257899974,106.8272395210502,complex_corridor,,,,,,,,,,,,"http_403: {""detailedError"":{""code"":""InsufficientFunds"",""message"":""You do not have enough credits to perform this action""}}"
2026-08-03T20:01:11.778666+00:00,4312,-6.237042057899963,106.8269344210502,complex_corridor,,,,,,,,,,,,"http_403: {""detailedError"":{""code"":""InsufficientFunds"",""message"":""You do not have enough credits to perform this action""}}"
2026-08-03T20:01:12.041692+00:00,4383,-6.255330045001537,106.84307333999776,complex_corridor,,,,,,,,,,,,"http_403: {""detailedError"":{""code"":""InsufficientFunds"",""message"":""You do not have enough credits to perform this action""}}"
2026-08-03T20:01:12.304407+00:00,4421,-6.237577607899957,106.82686737105018,complex_corridor,,,,,,,,,,,,"http_403: {""detailedError"":{""code"":""InsufficientFunds"",""message"":""You do not have enough credits to perform this action""}}"
2026-08-03T20:01:12.574031+00:00,5234,-6.255677025000373,106.8431710999986,complex_corridor,,,,,,,,,,,,"http_403: {""detailedError"":{""code"":""InsufficientFunds"",""message"":""You do not have enough credits to perform this action""}}"
2026-08-03T20:01:12.847121+00:00,5259,-6.255508725000373,106.84360214999862,complex_corridor,,,,,,,,,,,,"http_403: {""detailedError"":{""code"":""InsufficientFunds"",""message"":""You do not have enough credits to perform this action""}}"
2026-08-03T20:01:13.113929+00:00,5296,-6.242909649999996,106.84406470000002,complex_corridor,,,,,,,,,,,,"http_403: {""detailedError"":{""code"":""InsufficientFunds"",""message"":""You do not have enough credits to perform this action""}}"
