timestamp_utc,edge_id,requested_lat,requested_lon,highway_tag,frc,currentSpeed,freeFlowSpeed,currentTravelTime,freeFlowTravelTime,confidence,roadClosure,matched_lat,matched_lon,match_distance_m,valid_match,error
2026-08-01T00:01:02.395750+00:00,703,-6.235444892859697,106.75583232857385,complex_corridor,FRC2,28,28,6,6,1.0,False,-6.235637002833079,106.75573958241279,23.694334982762854,True,
2026-08-01T00:01:02.691612+00:00,821,-6.288795825000754,106.77763638750048,complex_corridor,FRC1,31,31,35,35,1.0,False,-6.288676397337788,106.77774978959411,18.260596237349766,True,
2026-08-01T00:01:02.981250+00:00,1336,-6.235382350000007,106.7560557,complex_corridor,FRC2,27,27,9,9,1.0,False,-6.235851643158244,106.75634307944131,61.09133400248038,True,
2026-08-01T00:01:03.280481+00:00,2187,-6.234661449999994,106.7555585,complex_corridor,FRC2,39,39,18,18,1.0,False,-6.235295044618109,106.75596622907466,83.63486690954973,True,
2026-08-01T00:01:03.571330+00:00,2188,-6.233655599999991,106.75488135,complex_corridor,FRC2,19,30,51,32,0.98,False,-6.233742064909034,106.75495503627582,12.600808704103487,True,
2026-08-01T00:01:03.867933+00:00,2298,-6.288583799999989,106.77784095,complex_corridor,FRC1,41,41,341,341,1.0,False,-6.288634823320289,106.77780477487897,6.94084144102375,True,
2026-08-01T00:01:04.162372+00:00,2322,-6.2884621,106.7781152,complex_corridor,FRC1,26,26,53,53,1.0,False,-6.288455113550981,106.77822722279888,12.405765015820144,True,
2026-08-01T00:01:04.458935+00:00,2459,-6.23996075,106.79819865,complex_corridor,FRC3,28,28,405,405,1.0,False,-6.239927209643448,106.79835988366938,18.208192291717626,True,
2026-08-01T00:01:04.748505+00:00,2660,-6.288887410002579,106.77817204999796,complex_corridor,FRC1,15,15,29,29,1.0,False,-6.289080056713849,106.77821112954479,21.852459789678804,True,
2026-08-01T00:01:05.042930+00:00,2731,-6.240104349999994,106.79819525,complex_corridor,FRC1,21,21,285,285,1.0,False,-6.254711568502923,106.79717434728451,1628.1638385691926,False,
2026-08-01T00:01:05.331231+00:00,2979,-6.239918790000258,106.79844824999957,complex_corridor,FRC2,8,16,5,2,1.0,False,-6.239928542802509,106.79846583092547,2.2254395550977346,True,
2026-08-01T00:01:05.621948+00:00,3134,-6.2892448600025785,106.77855074999796,complex_corridor,FRC1,22,22,11,11,1.0,False,-6.289262432333267,106.778499467014,5.995427904385316,True,
2026-08-01T00:01:05.910389+00:00,3164,-6.239840140000258,106.79869149999956,complex_corridor,FRC2,24,24,145,145,1.0,False,-6.23981997364873,106.79856239045006,14.446370748590217,True,
2026-08-01T00:01:06.212255+00:00,3940,-6.242815700000143,106.84290446666662,complex_corridor,FRC2,21,21,19,19,1.0,False,-6.242610768682978,106.84288187111798,22.923789898286447,True,
2026-08-01T00:01:06.502125+00:00,3995,-6.2428431,106.8426503,complex_corridor,FRC2,32,32,8,8,1.0,False,-6.24270333943449,106.84230519617961,41.19038604817657,True,
2026-08-01T00:01:06.802103+00:00,4135,-6.242451300001405,106.84346441666648,complex_corridor,FRC3,27,27,15,15,1.0,False,-6.24264159782794,106.84303341592732,52.128779444682614,True,
2026-08-01T00:01:07.095422+00:00,4174,-6.242622250001264,106.84418269999986,complex_corridor,FRC3,21,21,14,14,1.0,False,-6.242365385288672,106.84405667866673,31.777844988721665,True,
2026-08-01T00:01:07.395779+00:00,4307,-6.237238257899974,106.8272395210502,complex_corridor,FRC2,21,21,6,6,1.0,False,-6.237236971031365,106.82743234718856,21.314848279038795,True,
2026-08-01T00:01:07.684911+00:00,4312,-6.237042057899963,106.8269344210502,complex_corridor,FRC2,23,23,6,6,1.0,False,-6.237208807900389,106.82690797532604,18.770772040768108,True,
2026-08-01T00:01:07.988311+00:00,4383,-6.255330045001537,106.84307333999776,complex_corridor,FRC4,25,25,7,7,1.0,False,-6.255170245392188,106.84296367849294,21.509477825194235,True,
2026-08-01T00:01:08.294039+00:00,4421,-6.237577607899957,106.82686737105018,complex_corridor,FRC3,18,18,27,27,1.0,False,-6.237416698431964,106.82692406858013,18.95817050701808,True,
2026-08-01T00:01:08.582989+00:00,5234,-6.255677025000373,106.8431710999986,complex_corridor,FRC4,23,23,6,6,1.0,False,-6.25559934329838,106.84329627241084,16.310649749926508,True,
2026-08-01T00:01:08.874132+00:00,5259,-6.255508725000373,106.84360214999862,complex_corridor,FRC4,30,30,287,287,1.0,False,-6.255457199448482,106.84295563186589,71.6908067558573,True,
2026-08-01T00:01:09.163510+00:00,5296,-6.242909649999996,106.84406470000002,complex_corridor,FRC2,35,35,40,40,1.0,False,-6.24287098327402,106.84404058541264,5.0587612651154314,True,
2026-08-01T00:15:52.840099+00:00,703,-6.235444892859697,106.75583232857385,complex_corridor,FRC2,28,28,6,6,1.0,False,-6.235637002833079,106.75573958241279,23.694334982762854,True,
2026-08-01T00:15:53.112501+00:00,821,-6.288795825000754,106.77763638750048,complex_corridor,FRC1,31,31,35,35,1.0,False,-6.288676397337788,106.77774978959411,18.260596237349766,True,
2026-08-01T00:15:53.379707+00:00,1336,-6.235382350000007,106.7560557,complex_corridor,FRC2,27,27,9,9,1.0,False,-6.235851643158244,106.75634307944131,61.09133400248038,True,
2026-08-01T00:15:53.648448+00:00,2187,-6.234661449999994,106.7555585,complex_corridor,FRC2,29,38,25,19,0.99,False,-6.235295044618109,106.75596622907466,83.63486690954973,True,
2026-08-01T00:15:53.919696+00:00,2188,-6.233655599999991,106.75488135,complex_corridor,FRC2,30,30,32,32,1.0,False,-6.233742064909034,106.75495503627582,12.600808704103487,True,
2026-08-01T00:15:54.190648+00:00,2298,-6.288583799999989,106.77784095,complex_corridor,FRC1,41,41,341,341,1.0,False,-6.288634823320289,106.77780477487897,6.94084144102375,True,
2026-08-01T00:15:54.457124+00:00,2322,-6.2884621,106.7781152,complex_corridor,FRC1,26,26,53,53,1.0,False,-6.288455113550981,106.77822722279888,12.405765015820144,True,
2026-08-01T00:15:54.733131+00:00,2459,-6.23996075,106.79819865,complex_corridor,FRC3,28,28,405,405,1.0,False,-6.239927209643448,106.79835988366938,18.208192291717626,True,
2026-08-01T00:15:54.998699+00:00,2660,-6.288887410002579,106.77817204999796,complex_corridor,FRC1,15,15,29,29,1.0,False,-6.289080056713849,106.77821112954479,21.852459789678804,True,
2026-08-01T00:15:55.264392+00:00,2731,-6.240104349999994,106.79819525,complex_corridor,FRC1,21,21,285,285,1.0,False,-6.254711568502923,106.79717434728451,1628.1638385691926,False,
2026-08-01T00:15:55.530819+00:00,2979,-6.239918790000258,106.79844824999957,complex_corridor,FRC2,6,15,7,2,1.0,False,-6.239928542802509,106.79846583092547,2.2254395550977346,True,
2026-08-01T00:15:55.796425+00:00,3134,-6.2892448600025785,106.77855074999796,complex_corridor,FRC1,22,22,11,11,1.0,False,-6.289262432333267,106.778499467014,5.995427904385316,True,
2026-08-01T00:15:56.117346+00:00,3164,-6.239840140000258,106.79869149999956,complex_corridor,FRC2,24,24,145,145,1.0,False,-6.23981997364873,106.79856239045006,14.446370748590217,True,
2026-08-01T00:15:56.413846+00:00,3940,-6.242815700000143,106.84290446666662,complex_corridor,FRC2,21,21,19,19,1.0,False,-6.242610768682978,106.84288187111798,22.923789898286447,True,
2026-08-01T00:15:56.678426+00:00,3995,-6.2428431,106.8426503,complex_corridor,FRC2,32,32,8,8,1.0,False,-6.24270333943449,106.84230519617961,41.19038604817657,True,
2026-08-01T00:15:56.958359+00:00,4135,-6.242451300001405,106.84346441666648,complex_corridor,FRC3,27,27,15,15,1.0,False,-6.24264159782794,106.84303341592732,52.128779444682614,True,
2026-08-01T00:15:57.225388+00:00,4174,-6.242622250001264,106.84418269999986,complex_corridor,FRC3,21,21,14,14,1.0,False,-6.242365385288672,106.84405667866673,31.777844988721665,True,
2026-08-01T00:15:57.497086+00:00,4307,-6.237238257899974,106.8272395210502,complex_corridor,FRC2,21,21,6,6,1.0,False,-6.237236971031365,106.82743234718856,21.314848279038795,True,
2026-08-01T00:15:57.761866+00:00,4312,-6.237042057899963,106.8269344210502,complex_corridor,FRC2,23,23,6,6,1.0,False,-6.237208807900389,106.82690797532604,18.770772040768108,True,
2026-08-01T00:15:58.039738+00:00,4383,-6.255330045001537,106.84307333999776,complex_corridor,FRC4,25,25,7,7,1.0,False,-6.255170245392188,106.84296367849294,21.509477825194235,True,
2026-08-01T00:15:58.335705+00:00,4421,-6.237577607899957,106.82686737105018,complex_corridor,FRC3,18,18,27,27,1.0,False,-6.237416698431964,106.82692406858013,18.95817050701808,True,
2026-08-01T00:15:58.600724+00:00,5234,-6.255677025000373,106.8431710999986,complex_corridor,FRC4,17,23,8,6,0.97,False,-6.25559934329838,106.84329627241084,16.310649749926508,True,
2026-08-01T00:15:58.867347+00:00,5259,-6.255508725000373,106.84360214999862,complex_corridor,FRC4,30,30,287,287,1.0,False,-6.255457199448482,106.84295563186589,71.6908067558573,True,
2026-08-01T00:15:59.140155+00:00,5296,-6.242909649999996,106.84406470000002,complex_corridor,FRC2,35,35,40,40,1.0,False,-6.24287098327402,106.84404058541264,5.0587612651154314,True,
2026-08-01T00:30:54.028654+00:00,703,-6.235444892859697,106.75583232857385,complex_corridor,FRC2,28,28,6,6,1,False,-6.235637002833079,106.75573958241279,23.694334982762854,True,
2026-08-01T00:30:54.321741+00:00,821,-6.288795825000754,106.77763638750048,complex_corridor,FRC1,31,31,35,35,1,False,-6.288676397337788,106.77774978959411,18.260596237349766,True,
2026-08-01T00:30:54.614113+00:00,1336,-6.235382350000007,106.7560557,complex_corridor,FRC2,27,27,9,9,1,False,-6.235851643158244,106.75634307944131,61.09133400248038,True,
2026-08-01T00:30:54.908921+00:00,2187,-6.234661449999994,106.7555585,complex_corridor,FRC2,39,39,18,18,1,False,-6.235295044618109,106.75596622907466,83.63486690954973,True,
2026-08-01T00:30:55.199846+00:00,2188,-6.233655599999991,106.75488135,complex_corridor,FRC2,30,30,32,32,1,False,-6.233742064909034,106.75495503627582,12.600808704103487,True,
2026-08-01T00:30:55.492984+00:00,2298,-6.288583799999989,106.77784095,complex_corridor,FRC1,41,41,341,341,1,False,-6.288634823320289,106.77780477487897,6.94084144102375,True,
2026-08-01T00:30:55.785225+00:00,2322,-6.2884621,106.7781152,complex_corridor,FRC1,26,26,53,53,1,False,-6.288455113550981,106.77822722279888,12.405765015820144,True,
2026-08-01T00:30:56.081302+00:00,2459,-6.23996075,106.79819865,complex_corridor,FRC3,28,28,405,405,1,False,-6.239927209643448,106.79835988366938,18.208192291717626,True,
2026-08-01T00:30:56.374834+00:00,2660,-6.288887410002579,106.77817204999796,complex_corridor,FRC1,15,15,29,29,1,False,-6.289080056713849,106.77821112954479,21.852459789678804,True,
2026-08-01T00:30:56.671753+00:00,2731,-6.240104349999994,106.79819525,complex_corridor,FRC1,21,21,285,285,1,False,-6.254711568502923,106.79717434728451,1628.1638385691926,False,
2026-08-01T00:30:56.962883+00:00,2979,-6.239918790000258,106.79844824999957,complex_corridor,FRC2,15,15,2,2,1,False,-6.239928542802509,106.79846583092547,2.2254395550977346,True,
2026-08-01T00:30:57.256717+00:00,3134,-6.2892448600025785,106.77855074999796,complex_corridor,FRC1,22,22,11,11,1,False,-6.289262432333267,106.778499467014,5.995427904385316,True,
2026-08-01T00:30:57.554759+00:00,3164,-6.239840140000258,106.79869149999956,complex_corridor,FRC2,24,24,145,145,1,False,-6.23981997364873,106.79856239045006,14.446370748590217,True,
2026-08-01T00:30:57.845582+00:00,3940,-6.242815700000143,106.84290446666662,complex_corridor,FRC2,21,21,19,19,1,False,-6.242610768682978,106.84288187111798,22.923789898286447,True,
2026-08-01T00:30:58.141388+00:00,3995,-6.2428431,106.8426503,complex_corridor,FRC2,32,32,8,8,1,False,-6.24270333943449,106.84230519617961,41.19038604817657,True,
2026-08-01T00:30:58.433952+00:00,4135,-6.242451300001405,106.84346441666648,complex_corridor,FRC3,27,27,15,15,1,False,-6.24264159782794,106.84303341592732,52.128779444682614,True,
2026-08-01T00:30:58.722136+00:00,4174,-6.242622250001264,106.84418269999986,complex_corridor,FRC3,21,21,14,14,1,False,-6.242365385288672,106.84405667866673,31.777844988721665,True,
2026-08-01T00:30:59.008801+00:00,4307,-6.237238257899974,106.8272395210502,complex_corridor,FRC2,21,21,6,6,1,False,-6.237236971031365,106.82743234718856,21.314848279038795,True,
2026-08-01T00:30:59.301542+00:00,4312,-6.237042057899963,106.8269344210502,complex_corridor,FRC2,23,23,6,6,1,False,-6.237208807900389,106.82690797532604,18.770772040768108,True,
2026-08-01T00:30:59.592487+00:00,4383,-6.255330045001537,106.84307333999776,complex_corridor,FRC4,25,25,7,7,1,False,-6.255170245392188,106.84296367849294,21.509477825194235,True,
2026-08-01T00:30:59.892758+00:00,4421,-6.237577607899957,106.82686737105018,complex_corridor,FRC3,18,18,27,27,1,False,-6.237416698431964,106.82692406858013,18.95817050701808,True,
2026-08-01T00:31:00.182119+00:00,5234,-6.255677025000373,106.8431710999986,complex_corridor,FRC4,23,23,6,6,1,False,-6.25559934329838,106.84329627241084,16.310649749926508,True,
2026-08-01T00:31:00.471643+00:00,5259,-6.255508725000373,106.84360214999862,complex_corridor,FRC4,30,30,287,287,1,False,-6.255457199448482,106.84295563186589,71.6908067558573,True,
2026-08-01T00:31:00.760944+00:00,5296,-6.242909649999996,106.84406470000002,complex_corridor,FRC2,35,35,40,40,1,False,-6.24287098327402,106.84404058541264,5.0587612651154314,True,
2026-08-01T00:45:50.998000+00:00,703,-6.235444892859697,106.75583232857385,complex_corridor,FRC2,28,28,6,6,1.0,False,-6.235637002833079,106.75573958241279,23.694334982762854,True,
2026-08-01T00:45:51.271872+00:00,821,-6.288795825000754,106.77763638750048,complex_corridor,FRC1,31,31,35,35,1.0,False,-6.288676397337788,106.77774978959411,18.260596237349766,True,
2026-08-01T00:45:51.549619+00:00,1336,-6.235382350000007,106.7560557,complex_corridor,FRC2,27,27,9,9,1.0,False,-6.235851643158244,106.75634307944131,61.09133400248038,True,
2026-08-01T00:45:51.820565+00:00,2187,-6.234661449999994,106.7555585,complex_corridor,FRC2,23,38,32,19,0.99,False,-6.235295044618109,106.75596622907466,83.63486690954973,True,
2026-08-01T00:45:52.090951+00:00,2188,-6.233655599999991,106.75488135,complex_corridor,FRC2,20,30,48,32,0.99,False,-6.233742064909034,106.75495503627582,12.600808704103487,True,
2026-08-01T00:45:52.361632+00:00,2298,-6.288583799999989,106.77784095,complex_corridor,FRC1,41,41,341,341,1.0,False,-6.288634823320289,106.77780477487897,6.94084144102375,True,
2026-08-01T00:45:52.635800+00:00,2322,-6.2884621,106.7781152,complex_corridor,FRC1,26,26,53,53,1.0,False,-6.288455113550981,106.77822722279888,12.405765015820144,True,
2026-08-01T00:45:52.931013+00:00,2459,-6.23996075,106.79819865,complex_corridor,FRC3,28,28,405,405,1.0,False,-6.239927209643448,106.79835988366938,18.208192291717626,True,
2026-08-01T00:45:53.209141+00:00,2660,-6.288887410002579,106.77817204999796,complex_corridor,FRC1,15,15,29,29,1.0,False,-6.289080056713849,106.77821112954479,21.852459789678804,True,
2026-08-01T00:45:53.485870+00:00,2731,-6.240104349999994,106.79819525,complex_corridor,FRC1,16,20,375,300,0.995903,False,-6.254711568502923,106.79717434728451,1628.1638385691926,False,
2026-08-01T00:45:53.760562+00:00,2979,-6.239918790000258,106.79844824999957,complex_corridor,FRC2,15,15,2,2,1.0,False,-6.239928542802509,106.79846583092547,2.2254395550977346,True,
2026-08-01T00:45:54.034963+00:00,3134,-6.2892448600025785,106.77855074999796,complex_corridor,FRC1,22,22,11,11,1.0,False,-6.289262432333267,106.778499467014,5.995427904385316,True,
2026-08-01T00:45:54.308074+00:00,3164,-6.239840140000258,106.79869149999956,complex_corridor,FRC2,24,24,145,145,1.0,False,-6.23981997364873,106.79856239045006,14.446370748590217,True,
2026-08-01T00:45:54.578143+00:00,3940,-6.242815700000143,106.84290446666662,complex_corridor,FRC2,21,21,19,19,1.0,False,-6.242610768682978,106.84288187111798,22.923789898286447,True,
2026-08-01T00:45:54.848358+00:00,3995,-6.2428431,106.8426503,complex_corridor,FRC2,32,32,8,8,1.0,False,-6.24270333943449,106.84230519617961,41.19038604817657,True,
2026-08-01T00:45:55.120083+00:00,4135,-6.242451300001405,106.84346441666648,complex_corridor,FRC3,27,27,15,15,1.0,False,-6.24264159782794,106.84303341592732,52.128779444682614,True,
2026-08-01T00:45:55.390446+00:00,4174,-6.242622250001264,106.84418269999986,complex_corridor,FRC3,21,21,14,14,1.0,False,-6.242365385288672,106.84405667866673,31.777844988721665,True,
2026-08-01T00:45:55.672691+00:00,4307,-6.237238257899974,106.8272395210502,complex_corridor,FRC2,21,21,6,6,1.0,False,-6.237236971031365,106.82743234718856,21.314848279038795,True,
2026-08-01T00:45:55.940919+00:00,4312,-6.237042057899963,106.8269344210502,complex_corridor,FRC2,23,23,6,6,1.0,False,-6.237208807900389,106.82690797532604,18.770772040768108,True,
2026-08-01T00:45:56.215300+00:00,4383,-6.255330045001537,106.84307333999776,complex_corridor,FRC4,25,25,7,7,1.0,False,-6.255170245392188,106.84296367849294,21.509477825194235,True,
2026-08-01T00:45:56.496013+00:00,4421,-6.237577607899957,106.82686737105018,complex_corridor,FRC3,18,18,27,27,1.0,False,-6.237416698431964,106.82692406858013,18.95817050701808,True,
2026-08-01T00:45:56.764936+00:00,5234,-6.255677025000373,106.8431710999986,complex_corridor,FRC4,23,23,6,6,1.0,False,-6.25559934329838,106.84329627241084,16.310649749926508,True,
2026-08-01T00:45:57.035318+00:00,5259,-6.255508725000373,106.84360214999862,complex_corridor,FRC4,30,30,287,287,1.0,False,-6.255457199448482,106.84295563186589,71.6908067558573,True,
2026-08-01T00:45:57.305621+00:00,5296,-6.242909649999996,106.84406470000002,complex_corridor,FRC2,35,35,40,40,1.0,False,-6.24287098327402,106.84404058541264,5.0587612651154314,True,
2026-08-01T01:01:04.697064+00:00,703,-6.235444892859697,106.75583232857385,complex_corridor,FRC2,28,28,6,6,1.0,False,-6.235637002833079,106.75573958241279,23.694334982762854,True,
2026-08-01T01:01:04.990872+00:00,821,-6.288795825000754,106.77763638750048,complex_corridor,FRC1,31,31,35,35,1.0,False,-6.288676397337788,106.77774978959411,18.260596237349766,True,
2026-08-01T01:01:05.278196+00:00,1336,-6.235382350000007,106.7560557,complex_corridor,FRC2,27,27,9,9,1.0,False,-6.235851643158244,106.75634307944131,61.09133400248038,True,
2026-08-01T01:01:05.564418+00:00,2187,-6.234661449999994,106.7555585,complex_corridor,FRC2,24,39,30,18,0.99,False,-6.235295044618109,106.75596622907466,83.63486690954973,True,
2026-08-01T01:01:05.867079+00:00,2188,-6.233655599999991,106.75488135,complex_corridor,FRC2,25,30,38,32,0.99,False,-6.233742064909034,106.75495503627582,12.600808704103487,True,
2026-08-01T01:01:06.161879+00:00,2298,-6.288583799999989,106.77784095,complex_corridor,FRC1,41,41,341,341,1.0,False,-6.288634823320289,106.77780477487897,6.94084144102375,True,
2026-08-01T01:01:06.451988+00:00,2322,-6.2884621,106.7781152,complex_corridor,FRC1,19,25,73,56,1.0,False,-6.288455113550981,106.77822722279888,12.405765015820144,True,
2026-08-01T01:01:06.749938+00:00,2459,-6.23996075,106.79819865,complex_corridor,FRC3,28,28,405,405,1.0,False,-6.239927209643448,106.79835988366938,18.208192291717626,True,
2026-08-01T01:01:07.083249+00:00,2660,-6.288887410002579,106.77817204999796,complex_corridor,FRC1,15,15,29,29,1.0,False,-6.289080056713849,106.77821112954479,21.852459789678804,True,
2026-08-01T01:01:07.425617+00:00,2731,-6.240104349999994,106.79819525,complex_corridor,FRC1,21,21,285,285,1.0,False,-6.254711568502923,106.79717434728451,1628.1638385691926,False,
2026-08-01T01:01:07.716695+00:00,2979,-6.239918790000258,106.79844824999957,complex_corridor,FRC2,15,15,2,2,1.0,False,-6.239928542802509,106.79846583092547,2.2254395550977346,True,
2026-08-01T01:01:08.011322+00:00,3134,-6.2892448600025785,106.77855074999796,complex_corridor,FRC1,22,22,11,11,1.0,False,-6.289262432333267,106.778499467014,5.995427904385316,True,
2026-08-01T01:01:08.325606+00:00,3164,-6.239840140000258,106.79869149999956,complex_corridor,FRC2,24,24,145,145,1.0,False,-6.23981997364873,106.79856239045006,14.446370748590217,True,
2026-08-01T01:01:08.617877+00:00,3940,-6.242815700000143,106.84290446666662,complex_corridor,FRC2,21,21,19,19,1.0,False,-6.242610768682978,106.84288187111798,22.923789898286447,True,
2026-08-01T01:01:08.904168+00:00,3995,-6.2428431,106.8426503,complex_corridor,FRC2,32,32,8,8,1.0,False,-6.24270333943449,106.84230519617961,41.19038604817657,True,
2026-08-01T01:01:09.250883+00:00,4135,-6.242451300001405,106.84346441666648,complex_corridor,FRC3,27,27,15,15,1.0,False,-6.24264159782794,106.84303341592732,52.128779444682614,True,
2026-08-01T01:01:09.538386+00:00,4174,-6.242622250001264,106.84418269999986,complex_corridor,FRC3,21,21,14,14,1.0,False,-6.242365385288672,106.84405667866673,31.777844988721665,True,
2026-08-01T01:01:09.824097+00:00,4307,-6.237238257899974,106.8272395210502,complex_corridor,FRC2,21,21,6,6,1.0,False,-6.237236971031365,106.82743234718856,21.314848279038795,True,
2026-08-01T01:01:10.144673+00:00,4312,-6.237042057899963,106.8269344210502,complex_corridor,FRC2,23,23,6,6,1.0,False,-6.237208807900389,106.82690797532604,18.770772040768108,True,
2026-08-01T01:01:10.442815+00:00,4383,-6.255330045001537,106.84307333999776,complex_corridor,FRC4,25,25,7,7,1.0,False,-6.255170245392188,106.84296367849294,21.509477825194235,True,
2026-08-01T01:01:10.730884+00:00,4421,-6.237577607899957,106.82686737105018,complex_corridor,FRC3,18,18,27,27,1.0,False,-6.237416698431964,106.82692406858013,18.95817050701808,True,
2026-08-01T01:01:11.017576+00:00,5234,-6.255677025000373,106.8431710999986,complex_corridor,FRC4,23,23,6,6,1.0,False,-6.25559934329838,106.84329627241084,16.310649749926508,True,
2026-08-01T01:01:11.303601+00:00,5259,-6.255508725000373,106.84360214999862,complex_corridor,FRC4,30,30,287,287,1.0,False,-6.255457199448482,106.84295563186589,71.6908067558573,True,
2026-08-01T01:01:11.590267+00:00,5296,-6.242909649999996,106.84406470000002,complex_corridor,FRC2,35,35,40,40,1.0,False,-6.24287098327402,106.84404058541264,5.0587612651154314,True,
2026-08-01T01:15:59.552620+00:00,703,-6.235444892859697,106.75583232857385,complex_corridor,FRC2,28,28,6,6,1,False,-6.235637002833079,106.75573958241279,23.694334982762854,True,
2026-08-01T01:15:59.869711+00:00,821,-6.288795825000754,106.77763638750048,complex_corridor,FRC1,31,31,35,35,1,False,-6.288676397337788,106.77774978959411,18.260596237349766,True,
2026-08-01T01:16:00.140946+00:00,1336,-6.235382350000007,106.7560557,complex_corridor,FRC2,27,27,9,9,1,False,-6.235851643158244,106.75634307944131,61.09133400248038,True,
2026-08-01T01:16:00.418011+00:00,2187,-6.234661449999994,106.7555585,complex_corridor,FRC2,39,39,18,18,1,False,-6.235295044618109,106.75596622907466,83.63486690954973,True,
2026-08-01T01:16:00.690575+00:00,2188,-6.233655599999991,106.75488135,complex_corridor,FRC2,30,30,32,32,1,False,-6.233742064909034,106.75495503627582,12.600808704103487,True,
2026-08-01T01:16:00.962875+00:00,2298,-6.288583799999989,106.77784095,complex_corridor,FRC1,41,41,341,341,1,False,-6.288634823320289,106.77780477487897,6.94084144102375,True,
2026-08-01T01:16:01.235576+00:00,2322,-6.2884621,106.7781152,complex_corridor,FRC1,26,26,53,53,1,False,-6.288455113550981,106.77822722279888,12.405765015820144,True,
2026-08-01T01:16:01.529172+00:00,2459,-6.23996075,106.79819865,complex_corridor,FRC3,28,28,405,405,1,False,-6.239927209643448,106.79835988366938,18.208192291717626,True,
2026-08-01T01:16:01.799674+00:00,2660,-6.288887410002579,106.77817204999796,complex_corridor,FRC1,15,15,29,29,1,False,-6.289080056713849,106.77821112954479,21.852459789678804,True,
2026-08-01T01:16:02.070853+00:00,2731,-6.240104349999994,106.79819525,complex_corridor,FRC1,21,21,285,285,1,False,-6.254711568502923,106.79717434728451,1628.1638385691926,False,
2026-08-01T01:16:02.350076+00:00,2979,-6.239918790000258,106.79844824999957,complex_corridor,FRC2,8,13,5,3,1,False,-6.239928542802509,106.79846583092547,2.2254395550977346,True,
2026-08-01T01:16:02.628108+00:00,3134,-6.2892448600025785,106.77855074999796,complex_corridor,FRC1,17,21,15,12,1,False,-6.289262432333267,106.778499467014,5.995427904385316,True,
2026-08-01T01:16:02.904933+00:00,3164,-6.239840140000258,106.79869149999956,complex_corridor,FRC2,24,24,145,145,1,False,-6.23981997364873,106.79856239045006,14.446370748590217,True,
2026-08-01T01:16:03.187015+00:00,3940,-6.242815700000143,106.84290446666662,complex_corridor,FRC2,21,21,19,19,1,False,-6.242610768682978,106.84288187111798,22.923789898286447,True,
2026-08-01T01:16:03.455923+00:00,3995,-6.2428431,106.8426503,complex_corridor,FRC2,32,32,8,8,1,False,-6.24270333943449,106.84230519617961,41.19038604817657,True,
2026-08-01T01:16:03.739371+00:00,4135,-6.242451300001405,106.84346441666648,complex_corridor,FRC3,27,27,15,15,1,False,-6.24264159782794,106.84303341592732,52.128779444682614,True,
2026-08-01T01:16:04.010030+00:00,4174,-6.242622250001264,106.84418269999986,complex_corridor,FRC3,21,21,14,14,1,False,-6.242365385288672,106.84405667866673,31.777844988721665,True,
2026-08-01T01:16:04.277936+00:00,4307,-6.237238257899974,106.8272395210502,complex_corridor,FRC2,21,21,6,6,1,False,-6.237236971031365,106.82743234718856,21.314848279038795,True,
2026-08-01T01:16:04.547566+00:00,4312,-6.237042057899963,106.8269344210502,complex_corridor,FRC2,23,23,6,6,1,False,-6.237208807900389,106.82690797532604,18.770772040768108,True,
2026-08-01T01:16:04.819450+00:00,4383,-6.255330045001537,106.84307333999776,complex_corridor,FRC4,25,25,7,7,1,False,-6.255170245392188,106.84296367849294,21.509477825194235,True,
2026-08-01T01:16:05.089203+00:00,4421,-6.237577607899957,106.82686737105018,complex_corridor,FRC3,18,18,27,27,1,False,-6.237416698431964,106.82692406858013,18.95817050701808,True,
2026-08-01T01:16:05.365876+00:00,5234,-6.255677025000373,106.8431710999986,complex_corridor,FRC4,23,23,6,6,1,False,-6.25559934329838,106.84329627241084,16.310649749926508,True,
2026-08-01T01:16:05.636106+00:00,5259,-6.255508725000373,106.84360214999862,complex_corridor,FRC4,30,30,287,287,1,False,-6.255457199448482,106.84295563186589,71.6908067558573,True,
2026-08-01T01:16:05.910600+00:00,5296,-6.242909649999996,106.84406470000002,complex_corridor,FRC2,35,35,40,40,1,False,-6.24287098327402,106.84404058541264,5.0587612651154314,True,
2026-08-01T01:30:53.123720+00:00,703,-6.235444892859697,106.75583232857385,complex_corridor,FRC2,28,28,6,6,1.0,False,-6.235637002833079,106.75573958241279,23.694334982762854,True,
2026-08-01T01:30:53.418584+00:00,821,-6.288795825000754,106.77763638750048,complex_corridor,FRC1,20,31,54,35,0.99,False,-6.288676397337788,106.77774978959411,18.260596237349766,True,
2026-08-01T01:30:53.699978+00:00,1336,-6.235382350000007,106.7560557,complex_corridor,FRC2,27,27,9,9,1.0,False,-6.235851643158244,106.75634307944131,61.09133400248038,True,
2026-08-01T01:30:53.966981+00:00,2187,-6.234661449999994,106.7555585,complex_corridor,FRC2,39,39,18,18,1.0,False,-6.235295044618109,106.75596622907466,83.63486690954973,True,
2026-08-01T01:30:54.233359+00:00,2188,-6.233655599999991,106.75488135,complex_corridor,FRC2,30,30,32,32,1.0,False,-6.233742064909034,106.75495503627582,12.600808704103487,True,
2026-08-01T01:30:54.503665+00:00,2298,-6.288583799999989,106.77784095,complex_corridor,FRC1,41,41,341,341,1.0,False,-6.288634823320289,106.77780477487897,6.94084144102375,True,
2026-08-01T01:30:54.767342+00:00,2322,-6.2884621,106.7781152,complex_corridor,FRC1,26,26,53,53,1.0,False,-6.288455113550981,106.77822722279888,12.405765015820144,True,
2026-08-01T01:30:55.038656+00:00,2459,-6.23996075,106.79819865,complex_corridor,FRC3,28,28,405,405,1.0,False,-6.239927209643448,106.79835988366938,18.208192291717626,True,
2026-08-01T01:30:55.308688+00:00,2660,-6.288887410002579,106.77817204999796,complex_corridor,FRC1,15,15,29,29,1.0,False,-6.289080056713849,106.77821112954479,21.852459789678804,True,
2026-08-01T01:30:55.572889+00:00,2731,-6.240104349999994,106.79819525,complex_corridor,FRC1,19,22,315,272,0.995897,False,-6.254711568502923,106.79717434728451,1628.1638385691926,False,
2026-08-01T01:30:55.837206+00:00,2979,-6.239918790000258,106.79844824999957,complex_corridor,FRC2,15,15,2,2,1.0,False,-6.239928542802509,106.79846583092547,2.2254395550977346,True,
2026-08-01T01:30:56.104772+00:00,3134,-6.2892448600025785,106.77855074999796,complex_corridor,FRC1,22,22,11,11,1.0,False,-6.289262432333267,106.778499467014,5.995427904385316,True,
2026-08-01T01:30:56.373751+00:00,3164,-6.239840140000258,106.79869149999956,complex_corridor,FRC2,24,24,145,145,1.0,False,-6.23981997364873,106.79856239045006,14.446370748590217,True,
2026-08-01T01:30:56.647727+00:00,3940,-6.242815700000143,106.84290446666662,complex_corridor,FRC2,21,21,19,19,1.0,False,-6.242610768682978,106.84288187111798,22.923789898286447,True,
2026-08-01T01:30:56.912108+00:00,3995,-6.2428431,106.8426503,complex_corridor,FRC2,32,32,8,8,1.0,False,-6.24270333943449,106.84230519617961,41.19038604817657,True,
2026-08-01T01:30:57.173726+00:00,4135,-6.242451300001405,106.84346441666648,complex_corridor,FRC3,27,27,15,15,1.0,False,-6.24264159782794,106.84303341592732,52.128779444682614,True,
2026-08-01T01:30:57.439124+00:00,4174,-6.242622250001264,106.84418269999986,complex_corridor,FRC3,17,21,17,14,0.99,False,-6.242365385288672,106.84405667866673,31.777844988721665,True,
2026-08-01T01:30:57.706855+00:00,4307,-6.237238257899974,106.8272395210502,complex_corridor,FRC2,21,21,6,6,1.0,False,-6.237236971031365,106.82743234718856,21.314848279038795,True,
2026-08-01T01:30:57.976545+00:00,4312,-6.237042057899963,106.8269344210502,complex_corridor,FRC2,23,23,6,6,1.0,False,-6.237208807900389,106.82690797532604,18.770772040768108,True,
2026-08-01T01:30:58.245312+00:00,4383,-6.255330045001537,106.84307333999776,complex_corridor,FRC4,25,25,7,7,1.0,False,-6.255170245392188,106.84296367849294,21.509477825194235,True,
2026-08-01T01:30:58.527667+00:00,4421,-6.237577607899957,106.82686737105018,complex_corridor,FRC3,18,18,27,27,1.0,False,-6.237416698431964,106.82692406858013,18.95817050701808,True,
2026-08-01T01:30:58.798609+00:00,5234,-6.255677025000373,106.8431710999986,complex_corridor,FRC4,23,23,6,6,1.0,False,-6.25559934329838,106.84329627241084,16.310649749926508,True,
2026-08-01T01:30:59.063030+00:00,5259,-6.255508725000373,106.84360214999862,complex_corridor,FRC4,30,30,287,287,1.0,False,-6.255457199448482,106.84295563186589,71.6908067558573,True,
2026-08-01T01:30:59.330503+00:00,5296,-6.242909649999996,106.84406470000002,complex_corridor,FRC2,28,35,50,40,1.0,False,-6.24287098327402,106.84404058541264,5.0587612651154314,True,
2026-08-01T01:45:50.314091+00:00,703,-6.235444892859697,106.75583232857385,complex_corridor,FRC2,28,28,6,6,1.0,False,-6.235637002833079,106.75573958241279,23.694334982762854,True,
2026-08-01T01:45:50.605396+00:00,821,-6.288795825000754,106.77763638750048,complex_corridor,FRC1,31,31,35,35,1.0,False,-6.288676397337788,106.77774978959411,18.260596237349766,True,
2026-08-01T01:45:50.900446+00:00,1336,-6.235382350000007,106.7560557,complex_corridor,FRC2,27,27,9,9,1.0,False,-6.235851643158244,106.75634307944131,61.09133400248038,True,
2026-08-01T01:45:51.190758+00:00,2187,-6.234661449999994,106.7555585,complex_corridor,FRC2,39,39,18,18,1.0,False,-6.235295044618109,106.75596622907466,83.63486690954973,True,
2026-08-01T01:45:51.484244+00:00,2188,-6.233655599999991,106.75488135,complex_corridor,FRC2,30,30,32,32,1.0,False,-6.233742064909034,106.75495503627582,12.600808704103487,True,
2026-08-01T01:45:51.776036+00:00,2298,-6.288583799999989,106.77784095,complex_corridor,FRC1,34,40,411,350,1.0,False,-6.288634823320289,106.77780477487897,6.94084144102375,True,
2026-08-01T01:45:52.066170+00:00,2322,-6.2884621,106.7781152,complex_corridor,FRC1,17,25,82,56,0.99,False,-6.288455113550981,106.77822722279888,12.405765015820144,True,
2026-08-01T01:45:52.354342+00:00,2459,-6.23996075,106.79819865,complex_corridor,FRC3,23,27,493,420,1.0,False,-6.239927209643448,106.79835988366938,18.208192291717626,True,
2026-08-01T01:45:52.651935+00:00,2660,-6.288887410002579,106.77817204999796,complex_corridor,FRC1,12,15,37,29,1.0,False,-6.289080056713849,106.77821112954479,21.852459789678804,True,
2026-08-01T01:45:52.938730+00:00,2731,-6.240104349999994,106.79819525,complex_corridor,FRC1,21,21,285,285,1.0,False,-6.254711568502923,106.79717434728451,1628.1638385691926,False,
2026-08-01T01:45:53.230122+00:00,2979,-6.239918790000258,106.79844824999957,complex_corridor,FRC2,15,15,2,2,1.0,False,-6.239928542802509,106.79846583092547,2.2254395550977346,True,
2026-08-01T01:45:53.516386+00:00,3134,-6.2892448600025785,106.77855074999796,complex_corridor,FRC1,22,22,11,11,1.0,False,-6.289262432333267,106.778499467014,5.995427904385316,True,
2026-08-01T01:45:53.809153+00:00,3164,-6.239840140000258,106.79869149999956,complex_corridor,FRC2,24,24,145,145,1.0,False,-6.23981997364873,106.79856239045006,14.446370748590217,True,
2026-08-01T01:45:54.094286+00:00,3940,-6.242815700000143,106.84290446666662,complex_corridor,FRC2,21,21,19,19,1.0,False,-6.242610768682978,106.84288187111798,22.923789898286447,True,
2026-08-01T01:45:54.383396+00:00,3995,-6.2428431,106.8426503,complex_corridor,FRC2,32,32,8,8,1.0,False,-6.24270333943449,106.84230519617961,41.19038604817657,True,
2026-08-01T01:45:54.669525+00:00,4135,-6.242451300001405,106.84346441666648,complex_corridor,FRC3,27,27,15,15,1.0,False,-6.24264159782794,106.84303341592732,52.128779444682614,True,
2026-08-01T01:45:54.956070+00:00,4174,-6.242622250001264,106.84418269999986,complex_corridor,FRC3,21,21,14,14,1.0,False,-6.242365385288672,106.84405667866673,31.777844988721665,True,
2026-08-01T01:45:55.249122+00:00,4307,-6.237238257899974,106.8272395210502,complex_corridor,FRC2,21,21,6,6,1.0,False,-6.237236971031365,106.82743234718856,21.314848279038795,True,
2026-08-01T01:45:55.533982+00:00,4312,-6.237042057899963,106.8269344210502,complex_corridor,FRC2,23,23,6,6,1.0,False,-6.237208807900389,106.82690797532604,18.770772040768108,True,
2026-08-01T01:45:55.822213+00:00,4383,-6.255330045001537,106.84307333999776,complex_corridor,FRC4,18,24,10,7,1.0,False,-6.255170245392188,106.84296367849294,21.509477825194235,True,
2026-08-01T01:45:56.110467+00:00,4421,-6.237577607899957,106.82686737105018,complex_corridor,FRC3,14,18,35,27,0.97,False,-6.237416698431964,106.82692406858013,18.95817050701808,True,
2026-08-01T01:45:56.396426+00:00,5234,-6.255677025000373,106.8431710999986,complex_corridor,FRC4,23,23,6,6,1.0,False,-6.25559934329838,106.84329627241084,16.310649749926508,True,
2026-08-01T01:45:56.682937+00:00,5259,-6.255508725000373,106.84360214999862,complex_corridor,FRC4,30,30,287,287,1.0,False,-6.255457199448482,106.84295563186589,71.6908067558573,True,
2026-08-01T01:45:56.977447+00:00,5296,-6.242909649999996,106.84406470000002,complex_corridor,FRC2,35,35,40,40,1.0,False,-6.24287098327402,106.84404058541264,5.0587612651154314,True,
2026-08-01T02:00:58.112580+00:00,703,-6.235444892859697,106.75583232857385,complex_corridor,FRC2,28,28,6,6,1.0,False,-6.235637002833079,106.75573958241279,23.694334982762854,True,
2026-08-01T02:00:58.376576+00:00,821,-6.288795825000754,106.77763638750048,complex_corridor,FRC1,31,31,35,35,1.0,False,-6.288676397337788,106.77774978959411,18.260596237349766,True,
2026-08-01T02:00:58.652938+00:00,1336,-6.235382350000007,106.7560557,complex_corridor,FRC2,21,27,12,9,0.99,False,-6.235851643158244,106.75634307944131,61.09133400248038,True,
2026-08-01T02:00:58.920939+00:00,2187,-6.234661449999994,106.7555585,complex_corridor,FRC2,39,39,18,18,1.0,False,-6.235295044618109,106.75596622907466,83.63486690954973,True,
2026-08-01T02:00:59.189214+00:00,2188,-6.233655599999991,106.75488135,complex_corridor,FRC2,30,30,32,32,1.0,False,-6.233742064909034,106.75495503627582,12.600808704103487,True,
2026-08-01T02:00:59.454238+00:00,2298,-6.288583799999989,106.77784095,complex_corridor,FRC1,41,41,341,341,1.0,False,-6.288634823320289,106.77780477487897,6.94084144102375,True,
2026-08-01T02:00:59.723254+00:00,2322,-6.2884621,106.7781152,complex_corridor,FRC1,19,25,73,56,0.99,False,-6.288455113550981,106.77822722279888,12.405765015820144,True,
2026-08-01T02:00:59.993150+00:00,2459,-6.23996075,106.79819865,complex_corridor,FRC3,28,28,405,405,1.0,False,-6.239927209643448,106.79835988366938,18.208192291717626,True,
2026-08-01T02:01:00.272865+00:00,2660,-6.288887410002579,106.77817204999796,complex_corridor,FRC1,8,16,55,27,1.0,False,-6.289080056713849,106.77821112954479,21.852459789678804,True,
2026-08-01T02:01:00.539146+00:00,2731,-6.240104349999994,106.79819525,complex_corridor,FRC1,17,21,353,285,1.0,False,-6.254711568502923,106.79717434728451,1628.1638385691926,False,
2026-08-01T02:01:00.809535+00:00,2979,-6.239918790000258,106.79844824999957,complex_corridor,FRC2,15,15,2,2,1.0,False,-6.239928542802509,106.79846583092547,2.2254395550977346,True,
2026-08-01T02:01:01.091273+00:00,3134,-6.2892448600025785,106.77855074999796,complex_corridor,FRC1,22,22,11,11,1.0,False,-6.289262432333267,106.778499467014,5.995427904385316,True,
2026-08-01T02:01:01.356105+00:00,3164,-6.239840140000258,106.79869149999956,complex_corridor,FRC2,24,24,145,145,1.0,False,-6.23981997364873,106.79856239045006,14.446370748590217,True,
2026-08-01T02:01:01.634748+00:00,3940,-6.242815700000143,106.84290446666662,complex_corridor,FRC2,21,21,19,19,1.0,False,-6.242610768682978,106.84288187111798,22.923789898286447,True,
2026-08-01T02:01:01.903095+00:00,3995,-6.2428431,106.8426503,complex_corridor,FRC2,32,32,8,8,1.0,False,-6.24270333943449,106.84230519617961,41.19038604817657,True,
2026-08-01T02:01:02.167088+00:00,4135,-6.242451300001405,106.84346441666648,complex_corridor,FRC3,27,27,15,15,1.0,False,-6.24264159782794,106.84303341592732,52.128779444682614,True,
2026-08-01T02:01:02.438896+00:00,4174,-6.242622250001264,106.84418269999986,complex_corridor,FRC3,21,21,14,14,1.0,False,-6.242365385288672,106.84405667866673,31.777844988721665,True,
2026-08-01T02:01:02.704749+00:00,4307,-6.237238257899974,106.8272395210502,complex_corridor,FRC2,13,21,9,6,1.0,False,-6.237236971031365,106.82743234718856,21.314848279038795,True,
2026-08-01T02:01:02.971163+00:00,4312,-6.237042057899963,106.8269344210502,complex_corridor,FRC2,23,23,6,6,1.0,False,-6.237208807900389,106.82690797532604,18.770772040768108,True,
2026-08-01T02:01:03.246590+00:00,4383,-6.255330045001537,106.84307333999776,complex_corridor,FRC4,25,25,7,7,1.0,False,-6.255170245392188,106.84296367849294,21.509477825194235,True,
2026-08-01T02:01:03.510872+00:00,4421,-6.237577607899957,106.82686737105018,complex_corridor,FRC3,18,18,27,27,1.0,False,-6.237416698431964,106.82692406858013,18.95817050701808,True,
2026-08-01T02:01:03.774498+00:00,5234,-6.255677025000373,106.8431710999986,complex_corridor,FRC4,23,23,6,6,1.0,False,-6.25559934329838,106.84329627241084,16.310649749926508,True,
2026-08-01T02:01:04.079379+00:00,5259,-6.255508725000373,106.84360214999862,complex_corridor,FRC4,26,29,331,297,0.994449,False,-6.255457199448482,106.84295563186589,71.6908067558573,True,
2026-08-01T02:01:04.349074+00:00,5296,-6.242909649999996,106.84406470000002,complex_corridor,FRC2,25,35,56,40,1.0,False,-6.24287098327402,106.84404058541264,5.0587612651154314,True,
2026-08-01T02:15:52.875267+00:00,703,-6.235444892859697,106.75583232857385,complex_corridor,FRC2,28,28,6,6,1.0,False,-6.235637002833079,106.75573958241279,23.694334982762854,True,
2026-08-01T02:15:53.147647+00:00,821,-6.288795825000754,106.77763638750048,complex_corridor,FRC1,31,31,35,35,1.0,False,-6.288676397337788,106.77774978959411,18.260596237349766,True,
2026-08-01T02:15:53.415297+00:00,1336,-6.235382350000007,106.7560557,complex_corridor,FRC2,19,27,14,9,0.99,False,-6.235851643158244,106.75634307944131,61.09133400248038,True,
2026-08-01T02:15:53.684748+00:00,2187,-6.234661449999994,106.7555585,complex_corridor,FRC2,39,39,18,18,1.0,False,-6.235295044618109,106.75596622907466,83.63486690954973,True,
2026-08-01T02:15:53.949506+00:00,2188,-6.233655599999991,106.75488135,complex_corridor,FRC2,30,30,32,32,1.0,False,-6.233742064909034,106.75495503627582,12.600808704103487,True,
2026-08-01T02:15:54.219700+00:00,2298,-6.288583799999989,106.77784095,complex_corridor,FRC1,35,41,400,341,1.0,False,-6.288634823320289,106.77780477487897,6.94084144102375,True,
2026-08-01T02:15:54.481796+00:00,2322,-6.2884621,106.7781152,complex_corridor,FRC1,18,25,77,56,1.0,False,-6.288455113550981,106.77822722279888,12.405765015820144,True,
2026-08-01T02:15:54.746255+00:00,2459,-6.23996075,106.79819865,complex_corridor,FRC3,23,27,493,420,1.0,False,-6.239927209643448,106.79835988366938,18.208192291717626,True,
2026-08-01T02:15:55.009842+00:00,2660,-6.288887410002579,106.77817204999796,complex_corridor,FRC1,15,15,29,29,1.0,False,-6.289080056713849,106.77821112954479,21.852459789678804,True,
2026-08-01T02:15:55.274821+00:00,2731,-6.240104349999994,106.79819525,complex_corridor,FRC1,21,21,285,285,1.0,False,-6.254711568502923,106.79717434728451,1628.1638385691926,False,
2026-08-01T02:15:55.543177+00:00,2979,-6.239918790000258,106.79844824999957,complex_corridor,FRC2,15,15,2,2,1.0,False,-6.239928542802509,106.79846583092547,2.2254395550977346,True,
2026-08-01T02:15:55.808184+00:00,3134,-6.2892448600025785,106.77855074999796,complex_corridor,FRC1,22,22,11,11,1.0,False,-6.289262432333267,106.778499467014,5.995427904385316,True,
2026-08-01T02:15:56.072634+00:00,3164,-6.239840140000258,106.79869149999956,complex_corridor,FRC2,24,24,145,145,1.0,False,-6.23981997364873,106.79856239045006,14.446370748590217,True,
2026-08-01T02:15:56.345100+00:00,3940,-6.242815700000143,106.84290446666662,complex_corridor,FRC2,21,21,19,19,1.0,False,-6.242610768682978,106.84288187111798,22.923789898286447,True,
2026-08-01T02:15:56.609055+00:00,3995,-6.2428431,106.8426503,complex_corridor,FRC2,32,32,8,8,1.0,False,-6.24270333943449,106.84230519617961,41.19038604817657,True,
2026-08-01T02:15:56.874177+00:00,4135,-6.242451300001405,106.84346441666648,complex_corridor,FRC3,27,27,15,15,1.0,False,-6.24264159782794,106.84303341592732,52.128779444682614,True,
2026-08-01T02:15:57.139877+00:00,4174,-6.242622250001264,106.84418269999986,complex_corridor,FRC3,21,21,14,14,1.0,False,-6.242365385288672,106.84405667866673,31.777844988721665,True,
2026-08-01T02:15:57.411037+00:00,4307,-6.237238257899974,106.8272395210502,complex_corridor,FRC2,21,21,6,6,1.0,False,-6.237236971031365,106.82743234718856,21.314848279038795,True,
2026-08-01T02:15:57.677489+00:00,4312,-6.237042057899963,106.8269344210502,complex_corridor,FRC2,23,23,6,6,1.0,False,-6.237208807900389,106.82690797532604,18.770772040768108,True,
2026-08-01T02:15:57.957661+00:00,4383,-6.255330045001537,106.84307333999776,complex_corridor,FRC4,25,25,7,7,1.0,False,-6.255170245392188,106.84296367849294,21.509477825194235,True,
2026-08-01T02:15:58.223718+00:00,4421,-6.237577607899957,106.82686737105018,complex_corridor,FRC3,18,18,27,27,1.0,False,-6.237416698431964,106.82692406858013,18.95817050701808,True,
2026-08-01T02:15:58.502485+00:00,5234,-6.255677025000373,106.8431710999986,complex_corridor,FRC4,23,23,6,6,1.0,False,-6.25559934329838,106.84329627241084,16.310649749926508,True,
2026-08-01T02:15:58.766290+00:00,5259,-6.255508725000373,106.84360214999862,complex_corridor,FRC4,30,30,287,287,1.0,False,-6.255457199448482,106.84295563186589,71.6908067558573,True,
2026-08-01T02:15:59.031145+00:00,5296,-6.242909649999996,106.84406470000002,complex_corridor,FRC2,26,35,54,40,1.0,False,-6.24287098327402,106.84404058541264,5.0587612651154314,True,
2026-08-01T02:30:53.648739+00:00,703,-6.235444892859697,106.75583232857385,complex_corridor,FRC2,17,28,10,6,0.98,False,-6.235637002833079,106.75573958241279,23.694334982762854,True,
2026-08-01T02:30:53.941021+00:00,821,-6.288795825000754,106.77763638750048,complex_corridor,FRC1,31,31,35,35,1.0,False,-6.288676397337788,106.77774978959411,18.260596237349766,True,
2026-08-01T02:30:54.230649+00:00,1336,-6.235382350000007,106.7560557,complex_corridor,FRC2,27,27,9,9,1.0,False,-6.235851643158244,106.75634307944131,61.09133400248038,True,
2026-08-01T02:30:54.516646+00:00,2187,-6.234661449999994,106.7555585,complex_corridor,FRC2,17,38,43,19,0.99,False,-6.235295044618109,106.75596622907466,83.63486690954973,True,
2026-08-01T02:30:54.807784+00:00,2188,-6.233655599999991,106.75488135,complex_corridor,FRC2,30,30,32,32,1.0,False,-6.233742064909034,106.75495503627582,12.600808704103487,True,
2026-08-01T02:30:55.097941+00:00,2298,-6.288583799999989,106.77784095,complex_corridor,FRC1,34,40,411,350,1.0,False,-6.288634823320289,106.77780477487897,6.94084144102375,True,
2026-08-01T02:30:55.393817+00:00,2322,-6.2884621,106.7781152,complex_corridor,FRC1,26,26,53,53,1.0,False,-6.288455113550981,106.77822722279888,12.405765015820144,True,
2026-08-01T02:30:55.687507+00:00,2459,-6.23996075,106.79819865,complex_corridor,FRC3,20,27,568,420,1.0,False,-6.239927209643448,106.79835988366938,18.208192291717626,True,
2026-08-01T02:30:55.976291+00:00,2660,-6.288887410002579,106.77817204999796,complex_corridor,FRC1,15,15,29,29,1.0,False,-6.289080056713849,106.77821112954479,21.852459789678804,True,
2026-08-01T02:30:56.267019+00:00,2731,-6.240104349999994,106.79819525,complex_corridor,FRC1,21,21,285,285,1.0,False,-6.254711568502923,106.79717434728451,1628.1638385691926,False,
2026-08-01T02:30:56.555836+00:00,2979,-6.239918790000258,106.79844824999957,complex_corridor,FRC2,15,15,2,2,1.0,False,-6.239928542802509,106.79846583092547,2.2254395550977346,True,
2026-08-01T02:30:56.844391+00:00,3134,-6.2892448600025785,106.77855074999796,complex_corridor,FRC1,22,22,11,11,1.0,False,-6.289262432333267,106.778499467014,5.995427904385316,True,
2026-08-01T02:30:57.142892+00:00,3164,-6.239840140000258,106.79869149999956,complex_corridor,FRC2,24,24,145,145,1.0,False,-6.23981997364873,106.79856239045006,14.446370748590217,True,
2026-08-01T02:30:57.428766+00:00,3940,-6.242815700000143,106.84290446666662,complex_corridor,FRC2,21,21,19,19,1.0,False,-6.242610768682978,106.84288187111798,22.923789898286447,True,
2026-08-01T02:30:57.712942+00:00,3995,-6.2428431,106.8426503,complex_corridor,FRC2,24,30,11,9,0.93,False,-6.24270333943449,106.84230519617961,41.19038604817657,True,
2026-08-01T02:30:58.001559+00:00,4135,-6.242451300001405,106.84346441666648,complex_corridor,FRC3,27,27,15,15,1.0,False,-6.24264159782794,106.84303341592732,52.128779444682614,True,
2026-08-01T02:30:58.296959+00:00,4174,-6.242622250001264,106.84418269999986,complex_corridor,FRC3,21,21,14,14,1.0,False,-6.242365385288672,106.84405667866673,31.777844988721665,True,
2026-08-01T02:30:58.584283+00:00,4307,-6.237238257899974,106.8272395210502,complex_corridor,FRC2,21,21,6,6,1.0,False,-6.237236971031365,106.82743234718856,21.314848279038795,True,
2026-08-01T02:30:58.871798+00:00,4312,-6.237042057899963,106.8269344210502,complex_corridor,FRC2,23,23,6,6,1.0,False,-6.237208807900389,106.82690797532604,18.770772040768108,True,
2026-08-01T02:30:59.162320+00:00,4383,-6.255330045001537,106.84307333999776,complex_corridor,FRC4,25,25,7,7,1.0,False,-6.255170245392188,106.84296367849294,21.509477825194235,True,
2026-08-01T02:30:59.446656+00:00,4421,-6.237577607899957,106.82686737105018,complex_corridor,FRC3,18,18,27,27,1.0,False,-6.237416698431964,106.82692406858013,18.95817050701808,True,
2026-08-01T02:30:59.734569+00:00,5234,-6.255677025000373,106.8431710999986,complex_corridor,FRC4,23,23,6,6,1.0,False,-6.25559934329838,106.84329627241084,16.310649749926508,True,
2026-08-01T02:31:00.022586+00:00,5259,-6.255508725000373,106.84360214999862,complex_corridor,FRC4,26,29,331,297,0.990472,False,-6.255457199448482,106.84295563186589,71.6908067558573,True,
2026-08-01T02:31:00.312655+00:00,5296,-6.242909649999996,106.84406470000002,complex_corridor,FRC2,35,35,40,40,1.0,False,-6.24287098327402,106.84404058541264,5.0587612651154314,True,
2026-08-01T02:45:47.671850+00:00,703,-6.235444892859697,106.75583232857385,complex_corridor,FRC2,28,28,6,6,1.0,False,-6.235637002833079,106.75573958241279,23.694334982762854,True,
2026-08-01T02:45:47.939865+00:00,821,-6.288795825000754,106.77763638750048,complex_corridor,FRC1,31,31,35,35,1.0,False,-6.288676397337788,106.77774978959411,18.260596237349766,True,
2026-08-01T02:45:48.217471+00:00,1336,-6.235382350000007,106.7560557,complex_corridor,FRC2,27,27,9,9,1.0,False,-6.235851643158244,106.75634307944131,61.09133400248038,True,
2026-08-01T02:45:48.482781+00:00,2187,-6.234661449999994,106.7555585,complex_corridor,FRC2,20,39,37,18,0.99,False,-6.235295044618109,106.75596622907466,83.63486690954973,True,
2026-08-01T02:45:48.763699+00:00,2188,-6.233655599999991,106.75488135,complex_corridor,FRC2,30,30,32,32,1.0,False,-6.233742064909034,106.75495503627582,12.600808704103487,True,
2026-08-01T02:45:49.044706+00:00,2298,-6.288583799999989,106.77784095,complex_corridor,FRC1,35,41,400,341,1.0,False,-6.288634823320289,106.77780477487897,6.94084144102375,True,
2026-08-01T02:45:49.315838+00:00,2322,-6.2884621,106.7781152,complex_corridor,FRC1,17,26,82,53,1.0,False,-6.288455113550981,106.77822722279888,12.405765015820144,True,
2026-08-01T02:45:49.581917+00:00,2459,-6.23996075,106.79819865,complex_corridor,FRC3,21,27,541,420,1.0,False,-6.239927209643448,106.79835988366938,18.208192291717626,True,
2026-08-01T02:45:49.848622+00:00,2660,-6.288887410002579,106.77817204999796,complex_corridor,FRC1,8,14,55,31,1.0,False,-6.289080056713849,106.77821112954479,21.852459789678804,True,
2026-08-01T02:45:50.114471+00:00,2731,-6.240104349999994,106.79819525,complex_corridor,FRC1,18,21,333,285,1.0,False,-6.254711568502923,106.79717434728451,1628.1638385691926,False,
2026-08-01T02:45:50.377919+00:00,2979,-6.239918790000258,106.79844824999957,complex_corridor,FRC2,15,15,2,2,1.0,False,-6.239928542802509,106.79846583092547,2.2254395550977346,True,
2026-08-01T02:45:50.641991+00:00,3134,-6.2892448600025785,106.77855074999796,complex_corridor,FRC1,13,22,20,11,1.0,False,-6.289262432333267,106.778499467014,5.995427904385316,True,
2026-08-01T02:45:50.906970+00:00,3164,-6.239840140000258,106.79869149999956,complex_corridor,FRC2,24,24,145,145,1.0,False,-6.23981997364873,106.79856239045006,14.446370748590217,True,
2026-08-01T02:45:51.184878+00:00,3940,-6.242815700000143,106.84290446666662,complex_corridor,FRC2,21,21,19,19,1.0,False,-6.242610768682978,106.84288187111798,22.923789898286447,True,
2026-08-01T02:45:51.449553+00:00,3995,-6.2428431,106.8426503,complex_corridor,FRC2,32,32,8,8,1.0,False,-6.24270333943449,106.84230519617961,41.19038604817657,True,
2026-08-01T02:45:51.718010+00:00,4135,-6.242451300001405,106.84346441666648,complex_corridor,FRC3,27,27,15,15,1.0,False,-6.24264159782794,106.84303341592732,52.128779444682614,True,
2026-08-01T02:45:51.979991+00:00,4174,-6.242622250001264,106.84418269999986,complex_corridor,FRC3,21,21,14,14,1.0,False,-6.242365385288672,106.84405667866673,31.777844988721665,True,
2026-08-01T02:45:52.251841+00:00,4307,-6.237238257899974,106.8272395210502,complex_corridor,FRC2,14,20,9,6,1.0,False,-6.237236971031365,106.82743234718856,21.314848279038795,True,
2026-08-01T02:45:52.520287+00:00,4312,-6.237042057899963,106.8269344210502,complex_corridor,FRC2,23,23,6,6,1.0,False,-6.237208807900389,106.82690797532604,18.770772040768108,True,
2026-08-01T02:45:52.796193+00:00,4383,-6.255330045001537,106.84307333999776,complex_corridor,FRC4,25,25,7,7,1.0,False,-6.255170245392188,106.84296367849294,21.509477825194235,True,
2026-08-01T02:45:53.059590+00:00,4421,-6.237577607899957,106.82686737105018,complex_corridor,FRC3,13,17,37,28,0.99,False,-6.237416698431964,106.82692406858013,18.95817050701808,True,
2026-08-01T02:45:53.335851+00:00,5234,-6.255677025000373,106.8431710999986,complex_corridor,FRC4,16,23,8,6,1.0,False,-6.25559934329838,106.84329627241084,16.310649749926508,True,
2026-08-01T02:45:53.608499+00:00,5259,-6.255508725000373,106.84360214999862,complex_corridor,FRC4,30,30,287,287,1.0,False,-6.255457199448482,106.84295563186589,71.6908067558573,True,
2026-08-01T02:45:53.872828+00:00,5296,-6.242909649999996,106.84406470000002,complex_corridor,FRC2,22,34,64,41,1.0,False,-6.24287098327402,106.84404058541264,5.0587612651154314,True,
2026-08-01T03:01:01.416054+00:00,703,-6.235444892859697,106.75583232857385,complex_corridor,FRC2,28,28,6,6,1.0,False,-6.235637002833079,106.75573958241279,23.694334982762854,True,
2026-08-01T03:01:01.680677+00:00,821,-6.288795825000754,106.77763638750048,complex_corridor,FRC1,18,30,60,36,0.98,False,-6.288676397337788,106.77774978959411,18.260596237349766,True,
2026-08-01T03:01:01.947068+00:00,1336,-6.235382350000007,106.7560557,complex_corridor,FRC2,27,27,9,9,1.0,False,-6.235851643158244,106.75634307944131,61.09133400248038,True,
2026-08-01T03:01:02.214357+00:00,2187,-6.234661449999994,106.7555585,complex_corridor,FRC2,39,39,18,18,1.0,False,-6.235295044618109,106.75596622907466,83.63486690954973,True,
2026-08-01T03:01:02.484358+00:00,2188,-6.233655599999991,106.75488135,complex_corridor,FRC2,30,30,32,32,1.0,False,-6.233742064909034,106.75495503627582,12.600808704103487,True,
2026-08-01T03:01:02.752506+00:00,2298,-6.288583799999989,106.77784095,complex_corridor,FRC1,28,41,500,341,1.0,False,-6.288634823320289,106.77780477487897,6.94084144102375,True,
2026-08-01T03:01:03.016109+00:00,2322,-6.2884621,106.7781152,complex_corridor,FRC1,17,26,82,53,0.99,False,-6.288455113550981,106.77822722279888,12.405765015820144,True,
2026-08-01T03:01:03.286700+00:00,2459,-6.23996075,106.79819865,complex_corridor,FRC3,20,27,568,420,1.0,False,-6.239927209643448,106.79835988366938,18.208192291717626,True,
2026-08-01T03:01:03.557800+00:00,2660,-6.288887410002579,106.77817204999796,complex_corridor,FRC1,15,15,29,29,1.0,False,-6.289080056713849,106.77821112954479,21.852459789678804,True,
2026-08-01T03:01:03.841701+00:00,2731,-6.240104349999994,106.79819525,complex_corridor,FRC1,16,20,375,300,1.0,False,-6.254711568502923,106.79717434728451,1628.1638385691926,False,
2026-08-01T03:01:04.113455+00:00,2979,-6.239918790000258,106.79844824999957,complex_corridor,FRC2,15,15,2,2,1.0,False,-6.239928542802509,106.79846583092547,2.2254395550977346,True,
2026-08-01T03:01:04.380861+00:00,3134,-6.2892448600025785,106.77855074999796,complex_corridor,FRC1,22,22,11,11,1.0,False,-6.289262432333267,106.778499467014,5.995427904385316,True,
2026-08-01T03:01:04.675178+00:00,3164,-6.239840140000258,106.79869149999956,complex_corridor,FRC2,24,24,145,145,1.0,False,-6.23981997364873,106.79856239045006,14.446370748590217,True,
2026-08-01T03:01:04.939162+00:00,3940,-6.242815700000143,106.84290446666662,complex_corridor,FRC2,12,20,33,20,0.99,False,-6.242610768682978,106.84288187111798,22.923789898286447,True,
2026-08-01T03:01:05.209692+00:00,3995,-6.2428431,106.8426503,complex_corridor,FRC2,21,32,13,8,0.95,False,-6.24270333943449,106.84230519617961,41.19038604817657,True,
2026-08-01T03:01:05.475339+00:00,4135,-6.242451300001405,106.84346441666648,complex_corridor,FRC3,27,27,15,15,1.0,False,-6.24264159782794,106.84303341592732,52.128779444682614,True,
2026-08-01T03:01:05.745462+00:00,4174,-6.242622250001264,106.84418269999986,complex_corridor,FRC3,21,21,14,14,1.0,False,-6.242365385288672,106.84405667866673,31.777844988721665,True,
2026-08-01T03:01:06.011118+00:00,4307,-6.237238257899974,106.8272395210502,complex_corridor,FRC2,21,21,6,6,1.0,False,-6.237236971031365,106.82743234718856,21.314848279038795,True,
2026-08-01T03:01:06.274270+00:00,4312,-6.237042057899963,106.8269344210502,complex_corridor,FRC2,23,23,6,6,1.0,False,-6.237208807900389,106.82690797532604,18.770772040768108,True,
2026-08-01T03:01:06.546299+00:00,4383,-6.255330045001537,106.84307333999776,complex_corridor,FRC4,25,25,7,7,1.0,False,-6.255170245392188,106.84296367849294,21.509477825194235,True,
2026-08-01T03:01:06.818225+00:00,4421,-6.237577607899957,106.82686737105018,complex_corridor,FRC3,18,18,27,27,1.0,False,-6.237416698431964,106.82692406858013,18.95817050701808,True,
2026-08-01T03:01:07.081572+00:00,5234,-6.255677025000373,106.8431710999986,complex_corridor,FRC4,23,23,6,6,1.0,False,-6.25559934329838,106.84329627241084,16.310649749926508,True,
2026-08-01T03:01:07.348457+00:00,5259,-6.255508725000373,106.84360214999862,complex_corridor,FRC4,30,30,287,287,1.0,False,-6.255457199448482,106.84295563186589,71.6908067558573,True,
2026-08-01T03:01:07.620774+00:00,5296,-6.242909649999996,106.84406470000002,complex_corridor,FRC2,25,34,56,41,1.0,False,-6.24287098327402,106.84404058541264,5.0587612651154314,True,
2026-08-01T03:15:58.662607+00:00,703,-6.235444892859697,106.75583232857385,complex_corridor,FRC2,28,28,6,6,1.0,False,-6.235637002833079,106.75573958241279,23.694334982762854,True,
2026-08-01T03:15:58.932952+00:00,821,-6.288795825000754,106.77763638750048,complex_corridor,FRC1,21,30,52,36,0.98,False,-6.288676397337788,106.77774978959411,18.260596237349766,True,
2026-08-01T03:15:59.210749+00:00,1336,-6.235382350000007,106.7560557,complex_corridor,FRC2,27,27,9,9,1.0,False,-6.235851643158244,106.75634307944131,61.09133400248038,True,
2026-08-01T03:15:59.494579+00:00,2187,-6.234661449999994,106.7555585,complex_corridor,FRC2,39,39,18,18,1.0,False,-6.235295044618109,106.75596622907466,83.63486690954973,True,
2026-08-01T03:15:59.772580+00:00,2188,-6.233655599999991,106.75488135,complex_corridor,FRC2,30,30,32,32,1.0,False,-6.233742064909034,106.75495503627582,12.600808704103487,True,
2026-08-01T03:16:00.049047+00:00,2298,-6.288583799999989,106.77784095,complex_corridor,FRC1,27,40,518,350,1.0,False,-6.288634823320289,106.77780477487897,6.94084144102375,True,
2026-08-01T03:16:00.316524+00:00,2322,-6.2884621,106.7781152,complex_corridor,FRC1,26,26,53,53,1.0,False,-6.288455113550981,106.77822722279888,12.405765015820144,True,
2026-08-01T03:16:00.590212+00:00,2459,-6.23996075,106.79819865,complex_corridor,FRC3,20,27,568,420,1.0,False,-6.239927209643448,106.79835988366938,18.208192291717626,True,
2026-08-01T03:16:00.865917+00:00,2660,-6.288887410002579,106.77817204999796,complex_corridor,FRC1,9,14,49,31,1.0,False,-6.289080056713849,106.77821112954479,21.852459789678804,True,
2026-08-01T03:16:01.132835+00:00,2731,-6.240104349999994,106.79819525,complex_corridor,FRC1,17,21,353,285,1.0,False,-6.254711568502923,106.79717434728451,1628.1638385691926,False,
2026-08-01T03:16:01.402296+00:00,2979,-6.239918790000258,106.79844824999957,complex_corridor,FRC2,15,15,2,2,1.0,False,-6.239928542802509,106.79846583092547,2.2254395550977346,True,
2026-08-01T03:16:01.671331+00:00,3134,-6.2892448600025785,106.77855074999796,complex_corridor,FRC1,22,22,11,11,1.0,False,-6.289262432333267,106.778499467014,5.995427904385316,True,
2026-08-01T03:16:01.948833+00:00,3164,-6.239840140000258,106.79869149999956,complex_corridor,FRC2,24,24,145,145,1.0,False,-6.23981997364873,106.79856239045006,14.446370748590217,True,
2026-08-01T03:16:02.223771+00:00,3940,-6.242815700000143,106.84290446666662,complex_corridor,FRC2,21,21,19,19,1.0,False,-6.242610768682978,106.84288187111798,22.923789898286447,True,
2026-08-01T03:16:02.501775+00:00,3995,-6.2428431,106.8426503,complex_corridor,FRC2,32,32,8,8,1.0,False,-6.24270333943449,106.84230519617961,41.19038604817657,True,
2026-08-01T03:16:02.802235+00:00,4135,-6.242451300001405,106.84346441666648,complex_corridor,FRC3,27,27,15,15,1.0,False,-6.24264159782794,106.84303341592732,52.128779444682614,True,
2026-08-01T03:16:03.071100+00:00,4174,-6.242622250001264,106.84418269999986,complex_corridor,FRC3,15,21,19,14,0.99,False,-6.242365385288672,106.84405667866673,31.777844988721665,True,
2026-08-01T03:16:03.338411+00:00,4307,-6.237238257899974,106.8272395210502,complex_corridor,FRC2,21,21,6,6,1.0,False,-6.237236971031365,106.82743234718856,21.314848279038795,True,
2026-08-01T03:16:03.609981+00:00,4312,-6.237042057899963,106.8269344210502,complex_corridor,FRC2,23,23,6,6,1.0,False,-6.237208807900389,106.82690797532604,18.770772040768108,True,
2026-08-01T03:16:03.881230+00:00,4383,-6.255330045001537,106.84307333999776,complex_corridor,FRC4,25,25,7,7,1.0,False,-6.255170245392188,106.84296367849294,21.509477825194235,True,
2026-08-01T03:16:04.151467+00:00,4421,-6.237577607899957,106.82686737105018,complex_corridor,FRC3,18,18,27,27,1.0,False,-6.237416698431964,106.82692406858013,18.95817050701808,True,
2026-08-01T03:16:04.421913+00:00,5234,-6.255677025000373,106.8431710999986,complex_corridor,FRC4,23,23,6,6,1.0,False,-6.25559934329838,106.84329627241084,16.310649749926508,True,
2026-08-01T03:16:04.690883+00:00,5259,-6.255508725000373,106.84360214999862,complex_corridor,FRC4,26,30,331,287,0.996299,False,-6.255457199448482,106.84295563186589,71.6908067558573,True,
2026-08-01T03:16:04.959767+00:00,5296,-6.242909649999996,106.84406470000002,complex_corridor,FRC2,13,35,109,40,1.0,False,-6.24287098327402,106.84404058541264,5.0587612651154314,True,
2026-08-01T03:30:55.523064+00:00,703,-6.235444892859697,106.75583232857385,complex_corridor,FRC2,28,28,6,6,1.0,False,-6.235637002833079,106.75573958241279,23.694334982762854,True,
2026-08-01T03:30:55.832865+00:00,821,-6.288795825000754,106.77763638750048,complex_corridor,FRC1,22,30,49,36,0.99,False,-6.288676397337788,106.77774978959411,18.260596237349766,True,
2026-08-01T03:30:56.211544+00:00,1336,-6.235382350000007,106.7560557,complex_corridor,FRC2,27,27,9,9,1.0,False,-6.235851643158244,106.75634307944131,61.09133400248038,True,
2026-08-01T03:30:56.533900+00:00,2187,-6.234661449999994,106.7555585,complex_corridor,FRC2,39,39,18,18,1.0,False,-6.235295044618109,106.75596622907466,83.63486690954973,True,
2026-08-01T03:30:56.851091+00:00,2188,-6.233655599999991,106.75488135,complex_corridor,FRC2,30,30,32,32,1.0,False,-6.233742064909034,106.75495503627582,12.600808704103487,True,
2026-08-01T03:30:57.188368+00:00,2298,-6.288583799999989,106.77784095,complex_corridor,FRC1,28,41,500,341,1.0,False,-6.288634823320289,106.77780477487897,6.94084144102375,True,
2026-08-01T03:30:57.492991+00:00,2322,-6.2884621,106.7781152,complex_corridor,FRC1,26,26,53,53,1.0,False,-6.288455113550981,106.77822722279888,12.405765015820144,True,
2026-08-01T03:30:57.799995+00:00,2459,-6.23996075,106.79819865,complex_corridor,FRC3,19,28,597,405,1.0,False,-6.239927209643448,106.79835988366938,18.208192291717626,True,
2026-08-01T03:30:58.109094+00:00,2660,-6.288887410002579,106.77817204999796,complex_corridor,FRC1,15,15,29,29,1.0,False,-6.289080056713849,106.77821112954479,21.852459789678804,True,
2026-08-01T03:30:58.416478+00:00,2731,-6.240104349999994,106.79819525,complex_corridor,FRC1,12,20,500,300,1.0,False,-6.254711568502923,106.79717434728451,1628.1638385691926,False,
2026-08-01T03:30:58.718387+00:00,2979,-6.239918790000258,106.79844824999957,complex_corridor,FRC2,15,15,2,2,1.0,False,-6.239928542802509,106.79846583092547,2.2254395550977346,True,
2026-08-01T03:30:59.023750+00:00,3134,-6.2892448600025785,106.77855074999796,complex_corridor,FRC1,22,22,11,11,1.0,False,-6.289262432333267,106.778499467014,5.995427904385316,True,
2026-08-01T03:30:59.423656+00:00,3164,-6.239840140000258,106.79869149999956,complex_corridor,FRC2,24,24,145,145,1.0,False,-6.23981997364873,106.79856239045006,14.446370748590217,True,
2026-08-01T03:30:59.725063+00:00,3940,-6.242815700000143,106.84290446666662,complex_corridor,FRC2,21,21,19,19,1.0,False,-6.242610768682978,106.84288187111798,22.923789898286447,True,
2026-08-01T03:31:00.024589+00:00,3995,-6.2428431,106.8426503,complex_corridor,FRC2,32,32,8,8,1.0,False,-6.24270333943449,106.84230519617961,41.19038604817657,True,
2026-08-01T03:31:00.358926+00:00,4135,-6.242451300001405,106.84346441666648,complex_corridor,FRC3,27,27,15,15,1.0,False,-6.24264159782794,106.84303341592732,52.128779444682614,True,
2026-08-01T03:31:00.677106+00:00,4174,-6.242622250001264,106.84418269999986,complex_corridor,FRC3,21,21,14,14,1.0,False,-6.242365385288672,106.84405667866673,31.777844988721665,True,
2026-08-01T03:31:00.992087+00:00,4307,-6.237238257899974,106.8272395210502,complex_corridor,FRC2,21,21,6,6,1.0,False,-6.237236971031365,106.82743234718856,21.314848279038795,True,
2026-08-01T03:31:01.308062+00:00,4312,-6.237042057899963,106.8269344210502,complex_corridor,FRC2,17,22,8,6,1.0,False,-6.237208807900389,106.82690797532604,18.770772040768108,True,
2026-08-01T03:31:01.607558+00:00,4383,-6.255330045001537,106.84307333999776,complex_corridor,FRC4,19,24,9,7,1.0,False,-6.255170245392188,106.84296367849294,21.509477825194235,True,
2026-08-01T03:31:01.908585+00:00,4421,-6.237577607899957,106.82686737105018,complex_corridor,FRC3,18,18,27,27,1.0,False,-6.237416698431964,106.82692406858013,18.95817050701808,True,
2026-08-01T03:31:02.212282+00:00,5234,-6.255677025000373,106.8431710999986,complex_corridor,FRC4,23,23,6,6,1.0,False,-6.25559934329838,106.84329627241084,16.310649749926508,True,
2026-08-01T03:31:02.512698+00:00,5259,-6.255508725000373,106.84360214999862,complex_corridor,FRC4,22,30,391,287,0.99637,False,-6.255457199448482,106.84295563186589,71.6908067558573,True,
2026-08-01T03:31:02.817867+00:00,5296,-6.242909649999996,106.84406470000002,complex_corridor,FRC2,22,35,64,40,1.0,False,-6.24287098327402,106.84404058541264,5.0587612651154314,True,
2026-08-01T03:45:52.613489+00:00,703,-6.235444892859697,106.75583232857385,complex_corridor,FRC2,28,28,6,6,1.0,False,-6.235637002833079,106.75573958241279,23.694334982762854,True,
2026-08-01T03:45:52.905352+00:00,821,-6.288795825000754,106.77763638750048,complex_corridor,FRC1,20,31,54,35,1.0,False,-6.288676397337788,106.77774978959411,18.260596237349766,True,
2026-08-01T03:45:53.198357+00:00,1336,-6.235382350000007,106.7560557,complex_corridor,FRC2,27,27,9,9,1.0,False,-6.235851643158244,106.75634307944131,61.09133400248038,True,
2026-08-01T03:45:53.493366+00:00,2187,-6.234661449999994,106.7555585,complex_corridor,FRC2,39,39,18,18,1.0,False,-6.235295044618109,106.75596622907466,83.63486690954973,True,
2026-08-01T03:45:53.785369+00:00,2188,-6.233655599999991,106.75488135,complex_corridor,FRC2,30,30,32,32,1.0,False,-6.233742064909034,106.75495503627582,12.600808704103487,True,
2026-08-01T03:45:54.073421+00:00,2298,-6.288583799999989,106.77784095,complex_corridor,FRC1,29,41,482,341,1.0,False,-6.288634823320289,106.77780477487897,6.94084144102375,True,
2026-08-01T03:45:54.362068+00:00,2322,-6.2884621,106.7781152,complex_corridor,FRC1,19,26,73,53,1.0,False,-6.288455113550981,106.77822722279888,12.405765015820144,True,
2026-08-01T03:45:54.649795+00:00,2459,-6.23996075,106.79819865,complex_corridor,FRC3,17,27,668,420,1.0,False,-6.239927209643448,106.79835988366938,18.208192291717626,True,
2026-08-01T03:45:54.936551+00:00,2660,-6.288887410002579,106.77817204999796,complex_corridor,FRC1,9,14,49,31,1.0,False,-6.289080056713849,106.77821112954479,21.852459789678804,True,
2026-08-01T03:45:55.221816+00:00,2731,-6.240104349999994,106.79819525,complex_corridor,FRC1,15,20,400,300,1.0,False,-6.254711568502923,106.79717434728451,1628.1638385691926,False,
2026-08-01T03:45:55.507821+00:00,2979,-6.239918790000258,106.79844824999957,complex_corridor,FRC2,10,15,4,2,1.0,False,-6.239928542802509,106.79846583092547,2.2254395550977346,True,
2026-08-01T03:45:55.803659+00:00,3134,-6.2892448600025785,106.77855074999796,complex_corridor,FRC1,8,23,32,11,1.0,False,-6.289262432333267,106.778499467014,5.995427904385316,True,
2026-08-01T03:45:56.106351+00:00,3164,-6.239840140000258,106.79869149999956,complex_corridor,FRC2,24,24,145,145,1.0,False,-6.23981997364873,106.79856239045006,14.446370748590217,True,
2026-08-01T03:45:56.400020+00:00,3940,-6.242815700000143,106.84290446666662,complex_corridor,FRC2,21,21,19,19,1.0,False,-6.242610768682978,106.84288187111798,22.923789898286447,True,
2026-08-01T03:45:56.690618+00:00,3995,-6.2428431,106.8426503,complex_corridor,FRC2,32,32,8,8,1.0,False,-6.24270333943449,106.84230519617961,41.19038604817657,True,
2026-08-01T03:45:56.978822+00:00,4135,-6.242451300001405,106.84346441666648,complex_corridor,FRC3,27,27,15,15,1.0,False,-6.24264159782794,106.84303341592732,52.128779444682614,True,
2026-08-01T03:45:57.273115+00:00,4174,-6.242622250001264,106.84418269999986,complex_corridor,FRC3,17,21,17,14,0.98,False,-6.242365385288672,106.84405667866673,31.777844988721665,True,
2026-08-01T03:45:57.559013+00:00,4307,-6.237238257899974,106.8272395210502,complex_corridor,FRC2,21,21,6,6,1.0,False,-6.237236971031365,106.82743234718856,21.314848279038795,True,
2026-08-01T03:45:57.844381+00:00,4312,-6.237042057899963,106.8269344210502,complex_corridor,FRC2,23,23,6,6,1.0,False,-6.237208807900389,106.82690797532604,18.770772040768108,True,
2026-08-01T03:45:58.136698+00:00,4383,-6.255330045001537,106.84307333999776,complex_corridor,FRC4,25,25,7,7,1.0,False,-6.255170245392188,106.84296367849294,21.509477825194235,True,
2026-08-01T03:45:58.428580+00:00,4421,-6.237577607899957,106.82686737105018,complex_corridor,FRC3,18,18,27,27,1.0,False,-6.237416698431964,106.82692406858013,18.95817050701808,True,
2026-08-01T03:45:58.716739+00:00,5234,-6.255677025000373,106.8431710999986,complex_corridor,FRC4,23,23,6,6,1.0,False,-6.25559934329838,106.84329627241084,16.310649749926508,True,
2026-08-01T03:45:59.009438+00:00,5259,-6.255508725000373,106.84360214999862,complex_corridor,FRC4,22,29,391,297,0.99726,False,-6.255457199448482,106.84295563186589,71.6908067558573,True,
2026-08-01T03:45:59.312759+00:00,5296,-6.242909649999996,106.84406470000002,complex_corridor,FRC2,27,35,52,40,1.0,False,-6.24287098327402,106.84404058541264,5.0587612651154314,True,
2026-08-01T04:01:00.873965+00:00,703,-6.235444892859697,106.75583232857385,complex_corridor,FRC2,28,28,6,6,1.0,False,-6.235637002833079,106.75573958241279,23.694334982762854,True,
2026-08-01T04:01:01.177791+00:00,821,-6.288795825000754,106.77763638750048,complex_corridor,FRC1,31,31,35,35,1.0,False,-6.288676397337788,106.77774978959411,18.260596237349766,True,
2026-08-01T04:01:01.486655+00:00,1336,-6.235382350000007,106.7560557,complex_corridor,FRC2,27,27,9,9,1.0,False,-6.235851643158244,106.75634307944131,61.09133400248038,True,
2026-08-01T04:01:01.794379+00:00,2187,-6.234661449999994,106.7555585,complex_corridor,FRC2,39,39,18,18,1.0,False,-6.235295044618109,106.75596622907466,83.63486690954973,True,
2026-08-01T04:01:02.099421+00:00,2188,-6.233655599999991,106.75488135,complex_corridor,FRC2,30,30,32,32,1.0,False,-6.233742064909034,106.75495503627582,12.600808704103487,True,
2026-08-01T04:01:02.427611+00:00,2298,-6.288583799999989,106.77784095,complex_corridor,FRC1,25,41,560,341,1.0,False,-6.288634823320289,106.77780477487897,6.94084144102375,True,
2026-08-01T04:01:02.729969+00:00,2322,-6.2884621,106.7781152,complex_corridor,FRC1,26,26,53,53,1.0,False,-6.288455113550981,106.77822722279888,12.405765015820144,True,
2026-08-01T04:01:03.038360+00:00,2459,-6.23996075,106.79819865,complex_corridor,FRC3,18,27,631,420,1.0,False,-6.239927209643448,106.79835988366938,18.208192291717626,True,
2026-08-01T04:01:03.345242+00:00,2660,-6.288887410002579,106.77817204999796,complex_corridor,FRC1,11,15,40,29,1.0,False,-6.289080056713849,106.77821112954479,21.852459789678804,True,
2026-08-01T04:01:03.652189+00:00,2731,-6.240104349999994,106.79819525,complex_corridor,FRC1,15,22,400,272,1.0,False,-6.254711568502923,106.79717434728451,1628.1638385691926,False,
2026-08-01T04:01:03.952219+00:00,2979,-6.239918790000258,106.79844824999957,complex_corridor,FRC2,15,15,2,2,1.0,False,-6.239928542802509,106.79846583092547,2.2254395550977346,True,
2026-08-01T04:01:04.253505+00:00,3134,-6.2892448600025785,106.77855074999796,complex_corridor,FRC1,11,22,23,11,1.0,False,-6.289262432333267,106.778499467014,5.995427904385316,True,
2026-08-01T04:01:04.557857+00:00,3164,-6.239840140000258,106.79869149999956,complex_corridor,FRC2,24,24,145,145,1.0,False,-6.23981997364873,106.79856239045006,14.446370748590217,True,
2026-08-01T04:01:04.866169+00:00,3940,-6.242815700000143,106.84290446666662,complex_corridor,FRC2,21,21,19,19,1.0,False,-6.242610768682978,106.84288187111798,22.923789898286447,True,
2026-08-01T04:01:05.173657+00:00,3995,-6.2428431,106.8426503,complex_corridor,FRC2,32,32,8,8,1.0,False,-6.24270333943449,106.84230519617961,41.19038604817657,True,
2026-08-01T04:01:05.479663+00:00,4135,-6.242451300001405,106.84346441666648,complex_corridor,FRC3,27,27,15,15,1.0,False,-6.24264159782794,106.84303341592732,52.128779444682614,True,
2026-08-01T04:01:05.781007+00:00,4174,-6.242622250001264,106.84418269999986,complex_corridor,FRC3,21,21,14,14,1.0,False,-6.242365385288672,106.84405667866673,31.777844988721665,True,
2026-08-01T04:01:06.135618+00:00,4307,-6.237238257899974,106.8272395210502,complex_corridor,FRC2,21,21,6,6,1.0,False,-6.237236971031365,106.82743234718856,21.314848279038795,True,
2026-08-01T04:01:06.438697+00:00,4312,-6.237042057899963,106.8269344210502,complex_corridor,FRC2,23,23,6,6,1.0,False,-6.237208807900389,106.82690797532604,18.770772040768108,True,
2026-08-01T04:01:06.742391+00:00,4383,-6.255330045001537,106.84307333999776,complex_corridor,FRC4,25,25,7,7,1.0,False,-6.255170245392188,106.84296367849294,21.509477825194235,True,
2026-08-01T04:01:07.047358+00:00,4421,-6.237577607899957,106.82686737105018,complex_corridor,FRC3,18,18,27,27,1.0,False,-6.237416698431964,106.82692406858013,18.95817050701808,True,
2026-08-01T04:01:07.353809+00:00,5234,-6.255677025000373,106.8431710999986,complex_corridor,FRC4,12,22,11,6,0.99,False,-6.25559934329838,106.84329627241084,16.310649749926508,True,
2026-08-01T04:01:07.657668+00:00,5259,-6.255508725000373,106.84360214999862,complex_corridor,FRC4,25,29,344,297,0.994173,False,-6.255457199448482,106.84295563186589,71.6908067558573,True,
2026-08-01T04:01:07.963318+00:00,5296,-6.242909649999996,106.84406470000002,complex_corridor,FRC2,10,35,142,40,1.0,False,-6.24287098327402,106.84404058541264,5.0587612651154314,True,
2026-08-01T04:15:54.271993+00:00,703,-6.235444892859697,106.75583232857385,complex_corridor,FRC2,28,28,6,6,1.0,False,-6.235637002833079,106.75573958241279,23.694334982762854,True,
2026-08-01T04:15:54.538531+00:00,821,-6.288795825000754,106.77763638750048,complex_corridor,FRC1,22,30,49,36,0.99,False,-6.288676397337788,106.77774978959411,18.260596237349766,True,
2026-08-01T04:15:54.819653+00:00,1336,-6.235382350000007,106.7560557,complex_corridor,FRC2,27,27,9,9,1.0,False,-6.235851643158244,106.75634307944131,61.09133400248038,True,
2026-08-01T04:15:55.088470+00:00,2187,-6.234661449999994,106.7555585,complex_corridor,FRC2,39,39,18,18,1.0,False,-6.235295044618109,106.75596622907466,83.63486690954973,True,
2026-08-01T04:15:55.354613+00:00,2188,-6.233655599999991,106.75488135,complex_corridor,FRC2,30,30,32,32,1.0,False,-6.233742064909034,106.75495503627582,12.600808704103487,True,
2026-08-01T04:15:55.651201+00:00,2298,-6.288583799999989,106.77784095,complex_corridor,FRC1,25,41,560,341,1.0,False,-6.288634823320289,106.77780477487897,6.94084144102375,True,
2026-08-01T04:15:55.926670+00:00,2322,-6.2884621,106.7781152,complex_corridor,FRC1,20,25,70,56,1.0,False,-6.288455113550981,106.77822722279888,12.405765015820144,True,
2026-08-01T04:15:56.192258+00:00,2459,-6.23996075,106.79819865,complex_corridor,FRC3,18,27,631,420,1.0,False,-6.239927209643448,106.79835988366938,18.208192291717626,True,
2026-08-01T04:15:56.467831+00:00,2660,-6.288887410002579,106.77817204999796,complex_corridor,FRC1,12,16,37,27,1.0,False,-6.289080056713849,106.77821112954479,21.852459789678804,True,
2026-08-01T04:15:56.737830+00:00,2731,-6.240104349999994,106.79819525,complex_corridor,FRC1,17,21,353,285,1.0,False,-6.254711568502923,106.79717434728451,1628.1638385691926,False,
2026-08-01T04:15:57.003329+00:00,2979,-6.239918790000258,106.79844824999957,complex_corridor,FRC2,11,15,3,2,1.0,False,-6.239928542802509,106.79846583092547,2.2254395550977346,True,
2026-08-01T04:15:57.268744+00:00,3134,-6.2892448600025785,106.77855074999796,complex_corridor,FRC1,22,22,11,11,1.0,False,-6.289262432333267,106.778499467014,5.995427904385316,True,
2026-08-01T04:15:57.538679+00:00,3164,-6.239840140000258,106.79869149999956,complex_corridor,FRC2,24,24,145,145,1.0,False,-6.23981997364873,106.79856239045006,14.446370748590217,True,
2026-08-01T04:15:57.803373+00:00,3940,-6.242815700000143,106.84290446666662,complex_corridor,FRC2,21,21,19,19,1.0,False,-6.242610768682978,106.84288187111798,22.923789898286447,True,
2026-08-01T04:15:58.083089+00:00,3995,-6.2428431,106.8426503,complex_corridor,FRC2,32,32,8,8,1.0,False,-6.24270333943449,106.84230519617961,41.19038604817657,True,
2026-08-01T04:15:58.348152+00:00,4135,-6.242451300001405,106.84346441666648,complex_corridor,FRC3,27,27,15,15,1.0,False,-6.24264159782794,106.84303341592732,52.128779444682614,True,
2026-08-01T04:15:58.613879+00:00,4174,-6.242622250001264,106.84418269999986,complex_corridor,FRC3,21,21,14,14,1.0,False,-6.242365385288672,106.84405667866673,31.777844988721665,True,
2026-08-01T04:15:58.883782+00:00,4307,-6.237238257899974,106.8272395210502,complex_corridor,FRC2,21,21,6,6,1.0,False,-6.237236971031365,106.82743234718856,21.314848279038795,True,
2026-08-01T04:15:59.146763+00:00,4312,-6.237042057899963,106.8269344210502,complex_corridor,FRC2,23,23,6,6,1.0,False,-6.237208807900389,106.82690797532604,18.770772040768108,True,
2026-08-01T04:15:59.414494+00:00,4383,-6.255330045001537,106.84307333999776,complex_corridor,FRC4,25,25,7,7,1.0,False,-6.255170245392188,106.84296367849294,21.509477825194235,True,
2026-08-01T04:15:59.681357+00:00,4421,-6.237577607899957,106.82686737105018,complex_corridor,FRC3,18,18,27,27,1.0,False,-6.237416698431964,106.82692406858013,18.95817050701808,True,
2026-08-01T04:15:59.944342+00:00,5234,-6.255677025000373,106.8431710999986,complex_corridor,FRC4,23,23,6,6,1.0,False,-6.25559934329838,106.84329627241084,16.310649749926508,True,
2026-08-01T04:16:00.211787+00:00,5259,-6.255508725000373,106.84360214999862,complex_corridor,FRC4,25,30,344,287,0.997256,False,-6.255457199448482,106.84295563186589,71.6908067558573,True,
2026-08-01T04:16:00.475510+00:00,5296,-6.242909649999996,106.84406470000002,complex_corridor,FRC2,20,34,71,41,1.0,False,-6.24287098327402,106.84404058541264,5.0587612651154314,True,
2026-08-01T04:30:52.317286+00:00,703,-6.235444892859697,106.75583232857385,complex_corridor,FRC2,28,28,6,6,1.0,False,-6.235637002833079,106.75573958241279,23.694334982762854,True,
2026-08-01T04:30:52.593328+00:00,821,-6.288795825000754,106.77763638750048,complex_corridor,FRC1,31,31,35,35,1.0,False,-6.288676397337788,106.77774978959411,18.260596237349766,True,
2026-08-01T04:30:52.874963+00:00,1336,-6.235382350000007,106.7560557,complex_corridor,FRC2,27,27,9,9,1.0,False,-6.235851643158244,106.75634307944131,61.09133400248038,True,
2026-08-01T04:30:53.141176+00:00,2187,-6.234661449999994,106.7555585,complex_corridor,FRC2,39,39,18,18,1.0,False,-6.235295044618109,106.75596622907466,83.63486690954973,True,
2026-08-01T04:30:53.410488+00:00,2188,-6.233655599999991,106.75488135,complex_corridor,FRC2,30,30,32,32,1.0,False,-6.233742064909034,106.75495503627582,12.600808704103487,True,
2026-08-01T04:30:53.681914+00:00,2298,-6.288583799999989,106.77784095,complex_corridor,FRC1,24,41,583,341,1.0,False,-6.288634823320289,106.77780477487897,6.94084144102375,True,
2026-08-01T04:30:53.948954+00:00,2322,-6.2884621,106.7781152,complex_corridor,FRC1,26,26,53,53,1.0,False,-6.288455113550981,106.77822722279888,12.405765015820144,True,
2026-08-01T04:30:54.220275+00:00,2459,-6.23996075,106.79819865,complex_corridor,FRC3,16,27,710,420,1.0,False,-6.239927209643448,106.79835988366938,18.208192291717626,True,
2026-08-01T04:30:54.483427+00:00,2660,-6.288887410002579,106.77817204999796,complex_corridor,FRC1,15,15,29,29,1.0,False,-6.289080056713849,106.77821112954479,21.852459789678804,True,
2026-08-01T04:30:54.751320+00:00,2731,-6.240104349999994,106.79819525,complex_corridor,FRC1,13,19,461,315,1.0,False,-6.254711568502923,106.79717434728451,1628.1638385691926,False,
2026-08-01T04:30:55.014578+00:00,2979,-6.239918790000258,106.79844824999957,complex_corridor,FRC2,11,15,3,2,1.0,False,-6.239928542802509,106.79846583092547,2.2254395550977346,True,
2026-08-01T04:30:55.335355+00:00,3134,-6.2892448600025785,106.77855074999796,complex_corridor,FRC1,12,22,21,11,1.0,False,-6.289262432333267,106.778499467014,5.995427904385316,True,
2026-08-01T04:30:55.598360+00:00,3164,-6.239840140000258,106.79869149999956,complex_corridor,FRC2,24,24,145,145,1.0,False,-6.23981997364873,106.79856239045006,14.446370748590217,True,
2026-08-01T04:30:55.864958+00:00,3940,-6.242815700000143,106.84290446666662,complex_corridor,FRC2,21,21,19,19,1.0,False,-6.242610768682978,106.84288187111798,22.923789898286447,True,
2026-08-01T04:30:56.128094+00:00,3995,-6.2428431,106.8426503,complex_corridor,FRC2,10,30,27,9,0.98,False,-6.24270333943449,106.84230519617961,41.19038604817657,True,
2026-08-01T04:30:56.392999+00:00,4135,-6.242451300001405,106.84346441666648,complex_corridor,FRC3,27,27,15,15,1.0,False,-6.24264159782794,106.84303341592732,52.128779444682614,True,
2026-08-01T04:30:56.658066+00:00,4174,-6.242622250001264,106.84418269999986,complex_corridor,FRC3,21,21,14,14,1.0,False,-6.242365385288672,106.84405667866673,31.777844988721665,True,
2026-08-01T04:30:56.925003+00:00,4307,-6.237238257899974,106.8272395210502,complex_corridor,FRC2,21,21,6,6,1.0,False,-6.237236971031365,106.82743234718856,21.314848279038795,True,
2026-08-01T04:30:57.190076+00:00,4312,-6.237042057899963,106.8269344210502,complex_corridor,FRC2,23,23,6,6,1.0,False,-6.237208807900389,106.82690797532604,18.770772040768108,True,
2026-08-01T04:30:57.454285+00:00,4383,-6.255330045001537,106.84307333999776,complex_corridor,FRC4,25,25,7,7,1.0,False,-6.255170245392188,106.84296367849294,21.509477825194235,True,
2026-08-01T04:30:57.722355+00:00,4421,-6.237577607899957,106.82686737105018,complex_corridor,FRC3,18,18,27,27,1.0,False,-6.237416698431964,106.82692406858013,18.95817050701808,True,
2026-08-01T04:30:57.989001+00:00,5234,-6.255677025000373,106.8431710999986,complex_corridor,FRC4,23,23,6,6,1.0,False,-6.25559934329838,106.84329627241084,16.310649749926508,True,
2026-08-01T04:30:58.274583+00:00,5259,-6.255508725000373,106.84360214999862,complex_corridor,FRC4,30,30,287,287,1.0,False,-6.255457199448482,106.84295563186589,71.6908067558573,True,
2026-08-01T04:30:58.539454+00:00,5296,-6.242909649999996,106.84406470000002,complex_corridor,FRC2,26,34,54,41,1.0,False,-6.24287098327402,106.84404058541264,5.0587612651154314,True,
2026-08-01T04:45:49.666016+00:00,703,-6.235444892859697,106.75583232857385,complex_corridor,FRC2,28,28,6,6,1.0,False,-6.235637002833079,106.75573958241279,23.694334982762854,True,
2026-08-01T04:45:49.931884+00:00,821,-6.288795825000754,106.77763638750048,complex_corridor,FRC1,25,31,43,35,0.99,False,-6.288676397337788,106.77774978959411,18.260596237349766,True,
2026-08-01T04:45:50.202382+00:00,1336,-6.235382350000007,106.7560557,complex_corridor,FRC2,21,26,12,10,0.99,False,-6.235851643158244,106.75634307944131,61.09133400248038,True,
2026-08-01T04:45:50.466264+00:00,2187,-6.234661449999994,106.7555585,complex_corridor,FRC2,14,38,52,19,1.0,False,-6.235295044618109,106.75596622907466,83.63486690954973,True,
2026-08-01T04:45:50.732389+00:00,2188,-6.233655599999991,106.75488135,complex_corridor,FRC2,30,30,32,32,1.0,False,-6.233742064909034,106.75495503627582,12.600808704103487,True,
2026-08-01T04:45:50.997837+00:00,2298,-6.288583799999989,106.77784095,complex_corridor,FRC1,23,40,608,350,1.0,False,-6.288634823320289,106.77780477487897,6.94084144102375,True,
2026-08-01T04:45:51.261056+00:00,2322,-6.2884621,106.7781152,complex_corridor,FRC1,26,26,53,53,1.0,False,-6.288455113550981,106.77822722279888,12.405765015820144,True,
2026-08-01T04:45:51.525122+00:00,2459,-6.23996075,106.79819865,complex_corridor,FRC3,18,28,631,405,1.0,False,-6.239927209643448,106.79835988366938,18.208192291717626,True,
2026-08-01T04:45:51.797999+00:00,2660,-6.288887410002579,106.77817204999796,complex_corridor,FRC1,15,16,29,27,1.0,False,-6.289080056713849,106.77821112954479,21.852459789678804,True,
2026-08-01T04:45:52.065376+00:00,2731,-6.240104349999994,106.79819525,complex_corridor,FRC1,15,21,400,285,1.0,False,-6.254711568502923,106.79717434728451,1628.1638385691926,False,
2026-08-01T04:45:52.343750+00:00,2979,-6.239918790000258,106.79844824999957,complex_corridor,FRC2,15,15,2,2,1.0,False,-6.239928542802509,106.79846583092547,2.2254395550977346,True,
2026-08-01T04:45:52.613751+00:00,3134,-6.2892448600025785,106.77855074999796,complex_corridor,FRC1,8,21,32,12,1.0,False,-6.289262432333267,106.778499467014,5.995427904385316,True,
2026-08-01T04:45:52.881162+00:00,3164,-6.239840140000258,106.79869149999956,complex_corridor,FRC2,24,24,145,145,1.0,False,-6.23981997364873,106.79856239045006,14.446370748590217,True,
2026-08-01T04:45:53.176390+00:00,3940,-6.242815700000143,106.84290446666662,complex_corridor,FRC2,21,21,19,19,1.0,False,-6.242610768682978,106.84288187111798,22.923789898286447,True,
2026-08-01T04:45:53.445959+00:00,3995,-6.2428431,106.8426503,complex_corridor,FRC2,10,30,27,9,0.95,False,-6.24270333943449,106.84230519617961,41.19038604817657,True,
2026-08-01T04:45:53.711625+00:00,4135,-6.242451300001405,106.84346441666648,complex_corridor,FRC3,27,27,15,15,1.0,False,-6.24264159782794,106.84303341592732,52.128779444682614,True,
2026-08-01T04:45:53.975946+00:00,4174,-6.242622250001264,106.84418269999986,complex_corridor,FRC3,21,21,14,14,1.0,False,-6.242365385288672,106.84405667866673,31.777844988721665,True,
2026-08-01T04:45:54.239282+00:00,4307,-6.237238257899974,106.8272395210502,complex_corridor,FRC2,12,20,10,6,0.99,False,-6.237236971031365,106.82743234718856,21.314848279038795,True,
2026-08-01T04:45:54.510147+00:00,4312,-6.237042057899963,106.8269344210502,complex_corridor,FRC2,23,23,6,6,1.0,False,-6.237208807900389,106.82690797532604,18.770772040768108,True,
2026-08-01T04:45:54.796632+00:00,4383,-6.255330045001537,106.84307333999776,complex_corridor,FRC4,17,25,10,7,1.0,False,-6.255170245392188,106.84296367849294,21.509477825194235,True,
2026-08-01T04:45:55.131108+00:00,4421,-6.237577607899957,106.82686737105018,complex_corridor,FRC3,10,18,49,27,1.0,False,-6.237416698431964,106.82692406858013,18.95817050701808,True,
2026-08-01T04:45:55.398961+00:00,5234,-6.255677025000373,106.8431710999986,complex_corridor,FRC4,23,23,6,6,1.0,False,-6.25559934329838,106.84329627241084,16.310649749926508,True,
2026-08-01T04:45:55.662764+00:00,5259,-6.255508725000373,106.84360214999862,complex_corridor,FRC4,30,30,287,287,1.0,False,-6.255457199448482,106.84295563186589,71.6908067558573,True,
2026-08-01T04:45:55.925001+00:00,5296,-6.242909649999996,106.84406470000002,complex_corridor,FRC2,13,35,109,40,1.0,False,-6.24287098327402,106.84404058541264,5.0587612651154314,True,
2026-08-01T05:00:57.745621+00:00,703,-6.235444892859697,106.75583232857385,complex_corridor,FRC2,28,28,6,6,1.0,False,-6.235637002833079,106.75573958241279,23.694334982762854,True,
2026-08-01T05:00:58.036947+00:00,821,-6.288795825000754,106.77763638750048,complex_corridor,FRC1,31,31,35,35,1.0,False,-6.288676397337788,106.77774978959411,18.260596237349766,True,
2026-08-01T05:00:58.335998+00:00,1336,-6.235382350000007,106.7560557,complex_corridor,FRC2,27,27,9,9,1.0,False,-6.235851643158244,106.75634307944131,61.09133400248038,True,
2026-08-01T05:00:58.625926+00:00,2187,-6.234661449999994,106.7555585,complex_corridor,FRC2,39,39,18,18,1.0,False,-6.235295044618109,106.75596622907466,83.63486690954973,True,
2026-08-01T05:00:58.922581+00:00,2188,-6.233655599999991,106.75488135,complex_corridor,FRC2,30,30,32,32,1.0,False,-6.233742064909034,106.75495503627582,12.600808704103487,True,
2026-08-01T05:00:59.214284+00:00,2298,-6.288583799999989,106.77784095,complex_corridor,FRC1,23,40,608,350,1.0,False,-6.288634823320289,106.77780477487897,6.94084144102375,True,
2026-08-01T05:00:59.518234+00:00,2322,-6.2884621,106.7781152,complex_corridor,FRC1,16,25,87,56,1.0,False,-6.288455113550981,106.77822722279888,12.405765015820144,True,
2026-08-01T05:00:59.811669+00:00,2459,-6.23996075,106.79819865,complex_corridor,FRC3,16,27,710,420,1.0,False,-6.239927209643448,106.79835988366938,18.208192291717626,True,
2026-08-01T05:01:00.100460+00:00,2660,-6.288887410002579,106.77817204999796,complex_corridor,FRC1,14,16,31,27,1.0,False,-6.289080056713849,106.77821112954479,21.852459789678804,True,
2026-08-01T05:01:00.400812+00:00,2731,-6.240104349999994,106.79819525,complex_corridor,FRC1,14,21,428,285,1.0,False,-6.254711568502923,106.79717434728451,1628.1638385691926,False,
2026-08-01T05:01:00.693643+00:00,2979,-6.239918790000258,106.79844824999957,complex_corridor,FRC2,12,15,3,2,1.0,False,-6.239928542802509,106.79846583092547,2.2254395550977346,True,
2026-08-01T05:01:00.987686+00:00,3134,-6.2892448600025785,106.77855074999796,complex_corridor,FRC1,11,21,23,12,1.0,False,-6.289262432333267,106.778499467014,5.995427904385316,True,
2026-08-01T05:01:01.281910+00:00,3164,-6.239840140000258,106.79869149999956,complex_corridor,FRC2,24,24,145,145,1.0,False,-6.23981997364873,106.79856239045006,14.446370748590217,True,
2026-08-01T05:01:01.572905+00:00,3940,-6.242815700000143,106.84290446666662,complex_corridor,FRC2,21,21,19,19,1.0,False,-6.242610768682978,106.84288187111798,22.923789898286447,True,
2026-08-01T05:01:01.863588+00:00,3995,-6.2428431,106.8426503,complex_corridor,FRC2,32,32,8,8,1.0,False,-6.24270333943449,106.84230519617961,41.19038604817657,True,
2026-08-01T05:01:02.163925+00:00,4135,-6.242451300001405,106.84346441666648,complex_corridor,FRC3,27,27,15,15,1.0,False,-6.24264159782794,106.84303341592732,52.128779444682614,True,
2026-08-01T05:01:02.452207+00:00,4174,-6.242622250001264,106.84418269999986,complex_corridor,FRC3,16,21,18,14,0.99,False,-6.242365385288672,106.84405667866673,31.777844988721665,True,
2026-08-01T05:01:02.741832+00:00,4307,-6.237238257899974,106.8272395210502,complex_corridor,FRC2,12,20,10,6,1.0,False,-6.237236971031365,106.82743234718856,21.314848279038795,True,
2026-08-01T05:01:03.040739+00:00,4312,-6.237042057899963,106.8269344210502,complex_corridor,FRC2,23,23,6,6,1.0,False,-6.237208807900389,106.82690797532604,18.770772040768108,True,
2026-08-01T05:01:03.331486+00:00,4383,-6.255330045001537,106.84307333999776,complex_corridor,FRC4,25,25,7,7,1.0,False,-6.255170245392188,106.84296367849294,21.509477825194235,True,
2026-08-01T05:01:03.624446+00:00,4421,-6.237577607899957,106.82686737105018,complex_corridor,FRC3,13,17,37,28,1.0,False,-6.237416698431964,106.82692406858013,18.95817050701808,True,
2026-08-01T05:01:03.913898+00:00,5234,-6.255677025000373,106.8431710999986,complex_corridor,FRC4,18,23,7,6,1.0,False,-6.25559934329838,106.84329627241084,16.310649749926508,True,
2026-08-01T05:01:04.205979+00:00,5259,-6.255508725000373,106.84360214999862,complex_corridor,FRC4,26,30,331,287,0.997256,False,-6.255457199448482,106.84295563186589,71.6908067558573,True,
2026-08-01T05:01:04.497406+00:00,5296,-6.242909649999996,106.84406470000002,complex_corridor,FRC2,11,33,129,43,1.0,False,-6.24287098327402,106.84404058541264,5.0587612651154314,True,
2026-08-01T05:15:47.236183+00:00,703,-6.235444892859697,106.75583232857385,complex_corridor,FRC2,28,28,6,6,1.0,False,-6.235637002833079,106.75573958241279,23.694334982762854,True,
2026-08-01T05:15:47.508613+00:00,821,-6.288795825000754,106.77763638750048,complex_corridor,FRC1,31,31,35,35,1.0,False,-6.288676397337788,106.77774978959411,18.260596237349766,True,
2026-08-01T05:15:47.774062+00:00,1336,-6.235382350000007,106.7560557,complex_corridor,FRC2,27,27,9,9,1.0,False,-6.235851643158244,106.75634307944131,61.09133400248038,True,
2026-08-01T05:15:48.039482+00:00,2187,-6.234661449999994,106.7555585,complex_corridor,FRC2,39,39,18,18,1.0,False,-6.235295044618109,106.75596622907466,83.63486690954973,True,
2026-08-01T05:15:48.303293+00:00,2188,-6.233655599999991,106.75488135,complex_corridor,FRC2,30,30,32,32,1.0,False,-6.233742064909034,106.75495503627582,12.600808704103487,True,
2026-08-01T05:15:48.575793+00:00,2298,-6.288583799999989,106.77784095,complex_corridor,FRC1,20,41,700,341,1.0,False,-6.288634823320289,106.77780477487897,6.94084144102375,True,
2026-08-01T05:15:48.869421+00:00,2322,-6.2884621,106.7781152,complex_corridor,FRC1,18,25,77,56,1.0,False,-6.288455113550981,106.77822722279888,12.405765015820144,True,
2026-08-01T05:15:49.140728+00:00,2459,-6.23996075,106.79819865,complex_corridor,FRC3,16,28,710,405,1.0,False,-6.239927209643448,106.79835988366938,18.208192291717626,True,
2026-08-01T05:15:49.419945+00:00,2660,-6.288887410002579,106.77817204999796,complex_corridor,FRC1,15,17,29,26,1.0,False,-6.289080056713849,106.77821112954479,21.852459789678804,True,
2026-08-01T05:15:49.689143+00:00,2731,-6.240104349999994,106.79819525,complex_corridor,FRC1,14,20,428,300,1.0,False,-6.254711568502923,106.79717434728451,1628.1638385691926,False,
2026-08-01T05:15:49.954163+00:00,2979,-6.239918790000258,106.79844824999957,complex_corridor,FRC2,9,13,4,3,1.0,False,-6.239928542802509,106.79846583092547,2.2254395550977346,True,
2026-08-01T05:15:50.220169+00:00,3134,-6.2892448600025785,106.77855074999796,complex_corridor,FRC1,22,22,11,11,1.0,False,-6.289262432333267,106.778499467014,5.995427904385316,True,
2026-08-01T05:15:50.484195+00:00,3164,-6.239840140000258,106.79869149999956,complex_corridor,FRC2,24,24,145,145,1.0,False,-6.23981997364873,106.79856239045006,14.446370748590217,True,
2026-08-01T05:15:50.751122+00:00,3940,-6.242815700000143,106.84290446666662,complex_corridor,FRC2,21,21,19,19,1.0,False,-6.242610768682978,106.84288187111798,22.923789898286447,True,
2026-08-01T05:15:51.014799+00:00,3995,-6.2428431,106.8426503,complex_corridor,FRC2,32,32,8,8,1.0,False,-6.24270333943449,106.84230519617961,41.19038604817657,True,
2026-08-01T05:15:51.278915+00:00,4135,-6.242451300001405,106.84346441666648,complex_corridor,FRC3,27,27,15,15,1.0,False,-6.24264159782794,106.84303341592732,52.128779444682614,True,
2026-08-01T05:15:51.553196+00:00,4174,-6.242622250001264,106.84418269999986,complex_corridor,FRC3,21,21,14,14,1.0,False,-6.242365385288672,106.84405667866673,31.777844988721665,True,
2026-08-01T05:15:51.815640+00:00,4307,-6.237238257899974,106.8272395210502,complex_corridor,FRC2,21,21,6,6,1.0,False,-6.237236971031365,106.82743234718856,21.314848279038795,True,
2026-08-01T05:15:52.086430+00:00,4312,-6.237042057899963,106.8269344210502,complex_corridor,FRC2,23,23,6,6,1.0,False,-6.237208807900389,106.82690797532604,18.770772040768108,True,
2026-08-01T05:15:52.356389+00:00,4383,-6.255330045001537,106.84307333999776,complex_corridor,FRC4,20,25,9,7,1.0,False,-6.255170245392188,106.84296367849294,21.509477825194235,True,
2026-08-01T05:15:52.621268+00:00,4421,-6.237577607899957,106.82686737105018,complex_corridor,FRC3,7,19,70,25,1.0,False,-6.237416698431964,106.82692406858013,18.95817050701808,True,
2026-08-01T05:15:52.884763+00:00,5234,-6.255677025000373,106.8431710999986,complex_corridor,FRC4,23,23,6,6,1.0,False,-6.25559934329838,106.84329627241084,16.310649749926508,True,
2026-08-01T05:15:53.154177+00:00,5259,-6.255508725000373,106.84360214999862,complex_corridor,FRC4,25,30,344,287,0.997256,False,-6.255457199448482,106.84295563186589,71.6908067558573,True,
2026-08-01T05:15:53.417202+00:00,5296,-6.242909649999996,106.84406470000002,complex_corridor,FRC2,22,35,64,40,1.0,False,-6.24287098327402,106.84404058541264,5.0587612651154314,True,
2026-08-01T05:31:02.612676+00:00,703,-6.235444892859697,106.75583232857385,complex_corridor,FRC2,28,28,6,6,1.0,False,-6.235637002833079,106.75573958241279,23.694334982762854,True,
2026-08-01T05:31:02.915773+00:00,821,-6.288795825000754,106.77763638750048,complex_corridor,FRC1,22,31,49,35,0.99,False,-6.288676397337788,106.77774978959411,18.260596237349766,True,
2026-08-01T05:31:03.220452+00:00,1336,-6.235382350000007,106.7560557,complex_corridor,FRC2,27,27,9,9,1.0,False,-6.235851643158244,106.75634307944131,61.09133400248038,True,
2026-08-01T05:31:03.520594+00:00,2187,-6.234661449999994,106.7555585,complex_corridor,FRC2,39,39,18,18,1.0,False,-6.235295044618109,106.75596622907466,83.63486690954973,True,
2026-08-01T05:31:03.825429+00:00,2188,-6.233655599999991,106.75488135,complex_corridor,FRC2,30,30,32,32,1.0,False,-6.233742064909034,106.75495503627582,12.600808704103487,True,
2026-08-01T05:31:04.129994+00:00,2298,-6.288583799999989,106.77784095,complex_corridor,FRC1,21,41,666,341,1.0,False,-6.288634823320289,106.77780477487897,6.94084144102375,True,
2026-08-01T05:31:04.438448+00:00,2322,-6.2884621,106.7781152,complex_corridor,FRC1,17,25,82,56,1.0,False,-6.288455113550981,106.77822722279888,12.405765015820144,True,
2026-08-01T05:31:04.742050+00:00,2459,-6.23996075,106.79819865,complex_corridor,FRC3,16,27,710,420,1.0,False,-6.239927209643448,106.79835988366938,18.208192291717626,True,
2026-08-01T05:31:05.047818+00:00,2660,-6.288887410002579,106.77817204999796,complex_corridor,FRC1,14,16,31,27,1.0,False,-6.289080056713849,106.77821112954479,21.852459789678804,True,
2026-08-01T05:31:05.348250+00:00,2731,-6.240104349999994,106.79819525,complex_corridor,FRC1,13,20,461,300,1.0,False,-6.254711568502923,106.79717434728451,1628.1638385691926,False,
2026-08-01T05:31:05.646588+00:00,2979,-6.239918790000258,106.79844824999957,complex_corridor,FRC2,15,15,2,2,1.0,False,-6.239928542802509,106.79846583092547,2.2254395550977346,True,
2026-08-01T05:31:05.945254+00:00,3134,-6.2892448600025785,106.77855074999796,complex_corridor,FRC1,13,21,20,12,1.0,False,-6.289262432333267,106.778499467014,5.995427904385316,True,
2026-08-01T05:31:06.244096+00:00,3164,-6.239840140000258,106.79869149999956,complex_corridor,FRC2,24,24,145,145,1.0,False,-6.23981997364873,106.79856239045006,14.446370748590217,True,
2026-08-01T05:31:06.549580+00:00,3940,-6.242815700000143,106.84290446666662,complex_corridor,FRC2,21,21,19,19,1.0,False,-6.242610768682978,106.84288187111798,22.923789898286447,True,
2026-08-01T05:31:06.847894+00:00,3995,-6.2428431,106.8426503,complex_corridor,FRC2,32,32,8,8,1.0,False,-6.24270333943449,106.84230519617961,41.19038604817657,True,
2026-08-01T05:31:07.151968+00:00,4135,-6.242451300001405,106.84346441666648,complex_corridor,FRC3,27,27,15,15,1.0,False,-6.24264159782794,106.84303341592732,52.128779444682614,True,
2026-08-01T05:31:07.460254+00:00,4174,-6.242622250001264,106.84418269999986,complex_corridor,FRC3,17,21,17,14,0.98,False,-6.242365385288672,106.84405667866673,31.777844988721665,True,
2026-08-01T05:31:07.758736+00:00,4307,-6.237238257899974,106.8272395210502,complex_corridor,FRC2,21,21,6,6,1.0,False,-6.237236971031365,106.82743234718856,21.314848279038795,True,
2026-08-01T05:31:08.056739+00:00,4312,-6.237042057899963,106.8269344210502,complex_corridor,FRC2,23,23,6,6,1.0,False,-6.237208807900389,106.82690797532604,18.770772040768108,True,
2026-08-01T05:31:08.355867+00:00,4383,-6.255330045001537,106.84307333999776,complex_corridor,FRC4,25,25,7,7,1.0,False,-6.255170245392188,106.84296367849294,21.509477825194235,True,
2026-08-01T05:31:08.654569+00:00,4421,-6.237577607899957,106.82686737105018,complex_corridor,FRC3,7,18,70,27,1.0,False,-6.237416698431964,106.82692406858013,18.95817050701808,True,
2026-08-01T05:31:08.965974+00:00,5234,-6.255677025000373,106.8431710999986,complex_corridor,FRC4,23,23,6,6,1.0,False,-6.25559934329838,106.84329627241084,16.310649749926508,True,
2026-08-01T05:31:09.268295+00:00,5259,-6.255508725000373,106.84360214999862,complex_corridor,FRC4,26,30,331,287,0.997256,False,-6.255457199448482,106.84295563186589,71.6908067558573,True,
2026-08-01T05:31:09.569388+00:00,5296,-6.242909649999996,106.84406470000002,complex_corridor,FRC2,15,35,94,40,1.0,False,-6.24287098327402,106.84404058541264,5.0587612651154314,True,
2026-08-01T05:45:52.144704+00:00,703,-6.235444892859697,106.75583232857385,complex_corridor,FRC2,13,28,13,6,0.97,False,-6.235637002833079,106.75573958241279,23.694334982762854,True,
2026-08-01T05:45:52.448296+00:00,821,-6.288795825000754,106.77763638750048,complex_corridor,FRC1,31,31,35,35,1.0,False,-6.288676397337788,106.77774978959411,18.260596237349766,True,
2026-08-01T05:45:52.734121+00:00,1336,-6.235382350000007,106.7560557,complex_corridor,FRC2,27,27,9,9,1.0,False,-6.235851643158244,106.75634307944131,61.09133400248038,True,
2026-08-01T05:45:53.024942+00:00,2187,-6.234661449999994,106.7555585,complex_corridor,FRC2,39,39,18,18,1.0,False,-6.235295044618109,106.75596622907466,83.63486690954973,True,
2026-08-01T05:45:53.307817+00:00,2188,-6.233655599999991,106.75488135,complex_corridor,FRC2,30,30,32,32,1.0,False,-6.233742064909034,106.75495503627582,12.600808704103487,True,
2026-08-01T05:45:53.596673+00:00,2298,-6.288583799999989,106.77784095,complex_corridor,FRC1,19,40,736,350,1.0,False,-6.288634823320289,106.77780477487897,6.94084144102375,True,
2026-08-01T05:45:53.895131+00:00,2322,-6.2884621,106.7781152,complex_corridor,FRC1,26,26,53,53,1.0,False,-6.288455113550981,106.77822722279888,12.405765015820144,True,
2026-08-01T05:45:54.189738+00:00,2459,-6.23996075,106.79819865,complex_corridor,FRC3,16,27,710,420,1.0,False,-6.239927209643448,106.79835988366938,18.208192291717626,True,
2026-08-01T05:45:54.477639+00:00,2660,-6.288887410002579,106.77817204999796,complex_corridor,FRC1,18,20,24,22,1.0,False,-6.289080056713849,106.77821112954479,21.852459789678804,True,
2026-08-01T05:45:54.769524+00:00,2731,-6.240104349999994,106.79819525,complex_corridor,FRC1,21,21,285,285,1.0,False,-6.254711568502923,106.79717434728451,1628.1638385691926,False,
2026-08-01T05:45:55.054911+00:00,2979,-6.239918790000258,106.79844824999957,complex_corridor,FRC2,15,15,2,2,1.0,False,-6.239928542802509,106.79846583092547,2.2254395550977346,True,
2026-08-01T05:45:55.344090+00:00,3134,-6.2892448600025785,106.77855074999796,complex_corridor,FRC1,6,21,43,12,1.0,False,-6.289262432333267,106.778499467014,5.995427904385316,True,
2026-08-01T05:45:55.629976+00:00,3164,-6.239840140000258,106.79869149999956,complex_corridor,FRC2,24,24,145,145,1.0,False,-6.23981997364873,106.79856239045006,14.446370748590217,True,
2026-08-01T05:45:55.922563+00:00,3940,-6.242815700000143,106.84290446666662,complex_corridor,FRC2,21,21,19,19,1.0,False,-6.242610768682978,106.84288187111798,22.923789898286447,True,
2026-08-01T05:45:56.217197+00:00,3995,-6.2428431,106.8426503,complex_corridor,FRC2,32,32,8,8,1.0,False,-6.24270333943449,106.84230519617961,41.19038604817657,True,
2026-08-01T05:45:56.500596+00:00,4135,-6.242451300001405,106.84346441666648,complex_corridor,FRC3,27,27,15,15,1.0,False,-6.24264159782794,106.84303341592732,52.128779444682614,True,
2026-08-01T05:45:56.786736+00:00,4174,-6.242622250001264,106.84418269999986,complex_corridor,FRC3,21,21,14,14,1.0,False,-6.242365385288672,106.84405667866673,31.777844988721665,True,
2026-08-01T05:45:57.072152+00:00,4307,-6.237238257899974,106.8272395210502,complex_corridor,FRC2,9,21,14,6,1.0,False,-6.237236971031365,106.82743234718856,21.314848279038795,True,
2026-08-01T05:45:57.360500+00:00,4312,-6.237042057899963,106.8269344210502,complex_corridor,FRC2,23,23,6,6,1.0,False,-6.237208807900389,106.82690797532604,18.770772040768108,True,
2026-08-01T05:45:57.648706+00:00,4383,-6.255330045001537,106.84307333999776,complex_corridor,FRC4,25,25,7,7,1.0,False,-6.255170245392188,106.84296367849294,21.509477825194235,True,
2026-08-01T05:45:57.936343+00:00,4421,-6.237577607899957,106.82686737105018,complex_corridor,FRC3,10,17,49,28,1.0,False,-6.237416698431964,106.82692406858013,18.95817050701808,True,
2026-08-01T05:45:58.221769+00:00,5234,-6.255677025000373,106.8431710999986,complex_corridor,FRC4,18,22,7,6,0.99,False,-6.25559934329838,106.84329627241084,16.310649749926508,True,
2026-08-01T05:45:58.509604+00:00,5259,-6.255508725000373,106.84360214999862,complex_corridor,FRC4,25,29,344,297,0.997256,False,-6.255457199448482,106.84295563186589,71.6908067558573,True,
2026-08-01T05:45:58.796497+00:00,5296,-6.242909649999996,106.84406470000002,complex_corridor,FRC2,22,35,64,40,1.0,False,-6.24287098327402,106.84404058541264,5.0587612651154314,True,
2026-08-01T06:01:09.938160+00:00,703,-6.235444892859697,106.75583232857385,complex_corridor,FRC2,28,28,6,6,1.0,False,-6.235637002833079,106.75573958241279,23.694334982762854,True,
2026-08-01T06:01:10.231696+00:00,821,-6.288795825000754,106.77763638750048,complex_corridor,FRC1,19,31,57,35,1.0,False,-6.288676397337788,106.77774978959411,18.260596237349766,True,
2026-08-01T06:01:10.526112+00:00,1336,-6.235382350000007,106.7560557,complex_corridor,FRC2,27,27,9,9,1.0,False,-6.235851643158244,106.75634307944131,61.09133400248038,True,
2026-08-01T06:01:10.819533+00:00,2187,-6.234661449999994,106.7555585,complex_corridor,FRC2,39,39,18,18,1.0,False,-6.235295044618109,106.75596622907466,83.63486690954973,True,
2026-08-01T06:01:11.152182+00:00,2188,-6.233655599999991,106.75488135,complex_corridor,FRC2,30,30,32,32,1.0,False,-6.233742064909034,106.75495503627582,12.600808704103487,True,
2026-08-01T06:01:11.442536+00:00,2298,-6.288583799999989,106.77784095,complex_corridor,FRC1,20,41,700,341,1.0,False,-6.288634823320289,106.77780477487897,6.94084144102375,True,
2026-08-01T06:01:11.730164+00:00,2322,-6.2884621,106.7781152,complex_corridor,FRC1,18,26,77,53,1.0,False,-6.288455113550981,106.77822722279888,12.405765015820144,True,
2026-08-01T06:01:12.019126+00:00,2459,-6.23996075,106.79819865,complex_corridor,FRC3,16,29,710,391,1.0,False,-6.239927209643448,106.79835988366938,18.208192291717626,True,
2026-08-01T06:01:12.302966+00:00,2660,-6.288887410002579,106.77817204999796,complex_corridor,FRC1,13,17,34,26,1.0,False,-6.289080056713849,106.77821112954479,21.852459789678804,True,
2026-08-01T06:01:12.587870+00:00,2731,-6.240104349999994,106.79819525,complex_corridor,FRC1,14,21,428,285,1.0,False,-6.254711568502923,106.79717434728451,1628.1638385691926,False,
2026-08-01T06:01:12.871743+00:00,2979,-6.239918790000258,106.79844824999957,complex_corridor,FRC2,15,15,2,2,1.0,False,-6.239928542802509,106.79846583092547,2.2254395550977346,True,
2026-08-01T06:01:13.160453+00:00,3134,-6.2892448600025785,106.77855074999796,complex_corridor,FRC1,22,22,11,11,1.0,False,-6.289262432333267,106.778499467014,5.995427904385316,True,
2026-08-01T06:01:13.486699+00:00,3164,-6.239840140000258,106.79869149999956,complex_corridor,FRC2,24,24,145,145,1.0,False,-6.23981997364873,106.79856239045006,14.446370748590217,True,
2026-08-01T06:01:13.773639+00:00,3940,-6.242815700000143,106.84290446666662,complex_corridor,FRC2,21,21,19,19,1.0,False,-6.242610768682978,106.84288187111798,22.923789898286447,True,
2026-08-01T06:01:14.060560+00:00,3995,-6.2428431,106.8426503,complex_corridor,FRC2,32,32,8,8,1.0,False,-6.24270333943449,106.84230519617961,41.19038604817657,True,
2026-08-01T06:01:14.347160+00:00,4135,-6.242451300001405,106.84346441666648,complex_corridor,FRC3,27,27,15,15,1.0,False,-6.24264159782794,106.84303341592732,52.128779444682614,True,
2026-08-01T06:01:14.632976+00:00,4174,-6.242622250001264,106.84418269999986,complex_corridor,FRC3,21,21,14,14,1.0,False,-6.242365385288672,106.84405667866673,31.777844988721665,True,
2026-08-01T06:01:14.924999+00:00,4307,-6.237238257899974,106.8272395210502,complex_corridor,FRC2,21,21,6,6,1.0,False,-6.237236971031365,106.82743234718856,21.314848279038795,True,
2026-08-01T06:01:15.214014+00:00,4312,-6.237042057899963,106.8269344210502,complex_corridor,FRC2,23,23,6,6,1.0,False,-6.237208807900389,106.82690797532604,18.770772040768108,True,
2026-08-01T06:01:15.501107+00:00,4383,-6.255330045001537,106.84307333999776,complex_corridor,FRC4,25,25,7,7,1.0,False,-6.255170245392188,106.84296367849294,21.509477825194235,True,
2026-08-01T06:01:15.789505+00:00,4421,-6.237577607899957,106.82686737105018,complex_corridor,FRC3,6,17,82,28,1.0,False,-6.237416698431964,106.82692406858013,18.95817050701808,True,
2026-08-01T06:01:16.079308+00:00,5234,-6.255677025000373,106.8431710999986,complex_corridor,FRC4,13,23,10,6,1.0,False,-6.25559934329838,106.84329627241084,16.310649749926508,True,
2026-08-01T06:01:16.371837+00:00,5259,-6.255508725000373,106.84360214999862,complex_corridor,FRC4,24,30,359,287,0.994512,False,-6.255457199448482,106.84295563186589,71.6908067558573,True,
2026-08-01T06:01:16.659578+00:00,5296,-6.242909649999996,106.84406470000002,complex_corridor,FRC2,19,34,74,41,1.0,False,-6.24287098327402,106.84404058541264,5.0587612651154314,True,
2026-08-01T06:15:54.267358+00:00,703,-6.235444892859697,106.75583232857385,complex_corridor,FRC2,28,28,6,6,1.0,False,-6.235637002833079,106.75573958241279,23.694334982762854,True,
2026-08-01T06:15:54.570456+00:00,821,-6.288795825000754,106.77763638750048,complex_corridor,FRC1,16,30,68,36,1.0,False,-6.288676397337788,106.77774978959411,18.260596237349766,True,
2026-08-01T06:15:54.874815+00:00,1336,-6.235382350000007,106.7560557,complex_corridor,FRC2,27,27,9,9,1.0,False,-6.235851643158244,106.75634307944131,61.09133400248038,True,
2026-08-01T06:15:55.190111+00:00,2187,-6.234661449999994,106.7555585,complex_corridor,FRC2,39,39,18,18,1.0,False,-6.235295044618109,106.75596622907466,83.63486690954973,True,
2026-08-01T06:15:55.492174+00:00,2188,-6.233655599999991,106.75488135,complex_corridor,FRC2,30,30,32,32,1.0,False,-6.233742064909034,106.75495503627582,12.600808704103487,True,
2026-08-01T06:15:55.799042+00:00,2298,-6.288583799999989,106.77784095,complex_corridor,FRC1,19,41,736,341,1.0,False,-6.288634823320289,106.77780477487897,6.94084144102375,True,
2026-08-01T06:15:56.100201+00:00,2322,-6.2884621,106.7781152,complex_corridor,FRC1,19,25,73,56,1.0,False,-6.288455113550981,106.77822722279888,12.405765015820144,True,
2026-08-01T06:15:56.413546+00:00,2459,-6.23996075,106.79819865,complex_corridor,FRC3,14,27,811,420,1.0,False,-6.239927209643448,106.79835988366938,18.208192291717626,True,
2026-08-01T06:15:56.716642+00:00,2660,-6.288887410002579,106.77817204999796,complex_corridor,FRC1,12,20,37,22,1.0,False,-6.289080056713849,106.77821112954479,21.852459789678804,True,
2026-08-01T06:15:57.017817+00:00,2731,-6.240104349999994,106.79819525,complex_corridor,FRC1,12,21,500,285,1.0,False,-6.254711568502923,106.79717434728451,1628.1638385691926,False,
2026-08-01T06:15:57.360407+00:00,2979,-6.239918790000258,106.79844824999957,complex_corridor,FRC2,15,15,2,2,1.0,False,-6.239928542802509,106.79846583092547,2.2254395550977346,True,
2026-08-01T06:15:57.659627+00:00,3134,-6.2892448600025785,106.77855074999796,complex_corridor,FRC1,22,22,11,11,1.0,False,-6.289262432333267,106.778499467014,5.995427904385316,True,
2026-08-01T06:15:57.961831+00:00,3164,-6.239840140000258,106.79869149999956,complex_corridor,FRC2,16,25,217,139,1.0,False,-6.23981997364873,106.79856239045006,14.446370748590217,True,
2026-08-01T06:15:58.263600+00:00,3940,-6.242815700000143,106.84290446666662,complex_corridor,FRC2,21,21,19,19,1.0,False,-6.242610768682978,106.84288187111798,22.923789898286447,True,
2026-08-01T06:15:58.566016+00:00,3995,-6.2428431,106.8426503,complex_corridor,FRC2,32,32,8,8,1.0,False,-6.24270333943449,106.84230519617961,41.19038604817657,True,
2026-08-01T06:15:58.868998+00:00,4135,-6.242451300001405,106.84346441666648,complex_corridor,FRC3,27,27,15,15,1.0,False,-6.24264159782794,106.84303341592732,52.128779444682614,True,
2026-08-01T06:15:59.171899+00:00,4174,-6.242622250001264,106.84418269999986,complex_corridor,FRC3,21,21,14,14,1.0,False,-6.242365385288672,106.84405667866673,31.777844988721665,True,
2026-08-01T06:15:59.478063+00:00,4307,-6.237238257899974,106.8272395210502,complex_corridor,FRC2,15,21,8,6,1.0,False,-6.237236971031365,106.82743234718856,21.314848279038795,True,
2026-08-01T06:15:59.778241+00:00,4312,-6.237042057899963,106.8269344210502,complex_corridor,FRC2,15,22,9,6,1.0,False,-6.237208807900389,106.82690797532604,18.770772040768108,True,
2026-08-01T06:16:00.083617+00:00,4383,-6.255330045001537,106.84307333999776,complex_corridor,FRC4,25,25,7,7,1.0,False,-6.255170245392188,106.84296367849294,21.509477825194235,True,
2026-08-01T06:16:00.383249+00:00,4421,-6.237577607899957,106.82686737105018,complex_corridor,FRC3,6,19,82,25,1.0,False,-6.237416698431964,106.82692406858013,18.95817050701808,True,
2026-08-01T06:16:00.684023+00:00,5234,-6.255677025000373,106.8431710999986,complex_corridor,FRC4,17,22,8,6,1.0,False,-6.25559934329838,106.84329627241084,16.310649749926508,True,
2026-08-01T06:16:00.984654+00:00,5259,-6.255508725000373,106.84360214999862,complex_corridor,FRC4,25,30,344,287,0.997256,False,-6.255457199448482,106.84295563186589,71.6908067558573,True,
2026-08-01T06:16:01.290529+00:00,5296,-6.242909649999996,106.84406470000002,complex_corridor,FRC2,27,35,52,40,1.0,False,-6.24287098327402,106.84404058541264,5.0587612651154314,True,
2026-08-01T06:30:53.480611+00:00,703,-6.235444892859697,106.75583232857385,complex_corridor,FRC2,28,28,6,6,1,False,-6.235637002833079,106.75573958241279,23.694334982762854,True,
2026-08-01T06:30:53.781185+00:00,821,-6.288795825000754,106.77763638750048,complex_corridor,FRC1,31,31,35,35,1,False,-6.288676397337788,106.77774978959411,18.260596237349766,True,
2026-08-01T06:30:54.085875+00:00,1336,-6.235382350000007,106.7560557,complex_corridor,FRC2,27,27,9,9,1,False,-6.235851643158244,106.75634307944131,61.09133400248038,True,
2026-08-01T06:30:54.386006+00:00,2187,-6.234661449999994,106.7555585,complex_corridor,FRC2,39,39,18,18,1,False,-6.235295044618109,106.75596622907466,83.63486690954973,True,
2026-08-01T06:30:54.689220+00:00,2188,-6.233655599999991,106.75488135,complex_corridor,FRC2,30,30,32,32,1,False,-6.233742064909034,106.75495503627582,12.600808704103487,True,
2026-08-01T06:30:54.988982+00:00,2298,-6.288583799999989,106.77784095,complex_corridor,FRC1,19,41,736,341,1,False,-6.288634823320289,106.77780477487897,6.94084144102375,True,
2026-08-01T06:30:55.290424+00:00,2322,-6.2884621,106.7781152,complex_corridor,FRC1,26,26,53,53,1,False,-6.288455113550981,106.77822722279888,12.405765015820144,True,
2026-08-01T06:30:55.605407+00:00,2459,-6.23996075,106.79819865,complex_corridor,FRC3,14,27,811,420,1,False,-6.239927209643448,106.79835988366938,18.208192291717626,True,
2026-08-01T06:30:55.905817+00:00,2660,-6.288887410002579,106.77817204999796,complex_corridor,FRC1,12,19,37,23,1,False,-6.289080056713849,106.77821112954479,21.852459789678804,True,
2026-08-01T06:30:56.210895+00:00,2731,-6.240104349999994,106.79819525,complex_corridor,FRC1,15,20,400,300,1,False,-6.254711568502923,106.79717434728451,1628.1638385691926,False,
2026-08-01T06:30:56.516395+00:00,2979,-6.239918790000258,106.79844824999957,complex_corridor,FRC2,15,15,2,2,1,False,-6.239928542802509,106.79846583092547,2.2254395550977346,True,
2026-08-01T06:30:56.827070+00:00,3134,-6.2892448600025785,106.77855074999796,complex_corridor,FRC1,14,21,18,12,1,False,-6.289262432333267,106.778499467014,5.995427904385316,True,
2026-08-01T06:30:57.134164+00:00,3164,-6.239840140000258,106.79869149999956,complex_corridor,FRC2,24,24,145,145,1,False,-6.23981997364873,106.79856239045006,14.446370748590217,True,
2026-08-01T06:30:57.433461+00:00,3940,-6.242815700000143,106.84290446666662,complex_corridor,FRC2,16,20,25,20,1,False,-6.242610768682978,106.84288187111798,22.923789898286447,True,
2026-08-01T06:30:57.734349+00:00,3995,-6.2428431,106.8426503,complex_corridor,FRC2,32,32,8,8,1,False,-6.24270333943449,106.84230519617961,41.19038604817657,True,
2026-08-01T06:30:58.117716+00:00,4135,-6.242451300001405,106.84346441666648,complex_corridor,FRC3,27,27,15,15,1,False,-6.24264159782794,106.84303341592732,52.128779444682614,True,
2026-08-01T06:30:58.418800+00:00,4174,-6.242622250001264,106.84418269999986,complex_corridor,FRC3,21,21,14,14,1,False,-6.242365385288672,106.84405667866673,31.777844988721665,True,
2026-08-01T06:30:58.720082+00:00,4307,-6.237238257899974,106.8272395210502,complex_corridor,FRC2,11,22,11,5,1,False,-6.237236971031365,106.82743234718856,21.314848279038795,True,
2026-08-01T06:30:59.022365+00:00,4312,-6.237042057899963,106.8269344210502,complex_corridor,FRC2,23,23,6,6,1,False,-6.237208807900389,106.82690797532604,18.770772040768108,True,
2026-08-01T06:30:59.323682+00:00,4383,-6.255330045001537,106.84307333999776,complex_corridor,FRC4,25,25,7,7,1,False,-6.255170245392188,106.84296367849294,21.509477825194235,True,
2026-08-01T06:30:59.624002+00:00,4421,-6.237577607899957,106.82686737105018,complex_corridor,FRC3,10,18,49,27,1,False,-6.237416698431964,106.82692406858013,18.95817050701808,True,
2026-08-01T06:30:59.930776+00:00,5234,-6.255677025000373,106.8431710999986,complex_corridor,FRC4,23,23,6,6,1,False,-6.25559934329838,106.84329627241084,16.310649749926508,True,
2026-08-01T06:31:00.230033+00:00,5259,-6.255508725000373,106.84360214999862,complex_corridor,FRC4,30,30,287,287,1,False,-6.255457199448482,106.84295563186589,71.6908067558573,True,
2026-08-01T06:31:00.529672+00:00,5296,-6.242909649999996,106.84406470000002,complex_corridor,FRC2,35,35,40,40,1,False,-6.24287098327402,106.84404058541264,5.0587612651154314,True,
2026-08-01T06:45:51.836709+00:00,703,-6.235444892859697,106.75583232857385,complex_corridor,FRC2,28,28,6,6,1.0,False,-6.235637002833079,106.75573958241279,23.694334982762854,True,
2026-08-01T06:45:52.102880+00:00,821,-6.288795825000754,106.77763638750048,complex_corridor,FRC1,31,31,35,35,1.0,False,-6.288676397337788,106.77774978959411,18.260596237349766,True,
2026-08-01T06:45:52.375789+00:00,1336,-6.235382350000007,106.7560557,complex_corridor,FRC2,27,27,9,9,1.0,False,-6.235851643158244,106.75634307944131,61.09133400248038,True,
2026-08-01T06:45:52.652423+00:00,2187,-6.234661449999994,106.7555585,complex_corridor,FRC2,39,39,18,18,1.0,False,-6.235295044618109,106.75596622907466,83.63486690954973,True,
2026-08-01T06:45:52.917047+00:00,2188,-6.233655599999991,106.75488135,complex_corridor,FRC2,30,30,32,32,1.0,False,-6.233742064909034,106.75495503627582,12.600808704103487,True,
2026-08-01T06:45:53.182768+00:00,2298,-6.288583799999989,106.77784095,complex_corridor,FRC1,19,41,736,341,1.0,False,-6.288634823320289,106.77780477487897,6.94084144102375,True,
2026-08-01T06:45:53.445496+00:00,2322,-6.2884621,106.7781152,complex_corridor,FRC1,13,25,107,56,1.0,False,-6.288455113550981,106.77822722279888,12.405765015820144,True,
2026-08-01T06:45:53.714905+00:00,2459,-6.23996075,106.79819865,complex_corridor,FRC3,16,27,710,420,1.0,False,-6.239927209643448,106.79835988366938,18.208192291717626,True,
2026-08-01T06:45:53.978024+00:00,2660,-6.288887410002579,106.77817204999796,complex_corridor,FRC1,13,17,34,26,1.0,False,-6.289080056713849,106.77821112954479,21.852459789678804,True,
2026-08-01T06:45:54.255531+00:00,2731,-6.240104349999994,106.79819525,complex_corridor,FRC1,15,21,400,285,1.0,False,-6.254711568502923,106.79717434728451,1628.1638385691926,False,
2026-08-01T06:45:54.527494+00:00,2979,-6.239918790000258,106.79844824999957,complex_corridor,FRC2,6,13,7,3,1.0,False,-6.239928542802509,106.79846583092547,2.2254395550977346,True,
2026-08-01T06:45:54.794890+00:00,3134,-6.2892448600025785,106.77855074999796,complex_corridor,FRC1,12,21,21,12,1.0,False,-6.289262432333267,106.778499467014,5.995427904385316,True,
2026-08-01T06:45:55.062883+00:00,3164,-6.239840140000258,106.79869149999956,complex_corridor,FRC2,24,24,145,145,1.0,False,-6.23981997364873,106.79856239045006,14.446370748590217,True,
2026-08-01T06:45:55.365657+00:00,3940,-6.242815700000143,106.84290446666662,complex_corridor,FRC2,21,21,19,19,1.0,False,-6.242610768682978,106.84288187111798,22.923789898286447,True,
2026-08-01T06:45:55.627581+00:00,3995,-6.2428431,106.8426503,complex_corridor,FRC2,32,32,8,8,1.0,False,-6.24270333943449,106.84230519617961,41.19038604817657,True,
2026-08-01T06:45:55.895477+00:00,4135,-6.242451300001405,106.84346441666648,complex_corridor,FRC3,27,27,15,15,1.0,False,-6.24264159782794,106.84303341592732,52.128779444682614,True,
2026-08-01T06:45:56.166305+00:00,4174,-6.242622250001264,106.84418269999986,complex_corridor,FRC3,9,20,32,14,0.99,False,-6.242365385288672,106.84405667866673,31.777844988721665,True,
2026-08-01T06:45:56.429788+00:00,4307,-6.237238257899974,106.8272395210502,complex_corridor,FRC2,16,20,8,6,1.0,False,-6.237236971031365,106.82743234718856,21.314848279038795,True,
2026-08-01T06:45:56.694893+00:00,4312,-6.237042057899963,106.8269344210502,complex_corridor,FRC2,15,22,9,6,1.0,False,-6.237208807900389,106.82690797532604,18.770772040768108,True,
2026-08-01T06:45:56.962363+00:00,4383,-6.255330045001537,106.84307333999776,complex_corridor,FRC4,25,25,7,7,1.0,False,-6.255170245392188,106.84296367849294,21.509477825194235,True,
2026-08-01T06:45:57.228809+00:00,4421,-6.237577607899957,106.82686737105018,complex_corridor,FRC3,12,18,41,27,1.0,False,-6.237416698431964,106.82692406858013,18.95817050701808,True,
2026-08-01T06:45:57.496874+00:00,5234,-6.255677025000373,106.8431710999986,complex_corridor,FRC4,23,23,6,6,1.0,False,-6.25559934329838,106.84329627241084,16.310649749926508,True,
2026-08-01T06:45:57.760836+00:00,5259,-6.255508725000373,106.84360214999862,complex_corridor,FRC4,21,30,410,287,0.997256,False,-6.255457199448482,106.84295563186589,71.6908067558573,True,
2026-08-01T06:45:58.033466+00:00,5296,-6.242909649999996,106.84406470000002,complex_corridor,FRC2,24,34,59,41,1.0,False,-6.24287098327402,106.84404058541264,5.0587612651154314,True,
2026-08-01T07:01:00.183051+00:00,703,-6.235444892859697,106.75583232857385,complex_corridor,FRC2,28,28,6,6,1.0,False,-6.235637002833079,106.75573958241279,23.694334982762854,True,
2026-08-01T07:01:00.472609+00:00,821,-6.288795825000754,106.77763638750048,complex_corridor,FRC1,17,31,64,35,1.0,False,-6.288676397337788,106.77774978959411,18.260596237349766,True,
2026-08-01T07:01:00.765148+00:00,1336,-6.235382350000007,106.7560557,complex_corridor,FRC2,27,27,9,9,1.0,False,-6.235851643158244,106.75634307944131,61.09133400248038,True,
2026-08-01T07:01:01.052984+00:00,2187,-6.234661449999994,106.7555585,complex_corridor,FRC2,39,39,18,18,1.0,False,-6.235295044618109,106.75596622907466,83.63486690954973,True,
2026-08-01T07:01:01.344405+00:00,2188,-6.233655599999991,106.75488135,complex_corridor,FRC2,30,30,32,32,1.0,False,-6.233742064909034,106.75495503627582,12.600808704103487,True,
2026-08-01T07:01:01.637637+00:00,2298,-6.288583799999989,106.77784095,complex_corridor,FRC1,19,40,736,350,1.0,False,-6.288634823320289,106.77780477487897,6.94084144102375,True,
2026-08-01T07:01:01.930004+00:00,2322,-6.2884621,106.7781152,complex_corridor,FRC1,16,25,87,56,1.0,False,-6.288455113550981,106.77822722279888,12.405765015820144,True,
2026-08-01T07:01:02.219964+00:00,2459,-6.23996075,106.79819865,complex_corridor,FRC3,15,27,757,420,1.0,False,-6.239927209643448,106.79835988366938,18.208192291717626,True,
2026-08-01T07:01:02.509232+00:00,2660,-6.288887410002579,106.77817204999796,complex_corridor,FRC1,16,19,27,23,1.0,False,-6.289080056713849,106.77821112954479,21.852459789678804,True,
2026-08-01T07:01:02.802085+00:00,2731,-6.240104349999994,106.79819525,complex_corridor,FRC1,13,21,461,285,1.0,False,-6.254711568502923,106.79717434728451,1628.1638385691926,False,
2026-08-01T07:01:03.088736+00:00,2979,-6.239918790000258,106.79844824999957,complex_corridor,FRC2,15,15,2,2,1.0,False,-6.239928542802509,106.79846583092547,2.2254395550977346,True,
2026-08-01T07:01:03.384615+00:00,3134,-6.2892448600025785,106.77855074999796,complex_corridor,FRC1,14,21,18,12,1.0,False,-6.289262432333267,106.778499467014,5.995427904385316,True,
2026-08-01T07:01:03.670691+00:00,3164,-6.239840140000258,106.79869149999956,complex_corridor,FRC2,24,24,145,145,1.0,False,-6.23981997364873,106.79856239045006,14.446370748590217,True,
2026-08-01T07:01:03.966703+00:00,3940,-6.242815700000143,106.84290446666662,complex_corridor,FRC2,15,20,26,20,1.0,False,-6.242610768682978,106.84288187111798,22.923789898286447,True,
2026-08-01T07:01:04.300620+00:00,3995,-6.2428431,106.8426503,complex_corridor,FRC2,32,32,8,8,1.0,False,-6.24270333943449,106.84230519617961,41.19038604817657,True,
2026-08-01T07:01:04.588029+00:00,4135,-6.242451300001405,106.84346441666648,complex_corridor,FRC3,27,27,15,15,1.0,False,-6.24264159782794,106.84303341592732,52.128779444682614,True,
2026-08-01T07:01:04.875359+00:00,4174,-6.242622250001264,106.84418269999986,complex_corridor,FRC3,21,21,14,14,1.0,False,-6.242365385288672,106.84405667866673,31.777844988721665,True,
2026-08-01T07:01:05.165180+00:00,4307,-6.237238257899974,106.8272395210502,complex_corridor,FRC2,21,21,6,6,1.0,False,-6.237236971031365,106.82743234718856,21.314848279038795,True,
2026-08-01T07:01:05.452661+00:00,4312,-6.237042057899963,106.8269344210502,complex_corridor,FRC2,23,23,6,6,1.0,False,-6.237208807900389,106.82690797532604,18.770772040768108,True,
2026-08-01T07:01:05.739927+00:00,4383,-6.255330045001537,106.84307333999776,complex_corridor,FRC4,25,25,7,7,1.0,False,-6.255170245392188,106.84296367849294,21.509477825194235,True,
2026-08-01T07:01:06.027697+00:00,4421,-6.237577607899957,106.82686737105018,complex_corridor,FRC3,5,16,98,30,1.0,False,-6.237416698431964,106.82692406858013,18.95817050701808,True,
2026-08-01T07:01:06.315363+00:00,5234,-6.255677025000373,106.8431710999986,complex_corridor,FRC4,23,23,6,6,1.0,False,-6.25559934329838,106.84329627241084,16.310649749926508,True,
2026-08-01T07:01:06.602011+00:00,5259,-6.255508725000373,106.84360214999862,complex_corridor,FRC4,18,30,478,287,0.99726,False,-6.255457199448482,106.84295563186589,71.6908067558573,True,
2026-08-01T07:01:06.892709+00:00,5296,-6.242909649999996,106.84406470000002,complex_corridor,FRC2,26,34,54,41,1.0,False,-6.24287098327402,106.84404058541264,5.0587612651154314,True,
2026-08-01T07:15:48.780117+00:00,703,-6.235444892859697,106.75583232857385,complex_corridor,FRC2,28,28,6,6,1.0,False,-6.235637002833079,106.75573958241279,23.694334982762854,True,
2026-08-01T07:15:49.049038+00:00,821,-6.288795825000754,106.77763638750048,complex_corridor,FRC1,24,30,45,36,1.0,False,-6.288676397337788,106.77774978959411,18.260596237349766,True,
2026-08-01T07:15:49.322463+00:00,1336,-6.235382350000007,106.7560557,complex_corridor,FRC2,27,27,9,9,1.0,False,-6.235851643158244,106.75634307944131,61.09133400248038,True,
2026-08-01T07:15:49.586291+00:00,2187,-6.234661449999994,106.7555585,complex_corridor,FRC2,39,39,18,18,1.0,False,-6.235295044618109,106.75596622907466,83.63486690954973,True,
2026-08-01T07:15:49.850228+00:00,2188,-6.233655599999991,106.75488135,complex_corridor,FRC2,25,30,38,32,0.99,False,-6.233742064909034,106.75495503627582,12.600808704103487,True,
2026-08-01T07:15:50.127532+00:00,2298,-6.288583799999989,106.77784095,complex_corridor,FRC1,17,39,823,359,1.0,False,-6.288634823320289,106.77780477487897,6.94084144102375,True,
2026-08-01T07:15:50.394410+00:00,2322,-6.2884621,106.7781152,complex_corridor,FRC1,21,26,66,53,1.0,False,-6.288455113550981,106.77822722279888,12.405765015820144,True,
2026-08-01T07:15:50.660049+00:00,2459,-6.23996075,106.79819865,complex_corridor,FRC3,15,27,757,420,1.0,False,-6.239927209643448,106.79835988366938,18.208192291717626,True,
2026-08-01T07:15:50.923843+00:00,2660,-6.288887410002579,106.77817204999796,complex_corridor,FRC1,15,17,29,26,1.0,False,-6.289080056713849,106.77821112954479,21.852459789678804,True,
2026-08-01T07:15:51.192993+00:00,2731,-6.240104349999994,106.79819525,complex_corridor,FRC1,12,22,500,272,1.0,False,-6.254711568502923,106.79717434728451,1628.1638385691926,False,
2026-08-01T07:15:51.466269+00:00,2979,-6.239918790000258,106.79844824999957,complex_corridor,FRC2,15,15,2,2,1.0,False,-6.239928542802509,106.79846583092547,2.2254395550977346,True,
2026-08-01T07:15:51.728603+00:00,3134,-6.2892448600025785,106.77855074999796,complex_corridor,FRC1,17,22,15,11,1.0,False,-6.289262432333267,106.778499467014,5.995427904385316,True,
2026-08-01T07:15:51.992068+00:00,3164,-6.239840140000258,106.79869149999956,complex_corridor,FRC2,24,24,145,145,1.0,False,-6.23981997364873,106.79856239045006,14.446370748590217,True,
2026-08-01T07:15:52.255275+00:00,3940,-6.242815700000143,106.84290446666662,complex_corridor,FRC2,12,20,33,20,1.0,False,-6.242610768682978,106.84288187111798,22.923789898286447,True,
2026-08-01T07:15:52.519244+00:00,3995,-6.2428431,106.8426503,complex_corridor,FRC2,32,32,8,8,1.0,False,-6.24270333943449,106.84230519617961,41.19038604817657,True,
2026-08-01T07:15:52.786201+00:00,4135,-6.242451300001405,106.84346441666648,complex_corridor,FRC3,27,27,15,15,1.0,False,-6.24264159782794,106.84303341592732,52.128779444682614,True,
2026-08-01T07:15:53.050128+00:00,4174,-6.242622250001264,106.84418269999986,complex_corridor,FRC3,21,21,14,14,1.0,False,-6.242365385288672,106.84405667866673,31.777844988721665,True,
2026-08-01T07:15:53.312943+00:00,4307,-6.237238257899974,106.8272395210502,complex_corridor,FRC2,15,20,8,6,1.0,False,-6.237236971031365,106.82743234718856,21.314848279038795,True,
2026-08-01T07:15:53.577473+00:00,4312,-6.237042057899963,106.8269344210502,complex_corridor,FRC2,23,23,6,6,1.0,False,-6.237208807900389,106.82690797532604,18.770772040768108,True,
2026-08-01T07:15:53.841152+00:00,4383,-6.255330045001537,106.84307333999776,complex_corridor,FRC4,25,25,7,7,1.0,False,-6.255170245392188,106.84296367849294,21.509477825194235,True,
2026-08-01T07:15:54.104744+00:00,4421,-6.237577607899957,106.82686737105018,complex_corridor,FRC3,12,17,41,28,1.0,False,-6.237416698431964,106.82692406858013,18.95817050701808,True,
2026-08-01T07:15:54.368116+00:00,5234,-6.255677025000373,106.8431710999986,complex_corridor,FRC4,14,22,10,6,1.0,False,-6.25559934329838,106.84329627241084,16.310649749926508,True,
2026-08-01T07:15:54.634511+00:00,5259,-6.255508725000373,106.84360214999862,complex_corridor,FRC4,23,30,374,287,0.996951,False,-6.255457199448482,106.84295563186589,71.6908067558573,True,
2026-08-01T07:15:54.907462+00:00,5296,-6.242909649999996,106.84406470000002,complex_corridor,FRC2,11,34,129,41,1.0,False,-6.24287098327402,106.84404058541264,5.0587612651154314,True,
2026-08-01T07:30:56.690563+00:00,703,-6.235444892859697,106.75583232857385,complex_corridor,FRC2,28,28,6,6,1.0,False,-6.235637002833079,106.75573958241279,23.694334982762854,True,
2026-08-01T07:30:56.981679+00:00,821,-6.288795825000754,106.77763638750048,complex_corridor,FRC1,23,31,47,35,1.0,False,-6.288676397337788,106.77774978959411,18.260596237349766,True,
2026-08-01T07:30:57.274910+00:00,1336,-6.235382350000007,106.7560557,complex_corridor,FRC2,27,27,9,9,1.0,False,-6.235851643158244,106.75634307944131,61.09133400248038,True,
2026-08-01T07:30:57.565568+00:00,2187,-6.234661449999994,106.7555585,complex_corridor,FRC2,39,39,18,18,1.0,False,-6.235295044618109,106.75596622907466,83.63486690954973,True,
2026-08-01T07:30:57.850790+00:00,2188,-6.233655599999991,106.75488135,complex_corridor,FRC2,30,30,32,32,1.0,False,-6.233742064909034,106.75495503627582,12.600808704103487,True,
2026-08-01T07:30:58.193144+00:00,2298,-6.288583799999989,106.77784095,complex_corridor,FRC1,18,40,777,350,1.0,False,-6.288634823320289,106.77780477487897,6.94084144102375,True,
2026-08-01T07:30:58.484444+00:00,2322,-6.2884621,106.7781152,complex_corridor,FRC1,14,26,100,53,1.0,False,-6.288455113550981,106.77822722279888,12.405765015820144,True,
2026-08-01T07:30:58.777954+00:00,2459,-6.23996075,106.79819865,complex_corridor,FRC3,15,28,757,405,1.0,False,-6.239927209643448,106.79835988366938,18.208192291717626,True,
2026-08-01T07:30:59.094015+00:00,2660,-6.288887410002579,106.77817204999796,complex_corridor,FRC1,10,15,44,29,1.0,False,-6.289080056713849,106.77821112954479,21.852459789678804,True,
2026-08-01T07:30:59.412651+00:00,2731,-6.240104349999994,106.79819525,complex_corridor,FRC1,11,21,545,285,1.0,False,-6.254711568502923,106.79717434728451,1628.1638385691926,False,
2026-08-01T07:30:59.702543+00:00,2979,-6.239918790000258,106.79844824999957,complex_corridor,FRC2,15,15,2,2,1.0,False,-6.239928542802509,106.79846583092547,2.2254395550977346,True,
2026-08-01T07:30:59.993702+00:00,3134,-6.2892448600025785,106.77855074999796,complex_corridor,FRC1,12,21,21,12,1.0,False,-6.289262432333267,106.778499467014,5.995427904385316,True,
2026-08-01T07:31:00.308476+00:00,3164,-6.239840140000258,106.79869149999956,complex_corridor,FRC2,24,24,145,145,1.0,False,-6.23981997364873,106.79856239045006,14.446370748590217,True,
2026-08-01T07:31:00.593513+00:00,3940,-6.242815700000143,106.84290446666662,complex_corridor,FRC2,21,21,19,19,1.0,False,-6.242610768682978,106.84288187111798,22.923789898286447,True,
2026-08-01T07:31:00.877991+00:00,3995,-6.2428431,106.8426503,complex_corridor,FRC2,23,32,12,8,0.97,False,-6.24270333943449,106.84230519617961,41.19038604817657,True,
2026-08-01T07:31:01.231704+00:00,4135,-6.242451300001405,106.84346441666648,complex_corridor,FRC3,27,27,15,15,1.0,False,-6.24264159782794,106.84303341592732,52.128779444682614,True,
2026-08-01T07:31:01.518827+00:00,4174,-6.242622250001264,106.84418269999986,complex_corridor,FRC3,21,21,14,14,1.0,False,-6.242365385288672,106.84405667866673,31.777844988721665,True,
2026-08-01T07:31:01.807107+00:00,4307,-6.237238257899974,106.8272395210502,complex_corridor,FRC2,21,21,6,6,1.0,False,-6.237236971031365,106.82743234718856,21.314848279038795,True,
2026-08-01T07:31:02.105356+00:00,4312,-6.237042057899963,106.8269344210502,complex_corridor,FRC2,23,23,6,6,1.0,False,-6.237208807900389,106.82690797532604,18.770772040768108,True,
2026-08-01T07:31:02.414274+00:00,4383,-6.255330045001537,106.84307333999776,complex_corridor,FRC4,15,24,12,7,1.0,False,-6.255170245392188,106.84296367849294,21.509477825194235,True,
2026-08-01T07:31:02.701994+00:00,4421,-6.237577607899957,106.82686737105018,complex_corridor,FRC3,7,18,70,27,1.0,False,-6.237416698431964,106.82692406858013,18.95817050701808,True,
2026-08-01T07:31:02.996105+00:00,5234,-6.255677025000373,106.8431710999986,complex_corridor,FRC4,23,23,6,6,1.0,False,-6.25559934329838,106.84329627241084,16.310649749926508,True,
2026-08-01T07:31:03.285560+00:00,5259,-6.255508725000373,106.84360214999862,complex_corridor,FRC4,23,30,374,287,0.996955,False,-6.255457199448482,106.84295563186589,71.6908067558573,True,
2026-08-01T07:31:03.579098+00:00,5296,-6.242909649999996,106.84406470000002,complex_corridor,FRC2,22,35,64,40,1.0,False,-6.24287098327402,106.84404058541264,5.0587612651154314,True,
2026-08-01T07:45:52.902097+00:00,703,-6.235444892859697,106.75583232857385,complex_corridor,FRC2,28,28,6,6,1.0,False,-6.235637002833079,106.75573958241279,23.694334982762854,True,
2026-08-01T07:45:53.205007+00:00,821,-6.288795825000754,106.77763638750048,complex_corridor,FRC1,17,30,64,36,0.99,False,-6.288676397337788,106.77774978959411,18.260596237349766,True,
2026-08-01T07:45:53.501709+00:00,1336,-6.235382350000007,106.7560557,complex_corridor,FRC2,17,27,15,9,0.99,False,-6.235851643158244,106.75634307944131,61.09133400248038,True,
2026-08-01T07:45:53.797977+00:00,2187,-6.234661449999994,106.7555585,complex_corridor,FRC2,39,39,18,18,1.0,False,-6.235295044618109,106.75596622907466,83.63486690954973,True,
2026-08-01T07:45:54.093314+00:00,2188,-6.233655599999991,106.75488135,complex_corridor,FRC2,30,30,32,32,1.0,False,-6.233742064909034,106.75495503627582,12.600808704103487,True,
2026-08-01T07:45:54.391500+00:00,2298,-6.288583799999989,106.77784095,complex_corridor,FRC1,18,41,777,341,1.0,False,-6.288634823320289,106.77780477487897,6.94084144102375,True,
2026-08-01T07:45:54.694211+00:00,2322,-6.2884621,106.7781152,complex_corridor,FRC1,16,25,87,56,1.0,False,-6.288455113550981,106.77822722279888,12.405765015820144,True,
2026-08-01T07:45:54.991257+00:00,2459,-6.23996075,106.79819865,complex_corridor,FRC3,17,28,668,405,1.0,False,-6.239927209643448,106.79835988366938,18.208192291717626,True,
2026-08-01T07:45:55.287950+00:00,2660,-6.288887410002579,106.77817204999796,complex_corridor,FRC1,15,17,29,26,1.0,False,-6.289080056713849,106.77821112954479,21.852459789678804,True,
2026-08-01T07:45:55.586345+00:00,2731,-6.240104349999994,106.79819525,complex_corridor,FRC1,16,20,375,300,1.0,False,-6.254711568502923,106.79717434728451,1628.1638385691926,False,
2026-08-01T07:45:55.880394+00:00,2979,-6.239918790000258,106.79844824999957,complex_corridor,FRC2,15,15,2,2,1.0,False,-6.239928542802509,106.79846583092547,2.2254395550977346,True,
2026-08-01T07:45:56.174491+00:00,3134,-6.2892448600025785,106.77855074999796,complex_corridor,FRC1,13,22,20,11,1.0,False,-6.289262432333267,106.778499467014,5.995427904385316,True,
2026-08-01T07:45:56.470492+00:00,3164,-6.239840140000258,106.79869149999956,complex_corridor,FRC2,24,24,145,145,1.0,False,-6.23981997364873,106.79856239045006,14.446370748590217,True,
2026-08-01T07:45:56.767323+00:00,3940,-6.242815700000143,106.84290446666662,complex_corridor,FRC2,21,21,19,19,1.0,False,-6.242610768682978,106.84288187111798,22.923789898286447,True,
2026-08-01T07:45:57.062775+00:00,3995,-6.2428431,106.8426503,complex_corridor,FRC2,25,30,11,9,0.91,False,-6.24270333943449,106.84230519617961,41.19038604817657,True,
2026-08-01T07:45:57.359523+00:00,4135,-6.242451300001405,106.84346441666648,complex_corridor,FRC3,27,27,15,15,1.0,False,-6.24264159782794,106.84303341592732,52.128779444682614,True,
2026-08-01T07:45:57.656351+00:00,4174,-6.242622250001264,106.84418269999986,complex_corridor,FRC3,16,20,18,14,0.99,False,-6.242365385288672,106.84405667866673,31.777844988721665,True,
2026-08-01T07:45:57.951042+00:00,4307,-6.237238257899974,106.8272395210502,complex_corridor,FRC2,21,21,6,6,1.0,False,-6.237236971031365,106.82743234718856,21.314848279038795,True,
2026-08-01T07:45:58.247175+00:00,4312,-6.237042057899963,106.8269344210502,complex_corridor,FRC2,23,23,6,6,1.0,False,-6.237208807900389,106.82690797532604,18.770772040768108,True,
2026-08-01T07:45:58.549905+00:00,4383,-6.255330045001537,106.84307333999776,complex_corridor,FRC4,25,25,7,7,1.0,False,-6.255170245392188,106.84296367849294,21.509477825194235,True,
2026-08-01T07:45:58.851524+00:00,4421,-6.237577607899957,106.82686737105018,complex_corridor,FRC3,13,17,37,28,1.0,False,-6.237416698431964,106.82692406858013,18.95817050701808,True,
2026-08-01T07:45:59.151658+00:00,5234,-6.255677025000373,106.8431710999986,complex_corridor,FRC4,23,23,6,6,1.0,False,-6.25559934329838,106.84329627241084,16.310649749926508,True,
2026-08-01T07:45:59.449423+00:00,5259,-6.255508725000373,106.84360214999862,complex_corridor,FRC4,22,31,391,278,0.996583,False,-6.255457199448482,106.84295563186589,71.6908067558573,True,
2026-08-01T07:45:59.750935+00:00,5296,-6.242909649999996,106.84406470000002,complex_corridor,FRC2,35,35,40,40,1.0,False,-6.24287098327402,106.84404058541264,5.0587612651154314,True,
2026-08-01T08:00:54.736771+00:00,703,-6.235444892859697,106.75583232857385,complex_corridor,FRC2,28,28,6,6,1.0,False,-6.235637002833079,106.75573958241279,23.694334982762854,True,
2026-08-01T08:00:55.051397+00:00,821,-6.288795825000754,106.77763638750048,complex_corridor,FRC1,22,31,49,35,0.99,False,-6.288676397337788,106.77774978959411,18.260596237349766,True,
2026-08-01T08:00:55.337505+00:00,1336,-6.235382350000007,106.7560557,complex_corridor,FRC2,13,26,20,10,1.0,False,-6.235851643158244,106.75634307944131,61.09133400248038,True,
2026-08-01T08:00:55.626243+00:00,2187,-6.234661449999994,106.7555585,complex_corridor,FRC2,39,39,18,18,1.0,False,-6.235295044618109,106.75596622907466,83.63486690954973,True,
2026-08-01T08:00:55.915252+00:00,2188,-6.233655599999991,106.75488135,complex_corridor,FRC2,30,30,32,32,1.0,False,-6.233742064909034,106.75495503627582,12.600808704103487,True,
2026-08-01T08:00:56.204678+00:00,2298,-6.288583799999989,106.77784095,complex_corridor,FRC1,18,42,777,333,1.0,False,-6.288634823320289,106.77780477487897,6.94084144102375,True,
2026-08-01T08:00:56.498193+00:00,2322,-6.2884621,106.7781152,complex_corridor,FRC1,26,26,53,53,1.0,False,-6.288455113550981,106.77822722279888,12.405765015820144,True,
2026-08-01T08:00:56.789360+00:00,2459,-6.23996075,106.79819865,complex_corridor,FRC3,16,27,710,420,1.0,False,-6.239927209643448,106.79835988366938,18.208192291717626,True,
2026-08-01T08:00:57.077195+00:00,2660,-6.288887410002579,106.77817204999796,complex_corridor,FRC1,15,20,29,22,1.0,False,-6.289080056713849,106.77821112954479,21.852459789678804,True,
2026-08-01T08:00:57.385307+00:00,2731,-6.240104349999994,106.79819525,complex_corridor,FRC1,12,21,500,285,1.0,False,-6.254711568502923,106.79717434728451,1628.1638385691926,False,
2026-08-01T08:00:57.677922+00:00,2979,-6.239918790000258,106.79844824999957,complex_corridor,FRC2,10,13,4,3,1.0,False,-6.239928542802509,106.79846583092547,2.2254395550977346,True,
2026-08-01T08:00:57.971152+00:00,3134,-6.2892448600025785,106.77855074999796,complex_corridor,FRC1,17,22,15,11,1.0,False,-6.289262432333267,106.778499467014,5.995427904385316,True,
2026-08-01T08:00:58.300592+00:00,3164,-6.239840140000258,106.79869149999956,complex_corridor,FRC2,24,24,145,145,1.0,False,-6.23981997364873,106.79856239045006,14.446370748590217,True,
2026-08-01T08:00:58.589098+00:00,3940,-6.242815700000143,106.84290446666662,complex_corridor,FRC2,16,20,25,20,1.0,False,-6.242610768682978,106.84288187111798,22.923789898286447,True,
2026-08-01T08:00:58.876137+00:00,3995,-6.2428431,106.8426503,complex_corridor,FRC2,32,32,8,8,1.0,False,-6.24270333943449,106.84230519617961,41.19038604817657,True,
2026-08-01T08:00:59.183286+00:00,4135,-6.242451300001405,106.84346441666648,complex_corridor,FRC3,27,27,15,15,1.0,False,-6.24264159782794,106.84303341592732,52.128779444682614,True,
2026-08-01T08:00:59.482704+00:00,4174,-6.242622250001264,106.84418269999986,complex_corridor,FRC3,21,21,14,14,1.0,False,-6.242365385288672,106.84405667866673,31.777844988721665,True,
2026-08-01T08:00:59.773588+00:00,4307,-6.237238257899974,106.8272395210502,complex_corridor,FRC2,14,20,9,6,1.0,False,-6.237236971031365,106.82743234718856,21.314848279038795,True,
2026-08-01T08:01:00.062279+00:00,4312,-6.237042057899963,106.8269344210502,complex_corridor,FRC2,18,22,8,6,1.0,False,-6.237208807900389,106.82690797532604,18.770772040768108,True,
2026-08-01T08:01:00.348213+00:00,4383,-6.255330045001537,106.84307333999776,complex_corridor,FRC4,20,25,9,7,1.0,False,-6.255170245392188,106.84296367849294,21.509477825194235,True,
2026-08-01T08:01:00.638052+00:00,4421,-6.237577607899957,106.82686737105018,complex_corridor,FRC3,13,17,37,28,1.0,False,-6.237416698431964,106.82692406858013,18.95817050701808,True,
2026-08-01T08:01:00.924158+00:00,5234,-6.255677025000373,106.8431710999986,complex_corridor,FRC4,23,23,6,6,1.0,False,-6.25559934329838,106.84329627241084,16.310649749926508,True,
2026-08-01T08:01:01.213576+00:00,5259,-6.255508725000373,106.84360214999862,complex_corridor,FRC4,24,30,359,287,0.997256,False,-6.255457199448482,106.84295563186589,71.6908067558573,True,
2026-08-01T08:01:01.498816+00:00,5296,-6.242909649999996,106.84406470000002,complex_corridor,FRC2,21,35,67,40,1.0,False,-6.24287098327402,106.84404058541264,5.0587612651154314,True,
2026-08-01T08:15:58.502120+00:00,703,-6.235444892859697,106.75583232857385,complex_corridor,FRC2,28,28,6,6,1.0,False,-6.235637002833079,106.75573958241279,23.694334982762854,True,
2026-08-01T08:15:58.794282+00:00,821,-6.288795825000754,106.77763638750048,complex_corridor,FRC1,31,31,35,35,1.0,False,-6.288676397337788,106.77774978959411,18.260596237349766,True,
2026-08-01T08:15:59.085442+00:00,1336,-6.235382350000007,106.7560557,complex_corridor,FRC2,10,27,26,9,0.99,False,-6.235851643158244,106.75634307944131,61.09133400248038,True,
2026-08-01T08:15:59.411175+00:00,2187,-6.234661449999994,106.7555585,complex_corridor,FRC2,39,39,18,18,1.0,False,-6.235295044618109,106.75596622907466,83.63486690954973,True,
2026-08-01T08:15:59.697707+00:00,2188,-6.233655599999991,106.75488135,complex_corridor,FRC2,30,30,32,32,1.0,False,-6.233742064909034,106.75495503627582,12.600808704103487,True,
2026-08-01T08:15:59.983591+00:00,2298,-6.288583799999989,106.77784095,complex_corridor,FRC1,18,40,777,350,1.0,False,-6.288634823320289,106.77780477487897,6.94084144102375,True,
2026-08-01T08:16:00.273348+00:00,2322,-6.2884621,106.7781152,complex_corridor,FRC1,26,26,53,53,1.0,False,-6.288455113550981,106.77822722279888,12.405765015820144,True,
2026-08-01T08:16:00.560521+00:00,2459,-6.23996075,106.79819865,complex_corridor,FRC3,15,29,757,391,1.0,False,-6.239927209643448,106.79835988366938,18.208192291717626,True,
2026-08-01T08:16:00.852718+00:00,2660,-6.288887410002579,106.77817204999796,complex_corridor,FRC1,14,16,31,27,1.0,False,-6.289080056713849,106.77821112954479,21.852459789678804,True,
2026-08-01T08:16:01.142619+00:00,2731,-6.240104349999994,106.79819525,complex_corridor,FRC1,11,21,545,285,1.0,False,-6.254711568502923,106.79717434728451,1628.1638385691926,False,
2026-08-01T08:16:01.457757+00:00,2979,-6.239918790000258,106.79844824999957,complex_corridor,FRC2,11,15,3,2,1.0,False,-6.239928542802509,106.79846583092547,2.2254395550977346,True,
2026-08-01T08:16:01.742832+00:00,3134,-6.2892448600025785,106.77855074999796,complex_corridor,FRC1,17,22,15,11,1.0,False,-6.289262432333267,106.778499467014,5.995427904385316,True,
2026-08-01T08:16:02.045412+00:00,3164,-6.239840140000258,106.79869149999956,complex_corridor,FRC2,20,24,174,145,1.0,False,-6.23981997364873,106.79856239045006,14.446370748590217,True,
2026-08-01T08:16:02.401539+00:00,3940,-6.242815700000143,106.84290446666662,complex_corridor,FRC2,21,21,19,19,1.0,False,-6.242610768682978,106.84288187111798,22.923789898286447,True,
2026-08-01T08:16:02.701826+00:00,3995,-6.2428431,106.8426503,complex_corridor,FRC2,32,32,8,8,1.0,False,-6.24270333943449,106.84230519617961,41.19038604817657,True,
2026-08-01T08:16:02.990770+00:00,4135,-6.242451300001405,106.84346441666648,complex_corridor,FRC3,21,27,19,15,1.0,False,-6.24264159782794,106.84303341592732,52.128779444682614,True,
2026-08-01T08:16:03.276277+00:00,4174,-6.242622250001264,106.84418269999986,complex_corridor,FRC3,15,20,19,14,0.99,False,-6.242365385288672,106.84405667866673,31.777844988721665,True,
2026-08-01T08:16:03.565258+00:00,4307,-6.237238257899974,106.8272395210502,complex_corridor,FRC2,15,20,8,6,1.0,False,-6.237236971031365,106.82743234718856,21.314848279038795,True,
2026-08-01T08:16:03.850462+00:00,4312,-6.237042057899963,106.8269344210502,complex_corridor,FRC2,23,23,6,6,1.0,False,-6.237208807900389,106.82690797532604,18.770772040768108,True,
2026-08-01T08:16:04.143262+00:00,4383,-6.255330045001537,106.84307333999776,complex_corridor,FRC4,25,25,7,7,1.0,False,-6.255170245392188,106.84296367849294,21.509477825194235,True,
2026-08-01T08:16:04.433455+00:00,4421,-6.237577607899957,106.82686737105018,complex_corridor,FRC3,11,17,44,28,1.0,False,-6.237416698431964,106.82692406858013,18.95817050701808,True,
2026-08-01T08:16:04.718801+00:00,5234,-6.255677025000373,106.8431710999986,complex_corridor,FRC4,23,23,6,6,1.0,False,-6.25559934329838,106.84329627241084,16.310649749926508,True,
2026-08-01T08:16:05.012112+00:00,5259,-6.255508725000373,106.84360214999862,complex_corridor,FRC4,27,30,319,287,0.99815,False,-6.255457199448482,106.84295563186589,71.6908067558573,True,
2026-08-01T08:16:05.297160+00:00,5296,-6.242909649999996,106.84406470000002,complex_corridor,FRC2,26,34,54,41,1.0,False,-6.24287098327402,106.84404058541264,5.0587612651154314,True,
2026-08-01T08:30:57.440650+00:00,703,-6.235444892859697,106.75583232857385,complex_corridor,FRC2,28,28,6,6,1.0,False,-6.235637002833079,106.75573958241279,23.694334982762854,True,
2026-08-01T08:30:57.743828+00:00,821,-6.288795825000754,106.77763638750048,complex_corridor,FRC1,17,30,64,36,1.0,False,-6.288676397337788,106.77774978959411,18.260596237349766,True,
2026-08-01T08:30:58.050939+00:00,1336,-6.235382350000007,106.7560557,complex_corridor,FRC2,27,27,9,9,1.0,False,-6.235851643158244,106.75634307944131,61.09133400248038,True,
2026-08-01T08:30:58.353913+00:00,2187,-6.234661449999994,106.7555585,complex_corridor,FRC2,39,39,18,18,1.0,False,-6.235295044618109,106.75596622907466,83.63486690954973,True,
2026-08-01T08:30:58.659268+00:00,2188,-6.233655599999991,106.75488135,complex_corridor,FRC2,19,30,51,32,1.0,False,-6.233742064909034,106.75495503627582,12.600808704103487,True,
2026-08-01T08:30:58.959796+00:00,2298,-6.288583799999989,106.77784095,complex_corridor,FRC1,17,39,823,359,1.0,False,-6.288634823320289,106.77780477487897,6.94084144102375,True,
2026-08-01T08:30:59.272284+00:00,2322,-6.2884621,106.7781152,complex_corridor,FRC1,17,26,82,53,1.0,False,-6.288455113550981,106.77822722279888,12.405765015820144,True,
2026-08-01T08:30:59.589493+00:00,2459,-6.23996075,106.79819865,complex_corridor,FRC3,15,27,757,420,1.0,False,-6.239927209643448,106.79835988366938,18.208192291717626,True,
2026-08-01T08:30:59.896379+00:00,2660,-6.288887410002579,106.77817204999796,complex_corridor,FRC1,6,14,74,31,1.0,False,-6.289080056713849,106.77821112954479,21.852459789678804,True,
2026-08-01T08:31:00.197333+00:00,2731,-6.240104349999994,106.79819525,complex_corridor,FRC1,14,22,428,272,1.0,False,-6.254711568502923,106.79717434728451,1628.1638385691926,False,
2026-08-01T08:31:00.497691+00:00,2979,-6.239918790000258,106.79844824999957,complex_corridor,FRC2,6,13,7,3,1.0,False,-6.239928542802509,106.79846583092547,2.2254395550977346,True,
2026-08-01T08:31:00.800033+00:00,3134,-6.2892448600025785,106.77855074999796,complex_corridor,FRC1,14,21,18,12,1.0,False,-6.289262432333267,106.778499467014,5.995427904385316,True,
2026-08-01T08:31:01.103985+00:00,3164,-6.239840140000258,106.79869149999956,complex_corridor,FRC2,24,24,145,145,1.0,False,-6.23981997364873,106.79856239045006,14.446370748590217,True,
2026-08-01T08:31:01.403192+00:00,3940,-6.242815700000143,106.84290446666662,complex_corridor,FRC2,21,21,19,19,1.0,False,-6.242610768682978,106.84288187111798,22.923789898286447,True,
2026-08-01T08:31:01.706945+00:00,3995,-6.2428431,106.8426503,complex_corridor,FRC2,32,32,8,8,1.0,False,-6.24270333943449,106.84230519617961,41.19038604817657,True,
2026-08-01T08:31:02.012221+00:00,4135,-6.242451300001405,106.84346441666648,complex_corridor,FRC3,27,27,15,15,1.0,False,-6.24264159782794,106.84303341592732,52.128779444682614,True,
2026-08-01T08:31:02.312238+00:00,4174,-6.242622250001264,106.84418269999986,complex_corridor,FRC3,21,21,14,14,1.0,False,-6.242365385288672,106.84405667866673,31.777844988721665,True,
2026-08-01T08:31:02.630534+00:00,4307,-6.237238257899974,106.8272395210502,complex_corridor,FRC2,21,21,6,6,1.0,False,-6.237236971031365,106.82743234718856,21.314848279038795,True,
2026-08-01T08:31:02.932196+00:00,4312,-6.237042057899963,106.8269344210502,complex_corridor,FRC2,23,23,6,6,1.0,False,-6.237208807900389,106.82690797532604,18.770772040768108,True,
2026-08-01T08:31:03.237986+00:00,4383,-6.255330045001537,106.84307333999776,complex_corridor,FRC4,25,25,7,7,1.0,False,-6.255170245392188,106.84296367849294,21.509477825194235,True,
2026-08-01T08:31:03.541088+00:00,4421,-6.237577607899957,106.82686737105018,complex_corridor,FRC3,6,17,82,28,1.0,False,-6.237416698431964,106.82692406858013,18.95817050701808,True,
2026-08-01T08:31:03.846187+00:00,5234,-6.255677025000373,106.8431710999986,complex_corridor,FRC4,23,23,6,6,1.0,False,-6.25559934329838,106.84329627241084,16.310649749926508,True,
2026-08-01T08:31:04.149907+00:00,5259,-6.255508725000373,106.84360214999862,complex_corridor,FRC4,26,30,331,287,0.997661,False,-6.255457199448482,106.84295563186589,71.6908067558573,True,
2026-08-01T08:31:04.452404+00:00,5296,-6.242909649999996,106.84406470000002,complex_corridor,FRC2,35,35,40,40,1.0,False,-6.24287098327402,106.84404058541264,5.0587612651154314,True,
2026-08-01T08:46:00.417118+00:00,703,-6.235444892859697,106.75583232857385,complex_corridor,FRC2,28,28,6,6,1.0,False,-6.235637002833079,106.75573958241279,23.694334982762854,True,
2026-08-01T08:46:00.713125+00:00,821,-6.288795825000754,106.77763638750048,complex_corridor,FRC1,23,30,47,36,1.0,False,-6.288676397337788,106.77774978959411,18.260596237349766,True,
2026-08-01T08:46:00.994859+00:00,1336,-6.235382350000007,106.7560557,complex_corridor,FRC2,27,27,9,9,1.0,False,-6.235851643158244,106.75634307944131,61.09133400248038,True,
2026-08-01T08:46:01.279207+00:00,2187,-6.234661449999994,106.7555585,complex_corridor,FRC2,39,39,18,18,1.0,False,-6.235295044618109,106.75596622907466,83.63486690954973,True,
2026-08-01T08:46:01.571271+00:00,2188,-6.233655599999991,106.75488135,complex_corridor,FRC2,30,30,32,32,1.0,False,-6.233742064909034,106.75495503627582,12.600808704103487,True,
2026-08-01T08:46:01.861506+00:00,2298,-6.288583799999989,106.77784095,complex_corridor,FRC1,19,39,736,359,1.0,False,-6.288634823320289,106.77780477487897,6.94084144102375,True,
2026-08-01T08:46:02.150039+00:00,2322,-6.2884621,106.7781152,complex_corridor,FRC1,26,26,53,53,1.0,False,-6.288455113550981,106.77822722279888,12.405765015820144,True,
2026-08-01T08:46:02.437656+00:00,2459,-6.23996075,106.79819865,complex_corridor,FRC3,13,29,873,391,1.0,False,-6.239927209643448,106.79835988366938,18.208192291717626,True,
2026-08-01T08:46:02.723478+00:00,2660,-6.288887410002579,106.77817204999796,complex_corridor,FRC1,15,15,29,29,1.0,False,-6.289080056713849,106.77821112954479,21.852459789678804,True,
2026-08-01T08:46:03.010290+00:00,2731,-6.240104349999994,106.79819525,complex_corridor,FRC1,13,22,461,272,1.0,False,-6.254711568502923,106.79717434728451,1628.1638385691926,False,
2026-08-01T08:46:03.297161+00:00,2979,-6.239918790000258,106.79844824999957,complex_corridor,FRC2,9,15,4,2,1.0,False,-6.239928542802509,106.79846583092547,2.2254395550977346,True,
2026-08-01T08:46:03.583041+00:00,3134,-6.2892448600025785,106.77855074999796,complex_corridor,FRC1,12,21,21,12,1.0,False,-6.289262432333267,106.778499467014,5.995427904385316,True,
2026-08-01T08:46:03.886169+00:00,3164,-6.239840140000258,106.79869149999956,complex_corridor,FRC2,24,24,145,145,1.0,False,-6.23981997364873,106.79856239045006,14.446370748590217,True,
2026-08-01T08:46:04.179185+00:00,3940,-6.242815700000143,106.84290446666662,complex_corridor,FRC2,21,21,19,19,1.0,False,-6.242610768682978,106.84288187111798,22.923789898286447,True,
2026-08-01T08:46:04.462717+00:00,3995,-6.2428431,106.8426503,complex_corridor,FRC2,32,32,8,8,1.0,False,-6.24270333943449,106.84230519617961,41.19038604817657,True,
2026-08-01T08:46:04.750151+00:00,4135,-6.242451300001405,106.84346441666648,complex_corridor,FRC3,27,27,15,15,1.0,False,-6.24264159782794,106.84303341592732,52.128779444682614,True,
2026-08-01T08:46:05.078526+00:00,4174,-6.242622250001264,106.84418269999986,complex_corridor,FRC3,21,21,14,14,1.0,False,-6.242365385288672,106.84405667866673,31.777844988721665,True,
2026-08-01T08:46:05.413837+00:00,4307,-6.237238257899974,106.8272395210502,complex_corridor,FRC2,14,20,9,6,1.0,False,-6.237236971031365,106.82743234718856,21.314848279038795,True,
2026-08-01T08:46:05.701029+00:00,4312,-6.237042057899963,106.8269344210502,complex_corridor,FRC2,23,23,6,6,1.0,False,-6.237208807900389,106.82690797532604,18.770772040768108,True,
2026-08-01T08:46:05.988445+00:00,4383,-6.255330045001537,106.84307333999776,complex_corridor,FRC4,25,25,7,7,1.0,False,-6.255170245392188,106.84296367849294,21.509477825194235,True,
2026-08-01T08:46:06.338929+00:00,4421,-6.237577607899957,106.82686737105018,complex_corridor,FRC3,11,17,44,28,1.0,False,-6.237416698431964,106.82692406858013,18.95817050701808,True,
2026-08-01T08:46:06.629827+00:00,5234,-6.255677025000373,106.8431710999986,complex_corridor,FRC4,17,22,8,6,1.0,False,-6.25559934329838,106.84329627241084,16.310649749926508,True,
2026-08-01T08:46:06.923513+00:00,5259,-6.255508725000373,106.84360214999862,complex_corridor,FRC4,25,29,344,297,0.99815,False,-6.255457199448482,106.84295563186589,71.6908067558573,True,
2026-08-01T08:46:07.214789+00:00,5296,-6.242909649999996,106.84406470000002,complex_corridor,FRC2,35,35,40,40,1.0,False,-6.24287098327402,106.84404058541264,5.0587612651154314,True,
2026-08-01T09:01:01.327491+00:00,703,-6.235444892859697,106.75583232857385,complex_corridor,FRC2,28,28,6,6,1.0,False,-6.235637002833079,106.75573958241279,23.694334982762854,True,
2026-08-01T09:01:01.596923+00:00,821,-6.288795825000754,106.77763638750048,complex_corridor,FRC1,31,31,35,35,1.0,False,-6.288676397337788,106.77774978959411,18.260596237349766,True,
2026-08-01T09:01:01.865673+00:00,1336,-6.235382350000007,106.7560557,complex_corridor,FRC2,18,26,14,10,0.99,False,-6.235851643158244,106.75634307944131,61.09133400248038,True,
2026-08-01T09:01:02.173489+00:00,2187,-6.234661449999994,106.7555585,complex_corridor,FRC2,39,39,18,18,1.0,False,-6.235295044618109,106.75596622907466,83.63486690954973,True,
2026-08-01T09:01:02.476947+00:00,2188,-6.233655599999991,106.75488135,complex_corridor,FRC2,30,30,32,32,1.0,False,-6.233742064909034,106.75495503627582,12.600808704103487,True,
2026-08-01T09:01:02.748836+00:00,2298,-6.288583799999989,106.77784095,complex_corridor,FRC1,20,40,700,350,1.0,False,-6.288634823320289,106.77780477487897,6.94084144102375,True,
2026-08-01T09:01:03.012629+00:00,2322,-6.2884621,106.7781152,complex_corridor,FRC1,18,26,77,53,1.0,False,-6.288455113550981,106.77822722279888,12.405765015820144,True,
2026-08-01T09:01:03.289231+00:00,2459,-6.23996075,106.79819865,complex_corridor,FRC3,16,29,710,391,1.0,False,-6.239927209643448,106.79835988366938,18.208192291717626,True,
2026-08-01T09:01:03.557509+00:00,2660,-6.288887410002579,106.77817204999796,complex_corridor,FRC1,10,15,44,29,1.0,False,-6.289080056713849,106.77821112954479,21.852459789678804,True,
2026-08-01T09:01:03.826993+00:00,2731,-6.240104349999994,106.79819525,complex_corridor,FRC1,14,22,428,272,1.0,False,-6.254711568502923,106.79717434728451,1628.1638385691926,False,
2026-08-01T09:01:04.092454+00:00,2979,-6.239918790000258,106.79844824999957,complex_corridor,FRC2,15,15,2,2,1.0,False,-6.239928542802509,106.79846583092547,2.2254395550977346,True,
2026-08-01T09:01:04.363019+00:00,3134,-6.2892448600025785,106.77855074999796,complex_corridor,FRC1,8,22,32,11,1.0,False,-6.289262432333267,106.778499467014,5.995427904385316,True,
2026-08-01T09:01:04.632263+00:00,3164,-6.239840140000258,106.79869149999956,complex_corridor,FRC2,24,24,145,145,1.0,False,-6.23981997364873,106.79856239045006,14.446370748590217,True,
2026-08-01T09:01:04.898831+00:00,3940,-6.242815700000143,106.84290446666662,complex_corridor,FRC2,21,21,19,19,1.0,False,-6.242610768682978,106.84288187111798,22.923789898286447,True,
2026-08-01T09:01:05.164509+00:00,3995,-6.2428431,106.8426503,complex_corridor,FRC2,32,32,8,8,1.0,False,-6.24270333943449,106.84230519617961,41.19038604817657,True,
2026-08-01T09:01:05.428393+00:00,4135,-6.242451300001405,106.84346441666648,complex_corridor,FRC3,27,27,15,15,1.0,False,-6.24264159782794,106.84303341592732,52.128779444682614,True,
2026-08-01T09:01:05.702550+00:00,4174,-6.242622250001264,106.84418269999986,complex_corridor,FRC3,21,21,14,14,1.0,False,-6.242365385288672,106.84405667866673,31.777844988721665,True,
2026-08-01T09:01:05.977151+00:00,4307,-6.237238257899974,106.8272395210502,complex_corridor,FRC2,12,21,10,6,1.0,False,-6.237236971031365,106.82743234718856,21.314848279038795,True,
2026-08-01T09:01:06.247046+00:00,4312,-6.237042057899963,106.8269344210502,complex_corridor,FRC2,23,23,6,6,1.0,False,-6.237208807900389,106.82690797532604,18.770772040768108,True,
2026-08-01T09:01:06.522128+00:00,4383,-6.255330045001537,106.84307333999776,complex_corridor,FRC4,25,25,7,7,1.0,False,-6.255170245392188,106.84296367849294,21.509477825194235,True,
2026-08-01T09:01:06.788595+00:00,4421,-6.237577607899957,106.82686737105018,complex_corridor,FRC3,8,18,61,27,0.99,False,-6.237416698431964,106.82692406858013,18.95817050701808,True,
2026-08-01T09:01:07.053175+00:00,5234,-6.255677025000373,106.8431710999986,complex_corridor,FRC4,23,23,6,6,1.0,False,-6.25559934329838,106.84329627241084,16.310649749926508,True,
2026-08-01T09:01:07.320311+00:00,5259,-6.255508725000373,106.84360214999862,complex_corridor,FRC4,30,30,287,287,1.0,False,-6.255457199448482,106.84295563186589,71.6908067558573,True,
2026-08-01T09:01:07.590362+00:00,5296,-6.242909649999996,106.84406470000002,complex_corridor,FRC2,35,35,40,40,1.0,False,-6.24287098327402,106.84404058541264,5.0587612651154314,True,
2026-08-01T09:15:59.889749+00:00,703,-6.235444892859697,106.75583232857385,complex_corridor,FRC2,28,28,6,6,1.0,False,-6.235637002833079,106.75573958241279,23.694334982762854,True,
2026-08-01T09:16:00.185202+00:00,821,-6.288795825000754,106.77763638750048,complex_corridor,FRC1,31,31,35,35,1.0,False,-6.288676397337788,106.77774978959411,18.260596237349766,True,
2026-08-01T09:16:00.473699+00:00,1336,-6.235382350000007,106.7560557,complex_corridor,FRC2,15,27,17,9,0.99,False,-6.235851643158244,106.75634307944131,61.09133400248038,True,
2026-08-01T09:16:00.765526+00:00,2187,-6.234661449999994,106.7555585,complex_corridor,FRC2,39,39,18,18,1.0,False,-6.235295044618109,106.75596622907466,83.63486690954973,True,
2026-08-01T09:16:01.054539+00:00,2188,-6.233655599999991,106.75488135,complex_corridor,FRC2,30,30,32,32,1.0,False,-6.233742064909034,106.75495503627582,12.600808704103487,True,
2026-08-01T09:16:01.344833+00:00,2298,-6.288583799999989,106.77784095,complex_corridor,FRC1,20,41,700,341,1.0,False,-6.288634823320289,106.77780477487897,6.94084144102375,True,
2026-08-01T09:16:01.634892+00:00,2322,-6.2884621,106.7781152,complex_corridor,FRC1,18,26,77,53,1.0,False,-6.288455113550981,106.77822722279888,12.405765015820144,True,
2026-08-01T09:16:01.923496+00:00,2459,-6.23996075,106.79819865,complex_corridor,FRC3,15,27,757,420,1.0,False,-6.239927209643448,106.79835988366938,18.208192291717626,True,
2026-08-01T09:16:02.211153+00:00,2660,-6.288887410002579,106.77817204999796,complex_corridor,FRC1,9,15,49,29,1.0,False,-6.289080056713849,106.77821112954479,21.852459789678804,True,
2026-08-01T09:16:02.505299+00:00,2731,-6.240104349999994,106.79819525,complex_corridor,FRC1,11,22,545,272,1.0,False,-6.254711568502923,106.79717434728451,1628.1638385691926,False,
2026-08-01T09:16:02.791407+00:00,2979,-6.239918790000258,106.79844824999957,complex_corridor,FRC2,12,15,3,2,1.0,False,-6.239928542802509,106.79846583092547,2.2254395550977346,True,
2026-08-01T09:16:03.081797+00:00,3134,-6.2892448600025785,106.77855074999796,complex_corridor,FRC1,17,21,15,12,1.0,False,-6.289262432333267,106.778499467014,5.995427904385316,True,
2026-08-01T09:16:03.370500+00:00,3164,-6.239840140000258,106.79869149999956,complex_corridor,FRC2,24,24,145,145,1.0,False,-6.23981997364873,106.79856239045006,14.446370748590217,True,
2026-08-01T09:16:03.662747+00:00,3940,-6.242815700000143,106.84290446666662,complex_corridor,FRC2,21,21,19,19,1.0,False,-6.242610768682978,106.84288187111798,22.923789898286447,True,
2026-08-01T09:16:03.954514+00:00,3995,-6.2428431,106.8426503,complex_corridor,FRC2,32,32,8,8,1.0,False,-6.24270333943449,106.84230519617961,41.19038604817657,True,
2026-08-01T09:16:04.245646+00:00,4135,-6.242451300001405,106.84346441666648,complex_corridor,FRC3,27,27,15,15,1.0,False,-6.24264159782794,106.84303341592732,52.128779444682614,True,
2026-08-01T09:16:04.534568+00:00,4174,-6.242622250001264,106.84418269999986,complex_corridor,FRC3,21,21,14,14,1.0,False,-6.242365385288672,106.84405667866673,31.777844988721665,True,
2026-08-01T09:16:04.819515+00:00,4307,-6.237238257899974,106.8272395210502,complex_corridor,FRC2,17,21,7,6,1.0,False,-6.237236971031365,106.82743234718856,21.314848279038795,True,
2026-08-01T09:16:05.111449+00:00,4312,-6.237042057899963,106.8269344210502,complex_corridor,FRC2,23,23,6,6,1.0,False,-6.237208807900389,106.82690797532604,18.770772040768108,True,
2026-08-01T09:16:05.400128+00:00,4383,-6.255330045001537,106.84307333999776,complex_corridor,FRC4,16,24,11,7,1.0,False,-6.255170245392188,106.84296367849294,21.509477825194235,True,
2026-08-01T09:16:05.690093+00:00,4421,-6.237577607899957,106.82686737105018,complex_corridor,FRC3,9,18,54,27,0.99,False,-6.237416698431964,106.82692406858013,18.95817050701808,True,
2026-08-01T09:16:05.983538+00:00,5234,-6.255677025000373,106.8431710999986,complex_corridor,FRC4,23,23,6,6,1.0,False,-6.25559934329838,106.84329627241084,16.310649749926508,True,
2026-08-01T09:16:06.278140+00:00,5259,-6.255508725000373,106.84360214999862,complex_corridor,FRC4,30,30,287,287,1.0,False,-6.255457199448482,106.84295563186589,71.6908067558573,True,
2026-08-01T09:16:06.565163+00:00,5296,-6.242909649999996,106.84406470000002,complex_corridor,FRC2,19,34,74,41,1.0,False,-6.24287098327402,106.84404058541264,5.0587612651154314,True,
2026-08-01T09:30:50.546668+00:00,703,-6.235444892859697,106.75583232857385,complex_corridor,FRC2,28,28,6,6,1.0,False,-6.235637002833079,106.75573958241279,23.694334982762854,True,
2026-08-01T09:30:50.842634+00:00,821,-6.288795825000754,106.77763638750048,complex_corridor,FRC1,31,31,35,35,1.0,False,-6.288676397337788,106.77774978959411,18.260596237349766,True,
2026-08-01T09:30:51.193266+00:00,1336,-6.235382350000007,106.7560557,complex_corridor,FRC2,27,27,9,9,1.0,False,-6.235851643158244,106.75634307944131,61.09133400248038,True,
2026-08-01T09:30:51.482971+00:00,2187,-6.234661449999994,106.7555585,complex_corridor,FRC2,39,39,18,18,1.0,False,-6.235295044618109,106.75596622907466,83.63486690954973,True,
2026-08-01T09:30:51.773075+00:00,2188,-6.233655599999991,106.75488135,complex_corridor,FRC2,30,30,32,32,1.0,False,-6.233742064909034,106.75495503627582,12.600808704103487,True,
2026-08-01T09:30:52.083024+00:00,2298,-6.288583799999989,106.77784095,complex_corridor,FRC1,20,40,700,350,1.0,False,-6.288634823320289,106.77780477487897,6.94084144102375,True,
2026-08-01T09:30:52.391523+00:00,2322,-6.2884621,106.7781152,complex_corridor,FRC1,26,26,53,53,1.0,False,-6.288455113550981,106.77822722279888,12.405765015820144,True,
2026-08-01T09:30:52.680337+00:00,2459,-6.23996075,106.79819865,complex_corridor,FRC3,15,28,757,405,1.0,False,-6.239927209643448,106.79835988366938,18.208192291717626,True,
2026-08-01T09:30:52.970590+00:00,2660,-6.288887410002579,106.77817204999796,complex_corridor,FRC1,9,14,49,31,1.0,False,-6.289080056713849,106.77821112954479,21.852459789678804,True,
2026-08-01T09:30:53.263563+00:00,2731,-6.240104349999994,106.79819525,complex_corridor,FRC1,8,21,750,285,1.0,False,-6.254711568502923,106.79717434728451,1628.1638385691926,False,
2026-08-01T09:30:53.549697+00:00,2979,-6.239918790000258,106.79844824999957,complex_corridor,FRC2,12,15,3,2,1.0,False,-6.239928542802509,106.79846583092547,2.2254395550977346,True,
2026-08-01T09:30:53.844514+00:00,3134,-6.2892448600025785,106.77855074999796,complex_corridor,FRC1,22,22,11,11,1.0,False,-6.289262432333267,106.778499467014,5.995427904385316,True,
2026-08-01T09:30:54.132666+00:00,3164,-6.239840140000258,106.79869149999956,complex_corridor,FRC2,24,24,145,145,1.0,False,-6.23981997364873,106.79856239045006,14.446370748590217,True,
2026-08-01T09:30:54.418893+00:00,3940,-6.242815700000143,106.84290446666662,complex_corridor,FRC2,14,20,28,20,1.0,False,-6.242610768682978,106.84288187111798,22.923789898286447,True,
2026-08-01T09:30:54.714451+00:00,3995,-6.2428431,106.8426503,complex_corridor,FRC2,32,32,8,8,1.0,False,-6.24270333943449,106.84230519617961,41.19038604817657,True,
2026-08-01T09:30:55.006800+00:00,4135,-6.242451300001405,106.84346441666648,complex_corridor,FRC3,27,27,15,15,1.0,False,-6.24264159782794,106.84303341592732,52.128779444682614,True,
2026-08-01T09:30:55.295435+00:00,4174,-6.242622250001264,106.84418269999986,complex_corridor,FRC3,21,21,14,14,1.0,False,-6.242365385288672,106.84405667866673,31.777844988721665,True,
2026-08-01T09:30:55.584805+00:00,4307,-6.237238257899974,106.8272395210502,complex_corridor,FRC2,13,20,9,6,1.0,False,-6.237236971031365,106.82743234718856,21.314848279038795,True,
2026-08-01T09:30:55.875959+00:00,4312,-6.237042057899963,106.8269344210502,complex_corridor,FRC2,23,23,6,6,1.0,False,-6.237208807900389,106.82690797532604,18.770772040768108,True,
2026-08-01T09:30:56.163731+00:00,4383,-6.255330045001537,106.84307333999776,complex_corridor,FRC4,25,25,7,7,1.0,False,-6.255170245392188,106.84296367849294,21.509477825194235,True,
2026-08-01T09:30:56.464026+00:00,4421,-6.237577607899957,106.82686737105018,complex_corridor,FRC3,11,17,44,28,1.0,False,-6.237416698431964,106.82692406858013,18.95817050701808,True,
2026-08-01T09:30:56.756265+00:00,5234,-6.255677025000373,106.8431710999986,complex_corridor,FRC4,15,23,9,6,1.0,False,-6.25559934329838,106.84329627241084,16.310649749926508,True,
2026-08-01T09:30:57.044220+00:00,5259,-6.255508725000373,106.84360214999862,complex_corridor,FRC4,23,30,374,287,0.99815,False,-6.255457199448482,106.84295563186589,71.6908067558573,True,
2026-08-01T09:30:57.343817+00:00,5296,-6.242909649999996,106.84406470000002,complex_corridor,FRC2,17,34,83,41,1.0,False,-6.24287098327402,106.84404058541264,5.0587612651154314,True,
2026-08-01T09:45:48.756698+00:00,703,-6.235444892859697,106.75583232857385,complex_corridor,FRC2,28,28,6,6,1.0,False,-6.235637002833079,106.75573958241279,23.694334982762854,True,
2026-08-01T09:45:49.070286+00:00,821,-6.288795825000754,106.77763638750048,complex_corridor,FRC1,19,31,57,35,0.99,False,-6.288676397337788,106.77774978959411,18.260596237349766,True,
2026-08-01T09:45:49.375616+00:00,1336,-6.235382350000007,106.7560557,complex_corridor,FRC2,27,27,9,9,1.0,False,-6.235851643158244,106.75634307944131,61.09133400248038,True,
2026-08-01T09:45:49.677697+00:00,2187,-6.234661449999994,106.7555585,complex_corridor,FRC2,26,38,28,19,1.0,False,-6.235295044618109,106.75596622907466,83.63486690954973,True,
2026-08-01T09:45:49.979094+00:00,2188,-6.233655599999991,106.75488135,complex_corridor,FRC2,30,30,32,32,1.0,False,-6.233742064909034,106.75495503627582,12.600808704103487,True,
2026-08-01T09:45:50.295106+00:00,2298,-6.288583799999989,106.77784095,complex_corridor,FRC1,20,40,700,350,1.0,False,-6.288634823320289,106.77780477487897,6.94084144102375,True,
2026-08-01T09:45:50.597277+00:00,2322,-6.2884621,106.7781152,complex_corridor,FRC1,14,25,100,56,1.0,False,-6.288455113550981,106.77822722279888,12.405765015820144,True,
2026-08-01T09:45:50.908417+00:00,2459,-6.23996075,106.79819865,complex_corridor,FRC3,14,27,811,420,0.998558,False,-6.239927209643448,106.79835988366938,18.208192291717626,True,
2026-08-01T09:45:51.213321+00:00,2660,-6.288887410002579,106.77817204999796,complex_corridor,FRC1,10,15,44,29,1.0,False,-6.289080056713849,106.77821112954479,21.852459789678804,True,
2026-08-01T09:45:51.518383+00:00,2731,-6.240104349999994,106.79819525,complex_corridor,FRC1,11,22,545,272,1.0,False,-6.254711568502923,106.79717434728451,1628.1638385691926,False,
2026-08-01T09:45:51.822010+00:00,2979,-6.239918790000258,106.79844824999957,complex_corridor,FRC2,11,13,3,3,1.0,False,-6.239928542802509,106.79846583092547,2.2254395550977346,True,
2026-08-01T09:45:52.138370+00:00,3134,-6.2892448600025785,106.77855074999796,complex_corridor,FRC1,16,21,16,12,1.0,False,-6.289262432333267,106.778499467014,5.995427904385316,True,
2026-08-01T09:45:52.446210+00:00,3164,-6.239840140000258,106.79869149999956,complex_corridor,FRC2,19,24,183,145,1.0,False,-6.23981997364873,106.79856239045006,14.446370748590217,True,
2026-08-01T09:45:52.750103+00:00,3940,-6.242815700000143,106.84290446666662,complex_corridor,FRC2,21,21,19,19,1.0,False,-6.242610768682978,106.84288187111798,22.923789898286447,True,
2026-08-01T09:45:53.051403+00:00,3995,-6.2428431,106.8426503,complex_corridor,FRC2,32,32,8,8,1.0,False,-6.24270333943449,106.84230519617961,41.19038604817657,True,
2026-08-01T09:45:53.381401+00:00,4135,-6.242451300001405,106.84346441666648,complex_corridor,FRC3,27,27,15,15,1.0,False,-6.24264159782794,106.84303341592732,52.128779444682614,True,
2026-08-01T09:45:53.683807+00:00,4174,-6.242622250001264,106.84418269999986,complex_corridor,FRC3,13,21,22,14,0.99,False,-6.242365385288672,106.84405667866673,31.777844988721665,True,
2026-08-01T09:45:53.985051+00:00,4307,-6.237238257899974,106.8272395210502,complex_corridor,FRC2,21,21,6,6,1.0,False,-6.237236971031365,106.82743234718856,21.314848279038795,True,
2026-08-01T09:45:54.302136+00:00,4312,-6.237042057899963,106.8269344210502,complex_corridor,FRC2,23,23,6,6,1.0,False,-6.237208807900389,106.82690797532604,18.770772040768108,True,
2026-08-01T09:45:54.607241+00:00,4383,-6.255330045001537,106.84307333999776,complex_corridor,FRC4,18,24,10,7,1.0,False,-6.255170245392188,106.84296367849294,21.509477825194235,True,
2026-08-01T09:45:54.912046+00:00,4421,-6.237577607899957,106.82686737105018,complex_corridor,FRC3,5,17,98,28,1.0,False,-6.237416698431964,106.82692406858013,18.95817050701808,True,
2026-08-01T09:45:55.269496+00:00,5234,-6.255677025000373,106.8431710999986,complex_corridor,FRC4,18,22,7,6,1.0,False,-6.25559934329838,106.84329627241084,16.310649749926508,True,
2026-08-01T09:45:55.573579+00:00,5259,-6.255508725000373,106.84360214999862,complex_corridor,FRC4,30,30,287,287,1.0,False,-6.255457199448482,106.84295563186589,71.6908067558573,True,
2026-08-01T09:45:55.882781+00:00,5296,-6.242909649999996,106.84406470000002,complex_corridor,FRC2,27,35,52,40,1.0,False,-6.24287098327402,106.84404058541264,5.0587612651154314,True,
2026-08-01T10:01:03.218344+00:00,703,-6.235444892859697,106.75583232857385,complex_corridor,FRC2,28,28,6,6,1.0,False,-6.235637002833079,106.75573958241279,23.694334982762854,True,
2026-08-01T10:01:03.512019+00:00,821,-6.288795825000754,106.77763638750048,complex_corridor,FRC1,21,31,52,35,0.99,False,-6.288676397337788,106.77774978959411,18.260596237349766,True,
2026-08-01T10:01:03.815158+00:00,1336,-6.235382350000007,106.7560557,complex_corridor,FRC2,27,27,9,9,1.0,False,-6.235851643158244,106.75634307944131,61.09133400248038,True,
2026-08-01T10:01:04.115450+00:00,2187,-6.234661449999994,106.7555585,complex_corridor,FRC2,39,39,18,18,1.0,False,-6.235295044618109,106.75596622907466,83.63486690954973,True,
2026-08-01T10:01:04.444627+00:00,2188,-6.233655599999991,106.75488135,complex_corridor,FRC2,30,30,32,32,1.0,False,-6.233742064909034,106.75495503627582,12.600808704103487,True,
2026-08-01T10:01:04.745468+00:00,2298,-6.288583799999989,106.77784095,complex_corridor,FRC1,21,41,666,341,1.0,False,-6.288634823320289,106.77780477487897,6.94084144102375,True,
2026-08-01T10:01:05.039387+00:00,2322,-6.2884621,106.7781152,complex_corridor,FRC1,20,26,70,53,1.0,False,-6.288455113550981,106.77822722279888,12.405765015820144,True,
2026-08-01T10:01:05.334899+00:00,2459,-6.23996075,106.79819865,complex_corridor,FRC3,13,26,873,436,0.998565,False,-6.239927209643448,106.79835988366938,18.208192291717626,True,
2026-08-01T10:01:05.632075+00:00,2660,-6.288887410002579,106.77817204999796,complex_corridor,FRC1,10,15,44,29,1.0,False,-6.289080056713849,106.77821112954479,21.852459789678804,True,
2026-08-01T10:01:05.929441+00:00,2731,-6.240104349999994,106.79819525,complex_corridor,FRC1,8,21,750,285,1.0,False,-6.254711568502923,106.79717434728451,1628.1638385691926,False,
2026-08-01T10:01:06.225377+00:00,2979,-6.239918790000258,106.79844824999957,complex_corridor,FRC2,4,13,10,3,1.0,False,-6.239928542802509,106.79846583092547,2.2254395550977346,True,
2026-08-01T10:01:06.516234+00:00,3134,-6.2892448600025785,106.77855074999796,complex_corridor,FRC1,14,21,18,12,1.0,False,-6.289262432333267,106.778499467014,5.995427904385316,True,
2026-08-01T10:01:06.812258+00:00,3164,-6.239840140000258,106.79869149999956,complex_corridor,FRC2,24,24,145,145,1.0,False,-6.23981997364873,106.79856239045006,14.446370748590217,True,
2026-08-01T10:01:07.105985+00:00,3940,-6.242815700000143,106.84290446666662,complex_corridor,FRC2,21,21,19,19,1.0,False,-6.242610768682978,106.84288187111798,22.923789898286447,True,
2026-08-01T10:01:07.401846+00:00,3995,-6.2428431,106.8426503,complex_corridor,FRC2,32,32,8,8,1.0,False,-6.24270333943449,106.84230519617961,41.19038604817657,True,
2026-08-01T10:01:07.701243+00:00,4135,-6.242451300001405,106.84346441666648,complex_corridor,FRC3,27,27,15,15,1.0,False,-6.24264159782794,106.84303341592732,52.128779444682614,True,
2026-08-01T10:01:07.995775+00:00,4174,-6.242622250001264,106.84418269999986,complex_corridor,FRC3,16,21,18,14,0.99,False,-6.242365385288672,106.84405667866673,31.777844988721665,True,
2026-08-01T10:01:08.288250+00:00,4307,-6.237238257899974,106.8272395210502,complex_corridor,FRC2,21,21,6,6,1.0,False,-6.237236971031365,106.82743234718856,21.314848279038795,True,
2026-08-01T10:01:08.582835+00:00,4312,-6.237042057899963,106.8269344210502,complex_corridor,FRC2,23,23,6,6,1.0,False,-6.237208807900389,106.82690797532604,18.770772040768108,True,
2026-08-01T10:01:08.874518+00:00,4383,-6.255330045001537,106.84307333999776,complex_corridor,FRC4,19,25,9,7,1.0,False,-6.255170245392188,106.84296367849294,21.509477825194235,True,
2026-08-01T10:01:09.166973+00:00,4421,-6.237577607899957,106.82686737105018,complex_corridor,FRC3,8,17,61,28,1.0,False,-6.237416698431964,106.82692406858013,18.95817050701808,True,
2026-08-01T10:01:09.456824+00:00,5234,-6.255677025000373,106.8431710999986,complex_corridor,FRC4,23,23,6,6,1.0,False,-6.25559934329838,106.84329627241084,16.310649749926508,True,
2026-08-01T10:01:09.747047+00:00,5259,-6.255508725000373,106.84360214999862,complex_corridor,FRC4,24,30,359,287,0.997256,False,-6.255457199448482,106.84295563186589,71.6908067558573,True,
2026-08-01T10:01:10.047084+00:00,5296,-6.242909649999996,106.84406470000002,complex_corridor,FRC2,22,34,64,41,1.0,False,-6.24287098327402,106.84404058541264,5.0587612651154314,True,
2026-08-01T10:15:53.804772+00:00,703,-6.235444892859697,106.75583232857385,complex_corridor,FRC2,28,28,6,6,1.0,False,-6.235637002833079,106.75573958241279,23.694334982762854,True,
2026-08-01T10:15:54.099303+00:00,821,-6.288795825000754,106.77763638750048,complex_corridor,FRC1,17,31,64,35,0.99,False,-6.288676397337788,106.77774978959411,18.260596237349766,True,
2026-08-01T10:15:54.388364+00:00,1336,-6.235382350000007,106.7560557,complex_corridor,FRC2,22,27,12,9,1.0,False,-6.235851643158244,106.75634307944131,61.09133400248038,True,
2026-08-01T10:15:54.688586+00:00,2187,-6.234661449999994,106.7555585,complex_corridor,FRC2,39,39,18,18,1.0,False,-6.235295044618109,106.75596622907466,83.63486690954973,True,
2026-08-01T10:15:54.977197+00:00,2188,-6.233655599999991,106.75488135,complex_corridor,FRC2,30,30,32,32,1.0,False,-6.233742064909034,106.75495503627582,12.600808704103487,True,
2026-08-01T10:15:55.264589+00:00,2298,-6.288583799999989,106.77784095,complex_corridor,FRC1,19,40,736,350,1.0,False,-6.288634823320289,106.77780477487897,6.94084144102375,True,
2026-08-01T10:15:55.548684+00:00,2322,-6.2884621,106.7781152,complex_corridor,FRC1,19,26,73,53,1.0,False,-6.288455113550981,106.77822722279888,12.405765015820144,True,
2026-08-01T10:15:55.837377+00:00,2459,-6.23996075,106.79819865,complex_corridor,FRC3,16,28,710,405,1.0,False,-6.239927209643448,106.79835988366938,18.208192291717626,True,
2026-08-01T10:15:56.123822+00:00,2660,-6.288887410002579,106.77817204999796,complex_corridor,FRC1,10,14,44,31,1.0,False,-6.289080056713849,106.77821112954479,21.852459789678804,True,
2026-08-01T10:15:56.434802+00:00,2731,-6.240104349999994,106.79819525,complex_corridor,FRC1,11,22,545,272,1.0,False,-6.254711568502923,106.79717434728451,1628.1638385691926,False,
2026-08-01T10:15:56.732567+00:00,2979,-6.239918790000258,106.79844824999957,complex_corridor,FRC2,8,13,5,3,1.0,False,-6.239928542802509,106.79846583092547,2.2254395550977346,True,
2026-08-01T10:15:57.063919+00:00,3134,-6.2892448600025785,106.77855074999796,complex_corridor,FRC1,22,22,11,11,1.0,False,-6.289262432333267,106.778499467014,5.995427904385316,True,
2026-08-01T10:15:57.355496+00:00,3164,-6.239840140000258,106.79869149999956,complex_corridor,FRC2,24,24,145,145,1.0,False,-6.23981997364873,106.79856239045006,14.446370748590217,True,
2026-08-01T10:15:57.641155+00:00,3940,-6.242815700000143,106.84290446666662,complex_corridor,FRC2,14,20,28,20,1.0,False,-6.242610768682978,106.84288187111798,22.923789898286447,True,
2026-08-01T10:15:57.937801+00:00,3995,-6.2428431,106.8426503,complex_corridor,FRC2,32,32,8,8,1.0,False,-6.24270333943449,106.84230519617961,41.19038604817657,True,
2026-08-01T10:15:58.223040+00:00,4135,-6.242451300001405,106.84346441666648,complex_corridor,FRC3,27,27,15,15,1.0,False,-6.24264159782794,106.84303341592732,52.128779444682614,True,
2026-08-01T10:15:58.522284+00:00,4174,-6.242622250001264,106.84418269999986,complex_corridor,FRC3,21,21,14,14,1.0,False,-6.242365385288672,106.84405667866673,31.777844988721665,True,
2026-08-01T10:15:58.807920+00:00,4307,-6.237238257899974,106.8272395210502,complex_corridor,FRC2,21,21,6,6,1.0,False,-6.237236971031365,106.82743234718856,21.314848279038795,True,
2026-08-01T10:15:59.100395+00:00,4312,-6.237042057899963,106.8269344210502,complex_corridor,FRC2,23,23,6,6,1.0,False,-6.237208807900389,106.82690797532604,18.770772040768108,True,
2026-08-01T10:15:59.384551+00:00,4383,-6.255330045001537,106.84307333999776,complex_corridor,FRC4,25,25,7,7,1.0,False,-6.255170245392188,106.84296367849294,21.509477825194235,True,
2026-08-01T10:15:59.668941+00:00,4421,-6.237577607899957,106.82686737105018,complex_corridor,FRC3,6,18,82,27,1.0,False,-6.237416698431964,106.82692406858013,18.95817050701808,True,
2026-08-01T10:15:59.952887+00:00,5234,-6.255677025000373,106.8431710999986,complex_corridor,FRC4,17,22,8,6,1.0,False,-6.25559934329838,106.84329627241084,16.310649749926508,True,
2026-08-01T10:16:00.238253+00:00,5259,-6.255508725000373,106.84360214999862,complex_corridor,FRC4,19,29,453,297,0.997018,False,-6.255457199448482,106.84295563186589,71.6908067558573,True,
2026-08-01T10:16:00.531018+00:00,5296,-6.242909649999996,106.84406470000002,complex_corridor,FRC2,35,35,40,40,1.0,False,-6.24287098327402,106.84404058541264,5.0587612651154314,True,
2026-08-01T10:31:02.041072+00:00,703,-6.235444892859697,106.75583232857385,complex_corridor,FRC2,28,28,6,6,1.0,False,-6.235637002833079,106.75573958241279,23.694334982762854,True,
2026-08-01T10:31:02.343575+00:00,821,-6.288795825000754,106.77763638750048,complex_corridor,FRC1,16,31,68,35,1.0,False,-6.288676397337788,106.77774978959411,18.260596237349766,True,
2026-08-01T10:31:02.647371+00:00,1336,-6.235382350000007,106.7560557,complex_corridor,FRC2,13,28,20,9,1.0,False,-6.235851643158244,106.75634307944131,61.09133400248038,True,
2026-08-01T10:31:02.947831+00:00,2187,-6.234661449999994,106.7555585,complex_corridor,FRC2,39,39,18,18,1.0,False,-6.235295044618109,106.75596622907466,83.63486690954973,True,
2026-08-01T10:31:03.251621+00:00,2188,-6.233655599999991,106.75488135,complex_corridor,FRC2,30,30,32,32,1.0,False,-6.233742064909034,106.75495503627582,12.600808704103487,True,
2026-08-01T10:31:03.545610+00:00,2298,-6.288583799999989,106.77784095,complex_corridor,FRC1,22,41,636,341,1.0,False,-6.288634823320289,106.77780477487897,6.94084144102375,True,
2026-08-01T10:31:03.893000+00:00,2322,-6.2884621,106.7781152,complex_corridor,FRC1,14,26,100,53,1.0,False,-6.288455113550981,106.77822722279888,12.405765015820144,True,
2026-08-01T10:31:04.191644+00:00,2459,-6.23996075,106.79819865,complex_corridor,FRC3,14,28,811,405,1.0,False,-6.239927209643448,106.79835988366938,18.208192291717626,True,
2026-08-01T10:31:04.486939+00:00,2660,-6.288887410002579,106.77817204999796,complex_corridor,FRC1,10,15,44,29,1.0,False,-6.289080056713849,106.77821112954479,21.852459789678804,True,
2026-08-01T10:31:04.784436+00:00,2731,-6.240104349999994,106.79819525,complex_corridor,FRC1,10,22,600,272,1.0,False,-6.254711568502923,106.79717434728451,1628.1638385691926,False,
2026-08-01T10:31:05.108811+00:00,2979,-6.239918790000258,106.79844824999957,complex_corridor,FRC2,11,15,3,2,1.0,False,-6.239928542802509,106.79846583092547,2.2254395550977346,True,
2026-08-01T10:31:05.411818+00:00,3134,-6.2892448600025785,106.77855074999796,complex_corridor,FRC1,13,22,20,11,1.0,False,-6.289262432333267,106.778499467014,5.995427904385316,True,
2026-08-01T10:31:05.707741+00:00,3164,-6.239840140000258,106.79869149999956,complex_corridor,FRC2,24,24,145,145,1.0,False,-6.23981997364873,106.79856239045006,14.446370748590217,True,
2026-08-01T10:31:06.001568+00:00,3940,-6.242815700000143,106.84290446666662,complex_corridor,FRC2,21,21,19,19,1.0,False,-6.242610768682978,106.84288187111798,22.923789898286447,True,
2026-08-01T10:31:06.295489+00:00,3995,-6.2428431,106.8426503,complex_corridor,FRC2,32,32,8,8,1.0,False,-6.24270333943449,106.84230519617961,41.19038604817657,True,
2026-08-01T10:31:06.588176+00:00,4135,-6.242451300001405,106.84346441666648,complex_corridor,FRC3,27,27,15,15,1.0,False,-6.24264159782794,106.84303341592732,52.128779444682614,True,
2026-08-01T10:31:06.886920+00:00,4174,-6.242622250001264,106.84418269999986,complex_corridor,FRC3,21,21,14,14,1.0,False,-6.242365385288672,106.84405667866673,31.777844988721665,True,
2026-08-01T10:31:07.180475+00:00,4307,-6.237238257899974,106.8272395210502,complex_corridor,FRC2,12,20,10,6,1.0,False,-6.237236971031365,106.82743234718856,21.314848279038795,True,
2026-08-01T10:31:07.475241+00:00,4312,-6.237042057899963,106.8269344210502,complex_corridor,FRC2,23,23,6,6,1.0,False,-6.237208807900389,106.82690797532604,18.770772040768108,True,
2026-08-01T10:31:07.773796+00:00,4383,-6.255330045001537,106.84307333999776,complex_corridor,FRC4,25,25,7,7,1.0,False,-6.255170245392188,106.84296367849294,21.509477825194235,True,
2026-08-01T10:31:08.075982+00:00,4421,-6.237577607899957,106.82686737105018,complex_corridor,FRC3,7,18,70,27,1.0,False,-6.237416698431964,106.82692406858013,18.95817050701808,True,
2026-08-01T10:31:08.368727+00:00,5234,-6.255677025000373,106.8431710999986,complex_corridor,FRC4,10,22,14,6,1.0,False,-6.25559934329838,106.84329627241084,16.310649749926508,True,
2026-08-01T10:31:08.673074+00:00,5259,-6.255508725000373,106.84360214999862,complex_corridor,FRC4,22,30,391,287,0.997298,False,-6.255457199448482,106.84295563186589,71.6908067558573,True,
2026-08-01T10:31:08.989491+00:00,5296,-6.242909649999996,106.84406470000002,complex_corridor,FRC2,27,35,52,40,1.0,False,-6.24287098327402,106.84404058541264,5.0587612651154314,True,
2026-08-01T10:45:51.933297+00:00,703,-6.235444892859697,106.75583232857385,complex_corridor,FRC2,28,28,6,6,1.0,False,-6.235637002833079,106.75573958241279,23.694334982762854,True,
2026-08-01T10:45:52.224184+00:00,821,-6.288795825000754,106.77763638750048,complex_corridor,FRC1,19,31,57,35,0.99,False,-6.288676397337788,106.77774978959411,18.260596237349766,True,
2026-08-01T10:45:52.518523+00:00,1336,-6.235382350000007,106.7560557,complex_corridor,FRC2,21,27,12,9,1.0,False,-6.235851643158244,106.75634307944131,61.09133400248038,True,
2026-08-01T10:45:52.812193+00:00,2187,-6.234661449999994,106.7555585,complex_corridor,FRC2,39,39,18,18,1.0,False,-6.235295044618109,106.75596622907466,83.63486690954973,True,
2026-08-01T10:45:53.105556+00:00,2188,-6.233655599999991,106.75488135,complex_corridor,FRC2,30,30,32,32,1.0,False,-6.233742064909034,106.75495503627582,12.600808704103487,True,
2026-08-01T10:45:53.402215+00:00,2298,-6.288583799999989,106.77784095,complex_corridor,FRC1,20,40,700,350,1.0,False,-6.288634823320289,106.77780477487897,6.94084144102375,True,
2026-08-01T10:45:53.692117+00:00,2322,-6.2884621,106.7781152,complex_corridor,FRC1,13,26,107,53,1.0,False,-6.288455113550981,106.77822722279888,12.405765015820144,True,
2026-08-01T10:45:53.983283+00:00,2459,-6.23996075,106.79819865,complex_corridor,FRC3,14,26,811,436,1.0,False,-6.239927209643448,106.79835988366938,18.208192291717626,True,
2026-08-01T10:45:54.273157+00:00,2660,-6.288887410002579,106.77817204999796,complex_corridor,FRC1,15,15,29,29,1.0,False,-6.289080056713849,106.77821112954479,21.852459789678804,True,
2026-08-01T10:45:54.566231+00:00,2731,-6.240104349999994,106.79819525,complex_corridor,FRC1,12,23,500,260,1.0,False,-6.254711568502923,106.79717434728451,1628.1638385691926,False,
2026-08-01T10:45:54.857724+00:00,2979,-6.239918790000258,106.79844824999957,complex_corridor,FRC2,11,13,3,3,1.0,False,-6.239928542802509,106.79846583092547,2.2254395550977346,True,
2026-08-01T10:45:55.148835+00:00,3134,-6.2892448600025785,106.77855074999796,complex_corridor,FRC1,11,21,23,12,1.0,False,-6.289262432333267,106.778499467014,5.995427904385316,True,
2026-08-01T10:45:55.438331+00:00,3164,-6.239840140000258,106.79869149999956,complex_corridor,FRC2,24,24,145,145,1.0,False,-6.23981997364873,106.79856239045006,14.446370748590217,True,
2026-08-01T10:45:55.730299+00:00,3940,-6.242815700000143,106.84290446666662,complex_corridor,FRC2,21,21,19,19,1.0,False,-6.242610768682978,106.84288187111798,22.923789898286447,True,
2026-08-01T10:45:56.021973+00:00,3995,-6.2428431,106.8426503,complex_corridor,FRC2,32,32,8,8,1.0,False,-6.24270333943449,106.84230519617961,41.19038604817657,True,
2026-08-01T10:45:56.308760+00:00,4135,-6.242451300001405,106.84346441666648,complex_corridor,FRC3,27,27,15,15,1.0,False,-6.24264159782794,106.84303341592732,52.128779444682614,True,
2026-08-01T10:45:56.605834+00:00,4174,-6.242622250001264,106.84418269999986,complex_corridor,FRC3,21,21,14,14,1.0,False,-6.242365385288672,106.84405667866673,31.777844988721665,True,
2026-08-01T10:45:56.894793+00:00,4307,-6.237238257899974,106.8272395210502,complex_corridor,FRC2,21,21,6,6,1.0,False,-6.237236971031365,106.82743234718856,21.314848279038795,True,
2026-08-01T10:45:57.197369+00:00,4312,-6.237042057899963,106.8269344210502,complex_corridor,FRC2,15,22,9,6,1.0,False,-6.237208807900389,106.82690797532604,18.770772040768108,True,
2026-08-01T10:45:57.485183+00:00,4383,-6.255330045001537,106.84307333999776,complex_corridor,FRC4,25,25,7,7,1.0,False,-6.255170245392188,106.84296367849294,21.509477825194235,True,
2026-08-01T10:45:57.776237+00:00,4421,-6.237577607899957,106.82686737105018,complex_corridor,FRC3,10,17,49,28,1.0,False,-6.237416698431964,106.82692406858013,18.95817050701808,True,
2026-08-01T10:45:58.069808+00:00,5234,-6.255677025000373,106.8431710999986,complex_corridor,FRC4,17,23,8,6,1.0,False,-6.25559934329838,106.84329627241084,16.310649749926508,True,
2026-08-01T10:45:58.361775+00:00,5259,-6.255508725000373,106.84360214999862,complex_corridor,FRC4,22,29,391,297,0.99726,False,-6.255457199448482,106.84295563186589,71.6908067558573,True,
2026-08-01T10:45:58.649670+00:00,5296,-6.242909649999996,106.84406470000002,complex_corridor,FRC2,35,35,40,40,1.0,False,-6.24287098327402,106.84404058541264,5.0587612651154314,True,
2026-08-01T11:01:01.429263+00:00,703,-6.235444892859697,106.75583232857385,complex_corridor,FRC2,28,28,6,6,1.0,False,-6.235637002833079,106.75573958241279,23.694334982762854,True,
2026-08-01T11:01:01.723125+00:00,821,-6.288795825000754,106.77763638750048,complex_corridor,FRC1,17,31,64,35,0.99,False,-6.288676397337788,106.77774978959411,18.260596237349766,True,
2026-08-01T11:01:02.011038+00:00,1336,-6.235382350000007,106.7560557,complex_corridor,FRC2,27,27,9,9,1.0,False,-6.235851643158244,106.75634307944131,61.09133400248038,True,
2026-08-01T11:01:02.297599+00:00,2187,-6.234661449999994,106.7555585,complex_corridor,FRC2,39,39,18,18,1.0,False,-6.235295044618109,106.75596622907466,83.63486690954973,True,
2026-08-01T11:01:02.587120+00:00,2188,-6.233655599999991,106.75488135,complex_corridor,FRC2,30,30,32,32,1.0,False,-6.233742064909034,106.75495503627582,12.600808704103487,True,
2026-08-01T11:01:02.889445+00:00,2298,-6.288583799999989,106.77784095,complex_corridor,FRC1,22,40,636,350,1.0,False,-6.288634823320289,106.77780477487897,6.94084144102375,True,
2026-08-01T11:01:03.201602+00:00,2322,-6.2884621,106.7781152,complex_corridor,FRC1,14,26,100,53,1.0,False,-6.288455113550981,106.77822722279888,12.405765015820144,True,
2026-08-01T11:01:03.492928+00:00,2459,-6.23996075,106.79819865,complex_corridor,FRC3,18,27,631,420,0.998561,False,-6.239927209643448,106.79835988366938,18.208192291717626,True,
2026-08-01T11:01:03.780894+00:00,2660,-6.288887410002579,106.77817204999796,complex_corridor,FRC1,10,15,44,29,1.0,False,-6.289080056713849,106.77821112954479,21.852459789678804,True,
2026-08-01T11:01:04.067395+00:00,2731,-6.240104349999994,106.79819525,complex_corridor,FRC1,7,21,857,285,1.0,False,-6.254711568502923,106.79717434728451,1628.1638385691926,False,
2026-08-01T11:01:04.367974+00:00,2979,-6.239918790000258,106.79844824999957,complex_corridor,FRC2,15,15,2,2,1.0,False,-6.239928542802509,106.79846583092547,2.2254395550977346,True,
2026-08-01T11:01:04.670156+00:00,3134,-6.2892448600025785,106.77855074999796,complex_corridor,FRC1,22,22,11,11,1.0,False,-6.289262432333267,106.778499467014,5.995427904385316,True,
2026-08-01T11:01:04.961874+00:00,3164,-6.239840140000258,106.79869149999956,complex_corridor,FRC2,22,25,158,139,1.0,False,-6.23981997364873,106.79856239045006,14.446370748590217,True,
2026-08-01T11:01:05.292874+00:00,3940,-6.242815700000143,106.84290446666662,complex_corridor,FRC2,17,21,23,19,1.0,False,-6.242610768682978,106.84288187111798,22.923789898286447,True,
2026-08-01T11:01:05.582631+00:00,3995,-6.2428431,106.8426503,complex_corridor,FRC2,32,32,8,8,1.0,False,-6.24270333943449,106.84230519617961,41.19038604817657,True,
2026-08-01T11:01:05.876523+00:00,4135,-6.242451300001405,106.84346441666648,complex_corridor,FRC3,27,27,15,15,1.0,False,-6.24264159782794,106.84303341592732,52.128779444682614,True,
2026-08-01T11:01:06.211197+00:00,4174,-6.242622250001264,106.84418269999986,complex_corridor,FRC3,16,21,18,14,1.0,False,-6.242365385288672,106.84405667866673,31.777844988721665,True,
2026-08-01T11:01:06.525481+00:00,4307,-6.237238257899974,106.8272395210502,complex_corridor,FRC2,15,21,8,6,1.0,False,-6.237236971031365,106.82743234718856,21.314848279038795,True,
2026-08-01T11:01:06.824699+00:00,4312,-6.237042057899963,106.8269344210502,complex_corridor,FRC2,23,23,6,6,1.0,False,-6.237208807900389,106.82690797532604,18.770772040768108,True,
2026-08-01T11:01:07.123512+00:00,4383,-6.255330045001537,106.84307333999776,complex_corridor,FRC4,19,25,9,7,1.0,False,-6.255170245392188,106.84296367849294,21.509477825194235,True,
2026-08-01T11:01:07.409754+00:00,4421,-6.237577607899957,106.82686737105018,complex_corridor,FRC3,18,18,27,27,1.0,False,-6.237416698431964,106.82692406858013,18.95817050701808,True,
2026-08-01T11:01:07.699891+00:00,5234,-6.255677025000373,106.8431710999986,complex_corridor,FRC4,13,23,10,6,1.0,False,-6.25559934329838,106.84329627241084,16.310649749926508,True,
2026-08-01T11:01:07.990949+00:00,5259,-6.255508725000373,106.84360214999862,complex_corridor,FRC4,21,30,410,287,0.99815,False,-6.255457199448482,106.84295563186589,71.6908067558573,True,
2026-08-01T11:01:08.278712+00:00,5296,-6.242909649999996,106.84406470000002,complex_corridor,FRC2,28,35,50,40,1.0,False,-6.24287098327402,106.84404058541264,5.0587612651154314,True,
2026-08-01T11:15:49.037450+00:00,703,-6.235444892859697,106.75583232857385,complex_corridor,FRC2,11,28,15,6,0.98,False,-6.235637002833079,106.75573958241279,23.694334982762854,True,
2026-08-01T11:15:49.303353+00:00,821,-6.288795825000754,106.77763638750048,complex_corridor,FRC1,12,32,91,34,0.99,False,-6.288676397337788,106.77774978959411,18.260596237349766,True,
2026-08-01T11:15:49.565602+00:00,1336,-6.235382350000007,106.7560557,complex_corridor,FRC2,21,27,12,9,0.97,False,-6.235851643158244,106.75634307944131,61.09133400248038,True,
2026-08-01T11:15:49.832005+00:00,2187,-6.234661449999994,106.7555585,complex_corridor,FRC2,39,39,18,18,1.0,False,-6.235295044618109,106.75596622907466,83.63486690954973,True,
2026-08-01T11:15:50.094441+00:00,2188,-6.233655599999991,106.75488135,complex_corridor,FRC2,30,30,32,32,1.0,False,-6.233742064909034,106.75495503627582,12.600808704103487,True,
2026-08-01T11:15:50.368167+00:00,2298,-6.288583799999989,106.77784095,complex_corridor,FRC1,23,41,608,341,1.0,False,-6.288634823320289,106.77780477487897,6.94084144102375,True,
2026-08-01T11:15:50.640744+00:00,2322,-6.2884621,106.7781152,complex_corridor,FRC1,26,26,53,53,1.0,False,-6.288455113550981,106.77822722279888,12.405765015820144,True,
2026-08-01T11:15:50.907144+00:00,2459,-6.23996075,106.79819865,complex_corridor,FRC3,20,28,568,405,1.0,False,-6.239927209643448,106.79835988366938,18.208192291717626,True,
2026-08-01T11:15:51.168966+00:00,2660,-6.288887410002579,106.77817204999796,complex_corridor,FRC1,10,14,44,31,1.0,False,-6.289080056713849,106.77821112954479,21.852459789678804,True,
2026-08-01T11:15:51.438464+00:00,2731,-6.240104349999994,106.79819525,complex_corridor,FRC1,10,22,600,272,1.0,False,-6.254711568502923,106.79717434728451,1628.1638385691926,False,
2026-08-01T11:15:51.703575+00:00,2979,-6.239918790000258,106.79844824999957,complex_corridor,FRC2,8,15,5,2,1.0,False,-6.239928542802509,106.79846583092547,2.2254395550977346,True,
2026-08-01T11:15:51.991520+00:00,3134,-6.2892448600025785,106.77855074999796,complex_corridor,FRC1,17,22,15,11,1.0,False,-6.289262432333267,106.778499467014,5.995427904385316,True,
2026-08-01T11:15:52.262438+00:00,3164,-6.239840140000258,106.79869149999956,complex_corridor,FRC2,24,24,145,145,1.0,False,-6.23981997364873,106.79856239045006,14.446370748590217,True,
2026-08-01T11:15:52.528028+00:00,3940,-6.242815700000143,106.84290446666662,complex_corridor,FRC2,21,21,19,19,1.0,False,-6.242610768682978,106.84288187111798,22.923789898286447,True,
2026-08-01T11:15:52.796128+00:00,3995,-6.2428431,106.8426503,complex_corridor,FRC2,32,32,8,8,1.0,False,-6.24270333943449,106.84230519617961,41.19038604817657,True,
2026-08-01T11:15:53.065478+00:00,4135,-6.242451300001405,106.84346441666648,complex_corridor,FRC3,27,27,15,15,1.0,False,-6.24264159782794,106.84303341592732,52.128779444682614,True,
2026-08-01T11:15:53.330959+00:00,4174,-6.242622250001264,106.84418269999986,complex_corridor,FRC3,21,21,14,14,1.0,False,-6.242365385288672,106.84405667866673,31.777844988721665,True,
2026-08-01T11:15:53.595578+00:00,4307,-6.237238257899974,106.8272395210502,complex_corridor,FRC2,21,21,6,6,1.0,False,-6.237236971031365,106.82743234718856,21.314848279038795,True,
2026-08-01T11:15:53.858594+00:00,4312,-6.237042057899963,106.8269344210502,complex_corridor,FRC2,23,23,6,6,1.0,False,-6.237208807900389,106.82690797532604,18.770772040768108,True,
2026-08-01T11:15:54.129199+00:00,4383,-6.255330045001537,106.84307333999776,complex_corridor,FRC4,25,25,7,7,1.0,False,-6.255170245392188,106.84296367849294,21.509477825194235,True,
2026-08-01T11:15:54.395637+00:00,4421,-6.237577607899957,106.82686737105018,complex_corridor,FRC3,14,18,35,27,1.0,False,-6.237416698431964,106.82692406858013,18.95817050701808,True,
2026-08-01T11:15:54.664344+00:00,5234,-6.255677025000373,106.8431710999986,complex_corridor,FRC4,15,23,9,6,1.0,False,-6.25559934329838,106.84329627241084,16.310649749926508,True,
2026-08-01T11:15:54.936995+00:00,5259,-6.255508725000373,106.84360214999862,complex_corridor,FRC4,24,30,359,287,0.997256,False,-6.255457199448482,106.84295563186589,71.6908067558573,True,
2026-08-01T11:15:55.210364+00:00,5296,-6.242909649999996,106.84406470000002,complex_corridor,FRC2,35,35,40,40,1.0,False,-6.24287098327402,106.84404058541264,5.0587612651154314,True,
2026-08-01T11:31:01.940872+00:00,703,-6.235444892859697,106.75583232857385,complex_corridor,FRC2,28,28,6,6,1.0,False,-6.235637002833079,106.75573958241279,23.694334982762854,True,
2026-08-01T11:31:02.226686+00:00,821,-6.288795825000754,106.77763638750048,complex_corridor,FRC1,13,32,84,34,0.99,False,-6.288676397337788,106.77774978959411,18.260596237349766,True,
2026-08-01T11:31:02.527008+00:00,1336,-6.235382350000007,106.7560557,complex_corridor,FRC2,18,27,14,9,0.99,False,-6.235851643158244,106.75634307944131,61.09133400248038,True,
2026-08-01T11:31:02.813374+00:00,2187,-6.234661449999994,106.7555585,complex_corridor,FRC2,39,39,18,18,1.0,False,-6.235295044618109,106.75596622907466,83.63486690954973,True,
2026-08-01T11:31:03.126821+00:00,2188,-6.233655599999991,106.75488135,complex_corridor,FRC2,30,30,32,32,1.0,False,-6.233742064909034,106.75495503627582,12.600808704103487,True,
2026-08-01T11:31:03.418431+00:00,2298,-6.288583799999989,106.77784095,complex_corridor,FRC1,22,40,636,350,1.0,False,-6.288634823320289,106.77780477487897,6.94084144102375,True,
2026-08-01T11:31:03.707935+00:00,2322,-6.2884621,106.7781152,complex_corridor,FRC1,14,26,100,53,1.0,False,-6.288455113550981,106.77822722279888,12.405765015820144,True,
2026-08-01T11:31:03.997063+00:00,2459,-6.23996075,106.79819865,complex_corridor,FRC3,16,27,710,420,1.0,False,-6.239927209643448,106.79835988366938,18.208192291717626,True,
2026-08-01T11:31:04.283193+00:00,2660,-6.288887410002579,106.77817204999796,complex_corridor,FRC1,15,16,29,27,1.0,False,-6.289080056713849,106.77821112954479,21.852459789678804,True,
2026-08-01T11:31:04.572200+00:00,2731,-6.240104349999994,106.79819525,complex_corridor,FRC1,9,21,666,285,1.0,False,-6.254711568502923,106.79717434728451,1628.1638385691926,False,
2026-08-01T11:31:04.859872+00:00,2979,-6.239918790000258,106.79844824999957,complex_corridor,FRC2,6,13,7,3,1.0,False,-6.239928542802509,106.79846583092547,2.2254395550977346,True,
2026-08-01T11:31:05.150145+00:00,3134,-6.2892448600025785,106.77855074999796,complex_corridor,FRC1,11,23,23,11,1.0,False,-6.289262432333267,106.778499467014,5.995427904385316,True,
2026-08-01T11:31:05.445248+00:00,3164,-6.239840140000258,106.79869149999956,complex_corridor,FRC2,17,24,205,145,1.0,False,-6.23981997364873,106.79856239045006,14.446370748590217,True,
2026-08-01T11:31:05.751796+00:00,3940,-6.242815700000143,106.84290446666662,complex_corridor,FRC2,21,21,19,19,1.0,False,-6.242610768682978,106.84288187111798,22.923789898286447,True,
2026-08-01T11:31:06.055484+00:00,3995,-6.2428431,106.8426503,complex_corridor,FRC2,32,32,8,8,1.0,False,-6.24270333943449,106.84230519617961,41.19038604817657,True,
2026-08-01T11:31:06.355767+00:00,4135,-6.242451300001405,106.84346441666648,complex_corridor,FRC3,27,27,15,15,1.0,False,-6.24264159782794,106.84303341592732,52.128779444682614,True,
2026-08-01T11:31:06.644446+00:00,4174,-6.242622250001264,106.84418269999986,complex_corridor,FRC3,21,21,14,14,1.0,False,-6.242365385288672,106.84405667866673,31.777844988721665,True,
2026-08-01T11:31:06.931068+00:00,4307,-6.237238257899974,106.8272395210502,complex_corridor,FRC2,21,21,6,6,1.0,False,-6.237236971031365,106.82743234718856,21.314848279038795,True,
2026-08-01T11:31:07.221882+00:00,4312,-6.237042057899963,106.8269344210502,complex_corridor,FRC2,23,23,6,6,1.0,False,-6.237208807900389,106.82690797532604,18.770772040768108,True,
2026-08-01T11:31:07.506108+00:00,4383,-6.255330045001537,106.84307333999776,complex_corridor,FRC4,25,25,7,7,1.0,False,-6.255170245392188,106.84296367849294,21.509477825194235,True,
2026-08-01T11:31:07.793173+00:00,4421,-6.237577607899957,106.82686737105018,complex_corridor,FRC3,18,18,27,27,1.0,False,-6.237416698431964,106.82692406858013,18.95817050701808,True,
2026-08-01T11:31:08.132313+00:00,5234,-6.255677025000373,106.8431710999986,complex_corridor,FRC4,23,23,6,6,1.0,False,-6.25559934329838,106.84329627241084,16.310649749926508,True,
2026-08-01T11:31:08.422979+00:00,5259,-6.255508725000373,106.84360214999862,complex_corridor,FRC4,24,29,359,297,0.997331,False,-6.255457199448482,106.84295563186589,71.6908067558573,True,
2026-08-01T11:31:08.708118+00:00,5296,-6.242909649999996,106.84406470000002,complex_corridor,FRC2,28,35,50,40,1.0,False,-6.24287098327402,106.84404058541264,5.0587612651154314,True,
2026-08-01T11:45:50.790266+00:00,703,-6.235444892859697,106.75583232857385,complex_corridor,FRC2,28,28,6,6,1.0,False,-6.235637002833079,106.75573958241279,23.694334982762854,True,
2026-08-01T11:45:51.095592+00:00,821,-6.288795825000754,106.77763638750048,complex_corridor,FRC1,20,31,54,35,0.99,False,-6.288676397337788,106.77774978959411,18.260596237349766,True,
2026-08-01T11:45:51.409529+00:00,1336,-6.235382350000007,106.7560557,complex_corridor,FRC2,19,26,14,10,0.99,False,-6.235851643158244,106.75634307944131,61.09133400248038,True,
2026-08-01T11:45:51.715523+00:00,2187,-6.234661449999994,106.7555585,complex_corridor,FRC2,39,39,18,18,1.0,False,-6.235295044618109,106.75596622907466,83.63486690954973,True,
2026-08-01T11:45:52.021636+00:00,2188,-6.233655599999991,106.75488135,complex_corridor,FRC2,30,30,32,32,1.0,False,-6.233742064909034,106.75495503627582,12.600808704103487,True,
2026-08-01T11:45:52.336434+00:00,2298,-6.288583799999989,106.77784095,complex_corridor,FRC1,23,40,608,350,1.0,False,-6.288634823320289,106.77780477487897,6.94084144102375,True,
2026-08-01T11:45:52.640869+00:00,2322,-6.2884621,106.7781152,complex_corridor,FRC1,14,26,100,53,1.0,False,-6.288455113550981,106.77822722279888,12.405765015820144,True,
2026-08-01T11:45:52.949547+00:00,2459,-6.23996075,106.79819865,complex_corridor,FRC3,18,28,631,405,1.0,False,-6.239927209643448,106.79835988366938,18.208192291717626,True,
2026-08-01T11:45:53.267952+00:00,2660,-6.288887410002579,106.77817204999796,complex_corridor,FRC1,15,15,29,29,1.0,False,-6.289080056713849,106.77821112954479,21.852459789678804,True,
2026-08-01T11:45:53.571254+00:00,2731,-6.240104349999994,106.79819525,complex_corridor,FRC1,12,22,500,272,1.0,False,-6.254711568502923,106.79717434728451,1628.1638385691926,False,
2026-08-01T11:45:53.881065+00:00,2979,-6.239918790000258,106.79844824999957,complex_corridor,FRC2,10,13,4,3,1.0,False,-6.239928542802509,106.79846583092547,2.2254395550977346,True,
2026-08-01T11:45:54.210748+00:00,3134,-6.2892448600025785,106.77855074999796,complex_corridor,FRC1,10,23,26,11,1.0,False,-6.289262432333267,106.778499467014,5.995427904385316,True,
2026-08-01T11:45:54.511669+00:00,3164,-6.239840140000258,106.79869149999956,complex_corridor,FRC2,18,24,193,145,1.0,False,-6.23981997364873,106.79856239045006,14.446370748590217,True,
2026-08-01T11:45:54.814868+00:00,3940,-6.242815700000143,106.84290446666662,complex_corridor,FRC2,9,21,44,19,1.0,False,-6.242610768682978,106.84288187111798,22.923789898286447,True,
2026-08-01T11:45:55.163575+00:00,3995,-6.2428431,106.8426503,complex_corridor,FRC2,32,32,8,8,1.0,False,-6.24270333943449,106.84230519617961,41.19038604817657,True,
2026-08-01T11:45:55.474843+00:00,4135,-6.242451300001405,106.84346441666648,complex_corridor,FRC3,27,27,15,15,1.0,False,-6.24264159782794,106.84303341592732,52.128779444682614,True,
2026-08-01T11:45:55.776035+00:00,4174,-6.242622250001264,106.84418269999986,complex_corridor,FRC3,15,20,19,14,1.0,False,-6.242365385288672,106.84405667866673,31.777844988721665,True,
2026-08-01T11:45:56.085851+00:00,4307,-6.237238257899974,106.8272395210502,complex_corridor,FRC2,21,21,6,6,1.0,False,-6.237236971031365,106.82743234718856,21.314848279038795,True,
2026-08-01T11:45:56.388754+00:00,4312,-6.237042057899963,106.8269344210502,complex_corridor,FRC2,23,23,6,6,1.0,False,-6.237208807900389,106.82690797532604,18.770772040768108,True,
2026-08-01T11:45:56.691435+00:00,4383,-6.255330045001537,106.84307333999776,complex_corridor,FRC4,25,25,7,7,1.0,False,-6.255170245392188,106.84296367849294,21.509477825194235,True,
2026-08-01T11:45:56.994806+00:00,4421,-6.237577607899957,106.82686737105018,complex_corridor,FRC3,18,18,27,27,1.0,False,-6.237416698431964,106.82692406858013,18.95817050701808,True,
2026-08-01T11:45:57.303943+00:00,5234,-6.255677025000373,106.8431710999986,complex_corridor,FRC4,23,23,6,6,1.0,False,-6.25559934329838,106.84329627241084,16.310649749926508,True,
2026-08-01T11:45:57.605557+00:00,5259,-6.255508725000373,106.84360214999862,complex_corridor,FRC4,22,30,391,287,0.99541,False,-6.255457199448482,106.84295563186589,71.6908067558573,True,
2026-08-01T11:45:57.915481+00:00,5296,-6.242909649999996,106.84406470000002,complex_corridor,FRC2,26,35,54,40,1.0,False,-6.24287098327402,106.84404058541264,5.0587612651154314,True,
2026-08-01T12:01:07.567093+00:00,703,-6.235444892859697,106.75583232857385,complex_corridor,FRC2,28,28,6,6,1.0,False,-6.235637002833079,106.75573958241279,23.694334982762854,True,
2026-08-01T12:01:07.836734+00:00,821,-6.288795825000754,106.77763638750048,complex_corridor,FRC1,31,31,35,35,1.0,False,-6.288676397337788,106.77774978959411,18.260596237349766,True,
2026-08-01T12:01:08.106784+00:00,1336,-6.235382350000007,106.7560557,complex_corridor,FRC2,15,26,17,10,0.99,False,-6.235851643158244,106.75634307944131,61.09133400248038,True,
2026-08-01T12:01:08.377153+00:00,2187,-6.234661449999994,106.7555585,complex_corridor,FRC2,28,38,26,19,1.0,False,-6.235295044618109,106.75596622907466,83.63486690954973,True,
2026-08-01T12:01:08.642047+00:00,2188,-6.233655599999991,106.75488135,complex_corridor,FRC2,30,30,32,32,1.0,False,-6.233742064909034,106.75495503627582,12.600808704103487,True,
2026-08-01T12:01:08.914208+00:00,2298,-6.288583799999989,106.77784095,complex_corridor,FRC1,23,40,608,350,1.0,False,-6.288634823320289,106.77780477487897,6.94084144102375,True,
2026-08-01T12:01:09.190301+00:00,2322,-6.2884621,106.7781152,complex_corridor,FRC1,17,26,82,53,1.0,False,-6.288455113550981,106.77822722279888,12.405765015820144,True,
2026-08-01T12:01:09.463258+00:00,2459,-6.23996075,106.79819865,complex_corridor,FRC3,17,27,668,420,1.0,False,-6.239927209643448,106.79835988366938,18.208192291717626,True,
2026-08-01T12:01:09.726737+00:00,2660,-6.288887410002579,106.77817204999796,complex_corridor,FRC1,9,14,49,31,1.0,False,-6.289080056713849,106.77821112954479,21.852459789678804,True,
2026-08-01T12:01:09.991205+00:00,2731,-6.240104349999994,106.79819525,complex_corridor,FRC1,13,21,461,285,1.0,False,-6.254711568502923,106.79717434728451,1628.1638385691926,False,
2026-08-01T12:01:10.269925+00:00,2979,-6.239918790000258,106.79844824999957,complex_corridor,FRC2,6,16,7,2,1.0,False,-6.239928542802509,106.79846583092547,2.2254395550977346,True,
2026-08-01T12:01:10.536497+00:00,3134,-6.2892448600025785,106.77855074999796,complex_corridor,FRC1,22,22,11,11,1.0,False,-6.289262432333267,106.778499467014,5.995427904385316,True,
2026-08-01T12:01:10.799957+00:00,3164,-6.239840140000258,106.79869149999956,complex_corridor,FRC2,19,24,183,145,1.0,False,-6.23981997364873,106.79856239045006,14.446370748590217,True,
2026-08-01T12:01:11.064577+00:00,3940,-6.242815700000143,106.84290446666662,complex_corridor,FRC2,14,21,28,19,1.0,False,-6.242610768682978,106.84288187111798,22.923789898286447,True,
2026-08-01T12:01:11.346635+00:00,3995,-6.2428431,106.8426503,complex_corridor,FRC2,32,32,8,8,1.0,False,-6.24270333943449,106.84230519617961,41.19038604817657,True,
2026-08-01T12:01:11.616345+00:00,4135,-6.242451300001405,106.84346441666648,complex_corridor,FRC3,27,27,15,15,1.0,False,-6.24264159782794,106.84303341592732,52.128779444682614,True,
2026-08-01T12:01:11.879623+00:00,4174,-6.242622250001264,106.84418269999986,complex_corridor,FRC3,17,21,17,14,1.0,False,-6.242365385288672,106.84405667866673,31.777844988721665,True,
2026-08-01T12:01:12.144517+00:00,4307,-6.237238257899974,106.8272395210502,complex_corridor,FRC2,11,20,11,6,1.0,False,-6.237236971031365,106.82743234718856,21.314848279038795,True,
2026-08-01T12:01:12.419734+00:00,4312,-6.237042057899963,106.8269344210502,complex_corridor,FRC2,23,23,6,6,1.0,False,-6.237208807900389,106.82690797532604,18.770772040768108,True,
2026-08-01T12:01:12.700063+00:00,4383,-6.255330045001537,106.84307333999776,complex_corridor,FRC4,25,25,7,7,1.0,False,-6.255170245392188,106.84296367849294,21.509477825194235,True,
2026-08-01T12:01:12.964784+00:00,4421,-6.237577607899957,106.82686737105018,complex_corridor,FRC3,9,17,54,28,1.0,False,-6.237416698431964,106.82692406858013,18.95817050701808,True,
2026-08-01T12:01:13.239045+00:00,5234,-6.255677025000373,106.8431710999986,complex_corridor,FRC4,12,23,11,6,1.0,False,-6.25559934329838,106.84329627241084,16.310649749926508,True,
2026-08-01T12:01:13.509023+00:00,5259,-6.255508725000373,106.84360214999862,complex_corridor,FRC4,26,30,331,287,0.99815,False,-6.255457199448482,106.84295563186589,71.6908067558573,True,
2026-08-01T12:01:13.776448+00:00,5296,-6.242909649999996,106.84406470000002,complex_corridor,FRC2,22,35,64,40,1.0,False,-6.24287098327402,106.84404058541264,5.0587612651154314,True,
2026-08-01T12:15:54.567316+00:00,703,-6.235444892859697,106.75583232857385,complex_corridor,FRC2,28,28,6,6,1.0,False,-6.235637002833079,106.75573958241279,23.694334982762854,True,
2026-08-01T12:15:54.862686+00:00,821,-6.288795825000754,106.77763638750048,complex_corridor,FRC1,17,31,64,35,1.0,False,-6.288676397337788,106.77774978959411,18.260596237349766,True,
2026-08-01T12:15:55.157609+00:00,1336,-6.235382350000007,106.7560557,complex_corridor,FRC2,17,26,15,10,0.99,False,-6.235851643158244,106.75634307944131,61.09133400248038,True,
2026-08-01T12:15:55.452478+00:00,2187,-6.234661449999994,106.7555585,complex_corridor,FRC2,31,38,23,19,0.99,False,-6.235295044618109,106.75596622907466,83.63486690954973,True,
2026-08-01T12:15:55.753603+00:00,2188,-6.233655599999991,106.75488135,complex_corridor,FRC2,30,30,32,32,1.0,False,-6.233742064909034,106.75495503627582,12.600808704103487,True,
2026-08-01T12:15:56.042000+00:00,2298,-6.288583799999989,106.77784095,complex_corridor,FRC1,24,41,583,341,1.0,False,-6.288634823320289,106.77780477487897,6.94084144102375,True,
2026-08-01T12:15:56.333283+00:00,2322,-6.2884621,106.7781152,complex_corridor,FRC1,18,26,77,53,1.0,False,-6.288455113550981,106.77822722279888,12.405765015820144,True,
2026-08-01T12:15:56.626348+00:00,2459,-6.23996075,106.79819865,complex_corridor,FRC3,16,27,710,420,1.0,False,-6.239927209643448,106.79835988366938,18.208192291717626,True,
2026-08-01T12:15:56.916092+00:00,2660,-6.288887410002579,106.77817204999796,complex_corridor,FRC1,9,14,49,31,1.0,False,-6.289080056713849,106.77821112954479,21.852459789678804,True,
2026-08-01T12:15:57.206587+00:00,2731,-6.240104349999994,106.79819525,complex_corridor,FRC1,11,21,545,285,1.0,False,-6.254711568502923,106.79717434728451,1628.1638385691926,False,
2026-08-01T12:15:57.496764+00:00,2979,-6.239918790000258,106.79844824999957,complex_corridor,FRC2,10,13,4,3,1.0,False,-6.239928542802509,106.79846583092547,2.2254395550977346,True,
2026-08-01T12:15:57.786392+00:00,3134,-6.2892448600025785,106.77855074999796,complex_corridor,FRC1,7,21,37,12,1.0,False,-6.289262432333267,106.778499467014,5.995427904385316,True,
2026-08-01T12:15:58.087453+00:00,3164,-6.239840140000258,106.79869149999956,complex_corridor,FRC2,18,23,193,151,1.0,False,-6.23981997364873,106.79856239045006,14.446370748590217,True,
2026-08-01T12:15:58.371898+00:00,3940,-6.242815700000143,106.84290446666662,complex_corridor,FRC2,17,21,23,19,1.0,False,-6.242610768682978,106.84288187111798,22.923789898286447,True,
2026-08-01T12:15:58.669247+00:00,3995,-6.2428431,106.8426503,complex_corridor,FRC2,32,32,8,8,1.0,False,-6.24270333943449,106.84230519617961,41.19038604817657,True,
2026-08-01T12:15:58.964098+00:00,4135,-6.242451300001405,106.84346441666648,complex_corridor,FRC3,20,27,20,15,1.0,False,-6.24264159782794,106.84303341592732,52.128779444682614,True,
2026-08-01T12:15:59.254886+00:00,4174,-6.242622250001264,106.84418269999986,complex_corridor,FRC3,21,21,14,14,1.0,False,-6.242365385288672,106.84405667866673,31.777844988721665,True,
2026-08-01T12:15:59.542458+00:00,4307,-6.237238257899974,106.8272395210502,complex_corridor,FRC2,17,21,7,6,1.0,False,-6.237236971031365,106.82743234718856,21.314848279038795,True,
2026-08-01T12:15:59.828490+00:00,4312,-6.237042057899963,106.8269344210502,complex_corridor,FRC2,23,23,6,6,1.0,False,-6.237208807900389,106.82690797532604,18.770772040768108,True,
2026-08-01T12:16:00.134291+00:00,4383,-6.255330045001537,106.84307333999776,complex_corridor,FRC4,15,25,12,7,1.0,False,-6.255170245392188,106.84296367849294,21.509477825194235,True,
2026-08-01T12:16:00.428951+00:00,4421,-6.237577607899957,106.82686737105018,complex_corridor,FRC3,5,17,98,28,1.0,False,-6.237416698431964,106.82692406858013,18.95817050701808,True,
2026-08-01T12:16:00.719158+00:00,5234,-6.255677025000373,106.8431710999986,complex_corridor,FRC4,15,23,9,6,0.99,False,-6.25559934329838,106.84329627241084,16.310649749926508,True,
2026-08-01T12:16:01.007070+00:00,5259,-6.255508725000373,106.84360214999862,complex_corridor,FRC4,25,30,344,287,0.997256,False,-6.255457199448482,106.84295563186589,71.6908067558573,True,
2026-08-01T12:16:01.315404+00:00,5296,-6.242909649999996,106.84406470000002,complex_corridor,FRC2,26,34,54,41,1.0,False,-6.24287098327402,106.84404058541264,5.0587612651154314,True,
2026-08-01T12:30:59.726910+00:00,703,-6.235444892859697,106.75583232857385,complex_corridor,FRC2,28,28,6,6,1.0,False,-6.235637002833079,106.75573958241279,23.694334982762854,True,
2026-08-01T12:31:00.004751+00:00,821,-6.288795825000754,106.77763638750048,complex_corridor,FRC1,23,30,47,36,1.0,False,-6.288676397337788,106.77774978959411,18.260596237349766,True,
2026-08-01T12:31:00.273857+00:00,1336,-6.235382350000007,106.7560557,complex_corridor,FRC2,15,26,17,10,1.0,False,-6.235851643158244,106.75634307944131,61.09133400248038,True,
2026-08-01T12:31:00.540849+00:00,2187,-6.234661449999994,106.7555585,complex_corridor,FRC2,39,39,18,18,1.0,False,-6.235295044618109,106.75596622907466,83.63486690954973,True,
2026-08-01T12:31:00.819536+00:00,2188,-6.233655599999991,106.75488135,complex_corridor,FRC2,30,30,32,32,1.0,False,-6.233742064909034,106.75495503627582,12.600808704103487,True,
2026-08-01T12:31:01.091011+00:00,2298,-6.288583799999989,106.77784095,complex_corridor,FRC1,25,39,560,359,1.0,False,-6.288634823320289,106.77780477487897,6.94084144102375,True,
2026-08-01T12:31:01.355003+00:00,2322,-6.2884621,106.7781152,complex_corridor,FRC1,26,26,53,53,1.0,False,-6.288455113550981,106.77822722279888,12.405765015820144,True,
2026-08-01T12:31:01.622930+00:00,2459,-6.23996075,106.79819865,complex_corridor,FRC3,19,28,597,405,1.0,False,-6.239927209643448,106.79835988366938,18.208192291717626,True,
2026-08-01T12:31:01.893973+00:00,2660,-6.288887410002579,106.77817204999796,complex_corridor,FRC1,15,15,29,29,1.0,False,-6.289080056713849,106.77821112954479,21.852459789678804,True,
2026-08-01T12:31:02.177075+00:00,2731,-6.240104349999994,106.79819525,complex_corridor,FRC1,12,22,500,272,1.0,False,-6.254711568502923,106.79717434728451,1628.1638385691926,False,
2026-08-01T12:31:02.445925+00:00,2979,-6.239918790000258,106.79844824999957,complex_corridor,FRC2,15,15,2,2,1.0,False,-6.239928542802509,106.79846583092547,2.2254395550977346,True,
2026-08-01T12:31:02.720566+00:00,3134,-6.2892448600025785,106.77855074999796,complex_corridor,FRC1,22,22,11,11,1.0,False,-6.289262432333267,106.778499467014,5.995427904385316,True,
2026-08-01T12:31:02.985653+00:00,3164,-6.239840140000258,106.79869149999956,complex_corridor,FRC2,19,24,183,145,1.0,False,-6.23981997364873,106.79856239045006,14.446370748590217,True,
2026-08-01T12:31:03.258241+00:00,3940,-6.242815700000143,106.84290446666662,complex_corridor,FRC2,21,21,19,19,1.0,False,-6.242610768682978,106.84288187111798,22.923789898286447,True,
2026-08-01T12:31:03.522397+00:00,3995,-6.2428431,106.8426503,complex_corridor,FRC2,32,32,8,8,1.0,False,-6.24270333943449,106.84230519617961,41.19038604817657,True,
2026-08-01T12:31:03.798281+00:00,4135,-6.242451300001405,106.84346441666648,complex_corridor,FRC3,21,27,19,15,1.0,False,-6.24264159782794,106.84303341592732,52.128779444682614,True,
2026-08-01T12:31:04.062960+00:00,4174,-6.242622250001264,106.84418269999986,complex_corridor,FRC3,21,21,14,14,1.0,False,-6.242365385288672,106.84405667866673,31.777844988721665,True,
2026-08-01T12:31:04.342730+00:00,4307,-6.237238257899974,106.8272395210502,complex_corridor,FRC2,21,21,6,6,1.0,False,-6.237236971031365,106.82743234718856,21.314848279038795,True,
2026-08-01T12:31:04.608133+00:00,4312,-6.237042057899963,106.8269344210502,complex_corridor,FRC2,18,23,8,6,1.0,False,-6.237208807900389,106.82690797532604,18.770772040768108,True,
2026-08-01T12:31:04.883554+00:00,4383,-6.255330045001537,106.84307333999776,complex_corridor,FRC4,25,25,7,7,1.0,False,-6.255170245392188,106.84296367849294,21.509477825194235,True,
2026-08-01T12:31:05.155090+00:00,4421,-6.237577607899957,106.82686737105018,complex_corridor,FRC3,12,17,41,28,1.0,False,-6.237416698431964,106.82692406858013,18.95817050701808,True,
2026-08-01T12:31:05.421172+00:00,5234,-6.255677025000373,106.8431710999986,complex_corridor,FRC4,15,22,9,6,1.0,False,-6.25559934329838,106.84329627241084,16.310649749926508,True,
2026-08-01T12:31:05.684211+00:00,5259,-6.255508725000373,106.84360214999862,complex_corridor,FRC4,24,30,359,287,0.997256,False,-6.255457199448482,106.84295563186589,71.6908067558573,True,
2026-08-01T12:31:05.952649+00:00,5296,-6.242909649999996,106.84406470000002,complex_corridor,FRC2,35,35,40,40,1.0,False,-6.24287098327402,106.84404058541264,5.0587612651154314,True,
2026-08-01T12:45:48.940610+00:00,703,-6.235444892859697,106.75583232857385,complex_corridor,FRC2,28,28,6,6,1.0,False,-6.235637002833079,106.75573958241279,23.694334982762854,True,
2026-08-01T12:45:49.208509+00:00,821,-6.288795825000754,106.77763638750048,complex_corridor,FRC1,19,30,57,36,0.99,False,-6.288676397337788,106.77774978959411,18.260596237349766,True,
2026-08-01T12:45:49.474141+00:00,1336,-6.235382350000007,106.7560557,complex_corridor,FRC2,27,27,9,9,1.0,False,-6.235851643158244,106.75634307944131,61.09133400248038,True,
2026-08-01T12:45:49.740422+00:00,2187,-6.234661449999994,106.7555585,complex_corridor,FRC2,39,39,18,18,1.0,False,-6.235295044618109,106.75596622907466,83.63486690954973,True,
2026-08-01T12:45:50.007337+00:00,2188,-6.233655599999991,106.75488135,complex_corridor,FRC2,30,30,32,32,1.0,False,-6.233742064909034,106.75495503627582,12.600808704103487,True,
2026-08-01T12:45:50.294146+00:00,2298,-6.288583799999989,106.77784095,complex_corridor,FRC1,24,40,583,350,1.0,False,-6.288634823320289,106.77780477487897,6.94084144102375,True,
2026-08-01T12:45:50.561768+00:00,2322,-6.2884621,106.7781152,complex_corridor,FRC1,26,26,53,53,1.0,False,-6.288455113550981,106.77822722279888,12.405765015820144,True,
2026-08-01T12:45:50.830524+00:00,2459,-6.23996075,106.79819865,complex_corridor,FRC3,18,28,631,405,1.0,False,-6.239927209643448,106.79835988366938,18.208192291717626,True,
2026-08-01T12:45:51.099177+00:00,2660,-6.288887410002579,106.77817204999796,complex_corridor,FRC1,11,15,40,29,1.0,False,-6.289080056713849,106.77821112954479,21.852459789678804,True,
2026-08-01T12:45:51.363583+00:00,2731,-6.240104349999994,106.79819525,complex_corridor,FRC1,10,22,600,272,1.0,False,-6.254711568502923,106.79717434728451,1628.1638385691926,False,
2026-08-01T12:45:51.627457+00:00,2979,-6.239918790000258,106.79844824999957,complex_corridor,FRC2,8,13,5,3,1.0,False,-6.239928542802509,106.79846583092547,2.2254395550977346,True,
2026-08-01T12:45:51.890245+00:00,3134,-6.2892448600025785,106.77855074999796,complex_corridor,FRC1,17,21,15,12,1.0,False,-6.289262432333267,106.778499467014,5.995427904385316,True,
2026-08-01T12:45:52.157357+00:00,3164,-6.239840140000258,106.79869149999956,complex_corridor,FRC2,19,26,183,134,1.0,False,-6.23981997364873,106.79856239045006,14.446370748590217,True,
2026-08-01T12:45:52.423343+00:00,3940,-6.242815700000143,106.84290446666662,complex_corridor,FRC2,21,21,19,19,1.0,False,-6.242610768682978,106.84288187111798,22.923789898286447,True,
2026-08-01T12:45:52.707429+00:00,3995,-6.2428431,106.8426503,complex_corridor,FRC2,32,32,8,8,1.0,False,-6.24270333943449,106.84230519617961,41.19038604817657,True,
2026-08-01T12:45:52.975853+00:00,4135,-6.242451300001405,106.84346441666648,complex_corridor,FRC3,27,27,15,15,1.0,False,-6.24264159782794,106.84303341592732,52.128779444682614,True,
2026-08-01T12:45:53.240329+00:00,4174,-6.242622250001264,106.84418269999986,complex_corridor,FRC3,21,21,14,14,1.0,False,-6.242365385288672,106.84405667866673,31.777844988721665,True,
2026-08-01T12:45:53.506139+00:00,4307,-6.237238257899974,106.8272395210502,complex_corridor,FRC2,16,21,8,6,0.99,False,-6.237236971031365,106.82743234718856,21.314848279038795,True,
2026-08-01T12:45:53.781660+00:00,4312,-6.237042057899963,106.8269344210502,complex_corridor,FRC2,23,23,6,6,1.0,False,-6.237208807900389,106.82690797532604,18.770772040768108,True,
2026-08-01T12:45:54.050222+00:00,4383,-6.255330045001537,106.84307333999776,complex_corridor,FRC4,25,25,7,7,1.0,False,-6.255170245392188,106.84296367849294,21.509477825194235,True,
2026-08-01T12:45:54.315415+00:00,4421,-6.237577607899957,106.82686737105018,complex_corridor,FRC3,18,18,27,27,1.0,False,-6.237416698431964,106.82692406858013,18.95817050701808,True,
2026-08-01T12:45:54.585306+00:00,5234,-6.255677025000373,106.8431710999986,complex_corridor,FRC4,18,23,7,6,1.0,False,-6.25559934329838,106.84329627241084,16.310649749926508,True,
2026-08-01T12:45:54.849708+00:00,5259,-6.255508725000373,106.84360214999862,complex_corridor,FRC4,23,30,374,287,0.997256,False,-6.255457199448482,106.84295563186589,71.6908067558573,True,
2026-08-01T12:45:55.118706+00:00,5296,-6.242909649999996,106.84406470000002,complex_corridor,FRC2,22,35,64,40,1.0,False,-6.24287098327402,106.84404058541264,5.0587612651154314,True,
2026-08-01T13:00:54.166299+00:00,703,-6.235444892859697,106.75583232857385,complex_corridor,FRC2,28,28,6,6,1.0,False,-6.235637002833079,106.75573958241279,23.694334982762854,True,
2026-08-01T13:00:54.456686+00:00,821,-6.288795825000754,106.77763638750048,complex_corridor,FRC1,11,32,99,34,0.99,False,-6.288676397337788,106.77774978959411,18.260596237349766,True,
2026-08-01T13:00:54.755985+00:00,1336,-6.235382350000007,106.7560557,complex_corridor,FRC2,27,27,9,9,1.0,False,-6.235851643158244,106.75634307944131,61.09133400248038,True,
2026-08-01T13:00:55.047587+00:00,2187,-6.234661449999994,106.7555585,complex_corridor,FRC2,39,39,18,18,1.0,False,-6.235295044618109,106.75596622907466,83.63486690954973,True,
2026-08-01T13:00:55.333959+00:00,2188,-6.233655599999991,106.75488135,complex_corridor,FRC2,30,30,32,32,1.0,False,-6.233742064909034,106.75495503627582,12.600808704103487,True,
2026-08-01T13:00:55.619523+00:00,2298,-6.288583799999989,106.77784095,complex_corridor,FRC1,27,40,518,350,1.0,False,-6.288634823320289,106.77780477487897,6.94084144102375,True,
2026-08-01T13:00:55.904847+00:00,2322,-6.2884621,106.7781152,complex_corridor,FRC1,14,25,100,56,1.0,False,-6.288455113550981,106.77822722279888,12.405765015820144,True,
2026-08-01T13:00:56.197029+00:00,2459,-6.23996075,106.79819865,complex_corridor,FRC3,19,27,597,420,1.0,False,-6.239927209643448,106.79835988366938,18.208192291717626,True,
2026-08-01T13:00:56.488025+00:00,2660,-6.288887410002579,106.77817204999796,complex_corridor,FRC1,11,15,40,29,1.0,False,-6.289080056713849,106.77821112954479,21.852459789678804,True,
2026-08-01T13:00:56.777693+00:00,2731,-6.240104349999994,106.79819525,complex_corridor,FRC1,9,20,666,300,1.0,False,-6.254711568502923,106.79717434728451,1628.1638385691926,False,
2026-08-01T13:00:57.069747+00:00,2979,-6.239918790000258,106.79844824999957,complex_corridor,FRC2,3,13,14,3,1.0,False,-6.239928542802509,106.79846583092547,2.2254395550977346,True,
2026-08-01T13:00:57.365542+00:00,3134,-6.2892448600025785,106.77855074999796,complex_corridor,FRC1,22,22,11,11,1.0,False,-6.289262432333267,106.778499467014,5.995427904385316,True,
2026-08-01T13:00:57.655491+00:00,3164,-6.239840140000258,106.79869149999956,complex_corridor,FRC2,18,24,193,145,1.0,False,-6.23981997364873,106.79856239045006,14.446370748590217,True,
2026-08-01T13:00:57.940997+00:00,3940,-6.242815700000143,106.84290446666662,complex_corridor,FRC2,21,21,19,19,1.0,False,-6.242610768682978,106.84288187111798,22.923789898286447,True,
2026-08-01T13:00:58.235012+00:00,3995,-6.2428431,106.8426503,complex_corridor,FRC2,19,30,14,9,0.97,False,-6.24270333943449,106.84230519617961,41.19038604817657,True,
2026-08-01T13:00:58.531709+00:00,4135,-6.242451300001405,106.84346441666648,complex_corridor,FRC3,20,27,20,15,1.0,False,-6.24264159782794,106.84303341592732,52.128779444682614,True,
2026-08-01T13:00:58.818151+00:00,4174,-6.242622250001264,106.84418269999986,complex_corridor,FRC3,21,21,14,14,1.0,False,-6.242365385288672,106.84405667866673,31.777844988721665,True,
2026-08-01T13:00:59.111595+00:00,4307,-6.237238257899974,106.8272395210502,complex_corridor,FRC2,8,21,16,6,1.0,False,-6.237236971031365,106.82743234718856,21.314848279038795,True,
2026-08-01T13:00:59.405775+00:00,4312,-6.237042057899963,106.8269344210502,complex_corridor,FRC2,23,23,6,6,1.0,False,-6.237208807900389,106.82690797532604,18.770772040768108,True,
2026-08-01T13:00:59.691087+00:00,4383,-6.255330045001537,106.84307333999776,complex_corridor,FRC4,25,25,7,7,1.0,False,-6.255170245392188,106.84296367849294,21.509477825194235,True,
2026-08-01T13:00:59.992438+00:00,4421,-6.237577607899957,106.82686737105018,complex_corridor,FRC3,18,18,27,27,1.0,False,-6.237416698431964,106.82692406858013,18.95817050701808,True,
2026-08-01T13:01:00.281561+00:00,5234,-6.255677025000373,106.8431710999986,complex_corridor,FRC4,17,22,8,6,1.0,False,-6.25559934329838,106.84329627241084,16.310649749926508,True,
2026-08-01T13:01:00.576576+00:00,5259,-6.255508725000373,106.84360214999862,complex_corridor,FRC4,20,29,430,297,0.99815,False,-6.255457199448482,106.84295563186589,71.6908067558573,True,
2026-08-01T13:01:00.865645+00:00,5296,-6.242909649999996,106.84406470000002,complex_corridor,FRC2,12,33,118,43,1.0,False,-6.24287098327402,106.84404058541264,5.0587612651154314,True,
2026-08-01T13:15:47.956245+00:00,703,-6.235444892859697,106.75583232857385,complex_corridor,FRC2,28,28,6,6,1.0,False,-6.235637002833079,106.75573958241279,23.694334982762854,True,
2026-08-01T13:15:48.240994+00:00,821,-6.288795825000754,106.77763638750048,complex_corridor,FRC1,31,31,35,35,1.0,False,-6.288676397337788,106.77774978959411,18.260596237349766,True,
2026-08-01T13:15:48.519163+00:00,1336,-6.235382350000007,106.7560557,complex_corridor,FRC2,27,27,9,9,1.0,False,-6.235851643158244,106.75634307944131,61.09133400248038,True,
2026-08-01T13:15:48.806337+00:00,2187,-6.234661449999994,106.7555585,complex_corridor,FRC2,39,39,18,18,1.0,False,-6.235295044618109,106.75596622907466,83.63486690954973,True,
2026-08-01T13:15:49.095622+00:00,2188,-6.233655599999991,106.75488135,complex_corridor,FRC2,30,30,32,32,1.0,False,-6.233742064909034,106.75495503627582,12.600808704103487,True,
2026-08-01T13:15:49.385886+00:00,2298,-6.288583799999989,106.77784095,complex_corridor,FRC1,33,41,424,341,1.0,False,-6.288634823320289,106.77780477487897,6.94084144102375,True,
2026-08-01T13:15:49.668948+00:00,2322,-6.2884621,106.7781152,complex_corridor,FRC1,26,26,53,53,1.0,False,-6.288455113550981,106.77822722279888,12.405765015820144,True,
2026-08-01T13:15:49.948648+00:00,2459,-6.23996075,106.79819865,complex_corridor,FRC3,21,27,541,420,1.0,False,-6.239927209643448,106.79835988366938,18.208192291717626,True,
2026-08-01T13:15:50.234236+00:00,2660,-6.288887410002579,106.77817204999796,complex_corridor,FRC1,9,14,49,31,1.0,False,-6.289080056713849,106.77821112954479,21.852459789678804,True,
2026-08-01T13:15:50.512762+00:00,2731,-6.240104349999994,106.79819525,complex_corridor,FRC1,9,21,666,285,1.0,False,-6.254711568502923,106.79717434728451,1628.1638385691926,False,
2026-08-01T13:15:50.800397+00:00,2979,-6.239918790000258,106.79844824999957,complex_corridor,FRC2,5,13,8,3,1.0,False,-6.239928542802509,106.79846583092547,2.2254395550977346,True,
2026-08-01T13:15:51.081161+00:00,3134,-6.2892448600025785,106.77855074999796,complex_corridor,FRC1,22,22,11,11,1.0,False,-6.289262432333267,106.778499467014,5.995427904385316,True,
2026-08-01T13:15:51.366377+00:00,3164,-6.239840140000258,106.79869149999956,complex_corridor,FRC2,20,25,174,139,1.0,False,-6.23981997364873,106.79856239045006,14.446370748590217,True,
2026-08-01T13:15:51.650762+00:00,3940,-6.242815700000143,106.84290446666662,complex_corridor,FRC2,21,21,19,19,1.0,False,-6.242610768682978,106.84288187111798,22.923789898286447,True,
2026-08-01T13:15:51.934006+00:00,3995,-6.2428431,106.8426503,complex_corridor,FRC2,23,32,12,8,0.98,False,-6.24270333943449,106.84230519617961,41.19038604817657,True,
2026-08-01T13:15:52.231825+00:00,4135,-6.242451300001405,106.84346441666648,complex_corridor,FRC3,21,27,19,15,1.0,False,-6.24264159782794,106.84303341592732,52.128779444682614,True,
2026-08-01T13:15:52.512185+00:00,4174,-6.242622250001264,106.84418269999986,complex_corridor,FRC3,21,21,14,14,1.0,False,-6.242365385288672,106.84405667866673,31.777844988721665,True,
2026-08-01T13:15:52.799024+00:00,4307,-6.237238257899974,106.8272395210502,complex_corridor,FRC2,21,21,6,6,1.0,False,-6.237236971031365,106.82743234718856,21.314848279038795,True,
2026-08-01T13:15:53.092905+00:00,4312,-6.237042057899963,106.8269344210502,complex_corridor,FRC2,23,23,6,6,1.0,False,-6.237208807900389,106.82690797532604,18.770772040768108,True,
2026-08-01T13:15:53.381160+00:00,4383,-6.255330045001537,106.84307333999776,complex_corridor,FRC4,25,25,7,7,1.0,False,-6.255170245392188,106.84296367849294,21.509477825194235,True,
2026-08-01T13:15:53.662983+00:00,4421,-6.237577607899957,106.82686737105018,complex_corridor,FRC3,8,18,61,27,0.98,False,-6.237416698431964,106.82692406858013,18.95817050701808,True,
2026-08-01T13:15:53.941053+00:00,5234,-6.255677025000373,106.8431710999986,complex_corridor,FRC4,14,22,10,6,1.0,False,-6.25559934329838,106.84329627241084,16.310649749926508,True,
2026-08-01T13:15:54.223711+00:00,5259,-6.255508725000373,106.84360214999862,complex_corridor,FRC4,23,29,374,297,0.99637,False,-6.255457199448482,106.84295563186589,71.6908067558573,True,
2026-08-01T13:15:54.505971+00:00,5296,-6.242909649999996,106.84406470000002,complex_corridor,FRC2,22,35,64,40,1.0,False,-6.24287098327402,106.84404058541264,5.0587612651154314,True,
2026-08-01T13:30:49.869747+00:00,703,-6.235444892859697,106.75583232857385,complex_corridor,FRC2,28,28,6,6,1.0,False,-6.235637002833079,106.75573958241279,23.694334982762854,True,
2026-08-01T13:30:50.174162+00:00,821,-6.288795825000754,106.77763638750048,complex_corridor,FRC1,18,31,60,35,1.0,False,-6.288676397337788,106.77774978959411,18.260596237349766,True,
2026-08-01T13:30:50.475858+00:00,1336,-6.235382350000007,106.7560557,complex_corridor,FRC2,27,27,9,9,1.0,False,-6.235851643158244,106.75634307944131,61.09133400248038,True,
2026-08-01T13:30:50.782730+00:00,2187,-6.234661449999994,106.7555585,complex_corridor,FRC2,39,39,18,18,1.0,False,-6.235295044618109,106.75596622907466,83.63486690954973,True,
2026-08-01T13:30:51.084610+00:00,2188,-6.233655599999991,106.75488135,complex_corridor,FRC2,30,30,32,32,1.0,False,-6.233742064909034,106.75495503627582,12.600808704103487,True,
2026-08-01T13:30:51.392558+00:00,2298,-6.288583799999989,106.77784095,complex_corridor,FRC1,32,41,437,341,1.0,False,-6.288634823320289,106.77780477487897,6.94084144102375,True,
2026-08-01T13:30:51.692848+00:00,2322,-6.2884621,106.7781152,complex_corridor,FRC1,26,26,53,53,1.0,False,-6.288455113550981,106.77822722279888,12.405765015820144,True,
2026-08-01T13:30:51.993929+00:00,2459,-6.23996075,106.79819865,complex_corridor,FRC3,20,28,568,405,1.0,False,-6.239927209643448,106.79835988366938,18.208192291717626,True,
2026-08-01T13:30:52.292148+00:00,2660,-6.288887410002579,106.77817204999796,complex_corridor,FRC1,15,15,29,29,1.0,False,-6.289080056713849,106.77821112954479,21.852459789678804,True,
2026-08-01T13:30:52.589981+00:00,2731,-6.240104349999994,106.79819525,complex_corridor,FRC1,10,20,600,300,1.0,False,-6.254711568502923,106.79717434728451,1628.1638385691926,False,
2026-08-01T13:30:52.900810+00:00,2979,-6.239918790000258,106.79844824999957,complex_corridor,FRC2,4,13,10,3,1.0,False,-6.239928542802509,106.79846583092547,2.2254395550977346,True,
2026-08-01T13:30:53.201207+00:00,3134,-6.2892448600025785,106.77855074999796,complex_corridor,FRC1,22,22,11,11,1.0,False,-6.289262432333267,106.778499467014,5.995427904385316,True,
2026-08-01T13:30:53.502696+00:00,3164,-6.239840140000258,106.79869149999956,complex_corridor,FRC2,18,24,193,145,1.0,False,-6.23981997364873,106.79856239045006,14.446370748590217,True,
2026-08-01T13:30:53.808595+00:00,3940,-6.242815700000143,106.84290446666662,complex_corridor,FRC2,17,21,23,19,0.99,False,-6.242610768682978,106.84288187111798,22.923789898286447,True,
2026-08-01T13:30:54.112342+00:00,3995,-6.2428431,106.8426503,complex_corridor,FRC2,23,30,12,9,0.98,False,-6.24270333943449,106.84230519617961,41.19038604817657,True,
2026-08-01T13:30:54.416174+00:00,4135,-6.242451300001405,106.84346441666648,complex_corridor,FRC3,27,27,15,15,1.0,False,-6.24264159782794,106.84303341592732,52.128779444682614,True,
2026-08-01T13:30:54.714208+00:00,4174,-6.242622250001264,106.84418269999986,complex_corridor,FRC3,21,21,14,14,1.0,False,-6.242365385288672,106.84405667866673,31.777844988721665,True,
2026-08-01T13:30:55.012638+00:00,4307,-6.237238257899974,106.8272395210502,complex_corridor,FRC2,21,21,6,6,1.0,False,-6.237236971031365,106.82743234718856,21.314848279038795,True,
2026-08-01T13:30:55.318626+00:00,4312,-6.237042057899963,106.8269344210502,complex_corridor,FRC2,23,23,6,6,1.0,False,-6.237208807900389,106.82690797532604,18.770772040768108,True,
2026-08-01T13:30:55.617809+00:00,4383,-6.255330045001537,106.84307333999776,complex_corridor,FRC4,20,25,9,7,1.0,False,-6.255170245392188,106.84296367849294,21.509477825194235,True,
2026-08-01T13:30:55.920487+00:00,4421,-6.237577607899957,106.82686737105018,complex_corridor,FRC3,18,18,27,27,1.0,False,-6.237416698431964,106.82692406858013,18.95817050701808,True,
2026-08-01T13:30:56.224899+00:00,5234,-6.255677025000373,106.8431710999986,complex_corridor,FRC4,23,23,6,6,1.0,False,-6.25559934329838,106.84329627241084,16.310649749926508,True,
2026-08-01T13:30:56.525467+00:00,5259,-6.255508725000373,106.84360214999862,complex_corridor,FRC4,22,30,391,287,0.997331,False,-6.255457199448482,106.84295563186589,71.6908067558573,True,
2026-08-01T13:30:56.851835+00:00,5296,-6.242909649999996,106.84406470000002,complex_corridor,FRC2,18,34,79,41,1.0,False,-6.24287098327402,106.84404058541264,5.0587612651154314,True,
2026-08-01T13:45:51.889597+00:00,703,-6.235444892859697,106.75583232857385,complex_corridor,FRC2,28,28,6,6,1.0,False,-6.235637002833079,106.75573958241279,23.694334982762854,True,
2026-08-01T13:45:52.164163+00:00,821,-6.288795825000754,106.77763638750048,complex_corridor,FRC1,22,30,49,36,1.0,False,-6.288676397337788,106.77774978959411,18.260596237349766,True,
2026-08-01T13:45:52.451096+00:00,1336,-6.235382350000007,106.7560557,complex_corridor,FRC2,27,27,9,9,1.0,False,-6.235851643158244,106.75634307944131,61.09133400248038,True,
2026-08-01T13:45:52.720948+00:00,2187,-6.234661449999994,106.7555585,complex_corridor,FRC2,39,39,18,18,1.0,False,-6.235295044618109,106.75596622907466,83.63486690954973,True,
2026-08-01T13:45:53.017621+00:00,2188,-6.233655599999991,106.75488135,complex_corridor,FRC2,30,30,32,32,1.0,False,-6.233742064909034,106.75495503627582,12.600808704103487,True,
2026-08-01T13:45:53.287703+00:00,2298,-6.288583799999989,106.77784095,complex_corridor,FRC1,32,41,437,341,1.0,False,-6.288634823320289,106.77780477487897,6.94084144102375,True,
2026-08-01T13:45:53.562475+00:00,2322,-6.2884621,106.7781152,complex_corridor,FRC1,14,26,100,53,1.0,False,-6.288455113550981,106.77822722279888,12.405765015820144,True,
2026-08-01T13:45:53.835149+00:00,2459,-6.23996075,106.79819865,complex_corridor,FRC3,20,28,568,405,1.0,False,-6.239927209643448,106.79835988366938,18.208192291717626,True,
2026-08-01T13:45:54.100888+00:00,2660,-6.288887410002579,106.77817204999796,complex_corridor,FRC1,10,14,44,31,1.0,False,-6.289080056713849,106.77821112954479,21.852459789678804,True,
2026-08-01T13:45:54.375893+00:00,2731,-6.240104349999994,106.79819525,complex_corridor,FRC1,10,22,600,272,1.0,False,-6.254711568502923,106.79717434728451,1628.1638385691926,False,
2026-08-01T13:45:54.644730+00:00,2979,-6.239918790000258,106.79844824999957,complex_corridor,FRC2,11,15,3,2,1.0,False,-6.239928542802509,106.79846583092547,2.2254395550977346,True,
2026-08-01T13:45:54.906555+00:00,3134,-6.2892448600025785,106.77855074999796,complex_corridor,FRC1,22,22,11,11,1.0,False,-6.289262432333267,106.778499467014,5.995427904385316,True,
2026-08-01T13:45:55.174132+00:00,3164,-6.239840140000258,106.79869149999956,complex_corridor,FRC2,15,24,232,145,1.0,False,-6.23981997364873,106.79856239045006,14.446370748590217,True,
2026-08-01T13:45:55.448294+00:00,3940,-6.242815700000143,106.84290446666662,complex_corridor,FRC2,21,21,19,19,1.0,False,-6.242610768682978,106.84288187111798,22.923789898286447,True,
2026-08-01T13:45:55.713182+00:00,3995,-6.2428431,106.8426503,complex_corridor,FRC2,20,30,13,9,0.97,False,-6.24270333943449,106.84230519617961,41.19038604817657,True,
2026-08-01T13:45:55.983106+00:00,4135,-6.242451300001405,106.84346441666648,complex_corridor,FRC3,27,27,15,15,1.0,False,-6.24264159782794,106.84303341592732,52.128779444682614,True,
2026-08-01T13:45:56.248654+00:00,4174,-6.242622250001264,106.84418269999986,complex_corridor,FRC3,21,21,14,14,1.0,False,-6.242365385288672,106.84405667866673,31.777844988721665,True,
2026-08-01T13:45:56.516843+00:00,4307,-6.237238257899974,106.8272395210502,complex_corridor,FRC2,21,21,6,6,1.0,False,-6.237236971031365,106.82743234718856,21.314848279038795,True,
2026-08-01T13:45:56.796067+00:00,4312,-6.237042057899963,106.8269344210502,complex_corridor,FRC2,23,23,6,6,1.0,False,-6.237208807900389,106.82690797532604,18.770772040768108,True,
2026-08-01T13:45:57.061914+00:00,4383,-6.255330045001537,106.84307333999776,complex_corridor,FRC4,19,25,9,7,1.0,False,-6.255170245392188,106.84296367849294,21.509477825194235,True,
2026-08-01T13:45:57.326169+00:00,4421,-6.237577607899957,106.82686737105018,complex_corridor,FRC3,18,18,27,27,1.0,False,-6.237416698431964,106.82692406858013,18.95817050701808,True,
2026-08-01T13:45:57.608706+00:00,5234,-6.255677025000373,106.8431710999986,complex_corridor,FRC4,23,23,6,6,1.0,False,-6.25559934329838,106.84329627241084,16.310649749926508,True,
2026-08-01T13:45:57.872728+00:00,5259,-6.255508725000373,106.84360214999862,complex_corridor,FRC4,23,29,374,297,0.99637,False,-6.255457199448482,106.84295563186589,71.6908067558573,True,
2026-08-01T13:45:58.151300+00:00,5296,-6.242909649999996,106.84406470000002,complex_corridor,FRC2,19,35,74,40,1.0,False,-6.24287098327402,106.84404058541264,5.0587612651154314,True,
2026-08-01T14:00:59.745350+00:00,703,-6.235444892859697,106.75583232857385,complex_corridor,FRC2,28,28,6,6,1.0,False,-6.235637002833079,106.75573958241279,23.694334982762854,True,
2026-08-01T14:01:00.034299+00:00,821,-6.288795825000754,106.77763638750048,complex_corridor,FRC1,20,30,54,36,1.0,False,-6.288676397337788,106.77774978959411,18.260596237349766,True,
2026-08-01T14:01:00.309331+00:00,1336,-6.235382350000007,106.7560557,complex_corridor,FRC2,27,27,9,9,1.0,False,-6.235851643158244,106.75634307944131,61.09133400248038,True,
2026-08-01T14:01:00.576013+00:00,2187,-6.234661449999994,106.7555585,complex_corridor,FRC2,39,39,18,18,1.0,False,-6.235295044618109,106.75596622907466,83.63486690954973,True,
2026-08-01T14:01:00.842508+00:00,2188,-6.233655599999991,106.75488135,complex_corridor,FRC2,30,30,32,32,1.0,False,-6.233742064909034,106.75495503627582,12.600808704103487,True,
2026-08-01T14:01:01.107946+00:00,2298,-6.288583799999989,106.77784095,complex_corridor,FRC1,33,40,424,350,1.0,False,-6.288634823320289,106.77780477487897,6.94084144102375,True,
2026-08-01T14:01:01.373533+00:00,2322,-6.2884621,106.7781152,complex_corridor,FRC1,19,26,73,53,1.0,False,-6.288455113550981,106.77822722279888,12.405765015820144,True,
2026-08-01T14:01:01.641680+00:00,2459,-6.23996075,106.79819865,complex_corridor,FRC3,23,28,493,405,1.0,False,-6.239927209643448,106.79835988366938,18.208192291717626,True,
2026-08-01T14:01:01.907719+00:00,2660,-6.288887410002579,106.77817204999796,complex_corridor,FRC1,10,15,44,29,1.0,False,-6.289080056713849,106.77821112954479,21.852459789678804,True,
2026-08-01T14:01:02.183278+00:00,2731,-6.240104349999994,106.79819525,complex_corridor,FRC1,10,21,600,285,1.0,False,-6.254711568502923,106.79717434728451,1628.1638385691926,False,
2026-08-01T14:01:02.447049+00:00,2979,-6.239918790000258,106.79844824999957,complex_corridor,FRC2,8,15,5,2,1.0,False,-6.239928542802509,106.79846583092547,2.2254395550977346,True,
2026-08-01T14:01:02.710864+00:00,3134,-6.2892448600025785,106.77855074999796,complex_corridor,FRC1,22,22,11,11,1.0,False,-6.289262432333267,106.778499467014,5.995427904385316,True,
2026-08-01T14:01:02.988408+00:00,3164,-6.239840140000258,106.79869149999956,complex_corridor,FRC2,24,24,145,145,1.0,False,-6.23981997364873,106.79856239045006,14.446370748590217,True,
2026-08-01T14:01:03.262373+00:00,3940,-6.242815700000143,106.84290446666662,complex_corridor,FRC2,16,21,25,19,0.99,False,-6.242610768682978,106.84288187111798,22.923789898286447,True,
2026-08-01T14:01:03.528974+00:00,3995,-6.2428431,106.8426503,complex_corridor,FRC2,23,30,12,9,0.94,False,-6.24270333943449,106.84230519617961,41.19038604817657,True,
2026-08-01T14:01:03.800172+00:00,4135,-6.242451300001405,106.84346441666648,complex_corridor,FRC3,27,27,15,15,1.0,False,-6.24264159782794,106.84303341592732,52.128779444682614,True,
2026-08-01T14:01:04.066625+00:00,4174,-6.242622250001264,106.84418269999986,complex_corridor,FRC3,21,21,14,14,1.0,False,-6.242365385288672,106.84405667866673,31.777844988721665,True,
2026-08-01T14:01:04.336327+00:00,4307,-6.237238257899974,106.8272395210502,complex_corridor,FRC2,5,22,25,5,1.0,False,-6.237236971031365,106.82743234718856,21.314848279038795,True,
2026-08-01T14:01:04.603816+00:00,4312,-6.237042057899963,106.8269344210502,complex_corridor,FRC2,23,23,6,6,1.0,False,-6.237208807900389,106.82690797532604,18.770772040768108,True,
2026-08-01T14:01:04.869025+00:00,4383,-6.255330045001537,106.84307333999776,complex_corridor,FRC4,18,25,10,7,1.0,False,-6.255170245392188,106.84296367849294,21.509477825194235,True,
2026-08-01T14:01:05.136948+00:00,4421,-6.237577607899957,106.82686737105018,complex_corridor,FRC3,18,18,27,27,1.0,False,-6.237416698431964,106.82692406858013,18.95817050701808,True,
2026-08-01T14:01:05.404284+00:00,5234,-6.255677025000373,106.8431710999986,complex_corridor,FRC4,15,22,9,6,1.0,False,-6.25559934329838,106.84329627241084,16.310649749926508,True,
2026-08-01T14:01:05.668862+00:00,5259,-6.255508725000373,106.84360214999862,complex_corridor,FRC4,30,30,287,287,1.0,False,-6.255457199448482,106.84295563186589,71.6908067558573,True,
2026-08-01T14:01:05.936341+00:00,5296,-6.242909649999996,106.84406470000002,complex_corridor,FRC2,14,34,101,41,1.0,False,-6.24287098327402,106.84404058541264,5.0587612651154314,True,
2026-08-01T14:15:52.647962+00:00,703,-6.235444892859697,106.75583232857385,complex_corridor,FRC2,28,28,6,6,1.0,False,-6.235637002833079,106.75573958241279,23.694334982762854,True,
2026-08-01T14:15:52.943178+00:00,821,-6.288795825000754,106.77763638750048,complex_corridor,FRC1,31,31,35,35,1.0,False,-6.288676397337788,106.77774978959411,18.260596237349766,True,
2026-08-01T14:15:53.232863+00:00,1336,-6.235382350000007,106.7560557,complex_corridor,FRC2,27,27,9,9,1.0,False,-6.235851643158244,106.75634307944131,61.09133400248038,True,
2026-08-01T14:15:53.536588+00:00,2187,-6.234661449999994,106.7555585,complex_corridor,FRC2,39,39,18,18,1.0,False,-6.235295044618109,106.75596622907466,83.63486690954973,True,
2026-08-01T14:15:53.828216+00:00,2188,-6.233655599999991,106.75488135,complex_corridor,FRC2,30,30,32,32,1.0,False,-6.233742064909034,106.75495503627582,12.600808704103487,True,
2026-08-01T14:15:54.129688+00:00,2298,-6.288583799999989,106.77784095,complex_corridor,FRC1,34,41,411,341,1.0,False,-6.288634823320289,106.77780477487897,6.94084144102375,True,
2026-08-01T14:15:54.428684+00:00,2322,-6.2884621,106.7781152,complex_corridor,FRC1,19,26,73,53,1.0,False,-6.288455113550981,106.77822722279888,12.405765015820144,True,
2026-08-01T14:15:54.715663+00:00,2459,-6.23996075,106.79819865,complex_corridor,FRC3,23,28,493,405,1.0,False,-6.239927209643448,106.79835988366938,18.208192291717626,True,
2026-08-01T14:15:55.004437+00:00,2660,-6.288887410002579,106.77817204999796,complex_corridor,FRC1,15,15,29,29,1.0,False,-6.289080056713849,106.77821112954479,21.852459789678804,True,
2026-08-01T14:15:55.297893+00:00,2731,-6.240104349999994,106.79819525,complex_corridor,FRC1,12,20,500,300,1.0,False,-6.254711568502923,106.79717434728451,1628.1638385691926,False,
2026-08-01T14:15:55.584842+00:00,2979,-6.239918790000258,106.79844824999957,complex_corridor,FRC2,11,15,3,2,1.0,False,-6.239928542802509,106.79846583092547,2.2254395550977346,True,
2026-08-01T14:15:55.874222+00:00,3134,-6.2892448600025785,106.77855074999796,complex_corridor,FRC1,22,22,11,11,1.0,False,-6.289262432333267,106.778499467014,5.995427904385316,True,
2026-08-01T14:15:56.163768+00:00,3164,-6.239840140000258,106.79869149999956,complex_corridor,FRC2,18,24,193,145,1.0,False,-6.23981997364873,106.79856239045006,14.446370748590217,True,
2026-08-01T14:15:56.449577+00:00,3940,-6.242815700000143,106.84290446666662,complex_corridor,FRC2,21,21,19,19,1.0,False,-6.242610768682978,106.84288187111798,22.923789898286447,True,
2026-08-01T14:15:56.738364+00:00,3995,-6.2428431,106.8426503,complex_corridor,FRC2,23,32,12,8,0.93,False,-6.24270333943449,106.84230519617961,41.19038604817657,True,
2026-08-01T14:15:57.053059+00:00,4135,-6.242451300001405,106.84346441666648,complex_corridor,FRC3,27,27,15,15,1.0,False,-6.24264159782794,106.84303341592732,52.128779444682614,True,
2026-08-01T14:15:57.344108+00:00,4174,-6.242622250001264,106.84418269999986,complex_corridor,FRC3,21,21,14,14,1.0,False,-6.242365385288672,106.84405667866673,31.777844988721665,True,
2026-08-01T14:15:57.629151+00:00,4307,-6.237238257899974,106.8272395210502,complex_corridor,FRC2,21,21,6,6,1.0,False,-6.237236971031365,106.82743234718856,21.314848279038795,True,
2026-08-01T14:15:57.916830+00:00,4312,-6.237042057899963,106.8269344210502,complex_corridor,FRC2,18,23,8,6,1.0,False,-6.237208807900389,106.82690797532604,18.770772040768108,True,
2026-08-01T14:15:58.203116+00:00,4383,-6.255330045001537,106.84307333999776,complex_corridor,FRC4,25,25,7,7,1.0,False,-6.255170245392188,106.84296367849294,21.509477825194235,True,
2026-08-01T14:15:58.488991+00:00,4421,-6.237577607899957,106.82686737105018,complex_corridor,FRC3,18,18,27,27,1.0,False,-6.237416698431964,106.82692406858013,18.95817050701808,True,
2026-08-01T14:15:58.788685+00:00,5234,-6.255677025000373,106.8431710999986,complex_corridor,FRC4,14,22,10,6,1.0,False,-6.25559934329838,106.84329627241084,16.310649749926508,True,
2026-08-01T14:15:59.076486+00:00,5259,-6.255508725000373,106.84360214999862,complex_corridor,FRC4,23,30,374,287,0.99911,False,-6.255457199448482,106.84295563186589,71.6908067558573,True,
2026-08-01T14:15:59.368129+00:00,5296,-6.242909649999996,106.84406470000002,complex_corridor,FRC2,25,35,56,40,1.0,False,-6.24287098327402,106.84404058541264,5.0587612651154314,True,
2026-08-01T14:30:52.363601+00:00,703,-6.235444892859697,106.75583232857385,complex_corridor,FRC2,28,28,6,6,1.0,False,-6.235637002833079,106.75573958241279,23.694334982762854,True,
2026-08-01T14:30:52.651553+00:00,821,-6.288795825000754,106.77763638750048,complex_corridor,FRC1,20,31,54,35,1.0,False,-6.288676397337788,106.77774978959411,18.260596237349766,True,
2026-08-01T14:30:52.937024+00:00,1336,-6.235382350000007,106.7560557,complex_corridor,FRC2,27,27,9,9,1.0,False,-6.235851643158244,106.75634307944131,61.09133400248038,True,
2026-08-01T14:30:53.245111+00:00,2187,-6.234661449999994,106.7555585,complex_corridor,FRC2,39,39,18,18,1.0,False,-6.235295044618109,106.75596622907466,83.63486690954973,True,
2026-08-01T14:30:53.535937+00:00,2188,-6.233655599999991,106.75488135,complex_corridor,FRC2,30,30,32,32,1.0,False,-6.233742064909034,106.75495503627582,12.600808704103487,True,
2026-08-01T14:30:53.824569+00:00,2298,-6.288583799999989,106.77784095,complex_corridor,FRC1,41,41,341,341,1.0,False,-6.288634823320289,106.77780477487897,6.94084144102375,True,
2026-08-01T14:30:54.165122+00:00,2322,-6.2884621,106.7781152,complex_corridor,FRC1,19,26,73,53,1.0,False,-6.288455113550981,106.77822722279888,12.405765015820144,True,
2026-08-01T14:30:54.453115+00:00,2459,-6.23996075,106.79819865,complex_corridor,FRC3,22,28,516,405,1.0,False,-6.239927209643448,106.79835988366938,18.208192291717626,True,
2026-08-01T14:30:54.737529+00:00,2660,-6.288887410002579,106.77817204999796,complex_corridor,FRC1,9,14,49,31,1.0,False,-6.289080056713849,106.77821112954479,21.852459789678804,True,
2026-08-01T14:30:55.073634+00:00,2731,-6.240104349999994,106.79819525,complex_corridor,FRC1,11,20,545,300,1.0,False,-6.254711568502923,106.79717434728451,1628.1638385691926,False,
2026-08-01T14:30:55.369557+00:00,2979,-6.239918790000258,106.79844824999957,complex_corridor,FRC2,10,15,4,2,1.0,False,-6.239928542802509,106.79846583092547,2.2254395550977346,True,
2026-08-01T14:30:55.661626+00:00,3134,-6.2892448600025785,106.77855074999796,complex_corridor,FRC1,22,22,11,11,1.0,False,-6.289262432333267,106.778499467014,5.995427904385316,True,
2026-08-01T14:30:55.948970+00:00,3164,-6.239840140000258,106.79869149999956,complex_corridor,FRC2,16,24,217,145,1.0,False,-6.23981997364873,106.79856239045006,14.446370748590217,True,
2026-08-01T14:30:56.242785+00:00,3940,-6.242815700000143,106.84290446666662,complex_corridor,FRC2,21,21,19,19,1.0,False,-6.242610768682978,106.84288187111798,22.923789898286447,True,
2026-08-01T14:30:56.535023+00:00,3995,-6.2428431,106.8426503,complex_corridor,FRC2,24,32,11,8,0.91,False,-6.24270333943449,106.84230519617961,41.19038604817657,True,
2026-08-01T14:30:56.827594+00:00,4135,-6.242451300001405,106.84346441666648,complex_corridor,FRC3,21,26,19,16,1.0,False,-6.24264159782794,106.84303341592732,52.128779444682614,True,
2026-08-01T14:30:57.111094+00:00,4174,-6.242622250001264,106.84418269999986,complex_corridor,FRC3,17,21,17,14,0.99,False,-6.242365385288672,106.84405667866673,31.777844988721665,True,
2026-08-01T14:30:57.402286+00:00,4307,-6.237238257899974,106.8272395210502,complex_corridor,FRC2,12,21,10,6,1.0,False,-6.237236971031365,106.82743234718856,21.314848279038795,True,
2026-08-01T14:30:57.692889+00:00,4312,-6.237042057899963,106.8269344210502,complex_corridor,FRC2,23,23,6,6,1.0,False,-6.237208807900389,106.82690797532604,18.770772040768108,True,
2026-08-01T14:30:57.989485+00:00,4383,-6.255330045001537,106.84307333999776,complex_corridor,FRC4,25,25,7,7,1.0,False,-6.255170245392188,106.84296367849294,21.509477825194235,True,
2026-08-01T14:30:58.303341+00:00,4421,-6.237577607899957,106.82686737105018,complex_corridor,FRC3,18,18,27,27,1.0,False,-6.237416698431964,106.82692406858013,18.95817050701808,True,
2026-08-01T14:30:58.607259+00:00,5234,-6.255677025000373,106.8431710999986,complex_corridor,FRC4,14,22,10,6,1.0,False,-6.25559934329838,106.84329627241084,16.310649749926508,True,
2026-08-01T14:30:58.893851+00:00,5259,-6.255508725000373,106.84360214999862,complex_corridor,FRC4,22,29,391,297,0.996299,False,-6.255457199448482,106.84295563186589,71.6908067558573,True,
2026-08-01T14:30:59.183906+00:00,5296,-6.242909649999996,106.84406470000002,complex_corridor,FRC2,25,34,56,41,1.0,False,-6.24287098327402,106.84404058541264,5.0587612651154314,True,
