timestamp_utc,edge_id,requested_lat,requested_lon,highway_tag,frc,currentSpeed,freeFlowSpeed,currentTravelTime,freeFlowTravelTime,confidence,roadClosure,matched_lat,matched_lon,match_distance_m,valid_match,error
2026-08-26T00:01:01.028832+00:00,703,-6.235444892859697,106.75583232857385,complex_corridor,FRC2,28,28,6,6,1.0,False,-6.235637002833079,106.75573958241279,23.694334982762854,True,
2026-08-26T00:01:01.301018+00:00,821,-6.288795825000754,106.77763638750048,complex_corridor,FRC1,19,30,57,36,1.0,False,-6.288676397337788,106.77774978959411,18.260596237349766,True,
2026-08-26T00:01:01.570225+00:00,1336,-6.235382350000007,106.7560557,complex_corridor,FRC2,17,27,15,9,0.99,False,-6.235851643158244,106.75634307944131,61.09133400248038,True,
2026-08-26T00:01:01.860770+00:00,2187,-6.234661449999994,106.7555585,complex_corridor,FRC2,39,39,18,18,1.0,False,-6.235295044618109,106.75596622907466,83.63486690954973,True,
2026-08-26T00:01:02.134901+00:00,2188,-6.233655599999991,106.75488135,complex_corridor,FRC2,30,30,32,32,1.0,False,-6.233742064909034,106.75495503627582,12.600808704103487,True,
2026-08-26T00:01:02.409134+00:00,2298,-6.288583799999989,106.77784095,complex_corridor,FRC1,31,41,451,341,1.0,False,-6.288634823320289,106.77780477487897,6.94084144102375,True,
2026-08-26T00:01:02.680076+00:00,2322,-6.2884621,106.7781152,complex_corridor,FRC1,18,26,77,53,1.0,False,-6.288455113550981,106.77822722279888,12.405765015820144,True,
2026-08-26T00:01:02.951949+00:00,2459,-6.23996075,106.79819865,complex_corridor,FRC3,28,28,405,405,1.0,False,-6.239927209643448,106.79835988366938,18.208192291717626,True,
2026-08-26T00:01:03.232731+00:00,2660,-6.288887410002579,106.77817204999796,complex_corridor,FRC1,10,15,44,29,1.0,False,-6.289080056713849,106.77821112954479,21.852459789678804,True,
2026-08-26T00:01:03.528346+00:00,2731,-6.240104349999994,106.79819525,complex_corridor,FRC1,21,21,285,285,1.0,False,-6.254711568502923,106.79717434728451,1628.1638385691926,False,
2026-08-26T00:01:03.808488+00:00,2979,-6.239918790000258,106.79844824999957,complex_corridor,FRC2,15,15,2,2,1.0,False,-6.239928542802509,106.79846583092547,2.2254395550977346,True,
2026-08-26T00:01:04.075771+00:00,3134,-6.2892448600025785,106.77855074999796,complex_corridor,FRC1,3,23,86,11,1.0,False,-6.289262432333267,106.778499467014,5.995427904385316,True,
2026-08-26T00:01:04.344972+00:00,3164,-6.239840140000258,106.79869149999956,complex_corridor,FRC2,24,24,145,145,1.0,False,-6.23981997364873,106.79856239045006,14.446370748590217,True,
2026-08-26T00:01:04.613825+00:00,3940,-6.242815700000143,106.84290446666662,complex_corridor,FRC2,21,21,19,19,1.0,False,-6.242610768682978,106.84288187111798,22.923789898286447,True,
2026-08-26T00:01:04.891562+00:00,3995,-6.2428431,106.8426503,complex_corridor,FRC2,32,32,8,8,1.0,False,-6.24270333943449,106.84230519617961,41.19038604817657,True,
2026-08-26T00:01:05.257881+00:00,4135,-6.242451300001405,106.84346441666648,complex_corridor,FRC3,27,27,15,15,1.0,False,-6.24264159782794,106.84303341592732,52.128779444682614,True,
2026-08-26T00:01:05.530794+00:00,4174,-6.242622250001264,106.84418269999986,complex_corridor,FRC3,21,21,14,14,1.0,False,-6.242365385288672,106.84405667866673,31.777844988721665,True,
2026-08-26T00:01:05.795277+00:00,4307,-6.237238257899974,106.8272395210502,complex_corridor,FRC2,21,21,6,6,1.0,False,-6.237236971031365,106.82743234718856,21.314848279038795,True,
2026-08-26T00:01:06.065196+00:00,4312,-6.237042057899963,106.8269344210502,complex_corridor,FRC2,23,23,6,6,1.0,False,-6.237208807900389,106.82690797532604,18.770772040768108,True,
2026-08-26T00:01:06.338117+00:00,4383,-6.255330045001537,106.84307333999776,complex_corridor,FRC4,25,25,7,7,1.0,False,-6.255170245392188,106.84296367849294,21.509477825194235,True,
2026-08-26T00:01:06.610572+00:00,4421,-6.237577607899957,106.82686737105018,complex_corridor,FRC3,19,19,25,25,1.0,False,-6.237416698431964,106.82692406858013,18.95817050701808,True,
2026-08-26T00:01:06.883839+00:00,5234,-6.255677025000373,106.8431710999986,complex_corridor,FRC4,23,23,6,6,1.0,False,-6.25559934329838,106.84329627241084,16.310649749926508,True,
2026-08-26T00:01:07.148529+00:00,5259,-6.255508725000373,106.84360214999862,complex_corridor,FRC4,19,29,453,297,0.99911,False,-6.255457199448482,106.84295563186589,71.6908067558573,True,
2026-08-26T00:01:07.435414+00:00,5296,-6.242909649999996,106.84406470000002,complex_corridor,FRC2,35,35,40,40,1.0,False,-6.24287098327402,106.84404058541264,5.0587612651154314,True,
2026-08-26T00:15:49.825754+00:00,703,-6.235444892859697,106.75583232857385,complex_corridor,FRC2,28,28,6,6,1.0,False,-6.235637002833079,106.75573958241279,23.694334982762854,True,
2026-08-26T00:15:50.127597+00:00,821,-6.288795825000754,106.77763638750048,complex_corridor,FRC1,20,31,54,35,1.0,False,-6.288676397337788,106.77774978959411,18.260596237349766,True,
2026-08-26T00:15:50.415123+00:00,1336,-6.235382350000007,106.7560557,complex_corridor,FRC2,14,26,19,10,0.98,False,-6.235851643158244,106.75634307944131,61.09133400248038,True,
2026-08-26T00:15:50.702984+00:00,2187,-6.234661449999994,106.7555585,complex_corridor,FRC2,17,39,43,18,1.0,False,-6.235295044618109,106.75596622907466,83.63486690954973,True,
2026-08-26T00:15:50.996910+00:00,2188,-6.233655599999991,106.75488135,complex_corridor,FRC2,30,30,32,32,1.0,False,-6.233742064909034,106.75495503627582,12.600808704103487,True,
2026-08-26T00:15:51.287216+00:00,2298,-6.288583799999989,106.77784095,complex_corridor,FRC1,28,40,500,350,1.0,False,-6.288634823320289,106.77780477487897,6.94084144102375,True,
2026-08-26T00:15:51.580878+00:00,2322,-6.2884621,106.7781152,complex_corridor,FRC1,14,26,100,53,1.0,False,-6.288455113550981,106.77822722279888,12.405765015820144,True,
2026-08-26T00:15:51.868335+00:00,2459,-6.23996075,106.79819865,complex_corridor,FRC3,20,27,568,420,1.0,False,-6.239927209643448,106.79835988366938,18.208192291717626,True,
2026-08-26T00:15:52.162087+00:00,2660,-6.288887410002579,106.77817204999796,complex_corridor,FRC1,7,16,63,27,1.0,False,-6.289080056713849,106.77821112954479,21.852459789678804,True,
2026-08-26T00:15:52.447864+00:00,2731,-6.240104349999994,106.79819525,complex_corridor,FRC1,21,21,285,285,1.0,False,-6.254711568502923,106.79717434728451,1628.1638385691926,False,
2026-08-26T00:15:52.739846+00:00,2979,-6.239918790000258,106.79844824999957,complex_corridor,FRC2,15,15,2,2,1.0,False,-6.239928542802509,106.79846583092547,2.2254395550977346,True,
2026-08-26T00:15:53.028950+00:00,3134,-6.2892448600025785,106.77855074999796,complex_corridor,FRC1,7,22,37,11,1.0,False,-6.289262432333267,106.778499467014,5.995427904385316,True,
2026-08-26T00:15:53.322978+00:00,3164,-6.239840140000258,106.79869149999956,complex_corridor,FRC2,20,26,174,134,1.0,False,-6.23981997364873,106.79856239045006,14.446370748590217,True,
2026-08-26T00:15:53.610951+00:00,3940,-6.242815700000143,106.84290446666662,complex_corridor,FRC2,14,21,28,19,0.99,False,-6.242610768682978,106.84288187111798,22.923789898286447,True,
2026-08-26T00:15:53.902714+00:00,3995,-6.2428431,106.8426503,complex_corridor,FRC2,32,32,8,8,1.0,False,-6.24270333943449,106.84230519617961,41.19038604817657,True,
2026-08-26T00:15:54.189259+00:00,4135,-6.242451300001405,106.84346441666648,complex_corridor,FRC3,17,27,24,15,1.0,False,-6.24264159782794,106.84303341592732,52.128779444682614,True,
2026-08-26T00:15:54.477989+00:00,4174,-6.242622250001264,106.84418269999986,complex_corridor,FRC3,21,21,14,14,1.0,False,-6.242365385288672,106.84405667866673,31.777844988721665,True,
2026-08-26T00:15:54.768820+00:00,4307,-6.237238257899974,106.8272395210502,complex_corridor,FRC2,21,21,6,6,1.0,False,-6.237236971031365,106.82743234718856,21.314848279038795,True,
2026-08-26T00:15:55.059226+00:00,4312,-6.237042057899963,106.8269344210502,complex_corridor,FRC2,23,23,6,6,1.0,False,-6.237208807900389,106.82690797532604,18.770772040768108,True,
2026-08-26T00:15:55.355048+00:00,4383,-6.255330045001537,106.84307333999776,complex_corridor,FRC4,20,25,9,7,1.0,False,-6.255170245392188,106.84296367849294,21.509477825194235,True,
2026-08-26T00:15:55.645994+00:00,4421,-6.237577607899957,106.82686737105018,complex_corridor,FRC3,19,19,25,25,1.0,False,-6.237416698431964,106.82692406858013,18.95817050701808,True,
2026-08-26T00:15:55.956233+00:00,5234,-6.255677025000373,106.8431710999986,complex_corridor,FRC4,16,23,8,6,0.99,False,-6.25559934329838,106.84329627241084,16.310649749926508,True,
2026-08-26T00:15:56.253291+00:00,5259,-6.255508725000373,106.84360214999862,complex_corridor,FRC4,21,28,410,307,1.0,False,-6.255457199448482,106.84295563186589,71.6908067558573,True,
2026-08-26T00:15:56.548335+00:00,5296,-6.242909649999996,106.84406470000002,complex_corridor,FRC2,35,35,40,40,1.0,False,-6.24287098327402,106.84404058541264,5.0587612651154314,True,
2026-08-26T00:30:55.556356+00:00,703,-6.235444892859697,106.75583232857385,complex_corridor,FRC2,22,28,7,6,0.99,False,-6.235637002833079,106.75573958241279,23.694334982762854,True,
2026-08-26T00:30:55.833481+00:00,821,-6.288795825000754,106.77763638750048,complex_corridor,FRC1,12,31,91,35,1.0,False,-6.288676397337788,106.77774978959411,18.260596237349766,True,
2026-08-26T00:30:56.170350+00:00,1336,-6.235382350000007,106.7560557,complex_corridor,FRC2,14,27,19,9,0.98,False,-6.235851643158244,106.75634307944131,61.09133400248038,True,
2026-08-26T00:30:56.443915+00:00,2187,-6.234661449999994,106.7555585,complex_corridor,FRC2,39,39,18,18,1.0,False,-6.235295044618109,106.75596622907466,83.63486690954973,True,
2026-08-26T00:30:56.711549+00:00,2188,-6.233655599999991,106.75488135,complex_corridor,FRC2,30,30,32,32,1.0,False,-6.233742064909034,106.75495503627582,12.600808704103487,True,
2026-08-26T00:30:56.977749+00:00,2298,-6.288583799999989,106.77784095,complex_corridor,FRC1,27,41,518,341,1.0,False,-6.288634823320289,106.77780477487897,6.94084144102375,True,
2026-08-26T00:30:57.252033+00:00,2322,-6.2884621,106.7781152,complex_corridor,FRC1,26,26,53,53,1.0,False,-6.288455113550981,106.77822722279888,12.405765015820144,True,
2026-08-26T00:30:57.521620+00:00,2459,-6.23996075,106.79819865,complex_corridor,FRC3,28,28,405,405,1.0,False,-6.239927209643448,106.79835988366938,18.208192291717626,True,
2026-08-26T00:30:57.785179+00:00,2660,-6.288887410002579,106.77817204999796,complex_corridor,FRC1,8,14,55,31,1.0,False,-6.289080056713849,106.77821112954479,21.852459789678804,True,
2026-08-26T00:30:58.053748+00:00,2731,-6.240104349999994,106.79819525,complex_corridor,FRC1,21,21,285,285,1.0,False,-6.254711568502923,106.79717434728451,1628.1638385691926,False,
2026-08-26T00:30:58.320870+00:00,2979,-6.239918790000258,106.79844824999957,complex_corridor,FRC2,15,15,2,2,1.0,False,-6.239928542802509,106.79846583092547,2.2254395550977346,True,
2026-08-26T00:30:58.594442+00:00,3134,-6.2892448600025785,106.77855074999796,complex_corridor,FRC1,22,22,11,11,1.0,False,-6.289262432333267,106.778499467014,5.995427904385316,True,
2026-08-26T00:30:58.862538+00:00,3164,-6.239840140000258,106.79869149999956,complex_corridor,FRC2,24,24,145,145,1.0,False,-6.23981997364873,106.79856239045006,14.446370748590217,True,
2026-08-26T00:30:59.136165+00:00,3940,-6.242815700000143,106.84290446666662,complex_corridor,FRC2,21,21,19,19,1.0,False,-6.242610768682978,106.84288187111798,22.923789898286447,True,
2026-08-26T00:30:59.417522+00:00,3995,-6.2428431,106.8426503,complex_corridor,FRC2,32,32,8,8,1.0,False,-6.24270333943449,106.84230519617961,41.19038604817657,True,
2026-08-26T00:30:59.680873+00:00,4135,-6.242451300001405,106.84346441666648,complex_corridor,FRC3,15,26,27,16,1.0,False,-6.24264159782794,106.84303341592732,52.128779444682614,True,
2026-08-26T00:30:59.947717+00:00,4174,-6.242622250001264,106.84418269999986,complex_corridor,FRC3,16,21,18,14,0.93,False,-6.242365385288672,106.84405667866673,31.777844988721665,True,
2026-08-26T00:31:00.213640+00:00,4307,-6.237238257899974,106.8272395210502,complex_corridor,FRC2,21,21,6,6,1.0,False,-6.237236971031365,106.82743234718856,21.314848279038795,True,
2026-08-26T00:31:00.480788+00:00,4312,-6.237042057899963,106.8269344210502,complex_corridor,FRC2,23,23,6,6,1.0,False,-6.237208807900389,106.82690797532604,18.770772040768108,True,
2026-08-26T00:31:00.761307+00:00,4383,-6.255330045001537,106.84307333999776,complex_corridor,FRC4,25,25,7,7,1.0,False,-6.255170245392188,106.84296367849294,21.509477825194235,True,
2026-08-26T00:31:01.029938+00:00,4421,-6.237577607899957,106.82686737105018,complex_corridor,FRC3,19,19,25,25,1.0,False,-6.237416698431964,106.82692406858013,18.95817050701808,True,
2026-08-26T00:31:01.324205+00:00,5234,-6.255677025000373,106.8431710999986,complex_corridor,FRC4,23,23,6,6,1.0,False,-6.25559934329838,106.84329627241084,16.310649749926508,True,
2026-08-26T00:31:01.594228+00:00,5259,-6.255508725000373,106.84360214999862,complex_corridor,FRC4,24,28,359,307,1.0,False,-6.255457199448482,106.84295563186589,71.6908067558573,True,
2026-08-26T00:31:01.865225+00:00,5296,-6.242909649999996,106.84406470000002,complex_corridor,FRC2,35,35,40,40,1.0,False,-6.24287098327402,106.84404058541264,5.0587612651154314,True,
2026-08-26T00:45:44.100935+00:00,703,-6.235444892859697,106.75583232857385,complex_corridor,FRC2,28,28,6,6,1.0,False,-6.235637002833079,106.75573958241279,23.694334982762854,True,
2026-08-26T00:45:44.404157+00:00,821,-6.288795825000754,106.77763638750048,complex_corridor,FRC1,12,32,91,34,1.0,False,-6.288676397337788,106.77774978959411,18.260596237349766,True,
2026-08-26T00:45:44.706345+00:00,1336,-6.235382350000007,106.7560557,complex_corridor,FRC2,16,27,16,9,0.98,False,-6.235851643158244,106.75634307944131,61.09133400248038,True,
2026-08-26T00:45:45.011367+00:00,2187,-6.234661449999994,106.7555585,complex_corridor,FRC2,29,38,25,19,1.0,False,-6.235295044618109,106.75596622907466,83.63486690954973,True,
2026-08-26T00:45:45.320020+00:00,2188,-6.233655599999991,106.75488135,complex_corridor,FRC2,30,30,32,32,1.0,False,-6.233742064909034,106.75495503627582,12.600808704103487,True,
2026-08-26T00:45:45.623037+00:00,2298,-6.288583799999989,106.77784095,complex_corridor,FRC1,25,40,560,350,1.0,False,-6.288634823320289,106.77780477487897,6.94084144102375,True,
2026-08-26T00:45:45.925995+00:00,2322,-6.2884621,106.7781152,complex_corridor,FRC1,17,25,82,56,1.0,False,-6.288455113550981,106.77822722279888,12.405765015820144,True,
2026-08-26T00:45:46.227538+00:00,2459,-6.23996075,106.79819865,complex_corridor,FRC3,20,28,568,405,1.0,False,-6.239927209643448,106.79835988366938,18.208192291717626,True,
2026-08-26T00:45:46.529858+00:00,2660,-6.288887410002579,106.77817204999796,complex_corridor,FRC1,10,15,44,29,1.0,False,-6.289080056713849,106.77821112954479,21.852459789678804,True,
2026-08-26T00:45:46.832957+00:00,2731,-6.240104349999994,106.79819525,complex_corridor,FRC1,21,21,285,285,1.0,False,-6.254711568502923,106.79717434728451,1628.1638385691926,False,
2026-08-26T00:45:47.136119+00:00,2979,-6.239918790000258,106.79844824999957,complex_corridor,FRC2,10,13,4,3,1.0,False,-6.239928542802509,106.79846583092547,2.2254395550977346,True,
2026-08-26T00:45:47.441036+00:00,3134,-6.2892448600025785,106.77855074999796,complex_corridor,FRC1,10,22,26,11,1.0,False,-6.289262432333267,106.778499467014,5.995427904385316,True,
2026-08-26T00:45:47.741289+00:00,3164,-6.239840140000258,106.79869149999956,complex_corridor,FRC2,24,24,145,145,1.0,False,-6.23981997364873,106.79856239045006,14.446370748590217,True,
2026-08-26T00:45:48.046924+00:00,3940,-6.242815700000143,106.84290446666662,complex_corridor,FRC2,21,21,19,19,1.0,False,-6.242610768682978,106.84288187111798,22.923789898286447,True,
2026-08-26T00:45:48.350481+00:00,3995,-6.2428431,106.8426503,complex_corridor,FRC2,32,32,8,8,1.0,False,-6.24270333943449,106.84230519617961,41.19038604817657,True,
2026-08-26T00:45:48.651962+00:00,4135,-6.242451300001405,106.84346441666648,complex_corridor,FRC3,27,27,15,15,1.0,False,-6.24264159782794,106.84303341592732,52.128779444682614,True,
2026-08-26T00:45:48.953105+00:00,4174,-6.242622250001264,106.84418269999986,complex_corridor,FRC3,21,21,14,14,1.0,False,-6.242365385288672,106.84405667866673,31.777844988721665,True,
2026-08-26T00:45:49.260181+00:00,4307,-6.237238257899974,106.8272395210502,complex_corridor,FRC2,16,21,8,6,0.97,False,-6.237236971031365,106.82743234718856,21.314848279038795,True,
2026-08-26T00:45:49.564743+00:00,4312,-6.237042057899963,106.8269344210502,complex_corridor,FRC2,17,22,8,6,1.0,False,-6.237208807900389,106.82690797532604,18.770772040768108,True,
2026-08-26T00:45:49.868871+00:00,4383,-6.255330045001537,106.84307333999776,complex_corridor,FRC4,25,25,7,7,1.0,False,-6.255170245392188,106.84296367849294,21.509477825194235,True,
2026-08-26T00:45:50.174757+00:00,4421,-6.237577607899957,106.82686737105018,complex_corridor,FRC3,19,19,25,25,1.0,False,-6.237416698431964,106.82692406858013,18.95817050701808,True,
2026-08-26T00:45:50.484053+00:00,5234,-6.255677025000373,106.8431710999986,complex_corridor,FRC4,23,23,6,6,1.0,False,-6.25559934329838,106.84329627241084,16.310649749926508,True,
2026-08-26T00:45:50.788354+00:00,5259,-6.255508725000373,106.84360214999862,complex_corridor,FRC4,18,29,478,297,1.0,False,-6.255457199448482,106.84295563186589,71.6908067558573,True,
2026-08-26T00:45:51.093426+00:00,5296,-6.242909649999996,106.84406470000002,complex_corridor,FRC2,35,35,40,40,1.0,False,-6.24287098327402,106.84404058541264,5.0587612651154314,True,
2026-08-26T01:00:58.080512+00:00,703,-6.235444892859697,106.75583232857385,complex_corridor,FRC2,28,28,6,6,1.0,False,-6.235637002833079,106.75573958241279,23.694334982762854,True,
2026-08-26T01:00:58.356861+00:00,821,-6.288795825000754,106.77763638750048,complex_corridor,FRC1,12,30,91,36,1.0,False,-6.288676397337788,106.77774978959411,18.260596237349766,True,
2026-08-26T01:00:58.635496+00:00,1336,-6.235382350000007,106.7560557,complex_corridor,FRC2,18,27,14,9,0.97,False,-6.235851643158244,106.75634307944131,61.09133400248038,True,
2026-08-26T01:00:58.919478+00:00,2187,-6.234661449999994,106.7555585,complex_corridor,FRC2,39,39,18,18,1.0,False,-6.235295044618109,106.75596622907466,83.63486690954973,True,
2026-08-26T01:00:59.187984+00:00,2188,-6.233655599999991,106.75488135,complex_corridor,FRC2,30,30,32,32,1.0,False,-6.233742064909034,106.75495503627582,12.600808704103487,True,
2026-08-26T01:00:59.460619+00:00,2298,-6.288583799999989,106.77784095,complex_corridor,FRC1,21,42,666,333,1.0,False,-6.288634823320289,106.77780477487897,6.94084144102375,True,
2026-08-26T01:00:59.735354+00:00,2322,-6.2884621,106.7781152,complex_corridor,FRC1,19,26,73,53,1.0,False,-6.288455113550981,106.77822722279888,12.405765015820144,True,
2026-08-26T01:01:00.011708+00:00,2459,-6.23996075,106.79819865,complex_corridor,FRC3,18,28,631,405,1.0,False,-6.239927209643448,106.79835988366938,18.208192291717626,True,
2026-08-26T01:01:00.282296+00:00,2660,-6.288887410002579,106.77817204999796,complex_corridor,FRC1,13,16,34,27,1.0,False,-6.289080056713849,106.77821112954479,21.852459789678804,True,
2026-08-26T01:01:00.551973+00:00,2731,-6.240104349999994,106.79819525,complex_corridor,FRC1,16,19,375,315,1.0,False,-6.254711568502923,106.79717434728451,1628.1638385691926,False,
2026-08-26T01:01:00.816905+00:00,2979,-6.239918790000258,106.79844824999957,complex_corridor,FRC2,15,15,2,2,1.0,False,-6.239928542802509,106.79846583092547,2.2254395550977346,True,
2026-08-26T01:01:01.082583+00:00,3134,-6.2892448600025785,106.77855074999796,complex_corridor,FRC1,16,22,16,11,1.0,False,-6.289262432333267,106.778499467014,5.995427904385316,True,
2026-08-26T01:01:01.349894+00:00,3164,-6.239840140000258,106.79869149999956,complex_corridor,FRC2,24,24,145,145,1.0,False,-6.23981997364873,106.79856239045006,14.446370748590217,True,
2026-08-26T01:01:01.620405+00:00,3940,-6.242815700000143,106.84290446666662,complex_corridor,FRC2,21,21,19,19,1.0,False,-6.242610768682978,106.84288187111798,22.923789898286447,True,
2026-08-26T01:01:01.889857+00:00,3995,-6.2428431,106.8426503,complex_corridor,FRC2,32,32,8,8,1.0,False,-6.24270333943449,106.84230519617961,41.19038604817657,True,
2026-08-26T01:01:02.167788+00:00,4135,-6.242451300001405,106.84346441666648,complex_corridor,FRC3,5,25,83,16,1.0,False,-6.24264159782794,106.84303341592732,52.128779444682614,True,
2026-08-26T01:01:02.433575+00:00,4174,-6.242622250001264,106.84418269999986,complex_corridor,FRC3,21,21,14,14,1.0,False,-6.242365385288672,106.84405667866673,31.777844988721665,True,
2026-08-26T01:01:02.704400+00:00,4307,-6.237238257899974,106.8272395210502,complex_corridor,FRC2,21,21,6,6,1.0,False,-6.237236971031365,106.82743234718856,21.314848279038795,True,
2026-08-26T01:01:02.972353+00:00,4312,-6.237042057899963,106.8269344210502,complex_corridor,FRC2,17,23,8,6,1.0,False,-6.237208807900389,106.82690797532604,18.770772040768108,True,
2026-08-26T01:01:03.243980+00:00,4383,-6.255330045001537,106.84307333999776,complex_corridor,FRC4,20,25,9,7,1.0,False,-6.255170245392188,106.84296367849294,21.509477825194235,True,
2026-08-26T01:01:03.514928+00:00,4421,-6.237577607899957,106.82686737105018,complex_corridor,FRC3,19,19,25,25,1.0,False,-6.237416698431964,106.82692406858013,18.95817050701808,True,
2026-08-26T01:01:03.792853+00:00,5234,-6.255677025000373,106.8431710999986,complex_corridor,FRC4,23,23,6,6,1.0,False,-6.25559934329838,106.84329627241084,16.310649749926508,True,
2026-08-26T01:01:04.065937+00:00,5259,-6.255508725000373,106.84360214999862,complex_corridor,FRC4,29,29,297,297,1.0,False,-6.255457199448482,106.84295563186589,71.6908067558573,True,
2026-08-26T01:01:04.340517+00:00,5296,-6.242909649999996,106.84406470000002,complex_corridor,FRC2,35,35,40,40,1.0,False,-6.24287098327402,106.84404058541264,5.0587612651154314,True,
2026-08-26T01:15:53.066566+00:00,703,-6.235444892859697,106.75583232857385,complex_corridor,FRC2,28,28,6,6,1.0,False,-6.235637002833079,106.75573958241279,23.694334982762854,True,
2026-08-26T01:15:53.339399+00:00,821,-6.288795825000754,106.77763638750048,complex_corridor,FRC1,7,31,156,35,1.0,False,-6.288676397337788,106.77774978959411,18.260596237349766,True,
2026-08-26T01:15:53.636439+00:00,1336,-6.235382350000007,106.7560557,complex_corridor,FRC2,12,26,22,10,0.97,False,-6.235851643158244,106.75634307944131,61.09133400248038,True,
2026-08-26T01:15:53.905703+00:00,2187,-6.234661449999994,106.7555585,complex_corridor,FRC2,39,39,18,18,1.0,False,-6.235295044618109,106.75596622907466,83.63486690954973,True,
2026-08-26T01:15:54.177603+00:00,2188,-6.233655599999991,106.75488135,complex_corridor,FRC2,30,30,32,32,1.0,False,-6.233742064909034,106.75495503627582,12.600808704103487,True,
2026-08-26T01:15:54.458566+00:00,2298,-6.288583799999989,106.77784095,complex_corridor,FRC1,25,41,560,341,1.0,False,-6.288634823320289,106.77780477487897,6.94084144102375,True,
2026-08-26T01:15:54.744245+00:00,2322,-6.2884621,106.7781152,complex_corridor,FRC1,21,26,66,53,1.0,False,-6.288455113550981,106.77822722279888,12.405765015820144,True,
2026-08-26T01:15:55.021575+00:00,2459,-6.23996075,106.79819865,complex_corridor,FRC3,19,27,597,420,1.0,False,-6.239927209643448,106.79835988366938,18.208192291717626,True,
2026-08-26T01:15:55.291245+00:00,2660,-6.288887410002579,106.77817204999796,complex_corridor,FRC1,8,16,55,27,1.0,False,-6.289080056713849,106.77821112954479,21.852459789678804,True,
2026-08-26T01:15:55.598922+00:00,2731,-6.240104349999994,106.79819525,complex_corridor,FRC1,21,21,285,285,1.0,False,-6.254711568502923,106.79717434728451,1628.1638385691926,False,
2026-08-26T01:15:55.898478+00:00,2979,-6.239918790000258,106.79844824999957,complex_corridor,FRC2,12,15,3,2,1.0,False,-6.239928542802509,106.79846583092547,2.2254395550977346,True,
2026-08-26T01:15:56.171909+00:00,3134,-6.2892448600025785,106.77855074999796,complex_corridor,FRC1,17,22,15,11,1.0,False,-6.289262432333267,106.778499467014,5.995427904385316,True,
2026-08-26T01:15:56.441759+00:00,3164,-6.239840140000258,106.79869149999956,complex_corridor,FRC2,24,24,145,145,1.0,False,-6.23981997364873,106.79856239045006,14.446370748590217,True,
2026-08-26T01:15:56.717453+00:00,3940,-6.242815700000143,106.84290446666662,complex_corridor,FRC2,21,21,19,19,1.0,False,-6.242610768682978,106.84288187111798,22.923789898286447,True,
2026-08-26T01:15:57.008617+00:00,3995,-6.2428431,106.8426503,complex_corridor,FRC2,32,32,8,8,1.0,False,-6.24270333943449,106.84230519617961,41.19038604817657,True,
2026-08-26T01:15:57.281761+00:00,4135,-6.242451300001405,106.84346441666648,complex_corridor,FRC3,2,25,209,16,1.0,False,-6.24264159782794,106.84303341592732,52.128779444682614,True,
2026-08-26T01:15:57.557824+00:00,4174,-6.242622250001264,106.84418269999986,complex_corridor,FRC3,21,21,14,14,1.0,False,-6.242365385288672,106.84405667866673,31.777844988721665,True,
2026-08-26T01:15:57.973692+00:00,4307,-6.237238257899974,106.8272395210502,complex_corridor,FRC2,21,21,6,6,1.0,False,-6.237236971031365,106.82743234718856,21.314848279038795,True,
2026-08-26T01:15:58.248312+00:00,4312,-6.237042057899963,106.8269344210502,complex_corridor,FRC2,15,23,9,6,1.0,False,-6.237208807900389,106.82690797532604,18.770772040768108,True,
2026-08-26T01:15:58.526698+00:00,4383,-6.255330045001537,106.84307333999776,complex_corridor,FRC4,25,25,7,7,1.0,False,-6.255170245392188,106.84296367849294,21.509477825194235,True,
2026-08-26T01:15:58.797383+00:00,4421,-6.237577607899957,106.82686737105018,complex_corridor,FRC3,19,19,25,25,1.0,False,-6.237416698431964,106.82692406858013,18.95817050701808,True,
2026-08-26T01:15:59.070132+00:00,5234,-6.255677025000373,106.8431710999986,complex_corridor,FRC4,23,23,6,6,1.0,False,-6.25559934329838,106.84329627241084,16.310649749926508,True,
2026-08-26T01:15:59.340845+00:00,5259,-6.255508725000373,106.84360214999862,complex_corridor,FRC4,19,29,453,297,1.0,False,-6.255457199448482,106.84295563186589,71.6908067558573,True,
2026-08-26T01:15:59.612952+00:00,5296,-6.242909649999996,106.84406470000002,complex_corridor,FRC2,35,35,40,40,1.0,False,-6.24287098327402,106.84404058541264,5.0587612651154314,True,
2026-08-26T01:30:53.175537+00:00,703,-6.235444892859697,106.75583232857385,complex_corridor,FRC2,28,28,6,6,1.0,False,-6.235637002833079,106.75573958241279,23.694334982762854,True,
2026-08-26T01:30:53.466564+00:00,821,-6.288795825000754,106.77763638750048,complex_corridor,FRC1,10,31,109,35,1.0,False,-6.288676397337788,106.77774978959411,18.260596237349766,True,
2026-08-26T01:30:53.763542+00:00,1336,-6.235382350000007,106.7560557,complex_corridor,FRC2,14,27,19,9,0.95,False,-6.235851643158244,106.75634307944131,61.09133400248038,True,
2026-08-26T01:30:54.055816+00:00,2187,-6.234661449999994,106.7555585,complex_corridor,FRC2,39,39,18,18,1.0,False,-6.235295044618109,106.75596622907466,83.63486690954973,True,
2026-08-26T01:30:54.348430+00:00,2188,-6.233655599999991,106.75488135,complex_corridor,FRC2,30,30,32,32,1.0,False,-6.233742064909034,106.75495503627582,12.600808704103487,True,
2026-08-26T01:30:54.666550+00:00,2298,-6.288583799999989,106.77784095,complex_corridor,FRC1,25,40,560,350,1.0,False,-6.288634823320289,106.77780477487897,6.94084144102375,True,
2026-08-26T01:30:54.954673+00:00,2322,-6.2884621,106.7781152,complex_corridor,FRC1,14,25,100,56,0.99,False,-6.288455113550981,106.77822722279888,12.405765015820144,True,
2026-08-26T01:30:55.246666+00:00,2459,-6.23996075,106.79819865,complex_corridor,FRC3,20,27,568,420,1.0,False,-6.239927209643448,106.79835988366938,18.208192291717626,True,
2026-08-26T01:30:55.535902+00:00,2660,-6.288887410002579,106.77817204999796,complex_corridor,FRC1,17,19,26,23,1.0,False,-6.289080056713849,106.77821112954479,21.852459789678804,True,
2026-08-26T01:30:55.827986+00:00,2731,-6.240104349999994,106.79819525,complex_corridor,FRC1,21,21,285,285,1.0,False,-6.254711568502923,106.79717434728451,1628.1638385691926,False,
2026-08-26T01:30:56.122602+00:00,2979,-6.239918790000258,106.79844824999957,complex_corridor,FRC2,15,15,2,2,1.0,False,-6.239928542802509,106.79846583092547,2.2254395550977346,True,
2026-08-26T01:30:56.412870+00:00,3134,-6.2892448600025785,106.77855074999796,complex_corridor,FRC1,14,22,18,11,1.0,False,-6.289262432333267,106.778499467014,5.995427904385316,True,
2026-08-26T01:30:56.698646+00:00,3164,-6.239840140000258,106.79869149999956,complex_corridor,FRC2,24,24,145,145,1.0,False,-6.23981997364873,106.79856239045006,14.446370748590217,True,
2026-08-26T01:30:56.990390+00:00,3940,-6.242815700000143,106.84290446666662,complex_corridor,FRC2,21,21,19,19,1.0,False,-6.242610768682978,106.84288187111798,22.923789898286447,True,
2026-08-26T01:30:57.282312+00:00,3995,-6.2428431,106.8426503,complex_corridor,FRC2,32,32,8,8,1.0,False,-6.24270333943449,106.84230519617961,41.19038604817657,True,
2026-08-26T01:30:57.575591+00:00,4135,-6.242451300001405,106.84346441666648,complex_corridor,FRC3,3,27,139,15,1.0,False,-6.24264159782794,106.84303341592732,52.128779444682614,True,
2026-08-26T01:30:57.861272+00:00,4174,-6.242622250001264,106.84418269999986,complex_corridor,FRC3,21,21,14,14,1.0,False,-6.242365385288672,106.84405667866673,31.777844988721665,True,
2026-08-26T01:30:58.148166+00:00,4307,-6.237238257899974,106.8272395210502,complex_corridor,FRC2,21,21,6,6,1.0,False,-6.237236971031365,106.82743234718856,21.314848279038795,True,
2026-08-26T01:30:58.435349+00:00,4312,-6.237042057899963,106.8269344210502,complex_corridor,FRC2,23,23,6,6,1.0,False,-6.237208807900389,106.82690797532604,18.770772040768108,True,
2026-08-26T01:30:58.727246+00:00,4383,-6.255330045001537,106.84307333999776,complex_corridor,FRC4,17,25,10,7,1.0,False,-6.255170245392188,106.84296367849294,21.509477825194235,True,
2026-08-26T01:30:59.022312+00:00,4421,-6.237577607899957,106.82686737105018,complex_corridor,FRC3,19,19,25,25,1.0,False,-6.237416698431964,106.82692406858013,18.95817050701808,True,
2026-08-26T01:30:59.309683+00:00,5234,-6.255677025000373,106.8431710999986,complex_corridor,FRC4,23,23,6,6,1.0,False,-6.25559934329838,106.84329627241084,16.310649749926508,True,
2026-08-26T01:30:59.595185+00:00,5259,-6.255508725000373,106.84360214999862,complex_corridor,FRC4,20,28,430,307,1.0,False,-6.255457199448482,106.84295563186589,71.6908067558573,True,
2026-08-26T01:30:59.881870+00:00,5296,-6.242909649999996,106.84406470000002,complex_corridor,FRC2,35,35,40,40,1.0,False,-6.24287098327402,106.84404058541264,5.0587612651154314,True,
2026-08-26T01:45:53.283328+00:00,703,-6.235444892859697,106.75583232857385,complex_corridor,FRC2,28,28,6,6,1.0,False,-6.235637002833079,106.75573958241279,23.694334982762854,True,
2026-08-26T01:45:53.550834+00:00,821,-6.288795825000754,106.77763638750048,complex_corridor,FRC1,6,30,182,36,1.0,False,-6.288676397337788,106.77774978959411,18.260596237349766,True,
2026-08-26T01:45:53.827150+00:00,1336,-6.235382350000007,106.7560557,complex_corridor,FRC2,16,26,16,10,0.88,False,-6.235851643158244,106.75634307944131,61.09133400248038,True,
2026-08-26T01:45:54.092603+00:00,2187,-6.234661449999994,106.7555585,complex_corridor,FRC2,39,39,18,18,1.0,False,-6.235295044618109,106.75596622907466,83.63486690954973,True,
2026-08-26T01:45:54.360881+00:00,2188,-6.233655599999991,106.75488135,complex_corridor,FRC2,30,30,32,32,1.0,False,-6.233742064909034,106.75495503627582,12.600808704103487,True,
2026-08-26T01:45:54.627121+00:00,2298,-6.288583799999989,106.77784095,complex_corridor,FRC1,27,40,518,350,1.0,False,-6.288634823320289,106.77780477487897,6.94084144102375,True,
2026-08-26T01:45:54.895600+00:00,2322,-6.2884621,106.7781152,complex_corridor,FRC1,12,27,116,51,0.99,False,-6.288455113550981,106.77822722279888,12.405765015820144,True,
2026-08-26T01:45:55.182856+00:00,2459,-6.23996075,106.79819865,complex_corridor,FRC3,20,28,568,405,1.0,False,-6.239927209643448,106.79835988366938,18.208192291717626,True,
2026-08-26T01:45:55.445770+00:00,2660,-6.288887410002579,106.77817204999796,complex_corridor,FRC1,13,20,34,22,1.0,False,-6.289080056713849,106.77821112954479,21.852459789678804,True,
2026-08-26T01:45:55.728616+00:00,2731,-6.240104349999994,106.79819525,complex_corridor,FRC1,16,20,375,300,1.0,False,-6.254711568502923,106.79717434728451,1628.1638385691926,False,
2026-08-26T01:45:56.008875+00:00,2979,-6.239918790000258,106.79844824999957,complex_corridor,FRC2,15,15,2,2,1.0,False,-6.239928542802509,106.79846583092547,2.2254395550977346,True,
2026-08-26T01:45:56.279035+00:00,3134,-6.2892448600025785,106.77855074999796,complex_corridor,FRC1,16,21,16,12,1.0,False,-6.289262432333267,106.778499467014,5.995427904385316,True,
2026-08-26T01:45:56.545490+00:00,3164,-6.239840140000258,106.79869149999956,complex_corridor,FRC2,18,23,193,151,1.0,False,-6.23981997364873,106.79856239045006,14.446370748590217,True,
2026-08-26T01:45:56.815416+00:00,3940,-6.242815700000143,106.84290446666662,complex_corridor,FRC2,21,21,19,19,1.0,False,-6.242610768682978,106.84288187111798,22.923789898286447,True,
2026-08-26T01:45:57.081081+00:00,3995,-6.2428431,106.8426503,complex_corridor,FRC2,32,32,8,8,1.0,False,-6.24270333943449,106.84230519617961,41.19038604817657,True,
2026-08-26T01:45:57.364893+00:00,4135,-6.242451300001405,106.84346441666648,complex_corridor,FRC3,3,30,139,13,1.0,False,-6.24264159782794,106.84303341592732,52.128779444682614,True,
2026-08-26T01:45:57.631497+00:00,4174,-6.242622250001264,106.84418269999986,complex_corridor,FRC3,21,21,14,14,1.0,False,-6.242365385288672,106.84405667866673,31.777844988721665,True,
2026-08-26T01:45:57.898870+00:00,4307,-6.237238257899974,106.8272395210502,complex_corridor,FRC2,21,21,6,6,1.0,False,-6.237236971031365,106.82743234718856,21.314848279038795,True,
2026-08-26T01:45:58.172531+00:00,4312,-6.237042057899963,106.8269344210502,complex_corridor,FRC2,23,23,6,6,1.0,False,-6.237208807900389,106.82690797532604,18.770772040768108,True,
2026-08-26T01:45:58.444628+00:00,4383,-6.255330045001537,106.84307333999776,complex_corridor,FRC4,25,25,7,7,1.0,False,-6.255170245392188,106.84296367849294,21.509477825194235,True,
2026-08-26T01:45:58.714767+00:00,4421,-6.237577607899957,106.82686737105018,complex_corridor,FRC3,19,19,25,25,1.0,False,-6.237416698431964,106.82692406858013,18.95817050701808,True,
2026-08-26T01:45:58.984344+00:00,5234,-6.255677025000373,106.8431710999986,complex_corridor,FRC4,23,23,6,6,1.0,False,-6.25559934329838,106.84329627241084,16.310649749926508,True,
2026-08-26T01:45:59.253168+00:00,5259,-6.255508725000373,106.84360214999862,complex_corridor,FRC4,29,29,297,297,1.0,False,-6.255457199448482,106.84295563186589,71.6908067558573,True,
2026-08-26T01:45:59.530422+00:00,5296,-6.242909649999996,106.84406470000002,complex_corridor,FRC2,35,35,40,40,1.0,False,-6.24287098327402,106.84404058541264,5.0587612651154314,True,
2026-08-26T02:01:00.190826+00:00,703,-6.235444892859697,106.75583232857385,complex_corridor,FRC2,22,28,7,6,0.99,False,-6.235637002833079,106.75573958241279,23.694334982762854,True,
2026-08-26T02:01:00.494587+00:00,821,-6.288795825000754,106.77763638750048,complex_corridor,FRC1,10,28,109,39,1.0,False,-6.288676397337788,106.77774978959411,18.260596237349766,True,
2026-08-26T02:01:00.807350+00:00,1336,-6.235382350000007,106.7560557,complex_corridor,FRC2,17,27,15,9,0.88,False,-6.235851643158244,106.75634307944131,61.09133400248038,True,
2026-08-26T02:01:01.111274+00:00,2187,-6.234661449999994,106.7555585,complex_corridor,FRC2,39,39,18,18,1.0,False,-6.235295044618109,106.75596622907466,83.63486690954973,True,
2026-08-26T02:01:01.416608+00:00,2188,-6.233655599999991,106.75488135,complex_corridor,FRC2,30,30,32,32,1.0,False,-6.233742064909034,106.75495503627582,12.600808704103487,True,
2026-08-26T02:01:01.717969+00:00,2298,-6.288583799999989,106.77784095,complex_corridor,FRC1,28,41,500,341,1.0,False,-6.288634823320289,106.77780477487897,6.94084144102375,True,
2026-08-26T02:01:02.023004+00:00,2322,-6.2884621,106.7781152,complex_corridor,FRC1,11,26,127,53,0.99,False,-6.288455113550981,106.77822722279888,12.405765015820144,True,
2026-08-26T02:01:02.341541+00:00,2459,-6.23996075,106.79819865,complex_corridor,FRC3,20,27,568,420,1.0,False,-6.239927209643448,106.79835988366938,18.208192291717626,True,
2026-08-26T02:01:02.643887+00:00,2660,-6.288887410002579,106.77817204999796,complex_corridor,FRC1,5,14,89,31,1.0,False,-6.289080056713849,106.77821112954479,21.852459789678804,True,
2026-08-26T02:01:02.944838+00:00,2731,-6.240104349999994,106.79819525,complex_corridor,FRC1,21,21,285,285,1.0,False,-6.254711568502923,106.79717434728451,1628.1638385691926,False,
2026-08-26T02:01:03.247487+00:00,2979,-6.239918790000258,106.79844824999957,complex_corridor,FRC2,6,13,7,3,1.0,False,-6.239928542802509,106.79846583092547,2.2254395550977346,True,
2026-08-26T02:01:03.550146+00:00,3134,-6.2892448600025785,106.77855074999796,complex_corridor,FRC1,22,22,11,11,1.0,False,-6.289262432333267,106.778499467014,5.995427904385316,True,
2026-08-26T02:01:03.855699+00:00,3164,-6.239840140000258,106.79869149999956,complex_corridor,FRC2,19,24,183,145,1.0,False,-6.23981997364873,106.79856239045006,14.446370748590217,True,
2026-08-26T02:01:04.158856+00:00,3940,-6.242815700000143,106.84290446666662,complex_corridor,FRC2,21,21,19,19,1.0,False,-6.242610768682978,106.84288187111798,22.923789898286447,True,
2026-08-26T02:01:04.459545+00:00,3995,-6.2428431,106.8426503,complex_corridor,FRC2,32,32,8,8,1.0,False,-6.24270333943449,106.84230519617961,41.19038604817657,True,
2026-08-26T02:01:04.762567+00:00,4135,-6.242451300001405,106.84346441666648,complex_corridor,FRC3,4,26,104,16,1.0,False,-6.24264159782794,106.84303341592732,52.128779444682614,True,
2026-08-26T02:01:05.067431+00:00,4174,-6.242622250001264,106.84418269999986,complex_corridor,FRC3,21,21,14,14,1.0,False,-6.242365385288672,106.84405667866673,31.777844988721665,True,
2026-08-26T02:01:05.369524+00:00,4307,-6.237238257899974,106.8272395210502,complex_corridor,FRC2,21,21,6,6,1.0,False,-6.237236971031365,106.82743234718856,21.314848279038795,True,
2026-08-26T02:01:05.676518+00:00,4312,-6.237042057899963,106.8269344210502,complex_corridor,FRC2,23,23,6,6,1.0,False,-6.237208807900389,106.82690797532604,18.770772040768108,True,
2026-08-26T02:01:05.977388+00:00,4383,-6.255330045001537,106.84307333999776,complex_corridor,FRC4,25,25,7,7,1.0,False,-6.255170245392188,106.84296367849294,21.509477825194235,True,
2026-08-26T02:01:06.283712+00:00,4421,-6.237577607899957,106.82686737105018,complex_corridor,FRC3,10,18,49,27,0.98,False,-6.237416698431964,106.82692406858013,18.95817050701808,True,
2026-08-26T02:01:06.585957+00:00,5234,-6.255677025000373,106.8431710999986,complex_corridor,FRC4,12,22,11,6,0.98,False,-6.25559934329838,106.84329627241084,16.310649749926508,True,
2026-08-26T02:01:06.896143+00:00,5259,-6.255508725000373,106.84360214999862,complex_corridor,FRC4,22,27,391,319,1.0,False,-6.255457199448482,106.84295563186589,71.6908067558573,True,
2026-08-26T02:01:07.197768+00:00,5296,-6.242909649999996,106.84406470000002,complex_corridor,FRC2,35,35,40,40,1.0,False,-6.24287098327402,106.84404058541264,5.0587612651154314,True,
2026-08-26T02:15:52.001870+00:00,703,-6.235444892859697,106.75583232857385,complex_corridor,FRC2,20,28,8,6,0.97,False,-6.235637002833079,106.75573958241279,23.694334982762854,True,
2026-08-26T02:15:52.269370+00:00,821,-6.288795825000754,106.77763638750048,complex_corridor,FRC1,10,31,109,35,1.0,False,-6.288676397337788,106.77774978959411,18.260596237349766,True,
2026-08-26T02:15:52.537172+00:00,1336,-6.235382350000007,106.7560557,complex_corridor,FRC2,11,26,24,10,0.82,False,-6.235851643158244,106.75634307944131,61.09133400248038,True,
2026-08-26T02:15:52.802055+00:00,2187,-6.234661449999994,106.7555585,complex_corridor,FRC2,39,39,18,18,1.0,False,-6.235295044618109,106.75596622907466,83.63486690954973,True,
2026-08-26T02:15:53.075512+00:00,2188,-6.233655599999991,106.75488135,complex_corridor,FRC2,30,30,32,32,1.0,False,-6.233742064909034,106.75495503627582,12.600808704103487,True,
2026-08-26T02:15:53.344649+00:00,2298,-6.288583799999989,106.77784095,complex_corridor,FRC1,29,40,482,350,1.0,False,-6.288634823320289,106.77780477487897,6.94084144102375,True,
2026-08-26T02:15:53.611109+00:00,2322,-6.2884621,106.7781152,complex_corridor,FRC1,16,26,87,53,0.98,False,-6.288455113550981,106.77822722279888,12.405765015820144,True,
2026-08-26T02:15:53.878906+00:00,2459,-6.23996075,106.79819865,complex_corridor,FRC3,21,27,541,420,1.0,False,-6.239927209643448,106.79835988366938,18.208192291717626,True,
2026-08-26T02:15:54.152960+00:00,2660,-6.288887410002579,106.77817204999796,complex_corridor,FRC1,15,17,29,26,1.0,False,-6.289080056713849,106.77821112954479,21.852459789678804,True,
2026-08-26T02:15:54.421092+00:00,2731,-6.240104349999994,106.79819525,complex_corridor,FRC1,21,21,285,285,1.0,False,-6.254711568502923,106.79717434728451,1628.1638385691926,False,
2026-08-26T02:15:54.687667+00:00,2979,-6.239918790000258,106.79844824999957,complex_corridor,FRC2,11,13,3,3,1.0,False,-6.239928542802509,106.79846583092547,2.2254395550977346,True,
2026-08-26T02:15:54.957410+00:00,3134,-6.2892448600025785,106.77855074999796,complex_corridor,FRC1,22,22,11,11,1.0,False,-6.289262432333267,106.778499467014,5.995427904385316,True,
2026-08-26T02:15:55.224448+00:00,3164,-6.239840140000258,106.79869149999956,complex_corridor,FRC2,24,24,145,145,1.0,False,-6.23981997364873,106.79856239045006,14.446370748590217,True,
2026-08-26T02:15:55.492569+00:00,3940,-6.242815700000143,106.84290446666662,complex_corridor,FRC2,16,21,25,19,0.99,False,-6.242610768682978,106.84288187111798,22.923789898286447,True,
2026-08-26T02:15:55.761714+00:00,3995,-6.2428431,106.8426503,complex_corridor,FRC2,32,32,8,8,1.0,False,-6.24270333943449,106.84230519617961,41.19038604817657,True,
2026-08-26T02:15:56.047014+00:00,4135,-6.242451300001405,106.84346441666648,complex_corridor,FRC3,4,22,104,19,1.0,False,-6.24264159782794,106.84303341592732,52.128779444682614,True,
2026-08-26T02:15:56.311756+00:00,4174,-6.242622250001264,106.84418269999986,complex_corridor,FRC3,21,21,14,14,1.0,False,-6.242365385288672,106.84405667866673,31.777844988721665,True,
2026-08-26T02:15:56.577946+00:00,4307,-6.237238257899974,106.8272395210502,complex_corridor,FRC2,21,21,6,6,1.0,False,-6.237236971031365,106.82743234718856,21.314848279038795,True,
2026-08-26T02:15:56.842529+00:00,4312,-6.237042057899963,106.8269344210502,complex_corridor,FRC2,23,23,6,6,1.0,False,-6.237208807900389,106.82690797532604,18.770772040768108,True,
2026-08-26T02:15:57.115982+00:00,4383,-6.255330045001537,106.84307333999776,complex_corridor,FRC4,25,25,7,7,1.0,False,-6.255170245392188,106.84296367849294,21.509477825194235,True,
2026-08-26T02:15:57.384939+00:00,4421,-6.237577607899957,106.82686737105018,complex_corridor,FRC3,19,19,25,25,1.0,False,-6.237416698431964,106.82692406858013,18.95817050701808,True,
2026-08-26T02:15:57.649770+00:00,5234,-6.255677025000373,106.8431710999986,complex_corridor,FRC4,23,23,6,6,1.0,False,-6.25559934329838,106.84329627241084,16.310649749926508,True,
2026-08-26T02:15:57.923504+00:00,5259,-6.255508725000373,106.84360214999862,complex_corridor,FRC4,22,29,391,297,1.0,False,-6.255457199448482,106.84295563186589,71.6908067558573,True,
2026-08-26T02:15:58.187671+00:00,5296,-6.242909649999996,106.84406470000002,complex_corridor,FRC2,35,35,40,40,1.0,False,-6.24287098327402,106.84404058541264,5.0587612651154314,True,
2026-08-26T02:30:53.539686+00:00,703,-6.235444892859697,106.75583232857385,complex_corridor,FRC2,28,28,6,6,1.0,False,-6.235637002833079,106.75573958241279,23.694334982762854,True,
2026-08-26T02:30:53.861731+00:00,821,-6.288795825000754,106.77763638750048,complex_corridor,FRC1,15,30,73,36,1.0,False,-6.288676397337788,106.77774978959411,18.260596237349766,True,
2026-08-26T02:30:54.158363+00:00,1336,-6.235382350000007,106.7560557,complex_corridor,FRC2,12,27,22,9,0.91,False,-6.235851643158244,106.75634307944131,61.09133400248038,True,
2026-08-26T02:30:54.449386+00:00,2187,-6.234661449999994,106.7555585,complex_corridor,FRC2,39,39,18,18,1.0,False,-6.235295044618109,106.75596622907466,83.63486690954973,True,
2026-08-26T02:30:54.741174+00:00,2188,-6.233655599999991,106.75488135,complex_corridor,FRC2,30,30,32,32,1.0,False,-6.233742064909034,106.75495503627582,12.600808704103487,True,
2026-08-26T02:30:55.034773+00:00,2298,-6.288583799999989,106.77784095,complex_corridor,FRC1,33,42,424,333,1.0,False,-6.288634823320289,106.77780477487897,6.94084144102375,True,
2026-08-26T02:30:55.327431+00:00,2322,-6.2884621,106.7781152,complex_corridor,FRC1,16,25,87,56,0.99,False,-6.288455113550981,106.77822722279888,12.405765015820144,True,
2026-08-26T02:30:55.617271+00:00,2459,-6.23996075,106.79819865,complex_corridor,FRC3,19,27,597,420,1.0,False,-6.239927209643448,106.79835988366938,18.208192291717626,True,
2026-08-26T02:30:55.906418+00:00,2660,-6.288887410002579,106.77817204999796,complex_corridor,FRC1,15,15,29,29,1.0,False,-6.289080056713849,106.77821112954479,21.852459789678804,True,
2026-08-26T02:30:56.198294+00:00,2731,-6.240104349999994,106.79819525,complex_corridor,FRC1,21,21,285,285,1.0,False,-6.254711568502923,106.79717434728451,1628.1638385691926,False,
2026-08-26T02:30:56.483207+00:00,2979,-6.239918790000258,106.79844824999957,complex_corridor,FRC2,6,13,7,3,1.0,False,-6.239928542802509,106.79846583092547,2.2254395550977346,True,
2026-08-26T02:30:56.773477+00:00,3134,-6.2892448600025785,106.77855074999796,complex_corridor,FRC1,22,22,11,11,1.0,False,-6.289262432333267,106.778499467014,5.995427904385316,True,
2026-08-26T02:30:57.065051+00:00,3164,-6.239840140000258,106.79869149999956,complex_corridor,FRC2,24,24,145,145,1.0,False,-6.23981997364873,106.79856239045006,14.446370748590217,True,
2026-08-26T02:30:57.352627+00:00,3940,-6.242815700000143,106.84290446666662,complex_corridor,FRC2,21,21,19,19,1.0,False,-6.242610768682978,106.84288187111798,22.923789898286447,True,
2026-08-26T02:30:57.670138+00:00,3995,-6.2428431,106.8426503,complex_corridor,FRC2,32,32,8,8,1.0,False,-6.24270333943449,106.84230519617961,41.19038604817657,True,
2026-08-26T02:30:57.965198+00:00,4135,-6.242451300001405,106.84346441666648,complex_corridor,FRC3,3,26,139,16,1.0,False,-6.24264159782794,106.84303341592732,52.128779444682614,True,
2026-08-26T02:30:58.254293+00:00,4174,-6.242622250001264,106.84418269999986,complex_corridor,FRC3,21,21,14,14,1.0,False,-6.242365385288672,106.84405667866673,31.777844988721665,True,
2026-08-26T02:30:58.542560+00:00,4307,-6.237238257899974,106.8272395210502,complex_corridor,FRC2,21,21,6,6,1.0,False,-6.237236971031365,106.82743234718856,21.314848279038795,True,
2026-08-26T02:30:58.832481+00:00,4312,-6.237042057899963,106.8269344210502,complex_corridor,FRC2,23,23,6,6,1.0,False,-6.237208807900389,106.82690797532604,18.770772040768108,True,
2026-08-26T02:30:59.124197+00:00,4383,-6.255330045001537,106.84307333999776,complex_corridor,FRC4,25,25,7,7,1.0,False,-6.255170245392188,106.84296367849294,21.509477825194235,True,
2026-08-26T02:30:59.411409+00:00,4421,-6.237577607899957,106.82686737105018,complex_corridor,FRC3,9,18,54,27,0.99,False,-6.237416698431964,106.82692406858013,18.95817050701808,True,
2026-08-26T02:30:59.701990+00:00,5234,-6.255677025000373,106.8431710999986,complex_corridor,FRC4,23,23,6,6,1.0,False,-6.25559934329838,106.84329627241084,16.310649749926508,True,
2026-08-26T02:30:59.997313+00:00,5259,-6.255508725000373,106.84360214999862,complex_corridor,FRC4,20,29,430,297,1.0,False,-6.255457199448482,106.84295563186589,71.6908067558573,True,
2026-08-26T02:31:00.282320+00:00,5296,-6.242909649999996,106.84406470000002,complex_corridor,FRC2,35,35,40,40,1.0,False,-6.24287098327402,106.84404058541264,5.0587612651154314,True,
2026-08-26T02:45:49.654043+00:00,703,-6.235444892859697,106.75583232857385,complex_corridor,FRC2,22,28,7,6,0.94,False,-6.235637002833079,106.75573958241279,23.694334982762854,True,
2026-08-26T02:45:49.941256+00:00,821,-6.288795825000754,106.77763638750048,complex_corridor,FRC1,13,30,84,36,1.0,False,-6.288676397337788,106.77774978959411,18.260596237349766,True,
2026-08-26T02:45:50.234113+00:00,1336,-6.235382350000007,106.7560557,complex_corridor,FRC2,16,27,16,9,0.92,False,-6.235851643158244,106.75634307944131,61.09133400248038,True,
2026-08-26T02:45:50.526670+00:00,2187,-6.234661449999994,106.7555585,complex_corridor,FRC2,39,39,18,18,1.0,False,-6.235295044618109,106.75596622907466,83.63486690954973,True,
2026-08-26T02:45:50.822549+00:00,2188,-6.233655599999991,106.75488135,complex_corridor,FRC2,30,30,32,32,1.0,False,-6.233742064909034,106.75495503627582,12.600808704103487,True,
2026-08-26T02:45:51.112579+00:00,2298,-6.288583799999989,106.77784095,complex_corridor,FRC1,29,41,482,341,1.0,False,-6.288634823320289,106.77780477487897,6.94084144102375,True,
2026-08-26T02:45:51.399967+00:00,2322,-6.2884621,106.7781152,complex_corridor,FRC1,13,25,107,56,0.98,False,-6.288455113550981,106.77822722279888,12.405765015820144,True,
2026-08-26T02:45:51.686616+00:00,2459,-6.23996075,106.79819865,complex_corridor,FRC3,20,28,568,405,1.0,False,-6.239927209643448,106.79835988366938,18.208192291717626,True,
2026-08-26T02:45:51.976329+00:00,2660,-6.288887410002579,106.77817204999796,complex_corridor,FRC1,8,15,55,29,1.0,False,-6.289080056713849,106.77821112954479,21.852459789678804,True,
2026-08-26T02:45:52.290839+00:00,2731,-6.240104349999994,106.79819525,complex_corridor,FRC1,21,21,285,285,1.0,False,-6.254711568502923,106.79717434728451,1628.1638385691926,False,
2026-08-26T02:45:52.578161+00:00,2979,-6.239918790000258,106.79844824999957,complex_corridor,FRC2,15,15,2,2,1.0,False,-6.239928542802509,106.79846583092547,2.2254395550977346,True,
2026-08-26T02:45:52.864213+00:00,3134,-6.2892448600025785,106.77855074999796,complex_corridor,FRC1,14,21,18,12,1.0,False,-6.289262432333267,106.778499467014,5.995427904385316,True,
2026-08-26T02:45:53.153291+00:00,3164,-6.239840140000258,106.79869149999956,complex_corridor,FRC2,24,24,145,145,1.0,False,-6.23981997364873,106.79856239045006,14.446370748590217,True,
2026-08-26T02:45:53.439289+00:00,3940,-6.242815700000143,106.84290446666662,complex_corridor,FRC2,21,21,19,19,1.0,False,-6.242610768682978,106.84288187111798,22.923789898286447,True,
2026-08-26T02:45:53.729219+00:00,3995,-6.2428431,106.8426503,complex_corridor,FRC2,32,32,8,8,1.0,False,-6.24270333943449,106.84230519617961,41.19038604817657,True,
2026-08-26T02:45:54.015358+00:00,4135,-6.242451300001405,106.84346441666648,complex_corridor,FRC3,9,26,46,16,1.0,False,-6.24264159782794,106.84303341592732,52.128779444682614,True,
2026-08-26T02:45:54.319255+00:00,4174,-6.242622250001264,106.84418269999986,complex_corridor,FRC3,21,21,14,14,1.0,False,-6.242365385288672,106.84405667866673,31.777844988721665,True,
2026-08-26T02:45:54.611854+00:00,4307,-6.237238257899974,106.8272395210502,complex_corridor,FRC2,21,21,6,6,1.0,False,-6.237236971031365,106.82743234718856,21.314848279038795,True,
2026-08-26T02:45:54.906361+00:00,4312,-6.237042057899963,106.8269344210502,complex_corridor,FRC2,23,23,6,6,1.0,False,-6.237208807900389,106.82690797532604,18.770772040768108,True,
2026-08-26T02:45:55.190895+00:00,4383,-6.255330045001537,106.84307333999776,complex_corridor,FRC4,25,25,7,7,1.0,False,-6.255170245392188,106.84296367849294,21.509477825194235,True,
2026-08-26T02:45:55.484470+00:00,4421,-6.237577607899957,106.82686737105018,complex_corridor,FRC3,9,18,54,27,1.0,False,-6.237416698431964,106.82692406858013,18.95817050701808,True,
2026-08-26T02:45:55.769955+00:00,5234,-6.255677025000373,106.8431710999986,complex_corridor,FRC4,23,23,6,6,1.0,False,-6.25559934329838,106.84329627241084,16.310649749926508,True,
2026-08-26T02:45:56.068768+00:00,5259,-6.255508725000373,106.84360214999862,complex_corridor,FRC4,22,29,391,297,1.0,False,-6.255457199448482,106.84295563186589,71.6908067558573,True,
2026-08-26T02:45:56.355212+00:00,5296,-6.242909649999996,106.84406470000002,complex_corridor,FRC2,35,35,40,40,1.0,False,-6.24287098327402,106.84404058541264,5.0587612651154314,True,
2026-08-26T03:01:01.858778+00:00,703,-6.235444892859697,106.75583232857385,complex_corridor,FRC2,28,28,6,6,1.0,False,-6.235637002833079,106.75573958241279,23.694334982762854,True,
2026-08-26T03:01:02.129993+00:00,821,-6.288795825000754,106.77763638750048,complex_corridor,FRC1,14,31,78,35,0.99,False,-6.288676397337788,106.77774978959411,18.260596237349766,True,
2026-08-26T03:01:02.396250+00:00,1336,-6.235382350000007,106.7560557,complex_corridor,FRC2,11,26,24,10,0.91,False,-6.235851643158244,106.75634307944131,61.09133400248038,True,
2026-08-26T03:01:02.667654+00:00,2187,-6.234661449999994,106.7555585,complex_corridor,FRC2,39,39,18,18,1.0,False,-6.235295044618109,106.75596622907466,83.63486690954973,True,
2026-08-26T03:01:02.934115+00:00,2188,-6.233655599999991,106.75488135,complex_corridor,FRC2,30,30,32,32,1.0,False,-6.233742064909034,106.75495503627582,12.600808704103487,True,
2026-08-26T03:01:03.204004+00:00,2298,-6.288583799999989,106.77784095,complex_corridor,FRC1,28,42,500,333,1.0,False,-6.288634823320289,106.77780477487897,6.94084144102375,True,
2026-08-26T03:01:03.497013+00:00,2322,-6.2884621,106.7781152,complex_corridor,FRC1,18,26,77,53,0.98,False,-6.288455113550981,106.77822722279888,12.405765015820144,True,
2026-08-26T03:01:03.765851+00:00,2459,-6.23996075,106.79819865,complex_corridor,FRC3,19,28,597,405,1.0,False,-6.239927209643448,106.79835988366938,18.208192291717626,True,
2026-08-26T03:01:04.027409+00:00,2660,-6.288887410002579,106.77817204999796,complex_corridor,FRC1,15,19,29,23,0.995326,False,-6.289080056713849,106.77821112954479,21.852459789678804,True,
2026-08-26T03:01:04.293074+00:00,2731,-6.240104349999994,106.79819525,complex_corridor,FRC1,15,20,400,300,1.0,False,-6.254711568502923,106.79717434728451,1628.1638385691926,False,
2026-08-26T03:01:04.560266+00:00,2979,-6.239918790000258,106.79844824999957,complex_corridor,FRC2,15,15,2,2,1.0,False,-6.239928542802509,106.79846583092547,2.2254395550977346,True,
2026-08-26T03:01:04.828293+00:00,3134,-6.2892448600025785,106.77855074999796,complex_corridor,FRC1,22,22,11,11,1.0,False,-6.289262432333267,106.778499467014,5.995427904385316,True,
2026-08-26T03:01:05.096430+00:00,3164,-6.239840140000258,106.79869149999956,complex_corridor,FRC2,24,24,145,145,1.0,False,-6.23981997364873,106.79856239045006,14.446370748590217,True,
2026-08-26T03:01:05.388577+00:00,3940,-6.242815700000143,106.84290446666662,complex_corridor,FRC2,21,21,19,19,1.0,False,-6.242610768682978,106.84288187111798,22.923789898286447,True,
2026-08-26T03:01:05.664142+00:00,3995,-6.2428431,106.8426503,complex_corridor,FRC2,24,32,11,8,0.97,False,-6.24270333943449,106.84230519617961,41.19038604817657,True,
2026-08-26T03:01:05.932954+00:00,4135,-6.242451300001405,106.84346441666648,complex_corridor,FRC3,13,26,32,16,1.0,False,-6.24264159782794,106.84303341592732,52.128779444682614,True,
2026-08-26T03:01:06.199736+00:00,4174,-6.242622250001264,106.84418269999986,complex_corridor,FRC3,21,21,14,14,1.0,False,-6.242365385288672,106.84405667866673,31.777844988721665,True,
2026-08-26T03:01:06.471236+00:00,4307,-6.237238257899974,106.8272395210502,complex_corridor,FRC2,7,20,18,6,1.0,False,-6.237236971031365,106.82743234718856,21.314848279038795,True,
2026-08-26T03:01:06.757939+00:00,4312,-6.237042057899963,106.8269344210502,complex_corridor,FRC2,23,23,6,6,1.0,False,-6.237208807900389,106.82690797532604,18.770772040768108,True,
2026-08-26T03:01:07.029994+00:00,4383,-6.255330045001537,106.84307333999776,complex_corridor,FRC4,25,25,7,7,1.0,False,-6.255170245392188,106.84296367849294,21.509477825194235,True,
2026-08-26T03:01:07.296190+00:00,4421,-6.237577607899957,106.82686737105018,complex_corridor,FRC3,9,18,54,27,1.0,False,-6.237416698431964,106.82692406858013,18.95817050701808,True,
2026-08-26T03:01:07.566847+00:00,5234,-6.255677025000373,106.8431710999986,complex_corridor,FRC4,23,23,6,6,1.0,False,-6.25559934329838,106.84329627241084,16.310649749926508,True,
2026-08-26T03:01:07.833413+00:00,5259,-6.255508725000373,106.84360214999862,complex_corridor,FRC4,21,29,410,297,0.992448,False,-6.255457199448482,106.84295563186589,71.6908067558573,True,
2026-08-26T03:01:08.111298+00:00,5296,-6.242909649999996,106.84406470000002,complex_corridor,FRC2,27,34,52,41,1.0,False,-6.24287098327402,106.84404058541264,5.0587612651154314,True,
2026-08-26T03:15:45.343498+00:00,703,-6.235444892859697,106.75583232857385,complex_corridor,FRC2,28,28,6,6,1.0,False,-6.235637002833079,106.75573958241279,23.694334982762854,True,
2026-08-26T03:15:45.612006+00:00,821,-6.288795825000754,106.77763638750048,complex_corridor,FRC1,21,31,52,35,0.98,False,-6.288676397337788,106.77774978959411,18.260596237349766,True,
2026-08-26T03:15:45.878430+00:00,1336,-6.235382350000007,106.7560557,complex_corridor,FRC2,10,25,26,10,0.89,False,-6.235851643158244,106.75634307944131,61.09133400248038,True,
2026-08-26T03:15:46.147230+00:00,2187,-6.234661449999994,106.7555585,complex_corridor,FRC2,25,39,29,18,0.98,False,-6.235295044618109,106.75596622907466,83.63486690954973,True,
2026-08-26T03:15:46.413476+00:00,2188,-6.233655599999991,106.75488135,complex_corridor,FRC2,30,30,32,32,1.0,False,-6.233742064909034,106.75495503627582,12.600808704103487,True,
2026-08-26T03:15:46.682181+00:00,2298,-6.288583799999989,106.77784095,complex_corridor,FRC1,29,41,482,341,1.0,False,-6.288634823320289,106.77780477487897,6.94084144102375,True,
2026-08-26T03:15:46.950499+00:00,2322,-6.2884621,106.7781152,complex_corridor,FRC1,17,25,82,56,0.99,False,-6.288455113550981,106.77822722279888,12.405765015820144,True,
2026-08-26T03:15:47.216980+00:00,2459,-6.23996075,106.79819865,complex_corridor,FRC3,20,28,568,405,1.0,False,-6.239927209643448,106.79835988366938,18.208192291717626,True,
2026-08-26T03:15:47.481919+00:00,2660,-6.288887410002579,106.77817204999796,complex_corridor,FRC1,18,20,24,22,1.0,False,-6.289080056713849,106.77821112954479,21.852459789678804,True,
2026-08-26T03:15:47.745462+00:00,2731,-6.240104349999994,106.79819525,complex_corridor,FRC1,21,21,285,285,1.0,False,-6.254711568502923,106.79717434728451,1628.1638385691926,False,
2026-08-26T03:15:48.008667+00:00,2979,-6.239918790000258,106.79844824999957,complex_corridor,FRC2,8,15,5,2,1.0,False,-6.239928542802509,106.79846583092547,2.2254395550977346,True,
2026-08-26T03:15:48.287974+00:00,3134,-6.2892448600025785,106.77855074999796,complex_corridor,FRC1,12,22,21,11,1.0,False,-6.289262432333267,106.778499467014,5.995427904385316,True,
2026-08-26T03:15:48.562143+00:00,3164,-6.239840140000258,106.79869149999956,complex_corridor,FRC2,24,24,145,145,1.0,False,-6.23981997364873,106.79856239045006,14.446370748590217,True,
2026-08-26T03:15:48.825990+00:00,3940,-6.242815700000143,106.84290446666662,complex_corridor,FRC2,21,21,19,19,1.0,False,-6.242610768682978,106.84288187111798,22.923789898286447,True,
2026-08-26T03:15:49.088801+00:00,3995,-6.2428431,106.8426503,complex_corridor,FRC2,32,32,8,8,1.0,False,-6.24270333943449,106.84230519617961,41.19038604817657,True,
2026-08-26T03:15:49.360200+00:00,4135,-6.242451300001405,106.84346441666648,complex_corridor,FRC3,15,26,27,16,1.0,False,-6.24264159782794,106.84303341592732,52.128779444682614,True,
2026-08-26T03:15:49.622690+00:00,4174,-6.242622250001264,106.84418269999986,complex_corridor,FRC3,17,21,17,14,0.94,False,-6.242365385288672,106.84405667866673,31.777844988721665,True,
2026-08-26T03:15:49.887525+00:00,4307,-6.237238257899974,106.8272395210502,complex_corridor,FRC2,21,21,6,6,1.0,False,-6.237236971031365,106.82743234718856,21.314848279038795,True,
2026-08-26T03:15:50.151829+00:00,4312,-6.237042057899963,106.8269344210502,complex_corridor,FRC2,23,23,6,6,1.0,False,-6.237208807900389,106.82690797532604,18.770772040768108,True,
2026-08-26T03:15:50.421299+00:00,4383,-6.255330045001537,106.84307333999776,complex_corridor,FRC4,19,25,9,7,1.0,False,-6.255170245392188,106.84296367849294,21.509477825194235,True,
2026-08-26T03:15:50.687338+00:00,4421,-6.237577607899957,106.82686737105018,complex_corridor,FRC3,4,17,123,28,0.98,False,-6.237416698431964,106.82692406858013,18.95817050701808,True,
2026-08-26T03:15:50.956630+00:00,5234,-6.255677025000373,106.8431710999986,complex_corridor,FRC4,23,23,6,6,1.0,False,-6.25559934329838,106.84329627241084,16.310649749926508,True,
2026-08-26T03:15:51.220348+00:00,5259,-6.255508725000373,106.84360214999862,complex_corridor,FRC4,16,30,538,287,0.994566,False,-6.255457199448482,106.84295563186589,71.6908067558573,True,
2026-08-26T03:15:51.484613+00:00,5296,-6.242909649999996,106.84406470000002,complex_corridor,FRC2,19,35,74,40,1.0,False,-6.24287098327402,106.84404058541264,5.0587612651154314,True,
2026-08-26T03:30:59.428822+00:00,703,-6.235444892859697,106.75583232857385,complex_corridor,FRC2,10,28,17,6,0.95,False,-6.235637002833079,106.75573958241279,23.694334982762854,True,
2026-08-26T03:30:59.723524+00:00,821,-6.288795825000754,106.77763638750048,complex_corridor,FRC1,31,31,35,35,1.0,False,-6.288676397337788,106.77774978959411,18.260596237349766,True,
2026-08-26T03:31:00.010034+00:00,1336,-6.235382350000007,106.7560557,complex_corridor,FRC2,14,27,19,9,0.94,False,-6.235851643158244,106.75634307944131,61.09133400248038,True,
2026-08-26T03:31:00.299122+00:00,2187,-6.234661449999994,106.7555585,complex_corridor,FRC2,28,38,26,19,0.98,False,-6.235295044618109,106.75596622907466,83.63486690954973,True,
2026-08-26T03:31:00.588218+00:00,2188,-6.233655599999991,106.75488135,complex_corridor,FRC2,30,30,32,32,1.0,False,-6.233742064909034,106.75495503627582,12.600808704103487,True,
2026-08-26T03:31:00.875854+00:00,2298,-6.288583799999989,106.77784095,complex_corridor,FRC1,28,40,500,350,1.0,False,-6.288634823320289,106.77780477487897,6.94084144102375,True,
2026-08-26T03:31:01.166685+00:00,2322,-6.2884621,106.7781152,complex_corridor,FRC1,14,25,100,56,1.0,False,-6.288455113550981,106.77822722279888,12.405765015820144,True,
2026-08-26T03:31:01.460986+00:00,2459,-6.23996075,106.79819865,complex_corridor,FRC3,22,27,516,420,1.0,False,-6.239927209643448,106.79835988366938,18.208192291717626,True,
2026-08-26T03:31:01.749157+00:00,2660,-6.288887410002579,106.77817204999796,complex_corridor,FRC1,14,17,31,26,1.0,False,-6.289080056713849,106.77821112954479,21.852459789678804,True,
2026-08-26T03:31:02.038863+00:00,2731,-6.240104349999994,106.79819525,complex_corridor,FRC1,15,20,400,300,1.0,False,-6.254711568502923,106.79717434728451,1628.1638385691926,False,
2026-08-26T03:31:02.325011+00:00,2979,-6.239918790000258,106.79844824999957,complex_corridor,FRC2,10,13,4,3,1.0,False,-6.239928542802509,106.79846583092547,2.2254395550977346,True,
2026-08-26T03:31:02.615289+00:00,3134,-6.2892448600025785,106.77855074999796,complex_corridor,FRC1,17,21,15,12,0.99,False,-6.289262432333267,106.778499467014,5.995427904385316,True,
2026-08-26T03:31:02.905860+00:00,3164,-6.239840140000258,106.79869149999956,complex_corridor,FRC2,24,24,145,145,1.0,False,-6.23981997364873,106.79856239045006,14.446370748590217,True,
2026-08-26T03:31:03.196220+00:00,3940,-6.242815700000143,106.84290446666662,complex_corridor,FRC2,21,21,19,19,1.0,False,-6.242610768682978,106.84288187111798,22.923789898286447,True,
2026-08-26T03:31:03.482152+00:00,3995,-6.2428431,106.8426503,complex_corridor,FRC2,32,32,8,8,1.0,False,-6.24270333943449,106.84230519617961,41.19038604817657,True,
2026-08-26T03:31:03.781337+00:00,4135,-6.242451300001405,106.84346441666648,complex_corridor,FRC3,18,27,23,15,1.0,False,-6.24264159782794,106.84303341592732,52.128779444682614,True,
2026-08-26T03:31:04.079525+00:00,4174,-6.242622250001264,106.84418269999986,complex_corridor,FRC3,21,21,14,14,1.0,False,-6.242365385288672,106.84405667866673,31.777844988721665,True,
2026-08-26T03:31:04.365286+00:00,4307,-6.237238257899974,106.8272395210502,complex_corridor,FRC2,21,21,6,6,1.0,False,-6.237236971031365,106.82743234718856,21.314848279038795,True,
2026-08-26T03:31:04.657137+00:00,4312,-6.237042057899963,106.8269344210502,complex_corridor,FRC2,18,22,8,6,1.0,False,-6.237208807900389,106.82690797532604,18.770772040768108,True,
2026-08-26T03:31:04.944950+00:00,4383,-6.255330045001537,106.84307333999776,complex_corridor,FRC4,25,25,7,7,1.0,False,-6.255170245392188,106.84296367849294,21.509477825194235,True,
2026-08-26T03:31:05.230809+00:00,4421,-6.237577607899957,106.82686737105018,complex_corridor,FRC3,5,18,98,27,0.97,False,-6.237416698431964,106.82692406858013,18.95817050701808,True,
2026-08-26T03:31:05.520061+00:00,5234,-6.255677025000373,106.8431710999986,complex_corridor,FRC4,23,23,6,6,1.0,False,-6.25559934329838,106.84329627241084,16.310649749926508,True,
2026-08-26T03:31:05.806282+00:00,5259,-6.255508725000373,106.84360214999862,complex_corridor,FRC4,18,31,478,278,0.996955,False,-6.255457199448482,106.84295563186589,71.6908067558573,True,
2026-08-26T03:31:06.094693+00:00,5296,-6.242909649999996,106.84406470000002,complex_corridor,FRC2,18,34,79,41,1.0,False,-6.24287098327402,106.84404058541264,5.0587612651154314,True,
2026-08-26T03:45:47.317311+00:00,703,-6.235444892859697,106.75583232857385,complex_corridor,FRC2,28,28,6,6,1.0,False,-6.235637002833079,106.75573958241279,23.694334982762854,True,
2026-08-26T03:45:47.621852+00:00,821,-6.288795825000754,106.77763638750048,complex_corridor,FRC1,21,31,52,35,0.96,False,-6.288676397337788,106.77774978959411,18.260596237349766,True,
2026-08-26T03:45:47.955004+00:00,1336,-6.235382350000007,106.7560557,complex_corridor,FRC2,27,27,9,9,1.0,False,-6.235851643158244,106.75634307944131,61.09133400248038,True,
2026-08-26T03:45:48.238637+00:00,2187,-6.234661449999994,106.7555585,complex_corridor,FRC2,39,39,18,18,1.0,False,-6.235295044618109,106.75596622907466,83.63486690954973,True,
2026-08-26T03:45:48.520092+00:00,2188,-6.233655599999991,106.75488135,complex_corridor,FRC2,30,30,32,32,1.0,False,-6.233742064909034,106.75495503627582,12.600808704103487,True,
2026-08-26T03:45:48.848317+00:00,2298,-6.288583799999989,106.77784095,complex_corridor,FRC1,26,40,538,350,1.0,False,-6.288634823320289,106.77780477487897,6.94084144102375,True,
2026-08-26T03:45:49.128160+00:00,2322,-6.2884621,106.7781152,complex_corridor,FRC1,13,26,107,53,0.99,False,-6.288455113550981,106.77822722279888,12.405765015820144,True,
2026-08-26T03:45:49.409463+00:00,2459,-6.23996075,106.79819865,complex_corridor,FRC3,22,28,516,405,1.0,False,-6.239927209643448,106.79835988366938,18.208192291717626,True,
2026-08-26T03:45:49.688233+00:00,2660,-6.288887410002579,106.77817204999796,complex_corridor,FRC1,15,15,29,29,1.0,False,-6.289080056713849,106.77821112954479,21.852459789678804,True,
2026-08-26T03:45:49.978257+00:00,2731,-6.240104349999994,106.79819525,complex_corridor,FRC1,21,21,285,285,1.0,False,-6.254711568502923,106.79717434728451,1628.1638385691926,False,
2026-08-26T03:45:50.262963+00:00,2979,-6.239918790000258,106.79844824999957,complex_corridor,FRC2,15,15,2,2,1.0,False,-6.239928542802509,106.79846583092547,2.2254395550977346,True,
2026-08-26T03:45:50.544605+00:00,3134,-6.2892448600025785,106.77855074999796,complex_corridor,FRC1,14,22,18,11,1.0,False,-6.289262432333267,106.778499467014,5.995427904385316,True,
2026-08-26T03:45:50.832088+00:00,3164,-6.239840140000258,106.79869149999956,complex_corridor,FRC2,21,25,165,139,1.0,False,-6.23981997364873,106.79856239045006,14.446370748590217,True,
2026-08-26T03:45:51.116609+00:00,3940,-6.242815700000143,106.84290446666662,complex_corridor,FRC2,17,21,23,19,0.99,False,-6.242610768682978,106.84288187111798,22.923789898286447,True,
2026-08-26T03:45:51.401986+00:00,3995,-6.2428431,106.8426503,complex_corridor,FRC2,32,32,8,8,1.0,False,-6.24270333943449,106.84230519617961,41.19038604817657,True,
2026-08-26T03:45:51.681227+00:00,4135,-6.242451300001405,106.84346441666648,complex_corridor,FRC3,17,26,24,16,1.0,False,-6.24264159782794,106.84303341592732,52.128779444682614,True,
2026-08-26T03:45:51.965096+00:00,4174,-6.242622250001264,106.84418269999986,complex_corridor,FRC3,21,21,14,14,1.0,False,-6.242365385288672,106.84405667866673,31.777844988721665,True,
2026-08-26T03:45:52.255437+00:00,4307,-6.237238257899974,106.8272395210502,complex_corridor,FRC2,21,21,6,6,1.0,False,-6.237236971031365,106.82743234718856,21.314848279038795,True,
2026-08-26T03:45:52.539605+00:00,4312,-6.237042057899963,106.8269344210502,complex_corridor,FRC2,23,23,6,6,1.0,False,-6.237208807900389,106.82690797532604,18.770772040768108,True,
2026-08-26T03:45:52.825982+00:00,4383,-6.255330045001537,106.84307333999776,complex_corridor,FRC4,11,25,16,7,0.99,False,-6.255170245392188,106.84296367849294,21.509477825194235,True,
2026-08-26T03:45:53.120100+00:00,4421,-6.237577607899957,106.82686737105018,complex_corridor,FRC3,10,19,49,25,0.99,False,-6.237416698431964,106.82692406858013,18.95817050701808,True,
2026-08-26T03:45:53.400305+00:00,5234,-6.255677025000373,106.8431710999986,complex_corridor,FRC4,16,22,8,6,1.0,False,-6.25559934329838,106.84329627241084,16.310649749926508,True,
2026-08-26T03:45:53.680202+00:00,5259,-6.255508725000373,106.84360214999862,complex_corridor,FRC4,19,29,453,297,0.99163,False,-6.255457199448482,106.84295563186589,71.6908067558573,True,
2026-08-26T03:45:53.964210+00:00,5296,-6.242909649999996,106.84406470000002,complex_corridor,FRC2,18,34,79,41,1.0,False,-6.24287098327402,106.84404058541264,5.0587612651154314,True,
2026-08-26T04:01:01.713554+00:00,703,-6.235444892859697,106.75583232857385,complex_corridor,FRC2,28,28,6,6,1.0,False,-6.235637002833079,106.75573958241279,23.694334982762854,True,
2026-08-26T04:01:01.987615+00:00,821,-6.288795825000754,106.77763638750048,complex_corridor,FRC1,31,31,35,35,1.0,False,-6.288676397337788,106.77774978959411,18.260596237349766,True,
2026-08-26T04:01:02.257900+00:00,1336,-6.235382350000007,106.7560557,complex_corridor,FRC2,20,27,13,9,0.92,False,-6.235851643158244,106.75634307944131,61.09133400248038,True,
2026-08-26T04:01:02.522284+00:00,2187,-6.234661449999994,106.7555585,complex_corridor,FRC2,39,39,18,18,1.0,False,-6.235295044618109,106.75596622907466,83.63486690954973,True,
2026-08-26T04:01:02.797712+00:00,2188,-6.233655599999991,106.75488135,complex_corridor,FRC2,30,30,32,32,1.0,False,-6.233742064909034,106.75495503627582,12.600808704103487,True,
2026-08-26T04:01:03.071043+00:00,2298,-6.288583799999989,106.77784095,complex_corridor,FRC1,26,41,538,341,1.0,False,-6.288634823320289,106.77780477487897,6.94084144102375,True,
2026-08-26T04:01:03.336253+00:00,2322,-6.2884621,106.7781152,complex_corridor,FRC1,16,26,87,53,0.99,False,-6.288455113550981,106.77822722279888,12.405765015820144,True,
2026-08-26T04:01:03.626937+00:00,2459,-6.23996075,106.79819865,complex_corridor,FRC3,17,27,668,420,1.0,False,-6.239927209643448,106.79835988366938,18.208192291717626,True,
2026-08-26T04:01:03.898559+00:00,2660,-6.288887410002579,106.77817204999796,complex_corridor,FRC1,10,20,44,22,1.0,False,-6.289080056713849,106.77821112954479,21.852459789678804,True,
2026-08-26T04:01:04.169020+00:00,2731,-6.240104349999994,106.79819525,complex_corridor,FRC1,13,20,461,300,1.0,False,-6.254711568502923,106.79717434728451,1628.1638385691926,False,
2026-08-26T04:01:04.436820+00:00,2979,-6.239918790000258,106.79844824999957,complex_corridor,FRC2,15,15,2,2,1.0,False,-6.239928542802509,106.79846583092547,2.2254395550977346,True,
2026-08-26T04:01:04.704037+00:00,3134,-6.2892448600025785,106.77855074999796,complex_corridor,FRC1,22,22,11,11,1.0,False,-6.289262432333267,106.778499467014,5.995427904385316,True,
2026-08-26T04:01:04.972063+00:00,3164,-6.239840140000258,106.79869149999956,complex_corridor,FRC2,24,24,145,145,1.0,False,-6.23981997364873,106.79856239045006,14.446370748590217,True,
2026-08-26T04:01:05.238191+00:00,3940,-6.242815700000143,106.84290446666662,complex_corridor,FRC2,21,21,19,19,1.0,False,-6.242610768682978,106.84288187111798,22.923789898286447,True,
2026-08-26T04:01:05.508129+00:00,3995,-6.2428431,106.8426503,complex_corridor,FRC2,32,32,8,8,1.0,False,-6.24270333943449,106.84230519617961,41.19038604817657,True,
2026-08-26T04:01:05.773785+00:00,4135,-6.242451300001405,106.84346441666648,complex_corridor,FRC3,27,27,15,15,1.0,False,-6.24264159782794,106.84303341592732,52.128779444682614,True,
2026-08-26T04:01:06.041085+00:00,4174,-6.242622250001264,106.84418269999986,complex_corridor,FRC3,21,21,14,14,1.0,False,-6.242365385288672,106.84405667866673,31.777844988721665,True,
2026-08-26T04:01:06.308260+00:00,4307,-6.237238257899974,106.8272395210502,complex_corridor,FRC2,21,21,6,6,1.0,False,-6.237236971031365,106.82743234718856,21.314848279038795,True,
2026-08-26T04:01:06.579484+00:00,4312,-6.237042057899963,106.8269344210502,complex_corridor,FRC2,23,23,6,6,1.0,False,-6.237208807900389,106.82690797532604,18.770772040768108,True,
2026-08-26T04:01:06.863612+00:00,4383,-6.255330045001537,106.84307333999776,complex_corridor,FRC4,25,25,7,7,1.0,False,-6.255170245392188,106.84296367849294,21.509477825194235,True,
2026-08-26T04:01:07.127861+00:00,4421,-6.237577607899957,106.82686737105018,complex_corridor,FRC3,11,18,44,27,0.99,False,-6.237416698431964,106.82692406858013,18.95817050701808,True,
2026-08-26T04:01:07.393223+00:00,5234,-6.255677025000373,106.8431710999986,complex_corridor,FRC4,23,23,6,6,1.0,False,-6.25559934329838,106.84329627241084,16.310649749926508,True,
2026-08-26T04:01:07.662443+00:00,5259,-6.255508725000373,106.84360214999862,complex_corridor,FRC4,23,29,374,297,0.99,False,-6.255457199448482,106.84295563186589,71.6908067558573,True,
2026-08-26T04:01:07.926639+00:00,5296,-6.242909649999996,106.84406470000002,complex_corridor,FRC2,19,35,74,40,1.0,False,-6.24287098327402,106.84404058541264,5.0587612651154314,True,
2026-08-26T04:15:43.907554+00:00,703,-6.235444892859697,106.75583232857385,complex_corridor,FRC2,28,28,6,6,1.0,False,-6.235637002833079,106.75573958241279,23.694334982762854,True,
2026-08-26T04:15:44.210655+00:00,821,-6.288795825000754,106.77763638750048,complex_corridor,FRC1,31,31,35,35,1.0,False,-6.288676397337788,106.77774978959411,18.260596237349766,True,
2026-08-26T04:15:44.511340+00:00,1336,-6.235382350000007,106.7560557,complex_corridor,FRC2,27,27,9,9,1.0,False,-6.235851643158244,106.75634307944131,61.09133400248038,True,
2026-08-26T04:15:44.814905+00:00,2187,-6.234661449999994,106.7555585,complex_corridor,FRC2,39,39,18,18,1.0,False,-6.235295044618109,106.75596622907466,83.63486690954973,True,
2026-08-26T04:15:45.118967+00:00,2188,-6.233655599999991,106.75488135,complex_corridor,FRC2,30,30,32,32,1.0,False,-6.233742064909034,106.75495503627582,12.600808704103487,True,
2026-08-26T04:15:45.432644+00:00,2298,-6.288583799999989,106.77784095,complex_corridor,FRC1,22,40,636,350,1.0,False,-6.288634823320289,106.77780477487897,6.94084144102375,True,
2026-08-26T04:15:45.736072+00:00,2322,-6.2884621,106.7781152,complex_corridor,FRC1,18,26,77,53,1.0,False,-6.288455113550981,106.77822722279888,12.405765015820144,True,
2026-08-26T04:15:46.037676+00:00,2459,-6.23996075,106.79819865,complex_corridor,FRC3,15,27,757,420,1.0,False,-6.239927209643448,106.79835988366938,18.208192291717626,True,
2026-08-26T04:15:46.342942+00:00,2660,-6.288887410002579,106.77817204999796,complex_corridor,FRC1,11,14,40,31,1.0,False,-6.289080056713849,106.77821112954479,21.852459789678804,True,
2026-08-26T04:15:46.646063+00:00,2731,-6.240104349999994,106.79819525,complex_corridor,FRC1,15,21,400,285,1.0,False,-6.254711568502923,106.79717434728451,1628.1638385691926,False,
2026-08-26T04:15:46.954003+00:00,2979,-6.239918790000258,106.79844824999957,complex_corridor,FRC2,9,15,4,2,1.0,False,-6.239928542802509,106.79846583092547,2.2254395550977346,True,
2026-08-26T04:15:47.258563+00:00,3134,-6.2892448600025785,106.77855074999796,complex_corridor,FRC1,12,21,21,12,1.0,False,-6.289262432333267,106.778499467014,5.995427904385316,True,
2026-08-26T04:15:47.562933+00:00,3164,-6.239840140000258,106.79869149999956,complex_corridor,FRC2,24,24,145,145,1.0,False,-6.23981997364873,106.79856239045006,14.446370748590217,True,
2026-08-26T04:15:47.875101+00:00,3940,-6.242815700000143,106.84290446666662,complex_corridor,FRC2,21,21,19,19,1.0,False,-6.242610768682978,106.84288187111798,22.923789898286447,True,
2026-08-26T04:15:48.181831+00:00,3995,-6.2428431,106.8426503,complex_corridor,FRC2,24,30,11,9,0.95,False,-6.24270333943449,106.84230519617961,41.19038604817657,True,
2026-08-26T04:15:48.485929+00:00,4135,-6.242451300001405,106.84346441666648,complex_corridor,FRC3,27,27,15,15,1.0,False,-6.24264159782794,106.84303341592732,52.128779444682614,True,
2026-08-26T04:15:48.789860+00:00,4174,-6.242622250001264,106.84418269999986,complex_corridor,FRC3,12,21,24,14,0.98,False,-6.242365385288672,106.84405667866673,31.777844988721665,True,
2026-08-26T04:15:49.090265+00:00,4307,-6.237238257899974,106.8272395210502,complex_corridor,FRC2,16,21,8,6,0.99,False,-6.237236971031365,106.82743234718856,21.314848279038795,True,
2026-08-26T04:15:49.396497+00:00,4312,-6.237042057899963,106.8269344210502,complex_corridor,FRC2,23,23,6,6,1.0,False,-6.237208807900389,106.82690797532604,18.770772040768108,True,
2026-08-26T04:15:49.700490+00:00,4383,-6.255330045001537,106.84307333999776,complex_corridor,FRC4,25,25,7,7,1.0,False,-6.255170245392188,106.84296367849294,21.509477825194235,True,
2026-08-26T04:15:50.002647+00:00,4421,-6.237577607899957,106.82686737105018,complex_corridor,FRC3,12,19,41,25,0.98,False,-6.237416698431964,106.82692406858013,18.95817050701808,True,
2026-08-26T04:15:50.300079+00:00,5234,-6.255677025000373,106.8431710999986,complex_corridor,FRC4,16,22,8,6,1.0,False,-6.25559934329838,106.84329627241084,16.310649749926508,True,
2026-08-26T04:15:50.605739+00:00,5259,-6.255508725000373,106.84360214999862,complex_corridor,FRC4,22,28,391,307,0.991258,False,-6.255457199448482,106.84295563186589,71.6908067558573,True,
2026-08-26T04:15:50.914198+00:00,5296,-6.242909649999996,106.84406470000002,complex_corridor,FRC2,17,36,83,39,1.0,False,-6.24287098327402,106.84404058541264,5.0587612651154314,True,
2026-08-26T04:30:57.793711+00:00,703,-6.235444892859697,106.75583232857385,complex_corridor,FRC2,28,28,6,6,1.0,False,-6.235637002833079,106.75573958241279,23.694334982762854,True,
2026-08-26T04:30:58.081399+00:00,821,-6.288795825000754,106.77763638750048,complex_corridor,FRC1,19,31,57,35,0.97,False,-6.288676397337788,106.77774978959411,18.260596237349766,True,
2026-08-26T04:30:58.369994+00:00,1336,-6.235382350000007,106.7560557,complex_corridor,FRC2,20,26,13,10,0.92,False,-6.235851643158244,106.75634307944131,61.09133400248038,True,
2026-08-26T04:30:58.659901+00:00,2187,-6.234661449999994,106.7555585,complex_corridor,FRC2,39,39,18,18,1.0,False,-6.235295044618109,106.75596622907466,83.63486690954973,True,
2026-08-26T04:30:58.946039+00:00,2188,-6.233655599999991,106.75488135,complex_corridor,FRC2,30,30,32,32,1.0,False,-6.233742064909034,106.75495503627582,12.600808704103487,True,
2026-08-26T04:30:59.239732+00:00,2298,-6.288583799999989,106.77784095,complex_corridor,FRC1,25,40,560,350,1.0,False,-6.288634823320289,106.77780477487897,6.94084144102375,True,
2026-08-26T04:30:59.526093+00:00,2322,-6.2884621,106.7781152,complex_corridor,FRC1,26,26,53,53,1.0,False,-6.288455113550981,106.77822722279888,12.405765015820144,True,
2026-08-26T04:30:59.819650+00:00,2459,-6.23996075,106.79819865,complex_corridor,FRC3,17,27,668,420,1.0,False,-6.239927209643448,106.79835988366938,18.208192291717626,True,
2026-08-26T04:31:00.106907+00:00,2660,-6.288887410002579,106.77817204999796,complex_corridor,FRC1,12,15,37,29,1.0,False,-6.289080056713849,106.77821112954479,21.852459789678804,True,
2026-08-26T04:31:00.396341+00:00,2731,-6.240104349999994,106.79819525,complex_corridor,FRC1,17,21,353,285,1.0,False,-6.254711568502923,106.79717434728451,1628.1638385691926,False,
2026-08-26T04:31:00.691569+00:00,2979,-6.239918790000258,106.79844824999957,complex_corridor,FRC2,15,15,2,2,1.0,False,-6.239928542802509,106.79846583092547,2.2254395550977346,True,
2026-08-26T04:31:00.985323+00:00,3134,-6.2892448600025785,106.77855074999796,complex_corridor,FRC1,18,22,14,11,1.0,False,-6.289262432333267,106.778499467014,5.995427904385316,True,
2026-08-26T04:31:01.276403+00:00,3164,-6.239840140000258,106.79869149999956,complex_corridor,FRC2,24,24,145,145,1.0,False,-6.23981997364873,106.79856239045006,14.446370748590217,True,
2026-08-26T04:31:01.567151+00:00,3940,-6.242815700000143,106.84290446666662,complex_corridor,FRC2,21,21,19,19,1.0,False,-6.242610768682978,106.84288187111798,22.923789898286447,True,
2026-08-26T04:31:01.853165+00:00,3995,-6.2428431,106.8426503,complex_corridor,FRC2,32,32,8,8,1.0,False,-6.24270333943449,106.84230519617961,41.19038604817657,True,
2026-08-26T04:31:02.139654+00:00,4135,-6.242451300001405,106.84346441666648,complex_corridor,FRC3,27,27,15,15,1.0,False,-6.24264159782794,106.84303341592732,52.128779444682614,True,
2026-08-26T04:31:02.441491+00:00,4174,-6.242622250001264,106.84418269999986,complex_corridor,FRC3,21,21,14,14,1.0,False,-6.242365385288672,106.84405667866673,31.777844988721665,True,
2026-08-26T04:31:02.729706+00:00,4307,-6.237238257899974,106.8272395210502,complex_corridor,FRC2,14,21,9,6,0.99,False,-6.237236971031365,106.82743234718856,21.314848279038795,True,
2026-08-26T04:31:03.019635+00:00,4312,-6.237042057899963,106.8269344210502,complex_corridor,FRC2,23,23,6,6,1.0,False,-6.237208807900389,106.82690797532604,18.770772040768108,True,
2026-08-26T04:31:03.310707+00:00,4383,-6.255330045001537,106.84307333999776,complex_corridor,FRC4,25,25,7,7,1.0,False,-6.255170245392188,106.84296367849294,21.509477825194235,True,
2026-08-26T04:31:03.606639+00:00,4421,-6.237577607899957,106.82686737105018,complex_corridor,FRC3,9,19,54,25,0.97,False,-6.237416698431964,106.82692406858013,18.95817050701808,True,
2026-08-26T04:31:03.894045+00:00,5234,-6.255677025000373,106.8431710999986,complex_corridor,FRC4,23,23,6,6,1.0,False,-6.25559934329838,106.84329627241084,16.310649749926508,True,
2026-08-26T04:31:04.186880+00:00,5259,-6.255508725000373,106.84360214999862,complex_corridor,FRC4,21,29,410,297,0.992807,False,-6.255457199448482,106.84295563186589,71.6908067558573,True,
2026-08-26T04:31:04.473541+00:00,5296,-6.242909649999996,106.84406470000002,complex_corridor,FRC2,25,35,56,40,1.0,False,-6.24287098327402,106.84404058541264,5.0587612651154314,True,
2026-08-26T04:45:50.288897+00:00,703,-6.235444892859697,106.75583232857385,complex_corridor,FRC2,28,28,6,6,1.0,False,-6.235637002833079,106.75573958241279,23.694334982762854,True,
2026-08-26T04:45:50.584099+00:00,821,-6.288795825000754,106.77763638750048,complex_corridor,FRC1,16,30,68,36,0.98,False,-6.288676397337788,106.77774978959411,18.260596237349766,True,
2026-08-26T04:45:50.889768+00:00,1336,-6.235382350000007,106.7560557,complex_corridor,FRC2,27,27,9,9,1.0,False,-6.235851643158244,106.75634307944131,61.09133400248038,True,
2026-08-26T04:45:51.168319+00:00,2187,-6.234661449999994,106.7555585,complex_corridor,FRC2,39,39,18,18,1.0,False,-6.235295044618109,106.75596622907466,83.63486690954973,True,
2026-08-26T04:45:51.448440+00:00,2188,-6.233655599999991,106.75488135,complex_corridor,FRC2,30,30,32,32,1.0,False,-6.233742064909034,106.75495503627582,12.600808704103487,True,
2026-08-26T04:45:51.716639+00:00,2298,-6.288583799999989,106.77784095,complex_corridor,FRC1,23,41,608,341,1.0,False,-6.288634823320289,106.77780477487897,6.94084144102375,True,
2026-08-26T04:45:52.005358+00:00,2322,-6.2884621,106.7781152,complex_corridor,FRC1,26,26,53,53,1.0,False,-6.288455113550981,106.77822722279888,12.405765015820144,True,
2026-08-26T04:45:52.277598+00:00,2459,-6.23996075,106.79819865,complex_corridor,FRC3,16,28,710,405,1.0,False,-6.239927209643448,106.79835988366938,18.208192291717626,True,
2026-08-26T04:45:52.549303+00:00,2660,-6.288887410002579,106.77817204999796,complex_corridor,FRC1,11,14,40,31,1.0,False,-6.289080056713849,106.77821112954479,21.852459789678804,True,
2026-08-26T04:45:52.843928+00:00,2731,-6.240104349999994,106.79819525,complex_corridor,FRC1,15,21,400,285,1.0,False,-6.254711568502923,106.79717434728451,1628.1638385691926,False,
2026-08-26T04:45:53.118155+00:00,2979,-6.239918790000258,106.79844824999957,complex_corridor,FRC2,9,15,4,2,1.0,False,-6.239928542802509,106.79846583092547,2.2254395550977346,True,
2026-08-26T04:45:53.395481+00:00,3134,-6.2892448600025785,106.77855074999796,complex_corridor,FRC1,17,22,15,11,1.0,False,-6.289262432333267,106.778499467014,5.995427904385316,True,
2026-08-26T04:45:53.671433+00:00,3164,-6.239840140000258,106.79869149999956,complex_corridor,FRC2,24,24,145,145,1.0,False,-6.23981997364873,106.79856239045006,14.446370748590217,True,
2026-08-26T04:45:53.945397+00:00,3940,-6.242815700000143,106.84290446666662,complex_corridor,FRC2,13,21,30,19,0.99,False,-6.242610768682978,106.84288187111798,22.923789898286447,True,
2026-08-26T04:45:54.212134+00:00,3995,-6.2428431,106.8426503,complex_corridor,FRC2,24,30,11,9,0.93,False,-6.24270333943449,106.84230519617961,41.19038604817657,True,
2026-08-26T04:45:54.483937+00:00,4135,-6.242451300001405,106.84346441666648,complex_corridor,FRC3,27,27,15,15,1.0,False,-6.24264159782794,106.84303341592732,52.128779444682614,True,
2026-08-26T04:45:54.769733+00:00,4174,-6.242622250001264,106.84418269999986,complex_corridor,FRC3,21,21,14,14,1.0,False,-6.242365385288672,106.84405667866673,31.777844988721665,True,
2026-08-26T04:45:55.037437+00:00,4307,-6.237238257899974,106.8272395210502,complex_corridor,FRC2,21,21,6,6,1.0,False,-6.237236971031365,106.82743234718856,21.314848279038795,True,
2026-08-26T04:45:55.307731+00:00,4312,-6.237042057899963,106.8269344210502,complex_corridor,FRC2,23,23,6,6,1.0,False,-6.237208807900389,106.82690797532604,18.770772040768108,True,
2026-08-26T04:45:55.582740+00:00,4383,-6.255330045001537,106.84307333999776,complex_corridor,FRC4,25,25,7,7,1.0,False,-6.255170245392188,106.84296367849294,21.509477825194235,True,
2026-08-26T04:45:55.886513+00:00,4421,-6.237577607899957,106.82686737105018,complex_corridor,FRC3,10,19,49,25,0.97,False,-6.237416698431964,106.82692406858013,18.95817050701808,True,
2026-08-26T04:45:56.158593+00:00,5234,-6.255677025000373,106.8431710999986,complex_corridor,FRC4,23,23,6,6,1.0,False,-6.25559934329838,106.84329627241084,16.310649749926508,True,
2026-08-26T04:45:56.441357+00:00,5259,-6.255508725000373,106.84360214999862,complex_corridor,FRC4,17,30,506,287,0.993079,False,-6.255457199448482,106.84295563186589,71.6908067558573,True,
2026-08-26T04:45:56.720272+00:00,5296,-6.242909649999996,106.84406470000002,complex_corridor,FRC2,22,34,64,41,1.0,False,-6.24287098327402,106.84404058541264,5.0587612651154314,True,
2026-08-26T05:00:58.176870+00:00,703,-6.235444892859697,106.75583232857385,complex_corridor,FRC2,28,28,6,6,1.0,False,-6.235637002833079,106.75573958241279,23.694334982762854,True,
2026-08-26T05:00:58.476546+00:00,821,-6.288795825000754,106.77763638750048,complex_corridor,FRC1,31,31,35,35,1.0,False,-6.288676397337788,106.77774978959411,18.260596237349766,True,
2026-08-26T05:00:58.781988+00:00,1336,-6.235382350000007,106.7560557,complex_corridor,FRC2,27,27,9,9,1.0,False,-6.235851643158244,106.75634307944131,61.09133400248038,True,
2026-08-26T05:00:59.088391+00:00,2187,-6.234661449999994,106.7555585,complex_corridor,FRC2,27,39,27,18,0.97,False,-6.235295044618109,106.75596622907466,83.63486690954973,True,
2026-08-26T05:00:59.393041+00:00,2188,-6.233655599999991,106.75488135,complex_corridor,FRC2,22,30,44,32,0.97,False,-6.233742064909034,106.75495503627582,12.600808704103487,True,
2026-08-26T05:00:59.698156+00:00,2298,-6.288583799999989,106.77784095,complex_corridor,FRC1,26,40,538,350,1.0,False,-6.288634823320289,106.77780477487897,6.94084144102375,True,
2026-08-26T05:00:59.999273+00:00,2322,-6.2884621,106.7781152,complex_corridor,FRC1,17,26,82,53,1.0,False,-6.288455113550981,106.77822722279888,12.405765015820144,True,
2026-08-26T05:01:00.307083+00:00,2459,-6.23996075,106.79819865,complex_corridor,FRC3,13,27,873,420,1.0,False,-6.239927209643448,106.79835988366938,18.208192291717626,True,
2026-08-26T05:01:00.606459+00:00,2660,-6.288887410002579,106.77817204999796,complex_corridor,FRC1,15,15,29,29,1.0,False,-6.289080056713849,106.77821112954479,21.852459789678804,True,
2026-08-26T05:01:00.906482+00:00,2731,-6.240104349999994,106.79819525,complex_corridor,FRC1,16,22,375,272,1.0,False,-6.254711568502923,106.79717434728451,1628.1638385691926,False,
2026-08-26T05:01:01.205825+00:00,2979,-6.239918790000258,106.79844824999957,complex_corridor,FRC2,10,15,4,2,1.0,False,-6.239928542802509,106.79846583092547,2.2254395550977346,True,
2026-08-26T05:01:01.507575+00:00,3134,-6.2892448600025785,106.77855074999796,complex_corridor,FRC1,22,22,11,11,1.0,False,-6.289262432333267,106.778499467014,5.995427904385316,True,
2026-08-26T05:01:01.807763+00:00,3164,-6.239840140000258,106.79869149999956,complex_corridor,FRC2,24,24,145,145,1.0,False,-6.23981997364873,106.79856239045006,14.446370748590217,True,
2026-08-26T05:01:02.107756+00:00,3940,-6.242815700000143,106.84290446666662,complex_corridor,FRC2,14,21,28,19,0.99,False,-6.242610768682978,106.84288187111798,22.923789898286447,True,
2026-08-26T05:01:02.410024+00:00,3995,-6.2428431,106.8426503,complex_corridor,FRC2,23,30,12,9,0.88,False,-6.24270333943449,106.84230519617961,41.19038604817657,True,
2026-08-26T05:01:02.728830+00:00,4135,-6.242451300001405,106.84346441666648,complex_corridor,FRC3,27,27,15,15,1.0,False,-6.24264159782794,106.84303341592732,52.128779444682614,True,
2026-08-26T05:01:03.033034+00:00,4174,-6.242622250001264,106.84418269999986,complex_corridor,FRC3,16,20,18,14,0.99,False,-6.242365385288672,106.84405667866673,31.777844988721665,True,
2026-08-26T05:01:03.339698+00:00,4307,-6.237238257899974,106.8272395210502,complex_corridor,FRC2,21,21,6,6,1.0,False,-6.237236971031365,106.82743234718856,21.314848279038795,True,
2026-08-26T05:01:03.638861+00:00,4312,-6.237042057899963,106.8269344210502,complex_corridor,FRC2,23,23,6,6,1.0,False,-6.237208807900389,106.82690797532604,18.770772040768108,True,
2026-08-26T05:01:03.938245+00:00,4383,-6.255330045001537,106.84307333999776,complex_corridor,FRC4,19,24,9,7,0.99,False,-6.255170245392188,106.84296367849294,21.509477825194235,True,
2026-08-26T05:01:04.239591+00:00,4421,-6.237577607899957,106.82686737105018,complex_corridor,FRC3,9,19,54,25,0.96,False,-6.237416698431964,106.82692406858013,18.95817050701808,True,
2026-08-26T05:01:04.540606+00:00,5234,-6.255677025000373,106.8431710999986,complex_corridor,FRC4,10,22,14,6,0.99,False,-6.25559934329838,106.84329627241084,16.310649749926508,True,
2026-08-26T05:01:04.843163+00:00,5259,-6.255508725000373,106.84360214999862,complex_corridor,FRC4,16,29,538,297,0.985522,False,-6.255457199448482,106.84295563186589,71.6908067558573,True,
2026-08-26T05:01:05.145505+00:00,5296,-6.242909649999996,106.84406470000002,complex_corridor,FRC2,26,34,54,41,1.0,False,-6.24287098327402,106.84404058541264,5.0587612651154314,True,
2026-08-26T05:15:49.394364+00:00,703,-6.235444892859697,106.75583232857385,complex_corridor,FRC2,28,28,6,6,1.0,False,-6.235637002833079,106.75573958241279,23.694334982762854,True,
2026-08-26T05:15:49.661002+00:00,821,-6.288795825000754,106.77763638750048,complex_corridor,FRC1,25,31,43,35,0.98,False,-6.288676397337788,106.77774978959411,18.260596237349766,True,
2026-08-26T05:15:49.927606+00:00,1336,-6.235382350000007,106.7560557,complex_corridor,FRC2,27,27,9,9,1.0,False,-6.235851643158244,106.75634307944131,61.09133400248038,True,
2026-08-26T05:15:50.197263+00:00,2187,-6.234661449999994,106.7555585,complex_corridor,FRC2,39,39,18,18,1.0,False,-6.235295044618109,106.75596622907466,83.63486690954973,True,
2026-08-26T05:15:50.466759+00:00,2188,-6.233655599999991,106.75488135,complex_corridor,FRC2,21,30,46,32,0.96,False,-6.233742064909034,106.75495503627582,12.600808704103487,True,
2026-08-26T05:15:50.739484+00:00,2298,-6.288583799999989,106.77784095,complex_corridor,FRC1,27,40,518,350,1.0,False,-6.288634823320289,106.77780477487897,6.94084144102375,True,
2026-08-26T05:15:51.010671+00:00,2322,-6.2884621,106.7781152,complex_corridor,FRC1,16,26,87,53,1.0,False,-6.288455113550981,106.77822722279888,12.405765015820144,True,
2026-08-26T05:15:51.277222+00:00,2459,-6.23996075,106.79819865,complex_corridor,FRC3,15,28,757,405,1.0,False,-6.239927209643448,106.79835988366938,18.208192291717626,True,
2026-08-26T05:15:51.548414+00:00,2660,-6.288887410002579,106.77817204999796,complex_corridor,FRC1,8,14,55,31,1.0,False,-6.289080056713849,106.77821112954479,21.852459789678804,True,
2026-08-26T05:15:51.813245+00:00,2731,-6.240104349999994,106.79819525,complex_corridor,FRC1,15,22,400,272,1.0,False,-6.254711568502923,106.79717434728451,1628.1638385691926,False,
2026-08-26T05:15:52.080664+00:00,2979,-6.239918790000258,106.79844824999957,complex_corridor,FRC2,15,15,2,2,1.0,False,-6.239928542802509,106.79846583092547,2.2254395550977346,True,
2026-08-26T05:15:52.352621+00:00,3134,-6.2892448600025785,106.77855074999796,complex_corridor,FRC1,18,22,14,11,1.0,False,-6.289262432333267,106.778499467014,5.995427904385316,True,
2026-08-26T05:15:52.620433+00:00,3164,-6.239840140000258,106.79869149999956,complex_corridor,FRC2,24,24,145,145,1.0,False,-6.23981997364873,106.79856239045006,14.446370748590217,True,
2026-08-26T05:15:52.886616+00:00,3940,-6.242815700000143,106.84290446666662,complex_corridor,FRC2,14,20,28,20,0.99,False,-6.242610768682978,106.84288187111798,22.923789898286447,True,
2026-08-26T05:15:53.155506+00:00,3995,-6.2428431,106.8426503,complex_corridor,FRC2,24,32,11,8,0.6,False,-6.24270333943449,106.84230519617961,41.19038604817657,True,
2026-08-26T05:15:53.422222+00:00,4135,-6.242451300001405,106.84346441666648,complex_corridor,FRC3,27,27,15,15,1.0,False,-6.24264159782794,106.84303341592732,52.128779444682614,True,
2026-08-26T05:15:53.692645+00:00,4174,-6.242622250001264,106.84418269999986,complex_corridor,FRC3,14,20,21,14,0.99,False,-6.242365385288672,106.84405667866673,31.777844988721665,True,
2026-08-26T05:15:53.961650+00:00,4307,-6.237238257899974,106.8272395210502,complex_corridor,FRC2,15,21,8,6,0.98,False,-6.237236971031365,106.82743234718856,21.314848279038795,True,
2026-08-26T05:15:54.232899+00:00,4312,-6.237042057899963,106.8269344210502,complex_corridor,FRC2,23,23,6,6,1.0,False,-6.237208807900389,106.82690797532604,18.770772040768108,True,
2026-08-26T05:15:54.498846+00:00,4383,-6.255330045001537,106.84307333999776,complex_corridor,FRC4,25,25,7,7,1.0,False,-6.255170245392188,106.84296367849294,21.509477825194235,True,
2026-08-26T05:15:54.762614+00:00,4421,-6.237577607899957,106.82686737105018,complex_corridor,FRC3,10,19,49,25,0.99,False,-6.237416698431964,106.82692406858013,18.95817050701808,True,
2026-08-26T05:15:55.026023+00:00,5234,-6.255677025000373,106.8431710999986,complex_corridor,FRC4,23,23,6,6,1.0,False,-6.25559934329838,106.84329627241084,16.310649749926508,True,
2026-08-26T05:15:55.294039+00:00,5259,-6.255508725000373,106.84360214999862,complex_corridor,FRC4,29,29,297,297,1.0,False,-6.255457199448482,106.84295563186589,71.6908067558573,True,
2026-08-26T05:15:55.557940+00:00,5296,-6.242909649999996,106.84406470000002,complex_corridor,FRC2,19,34,74,41,1.0,False,-6.24287098327402,106.84404058541264,5.0587612651154314,True,
2026-08-26T05:30:54.791878+00:00,703,-6.235444892859697,106.75583232857385,complex_corridor,FRC2,28,28,6,6,1.0,False,-6.235637002833079,106.75573958241279,23.694334982762854,True,
2026-08-26T05:30:55.087650+00:00,821,-6.288795825000754,106.77763638750048,complex_corridor,FRC1,31,31,35,35,1.0,False,-6.288676397337788,106.77774978959411,18.260596237349766,True,
2026-08-26T05:30:55.381958+00:00,1336,-6.235382350000007,106.7560557,complex_corridor,FRC2,27,27,9,9,1.0,False,-6.235851643158244,106.75634307944131,61.09133400248038,True,
2026-08-26T05:30:55.671320+00:00,2187,-6.234661449999994,106.7555585,complex_corridor,FRC2,39,39,18,18,1.0,False,-6.235295044618109,106.75596622907466,83.63486690954973,True,
2026-08-26T05:30:55.962322+00:00,2188,-6.233655599999991,106.75488135,complex_corridor,FRC2,30,30,32,32,1.0,False,-6.233742064909034,106.75495503627582,12.600808704103487,True,
2026-08-26T05:30:56.258749+00:00,2298,-6.288583799999989,106.77784095,complex_corridor,FRC1,29,41,482,341,1.0,False,-6.288634823320289,106.77780477487897,6.94084144102375,True,
2026-08-26T05:30:56.551389+00:00,2322,-6.2884621,106.7781152,complex_corridor,FRC1,26,26,53,53,1.0,False,-6.288455113550981,106.77822722279888,12.405765015820144,True,
2026-08-26T05:30:56.847234+00:00,2459,-6.23996075,106.79819865,complex_corridor,FRC3,14,28,811,405,1.0,False,-6.239927209643448,106.79835988366938,18.208192291717626,True,
2026-08-26T05:30:57.150550+00:00,2660,-6.288887410002579,106.77817204999796,complex_corridor,FRC1,11,15,40,29,1.0,False,-6.289080056713849,106.77821112954479,21.852459789678804,True,
2026-08-26T05:30:57.444498+00:00,2731,-6.240104349999994,106.79819525,complex_corridor,FRC1,12,20,500,300,1.0,False,-6.254711568502923,106.79717434728451,1628.1638385691926,False,
2026-08-26T05:30:57.742312+00:00,2979,-6.239918790000258,106.79844824999957,complex_corridor,FRC2,10,15,4,2,1.0,False,-6.239928542802509,106.79846583092547,2.2254395550977346,True,
2026-08-26T05:30:58.031146+00:00,3134,-6.2892448600025785,106.77855074999796,complex_corridor,FRC1,16,22,16,11,1.0,False,-6.289262432333267,106.778499467014,5.995427904385316,True,
2026-08-26T05:30:58.332700+00:00,3164,-6.239840140000258,106.79869149999956,complex_corridor,FRC2,19,24,183,145,1.0,False,-6.23981997364873,106.79856239045006,14.446370748590217,True,
2026-08-26T05:30:58.621440+00:00,3940,-6.242815700000143,106.84290446666662,complex_corridor,FRC2,21,21,19,19,1.0,False,-6.242610768682978,106.84288187111798,22.923789898286447,True,
2026-08-26T05:30:58.917589+00:00,3995,-6.2428431,106.8426503,complex_corridor,FRC2,32,32,8,8,1.0,False,-6.24270333943449,106.84230519617961,41.19038604817657,True,
2026-08-26T05:30:59.205129+00:00,4135,-6.242451300001405,106.84346441666648,complex_corridor,FRC3,27,27,15,15,1.0,False,-6.24264159782794,106.84303341592732,52.128779444682614,True,
2026-08-26T05:30:59.497843+00:00,4174,-6.242622250001264,106.84418269999986,complex_corridor,FRC3,21,21,14,14,1.0,False,-6.242365385288672,106.84405667866673,31.777844988721665,True,
2026-08-26T05:30:59.802630+00:00,4307,-6.237238257899974,106.8272395210502,complex_corridor,FRC2,21,21,6,6,1.0,False,-6.237236971031365,106.82743234718856,21.314848279038795,True,
2026-08-26T05:31:00.093803+00:00,4312,-6.237042057899963,106.8269344210502,complex_corridor,FRC2,23,23,6,6,1.0,False,-6.237208807900389,106.82690797532604,18.770772040768108,True,
2026-08-26T05:31:00.386835+00:00,4383,-6.255330045001537,106.84307333999776,complex_corridor,FRC4,25,25,7,7,1.0,False,-6.255170245392188,106.84296367849294,21.509477825194235,True,
2026-08-26T05:31:00.679022+00:00,4421,-6.237577607899957,106.82686737105018,complex_corridor,FRC3,9,18,54,27,0.99,False,-6.237416698431964,106.82692406858013,18.95817050701808,True,
2026-08-26T05:31:00.969294+00:00,5234,-6.255677025000373,106.8431710999986,complex_corridor,FRC4,23,23,6,6,1.0,False,-6.25559934329838,106.84329627241084,16.310649749926508,True,
2026-08-26T05:31:01.269140+00:00,5259,-6.255508725000373,106.84360214999862,complex_corridor,FRC4,29,29,297,297,1.0,False,-6.255457199448482,106.84295563186589,71.6908067558573,True,
2026-08-26T05:31:01.563645+00:00,5296,-6.242909649999996,106.84406470000002,complex_corridor,FRC2,25,35,56,40,1.0,False,-6.24287098327402,106.84404058541264,5.0587612651154314,True,
2026-08-26T05:45:48.453745+00:00,703,-6.235444892859697,106.75583232857385,complex_corridor,FRC2,28,28,6,6,1.0,False,-6.235637002833079,106.75573958241279,23.694334982762854,True,
2026-08-26T05:45:48.747611+00:00,821,-6.288795825000754,106.77763638750048,complex_corridor,FRC1,31,31,35,35,1.0,False,-6.288676397337788,106.77774978959411,18.260596237349766,True,
2026-08-26T05:45:49.041209+00:00,1336,-6.235382350000007,106.7560557,complex_corridor,FRC2,19,26,14,10,0.99,False,-6.235851643158244,106.75634307944131,61.09133400248038,True,
2026-08-26T05:45:49.341936+00:00,2187,-6.234661449999994,106.7555585,complex_corridor,FRC2,39,39,18,18,1.0,False,-6.235295044618109,106.75596622907466,83.63486690954973,True,
2026-08-26T05:45:49.644223+00:00,2188,-6.233655599999991,106.75488135,complex_corridor,FRC2,30,30,32,32,1.0,False,-6.233742064909034,106.75495503627582,12.600808704103487,True,
2026-08-26T05:45:49.951454+00:00,2298,-6.288583799999989,106.77784095,complex_corridor,FRC1,28,41,500,341,1.0,False,-6.288634823320289,106.77780477487897,6.94084144102375,True,
2026-08-26T05:45:50.253096+00:00,2322,-6.2884621,106.7781152,complex_corridor,FRC1,19,25,73,56,1.0,False,-6.288455113550981,106.77822722279888,12.405765015820144,True,
2026-08-26T05:45:50.567113+00:00,2459,-6.23996075,106.79819865,complex_corridor,FRC3,15,27,757,420,1.0,False,-6.239927209643448,106.79835988366938,18.208192291717626,True,
2026-08-26T05:45:50.878997+00:00,2660,-6.288887410002579,106.77817204999796,complex_corridor,FRC1,7,14,63,31,1.0,False,-6.289080056713849,106.77821112954479,21.852459789678804,True,
2026-08-26T05:45:51.181035+00:00,2731,-6.240104349999994,106.79819525,complex_corridor,FRC1,14,21,428,285,1.0,False,-6.254711568502923,106.79717434728451,1628.1638385691926,False,
2026-08-26T05:45:51.487415+00:00,2979,-6.239918790000258,106.79844824999957,complex_corridor,FRC2,10,15,4,2,1.0,False,-6.239928542802509,106.79846583092547,2.2254395550977346,True,
2026-08-26T05:45:51.785158+00:00,3134,-6.2892448600025785,106.77855074999796,complex_corridor,FRC1,18,22,14,11,1.0,False,-6.289262432333267,106.778499467014,5.995427904385316,True,
2026-08-26T05:45:52.084746+00:00,3164,-6.239840140000258,106.79869149999956,complex_corridor,FRC2,24,24,145,145,1.0,False,-6.23981997364873,106.79856239045006,14.446370748590217,True,
2026-08-26T05:45:52.408254+00:00,3940,-6.242815700000143,106.84290446666662,complex_corridor,FRC2,21,21,19,19,1.0,False,-6.242610768682978,106.84288187111798,22.923789898286447,True,
2026-08-26T05:45:52.722917+00:00,3995,-6.2428431,106.8426503,complex_corridor,FRC2,32,32,8,8,1.0,False,-6.24270333943449,106.84230519617961,41.19038604817657,True,
2026-08-26T05:45:53.057214+00:00,4135,-6.242451300001405,106.84346441666648,complex_corridor,FRC3,27,27,15,15,1.0,False,-6.24264159782794,106.84303341592732,52.128779444682614,True,
2026-08-26T05:45:53.357164+00:00,4174,-6.242622250001264,106.84418269999986,complex_corridor,FRC3,12,21,24,14,0.99,False,-6.242365385288672,106.84405667866673,31.777844988721665,True,
2026-08-26T05:45:53.661465+00:00,4307,-6.237238257899974,106.8272395210502,complex_corridor,FRC2,21,21,6,6,1.0,False,-6.237236971031365,106.82743234718856,21.314848279038795,True,
2026-08-26T05:45:53.957028+00:00,4312,-6.237042057899963,106.8269344210502,complex_corridor,FRC2,23,23,6,6,1.0,False,-6.237208807900389,106.82690797532604,18.770772040768108,True,
2026-08-26T05:45:54.255450+00:00,4383,-6.255330045001537,106.84307333999776,complex_corridor,FRC4,25,25,7,7,1.0,False,-6.255170245392188,106.84296367849294,21.509477825194235,True,
2026-08-26T05:45:54.547806+00:00,4421,-6.237577607899957,106.82686737105018,complex_corridor,FRC3,19,19,25,25,1.0,False,-6.237416698431964,106.82692406858013,18.95817050701808,True,
2026-08-26T05:45:54.841343+00:00,5234,-6.255677025000373,106.8431710999986,complex_corridor,FRC4,23,23,6,6,1.0,False,-6.25559934329838,106.84329627241084,16.310649749926508,True,
2026-08-26T05:45:55.143038+00:00,5259,-6.255508725000373,106.84360214999862,complex_corridor,FRC4,29,29,297,297,1.0,False,-6.255457199448482,106.84295563186589,71.6908067558573,True,
2026-08-26T05:45:55.446382+00:00,5296,-6.242909649999996,106.84406470000002,complex_corridor,FRC2,21,35,67,40,1.0,False,-6.24287098327402,106.84404058541264,5.0587612651154314,True,
2026-08-26T06:00:58.967490+00:00,703,-6.235444892859697,106.75583232857385,complex_corridor,FRC2,28,28,6,6,1.0,False,-6.235637002833079,106.75573958241279,23.694334982762854,True,
2026-08-26T06:00:59.234202+00:00,821,-6.288795825000754,106.77763638750048,complex_corridor,FRC1,31,31,35,35,1.0,False,-6.288676397337788,106.77774978959411,18.260596237349766,True,
2026-08-26T06:00:59.498410+00:00,1336,-6.235382350000007,106.7560557,complex_corridor,FRC2,27,27,9,9,1.0,False,-6.235851643158244,106.75634307944131,61.09133400248038,True,
2026-08-26T06:00:59.764870+00:00,2187,-6.234661449999994,106.7555585,complex_corridor,FRC2,39,39,18,18,1.0,False,-6.235295044618109,106.75596622907466,83.63486690954973,True,
2026-08-26T06:01:00.031307+00:00,2188,-6.233655599999991,106.75488135,complex_corridor,FRC2,30,30,32,32,1.0,False,-6.233742064909034,106.75495503627582,12.600808704103487,True,
2026-08-26T06:01:00.308373+00:00,2298,-6.288583799999989,106.77784095,complex_corridor,FRC1,31,40,451,350,1.0,False,-6.288634823320289,106.77780477487897,6.94084144102375,True,
2026-08-26T06:01:00.573755+00:00,2322,-6.2884621,106.7781152,complex_corridor,FRC1,20,26,70,53,1.0,False,-6.288455113550981,106.77822722279888,12.405765015820144,True,
2026-08-26T06:01:00.844034+00:00,2459,-6.23996075,106.79819865,complex_corridor,FRC3,15,27,757,420,1.0,False,-6.239927209643448,106.79835988366938,18.208192291717626,True,
2026-08-26T06:01:01.110607+00:00,2660,-6.288887410002579,106.77817204999796,complex_corridor,FRC1,15,15,29,29,1.0,False,-6.289080056713849,106.77821112954479,21.852459789678804,True,
2026-08-26T06:01:01.381295+00:00,2731,-6.240104349999994,106.79819525,complex_corridor,FRC1,16,20,375,300,1.0,False,-6.254711568502923,106.79717434728451,1628.1638385691926,False,
2026-08-26T06:01:01.648751+00:00,2979,-6.239918790000258,106.79844824999957,complex_corridor,FRC2,15,15,2,2,1.0,False,-6.239928542802509,106.79846583092547,2.2254395550977346,True,
2026-08-26T06:01:01.914051+00:00,3134,-6.2892448600025785,106.77855074999796,complex_corridor,FRC1,22,22,11,11,1.0,False,-6.289262432333267,106.778499467014,5.995427904385316,True,
2026-08-26T06:01:02.176834+00:00,3164,-6.239840140000258,106.79869149999956,complex_corridor,FRC2,24,24,145,145,1.0,False,-6.23981997364873,106.79856239045006,14.446370748590217,True,
2026-08-26T06:01:02.445473+00:00,3940,-6.242815700000143,106.84290446666662,complex_corridor,FRC2,21,21,19,19,1.0,False,-6.242610768682978,106.84288187111798,22.923789898286447,True,
2026-08-26T06:01:02.716400+00:00,3995,-6.2428431,106.8426503,complex_corridor,FRC2,32,32,8,8,1.0,False,-6.24270333943449,106.84230519617961,41.19038604817657,True,
2026-08-26T06:01:02.984450+00:00,4135,-6.242451300001405,106.84346441666648,complex_corridor,FRC3,27,27,15,15,1.0,False,-6.24264159782794,106.84303341592732,52.128779444682614,True,
2026-08-26T06:01:03.254424+00:00,4174,-6.242622250001264,106.84418269999986,complex_corridor,FRC3,21,21,14,14,1.0,False,-6.242365385288672,106.84405667866673,31.777844988721665,True,
2026-08-26T06:01:03.525942+00:00,4307,-6.237238257899974,106.8272395210502,complex_corridor,FRC2,21,21,6,6,1.0,False,-6.237236971031365,106.82743234718856,21.314848279038795,True,
2026-08-26T06:01:03.795633+00:00,4312,-6.237042057899963,106.8269344210502,complex_corridor,FRC2,23,23,6,6,1.0,False,-6.237208807900389,106.82690797532604,18.770772040768108,True,
2026-08-26T06:01:04.062791+00:00,4383,-6.255330045001537,106.84307333999776,complex_corridor,FRC4,25,25,7,7,1.0,False,-6.255170245392188,106.84296367849294,21.509477825194235,True,
2026-08-26T06:01:04.334224+00:00,4421,-6.237577607899957,106.82686737105018,complex_corridor,FRC3,14,18,35,27,0.99,False,-6.237416698431964,106.82692406858013,18.95817050701808,True,
2026-08-26T06:01:04.605270+00:00,5234,-6.255677025000373,106.8431710999986,complex_corridor,FRC4,23,23,6,6,1.0,False,-6.25559934329838,106.84329627241084,16.310649749926508,True,
2026-08-26T06:01:04.882653+00:00,5259,-6.255508725000373,106.84360214999862,complex_corridor,FRC4,25,29,344,297,0.993054,False,-6.255457199448482,106.84295563186589,71.6908067558573,True,
2026-08-26T06:01:05.147378+00:00,5296,-6.242909649999996,106.84406470000002,complex_corridor,FRC2,18,35,79,40,1.0,False,-6.24287098327402,106.84404058541264,5.0587612651154314,True,
2026-08-26T06:15:48.295231+00:00,703,-6.235444892859697,106.75583232857385,complex_corridor,FRC2,28,28,6,6,1.0,False,-6.235637002833079,106.75573958241279,23.694334982762854,True,
2026-08-26T06:15:48.570128+00:00,821,-6.288795825000754,106.77763638750048,complex_corridor,FRC1,31,31,35,35,1.0,False,-6.288676397337788,106.77774978959411,18.260596237349766,True,
2026-08-26T06:15:48.840768+00:00,1336,-6.235382350000007,106.7560557,complex_corridor,FRC2,27,27,9,9,1.0,False,-6.235851643158244,106.75634307944131,61.09133400248038,True,
2026-08-26T06:15:49.110162+00:00,2187,-6.234661449999994,106.7555585,complex_corridor,FRC2,39,39,18,18,1.0,False,-6.235295044618109,106.75596622907466,83.63486690954973,True,
2026-08-26T06:15:49.384914+00:00,2188,-6.233655599999991,106.75488135,complex_corridor,FRC2,30,30,32,32,1.0,False,-6.233742064909034,106.75495503627582,12.600808704103487,True,
2026-08-26T06:15:49.663216+00:00,2298,-6.288583799999989,106.77784095,complex_corridor,FRC1,32,41,437,341,1.0,False,-6.288634823320289,106.77780477487897,6.94084144102375,True,
2026-08-26T06:15:49.932642+00:00,2322,-6.2884621,106.7781152,complex_corridor,FRC1,26,26,53,53,1.0,False,-6.288455113550981,106.77822722279888,12.405765015820144,True,
2026-08-26T06:15:50.206422+00:00,2459,-6.23996075,106.79819865,complex_corridor,FRC3,15,27,757,420,1.0,False,-6.239927209643448,106.79835988366938,18.208192291717626,True,
2026-08-26T06:15:50.481049+00:00,2660,-6.288887410002579,106.77817204999796,complex_corridor,FRC1,9,14,49,31,1.0,False,-6.289080056713849,106.77821112954479,21.852459789678804,True,
2026-08-26T06:15:50.747145+00:00,2731,-6.240104349999994,106.79819525,complex_corridor,FRC1,16,20,375,300,1.0,False,-6.254711568502923,106.79717434728451,1628.1638385691926,False,
2026-08-26T06:15:51.020151+00:00,2979,-6.239918790000258,106.79844824999957,complex_corridor,FRC2,15,15,2,2,1.0,False,-6.239928542802509,106.79846583092547,2.2254395550977346,True,
2026-08-26T06:15:51.288977+00:00,3134,-6.2892448600025785,106.77855074999796,complex_corridor,FRC1,14,21,18,12,1.0,False,-6.289262432333267,106.778499467014,5.995427904385316,True,
2026-08-26T06:15:51.557690+00:00,3164,-6.239840140000258,106.79869149999956,complex_corridor,FRC2,24,24,145,145,1.0,False,-6.23981997364873,106.79856239045006,14.446370748590217,True,
2026-08-26T06:15:51.820318+00:00,3940,-6.242815700000143,106.84290446666662,complex_corridor,FRC2,21,21,19,19,1.0,False,-6.242610768682978,106.84288187111798,22.923789898286447,True,
2026-08-26T06:15:52.094353+00:00,3995,-6.2428431,106.8426503,complex_corridor,FRC2,32,32,8,8,1.0,False,-6.24270333943449,106.84230519617961,41.19038604817657,True,
2026-08-26T06:15:52.363005+00:00,4135,-6.242451300001405,106.84346441666648,complex_corridor,FRC3,27,27,15,15,1.0,False,-6.24264159782794,106.84303341592732,52.128779444682614,True,
2026-08-26T06:15:52.630217+00:00,4174,-6.242622250001264,106.84418269999986,complex_corridor,FRC3,21,21,14,14,1.0,False,-6.242365385288672,106.84405667866673,31.777844988721665,True,
2026-08-26T06:15:52.898714+00:00,4307,-6.237238257899974,106.8272395210502,complex_corridor,FRC2,12,20,10,6,1.0,False,-6.237236971031365,106.82743234718856,21.314848279038795,True,
2026-08-26T06:15:53.163686+00:00,4312,-6.237042057899963,106.8269344210502,complex_corridor,FRC2,23,23,6,6,1.0,False,-6.237208807900389,106.82690797532604,18.770772040768108,True,
2026-08-26T06:15:53.436842+00:00,4383,-6.255330045001537,106.84307333999776,complex_corridor,FRC4,25,25,7,7,1.0,False,-6.255170245392188,106.84296367849294,21.509477825194235,True,
2026-08-26T06:15:53.702962+00:00,4421,-6.237577607899957,106.82686737105018,complex_corridor,FRC3,11,18,44,27,0.98,False,-6.237416698431964,106.82692406858013,18.95817050701808,True,
2026-08-26T06:15:53.984443+00:00,5234,-6.255677025000373,106.8431710999986,complex_corridor,FRC4,14,23,10,6,0.99,False,-6.25559934329838,106.84329627241084,16.310649749926508,True,
2026-08-26T06:15:54.253842+00:00,5259,-6.255508725000373,106.84360214999862,complex_corridor,FRC4,29,29,297,297,1.0,False,-6.255457199448482,106.84295563186589,71.6908067558573,True,
2026-08-26T06:15:54.540071+00:00,5296,-6.242909649999996,106.84406470000002,complex_corridor,FRC2,26,34,54,41,1.0,False,-6.24287098327402,106.84404058541264,5.0587612651154314,True,
2026-08-26T06:30:57.988852+00:00,703,-6.235444892859697,106.75583232857385,complex_corridor,FRC2,28,28,6,6,1.0,False,-6.235637002833079,106.75573958241279,23.694334982762854,True,
2026-08-26T06:30:58.264351+00:00,821,-6.288795825000754,106.77763638750048,complex_corridor,FRC1,31,31,35,35,1.0,False,-6.288676397337788,106.77774978959411,18.260596237349766,True,
2026-08-26T06:30:58.529717+00:00,1336,-6.235382350000007,106.7560557,complex_corridor,FRC2,27,27,9,9,1.0,False,-6.235851643158244,106.75634307944131,61.09133400248038,True,
2026-08-26T06:30:58.824122+00:00,2187,-6.234661449999994,106.7555585,complex_corridor,FRC2,39,39,18,18,1.0,False,-6.235295044618109,106.75596622907466,83.63486690954973,True,
2026-08-26T06:30:59.095165+00:00,2188,-6.233655599999991,106.75488135,complex_corridor,FRC2,30,30,32,32,1.0,False,-6.233742064909034,106.75495503627582,12.600808704103487,True,
2026-08-26T06:30:59.363703+00:00,2298,-6.288583799999989,106.77784095,complex_corridor,FRC1,32,41,437,341,1.0,False,-6.288634823320289,106.77780477487897,6.94084144102375,True,
2026-08-26T06:30:59.629623+00:00,2322,-6.2884621,106.7781152,complex_corridor,FRC1,26,26,53,53,1.0,False,-6.288455113550981,106.77822722279888,12.405765015820144,True,
2026-08-26T06:30:59.898387+00:00,2459,-6.23996075,106.79819865,complex_corridor,FRC3,16,28,710,405,1.0,False,-6.239927209643448,106.79835988366938,18.208192291717626,True,
2026-08-26T06:31:00.164343+00:00,2660,-6.288887410002579,106.77817204999796,complex_corridor,FRC1,11,14,40,31,1.0,False,-6.289080056713849,106.77821112954479,21.852459789678804,True,
2026-08-26T06:31:00.429557+00:00,2731,-6.240104349999994,106.79819525,complex_corridor,FRC1,21,21,285,285,1.0,False,-6.254711568502923,106.79717434728451,1628.1638385691926,False,
2026-08-26T06:31:00.695342+00:00,2979,-6.239918790000258,106.79844824999957,complex_corridor,FRC2,15,15,2,2,1.0,False,-6.239928542802509,106.79846583092547,2.2254395550977346,True,
2026-08-26T06:31:00.958697+00:00,3134,-6.2892448600025785,106.77855074999796,complex_corridor,FRC1,22,22,11,11,1.0,False,-6.289262432333267,106.778499467014,5.995427904385316,True,
2026-08-26T06:31:01.224365+00:00,3164,-6.239840140000258,106.79869149999956,complex_corridor,FRC2,20,26,174,134,1.0,False,-6.23981997364873,106.79856239045006,14.446370748590217,True,
2026-08-26T06:31:01.489520+00:00,3940,-6.242815700000143,106.84290446666662,complex_corridor,FRC2,21,21,19,19,1.0,False,-6.242610768682978,106.84288187111798,22.923789898286447,True,
2026-08-26T06:31:01.757642+00:00,3995,-6.2428431,106.8426503,complex_corridor,FRC2,32,32,8,8,1.0,False,-6.24270333943449,106.84230519617961,41.19038604817657,True,
2026-08-26T06:31:02.024151+00:00,4135,-6.242451300001405,106.84346441666648,complex_corridor,FRC3,27,27,15,15,1.0,False,-6.24264159782794,106.84303341592732,52.128779444682614,True,
2026-08-26T06:31:02.291083+00:00,4174,-6.242622250001264,106.84418269999986,complex_corridor,FRC3,21,21,14,14,1.0,False,-6.242365385288672,106.84405667866673,31.777844988721665,True,
2026-08-26T06:31:02.556708+00:00,4307,-6.237238257899974,106.8272395210502,complex_corridor,FRC2,21,21,6,6,1.0,False,-6.237236971031365,106.82743234718856,21.314848279038795,True,
2026-08-26T06:31:02.827034+00:00,4312,-6.237042057899963,106.8269344210502,complex_corridor,FRC2,23,23,6,6,1.0,False,-6.237208807900389,106.82690797532604,18.770772040768108,True,
2026-08-26T06:31:03.092861+00:00,4383,-6.255330045001537,106.84307333999776,complex_corridor,FRC4,25,25,7,7,1.0,False,-6.255170245392188,106.84296367849294,21.509477825194235,True,
2026-08-26T06:31:03.363029+00:00,4421,-6.237577607899957,106.82686737105018,complex_corridor,FRC3,7,19,70,25,0.96,False,-6.237416698431964,106.82692406858013,18.95817050701808,True,
2026-08-26T06:31:03.628967+00:00,5234,-6.255677025000373,106.8431710999986,complex_corridor,FRC4,12,22,11,6,0.98,False,-6.25559934329838,106.84329627241084,16.310649749926508,True,
2026-08-26T06:31:03.902910+00:00,5259,-6.255508725000373,106.84360214999862,complex_corridor,FRC4,29,29,297,297,1.0,False,-6.255457199448482,106.84295563186589,71.6908067558573,True,
2026-08-26T06:31:04.167469+00:00,5296,-6.242909649999996,106.84406470000002,complex_corridor,FRC2,21,34,67,41,1.0,False,-6.24287098327402,106.84404058541264,5.0587612651154314,True,
2026-08-26T06:45:50.305334+00:00,703,-6.235444892859697,106.75583232857385,complex_corridor,FRC2,28,28,6,6,1.0,False,-6.235637002833079,106.75573958241279,23.694334982762854,True,
2026-08-26T06:45:50.604136+00:00,821,-6.288795825000754,106.77763638750048,complex_corridor,FRC1,31,31,35,35,1.0,False,-6.288676397337788,106.77774978959411,18.260596237349766,True,
2026-08-26T06:45:50.898374+00:00,1336,-6.235382350000007,106.7560557,complex_corridor,FRC2,27,27,9,9,1.0,False,-6.235851643158244,106.75634307944131,61.09133400248038,True,
2026-08-26T06:45:51.196685+00:00,2187,-6.234661449999994,106.7555585,complex_corridor,FRC2,39,39,18,18,1.0,False,-6.235295044618109,106.75596622907466,83.63486690954973,True,
2026-08-26T06:45:51.495712+00:00,2188,-6.233655599999991,106.75488135,complex_corridor,FRC2,30,30,32,32,1.0,False,-6.233742064909034,106.75495503627582,12.600808704103487,True,
2026-08-26T06:45:51.787670+00:00,2298,-6.288583799999989,106.77784095,complex_corridor,FRC1,30,41,466,341,1.0,False,-6.288634823320289,106.77780477487897,6.94084144102375,True,
2026-08-26T06:45:52.082476+00:00,2322,-6.2884621,106.7781152,complex_corridor,FRC1,26,26,53,53,1.0,False,-6.288455113550981,106.77822722279888,12.405765015820144,True,
2026-08-26T06:45:52.378008+00:00,2459,-6.23996075,106.79819865,complex_corridor,FRC3,16,28,710,405,1.0,False,-6.239927209643448,106.79835988366938,18.208192291717626,True,
2026-08-26T06:45:52.676829+00:00,2660,-6.288887410002579,106.77817204999796,complex_corridor,FRC1,11,14,40,31,1.0,False,-6.289080056713849,106.77821112954479,21.852459789678804,True,
2026-08-26T06:45:52.973960+00:00,2731,-6.240104349999994,106.79819525,complex_corridor,FRC1,16,20,375,300,1.0,False,-6.254711568502923,106.79717434728451,1628.1638385691926,False,
2026-08-26T06:45:53.264731+00:00,2979,-6.239918790000258,106.79844824999957,complex_corridor,FRC2,12,15,3,2,1.0,False,-6.239928542802509,106.79846583092547,2.2254395550977346,True,
2026-08-26T06:45:53.555745+00:00,3134,-6.2892448600025785,106.77855074999796,complex_corridor,FRC1,11,21,23,12,1.0,False,-6.289262432333267,106.778499467014,5.995427904385316,True,
2026-08-26T06:45:53.848626+00:00,3164,-6.239840140000258,106.79869149999956,complex_corridor,FRC2,20,25,174,139,1.0,False,-6.23981997364873,106.79856239045006,14.446370748590217,True,
2026-08-26T06:45:54.143374+00:00,3940,-6.242815700000143,106.84290446666662,complex_corridor,FRC2,21,21,19,19,1.0,False,-6.242610768682978,106.84288187111798,22.923789898286447,True,
2026-08-26T06:45:54.436096+00:00,3995,-6.2428431,106.8426503,complex_corridor,FRC2,32,32,8,8,1.0,False,-6.24270333943449,106.84230519617961,41.19038604817657,True,
2026-08-26T06:45:54.729566+00:00,4135,-6.242451300001405,106.84346441666648,complex_corridor,FRC3,27,27,15,15,1.0,False,-6.24264159782794,106.84303341592732,52.128779444682614,True,
2026-08-26T06:45:55.019951+00:00,4174,-6.242622250001264,106.84418269999986,complex_corridor,FRC3,21,21,14,14,1.0,False,-6.242365385288672,106.84405667866673,31.777844988721665,True,
2026-08-26T06:45:55.332298+00:00,4307,-6.237238257899974,106.8272395210502,complex_corridor,FRC2,21,21,6,6,1.0,False,-6.237236971031365,106.82743234718856,21.314848279038795,True,
2026-08-26T06:45:55.622290+00:00,4312,-6.237042057899963,106.8269344210502,complex_corridor,FRC2,23,23,6,6,1.0,False,-6.237208807900389,106.82690797532604,18.770772040768108,True,
2026-08-26T06:45:55.913378+00:00,4383,-6.255330045001537,106.84307333999776,complex_corridor,FRC4,17,24,10,7,1.0,False,-6.255170245392188,106.84296367849294,21.509477825194235,True,
2026-08-26T06:45:56.246702+00:00,4421,-6.237577607899957,106.82686737105018,complex_corridor,FRC3,14,18,35,27,0.94,False,-6.237416698431964,106.82692406858013,18.95817050701808,True,
2026-08-26T06:45:56.543723+00:00,5234,-6.255677025000373,106.8431710999986,complex_corridor,FRC4,6,22,23,6,0.99,False,-6.25559934329838,106.84329627241084,16.310649749926508,True,
2026-08-26T06:45:56.834582+00:00,5259,-6.255508725000373,106.84360214999862,complex_corridor,FRC4,29,29,297,297,1.0,False,-6.255457199448482,106.84295563186589,71.6908067558573,True,
2026-08-26T06:45:57.124561+00:00,5296,-6.242909649999996,106.84406470000002,complex_corridor,FRC2,19,35,74,40,1.0,False,-6.24287098327402,106.84404058541264,5.0587612651154314,True,
2026-08-26T07:01:02.146056+00:00,703,-6.235444892859697,106.75583232857385,complex_corridor,FRC2,28,28,6,6,1.0,False,-6.235637002833079,106.75573958241279,23.694334982762854,True,
2026-08-26T07:01:02.417268+00:00,821,-6.288795825000754,106.77763638750048,complex_corridor,FRC1,31,31,35,35,1.0,False,-6.288676397337788,106.77774978959411,18.260596237349766,True,
2026-08-26T07:01:02.685596+00:00,1336,-6.235382350000007,106.7560557,complex_corridor,FRC2,27,27,9,9,1.0,False,-6.235851643158244,106.75634307944131,61.09133400248038,True,
2026-08-26T07:01:02.952694+00:00,2187,-6.234661449999994,106.7555585,complex_corridor,FRC2,39,39,18,18,1.0,False,-6.235295044618109,106.75596622907466,83.63486690954973,True,
2026-08-26T07:01:03.237761+00:00,2188,-6.233655599999991,106.75488135,complex_corridor,FRC2,30,30,32,32,1.0,False,-6.233742064909034,106.75495503627582,12.600808704103487,True,
2026-08-26T07:01:03.509474+00:00,2298,-6.288583799999989,106.77784095,complex_corridor,FRC1,31,41,451,341,1.0,False,-6.288634823320289,106.77780477487897,6.94084144102375,True,
2026-08-26T07:01:03.777828+00:00,2322,-6.2884621,106.7781152,complex_corridor,FRC1,26,26,53,53,1.0,False,-6.288455113550981,106.77822722279888,12.405765015820144,True,
2026-08-26T07:01:04.045761+00:00,2459,-6.23996075,106.79819865,complex_corridor,FRC3,17,27,668,420,1.0,False,-6.239927209643448,106.79835988366938,18.208192291717626,True,
2026-08-26T07:01:04.314213+00:00,2660,-6.288887410002579,106.77817204999796,complex_corridor,FRC1,8,14,55,31,1.0,False,-6.289080056713849,106.77821112954479,21.852459789678804,True,
2026-08-26T07:01:04.581348+00:00,2731,-6.240104349999994,106.79819525,complex_corridor,FRC1,21,21,285,285,1.0,False,-6.254711568502923,106.79717434728451,1628.1638385691926,False,
2026-08-26T07:01:04.847454+00:00,2979,-6.239918790000258,106.79844824999957,complex_corridor,FRC2,15,15,2,2,1.0,False,-6.239928542802509,106.79846583092547,2.2254395550977346,True,
2026-08-26T07:01:05.112672+00:00,3134,-6.2892448600025785,106.77855074999796,complex_corridor,FRC1,22,22,11,11,1.0,False,-6.289262432333267,106.778499467014,5.995427904385316,True,
2026-08-26T07:01:05.377584+00:00,3164,-6.239840140000258,106.79869149999956,complex_corridor,FRC2,20,24,174,145,1.0,False,-6.23981997364873,106.79856239045006,14.446370748590217,True,
2026-08-26T07:01:05.643037+00:00,3940,-6.242815700000143,106.84290446666662,complex_corridor,FRC2,21,21,19,19,1.0,False,-6.242610768682978,106.84288187111798,22.923789898286447,True,
2026-08-26T07:01:05.908222+00:00,3995,-6.2428431,106.8426503,complex_corridor,FRC2,32,32,8,8,1.0,False,-6.24270333943449,106.84230519617961,41.19038604817657,True,
2026-08-26T07:01:06.171882+00:00,4135,-6.242451300001405,106.84346441666648,complex_corridor,FRC3,27,27,15,15,1.0,False,-6.24264159782794,106.84303341592732,52.128779444682614,True,
2026-08-26T07:01:06.446441+00:00,4174,-6.242622250001264,106.84418269999986,complex_corridor,FRC3,21,21,14,14,1.0,False,-6.242365385288672,106.84405667866673,31.777844988721665,True,
2026-08-26T07:01:06.720459+00:00,4307,-6.237238257899974,106.8272395210502,complex_corridor,FRC2,21,21,6,6,1.0,False,-6.237236971031365,106.82743234718856,21.314848279038795,True,
2026-08-26T07:01:06.985667+00:00,4312,-6.237042057899963,106.8269344210502,complex_corridor,FRC2,23,23,6,6,1.0,False,-6.237208807900389,106.82690797532604,18.770772040768108,True,
2026-08-26T07:01:07.250353+00:00,4383,-6.255330045001537,106.84307333999776,complex_corridor,FRC4,25,25,7,7,1.0,False,-6.255170245392188,106.84296367849294,21.509477825194235,True,
2026-08-26T07:01:07.514778+00:00,4421,-6.237577607899957,106.82686737105018,complex_corridor,FRC3,12,19,41,25,0.89,False,-6.237416698431964,106.82692406858013,18.95817050701808,True,
2026-08-26T07:01:07.783136+00:00,5234,-6.255677025000373,106.8431710999986,complex_corridor,FRC4,17,22,8,6,0.99,False,-6.25559934329838,106.84329627241084,16.310649749926508,True,
2026-08-26T07:01:08.051012+00:00,5259,-6.255508725000373,106.84360214999862,complex_corridor,FRC4,23,29,374,297,0.991446,False,-6.255457199448482,106.84295563186589,71.6908067558573,True,
2026-08-26T07:01:08.320926+00:00,5296,-6.242909649999996,106.84406470000002,complex_corridor,FRC2,21,35,67,40,1.0,False,-6.24287098327402,106.84404058541264,5.0587612651154314,True,
2026-08-26T07:15:52.964607+00:00,703,-6.235444892859697,106.75583232857385,complex_corridor,FRC2,28,28,6,6,1.0,False,-6.235637002833079,106.75573958241279,23.694334982762854,True,
2026-08-26T07:15:53.236235+00:00,821,-6.288795825000754,106.77763638750048,complex_corridor,FRC1,31,31,35,35,1.0,False,-6.288676397337788,106.77774978959411,18.260596237349766,True,
2026-08-26T07:15:53.508018+00:00,1336,-6.235382350000007,106.7560557,complex_corridor,FRC2,27,27,9,9,1.0,False,-6.235851643158244,106.75634307944131,61.09133400248038,True,
2026-08-26T07:15:53.777493+00:00,2187,-6.234661449999994,106.7555585,complex_corridor,FRC2,39,39,18,18,1.0,False,-6.235295044618109,106.75596622907466,83.63486690954973,True,
2026-08-26T07:15:54.050942+00:00,2188,-6.233655599999991,106.75488135,complex_corridor,FRC2,30,30,32,32,1.0,False,-6.233742064909034,106.75495503627582,12.600808704103487,True,
2026-08-26T07:15:54.324797+00:00,2298,-6.288583799999989,106.77784095,complex_corridor,FRC1,29,41,482,341,1.0,False,-6.288634823320289,106.77780477487897,6.94084144102375,True,
2026-08-26T07:15:54.598151+00:00,2322,-6.2884621,106.7781152,complex_corridor,FRC1,14,26,100,53,1.0,False,-6.288455113550981,106.77822722279888,12.405765015820144,True,
2026-08-26T07:15:54.867642+00:00,2459,-6.23996075,106.79819865,complex_corridor,FRC3,19,28,597,405,1.0,False,-6.239927209643448,106.79835988366938,18.208192291717626,True,
2026-08-26T07:15:55.141448+00:00,2660,-6.288887410002579,106.77817204999796,complex_corridor,FRC1,15,15,29,29,1.0,False,-6.289080056713849,106.77821112954479,21.852459789678804,True,
2026-08-26T07:15:55.416282+00:00,2731,-6.240104349999994,106.79819525,complex_corridor,FRC1,16,20,375,300,1.0,False,-6.254711568502923,106.79717434728451,1628.1638385691926,False,
2026-08-26T07:15:55.690101+00:00,2979,-6.239918790000258,106.79844824999957,complex_corridor,FRC2,15,15,2,2,1.0,False,-6.239928542802509,106.79846583092547,2.2254395550977346,True,
2026-08-26T07:15:55.970898+00:00,3134,-6.2892448600025785,106.77855074999796,complex_corridor,FRC1,22,22,11,11,1.0,False,-6.289262432333267,106.778499467014,5.995427904385316,True,
2026-08-26T07:15:56.252270+00:00,3164,-6.239840140000258,106.79869149999956,complex_corridor,FRC2,20,24,174,145,1.0,False,-6.23981997364873,106.79856239045006,14.446370748590217,True,
2026-08-26T07:15:56.522866+00:00,3940,-6.242815700000143,106.84290446666662,complex_corridor,FRC2,16,20,25,20,1.0,False,-6.242610768682978,106.84288187111798,22.923789898286447,True,
2026-08-26T07:15:56.793595+00:00,3995,-6.2428431,106.8426503,complex_corridor,FRC2,32,32,8,8,1.0,False,-6.24270333943449,106.84230519617961,41.19038604817657,True,
2026-08-26T07:15:57.066144+00:00,4135,-6.242451300001405,106.84346441666648,complex_corridor,FRC3,27,27,15,15,1.0,False,-6.24264159782794,106.84303341592732,52.128779444682614,True,
2026-08-26T07:15:57.335025+00:00,4174,-6.242622250001264,106.84418269999986,complex_corridor,FRC3,21,21,14,14,1.0,False,-6.242365385288672,106.84405667866673,31.777844988721665,True,
2026-08-26T07:15:57.614526+00:00,4307,-6.237238257899974,106.8272395210502,complex_corridor,FRC2,21,21,6,6,1.0,False,-6.237236971031365,106.82743234718856,21.314848279038795,True,
2026-08-26T07:15:57.884606+00:00,4312,-6.237042057899963,106.8269344210502,complex_corridor,FRC2,23,23,6,6,1.0,False,-6.237208807900389,106.82690797532604,18.770772040768108,True,
2026-08-26T07:15:58.154031+00:00,4383,-6.255330045001537,106.84307333999776,complex_corridor,FRC4,25,25,7,7,1.0,False,-6.255170245392188,106.84296367849294,21.509477825194235,True,
2026-08-26T07:15:58.433633+00:00,4421,-6.237577607899957,106.82686737105018,complex_corridor,FRC3,11,19,44,25,0.96,False,-6.237416698431964,106.82692406858013,18.95817050701808,True,
2026-08-26T07:15:58.703961+00:00,5234,-6.255677025000373,106.8431710999986,complex_corridor,FRC4,23,23,6,6,1.0,False,-6.25559934329838,106.84329627241084,16.310649749926508,True,
2026-08-26T07:15:58.979478+00:00,5259,-6.255508725000373,106.84360214999862,complex_corridor,FRC4,21,28,410,307,0.993079,False,-6.255457199448482,106.84295563186589,71.6908067558573,True,
2026-08-26T07:15:59.252069+00:00,5296,-6.242909649999996,106.84406470000002,complex_corridor,FRC2,19,35,74,40,1.0,False,-6.24287098327402,106.84404058541264,5.0587612651154314,True,
2026-08-26T07:30:54.111028+00:00,703,-6.235444892859697,106.75583232857385,complex_corridor,FRC2,28,28,6,6,1.0,False,-6.235637002833079,106.75573958241279,23.694334982762854,True,
2026-08-26T07:30:54.377305+00:00,821,-6.288795825000754,106.77763638750048,complex_corridor,FRC1,31,31,35,35,1.0,False,-6.288676397337788,106.77774978959411,18.260596237349766,True,
2026-08-26T07:30:54.647017+00:00,1336,-6.235382350000007,106.7560557,complex_corridor,FRC2,27,27,9,9,1.0,False,-6.235851643158244,106.75634307944131,61.09133400248038,True,
2026-08-26T07:30:54.913907+00:00,2187,-6.234661449999994,106.7555585,complex_corridor,FRC2,39,39,18,18,1.0,False,-6.235295044618109,106.75596622907466,83.63486690954973,True,
2026-08-26T07:30:55.180875+00:00,2188,-6.233655599999991,106.75488135,complex_corridor,FRC2,30,30,32,32,1.0,False,-6.233742064909034,106.75495503627582,12.600808704103487,True,
2026-08-26T07:30:55.455014+00:00,2298,-6.288583799999989,106.77784095,complex_corridor,FRC1,29,40,482,350,1.0,False,-6.288634823320289,106.77780477487897,6.94084144102375,True,
2026-08-26T07:30:55.722858+00:00,2322,-6.2884621,106.7781152,complex_corridor,FRC1,18,25,77,56,0.99,False,-6.288455113550981,106.77822722279888,12.405765015820144,True,
2026-08-26T07:30:55.992198+00:00,2459,-6.23996075,106.79819865,complex_corridor,FRC3,17,27,668,420,1.0,False,-6.239927209643448,106.79835988366938,18.208192291717626,True,
2026-08-26T07:30:56.259223+00:00,2660,-6.288887410002579,106.77817204999796,complex_corridor,FRC1,9,14,49,31,1.0,False,-6.289080056713849,106.77821112954479,21.852459789678804,True,
2026-08-26T07:30:56.531546+00:00,2731,-6.240104349999994,106.79819525,complex_corridor,FRC1,16,20,375,300,1.0,False,-6.254711568502923,106.79717434728451,1628.1638385691926,False,
2026-08-26T07:30:56.817361+00:00,2979,-6.239918790000258,106.79844824999957,complex_corridor,FRC2,8,15,5,2,1.0,False,-6.239928542802509,106.79846583092547,2.2254395550977346,True,
2026-08-26T07:30:57.082821+00:00,3134,-6.2892448600025785,106.77855074999796,complex_corridor,FRC1,13,22,20,11,1.0,False,-6.289262432333267,106.778499467014,5.995427904385316,True,
2026-08-26T07:30:57.366979+00:00,3164,-6.239840140000258,106.79869149999956,complex_corridor,FRC2,24,24,145,145,1.0,False,-6.23981997364873,106.79856239045006,14.446370748590217,True,
2026-08-26T07:30:57.637463+00:00,3940,-6.242815700000143,106.84290446666662,complex_corridor,FRC2,15,20,26,20,1.0,False,-6.242610768682978,106.84288187111798,22.923789898286447,True,
2026-08-26T07:30:57.905341+00:00,3995,-6.2428431,106.8426503,complex_corridor,FRC2,20,30,13,9,0.97,False,-6.24270333943449,106.84230519617961,41.19038604817657,True,
2026-08-26T07:30:58.174006+00:00,4135,-6.242451300001405,106.84346441666648,complex_corridor,FRC3,27,27,15,15,1.0,False,-6.24264159782794,106.84303341592732,52.128779444682614,True,
2026-08-26T07:30:58.445277+00:00,4174,-6.242622250001264,106.84418269999986,complex_corridor,FRC3,21,21,14,14,1.0,False,-6.242365385288672,106.84405667866673,31.777844988721665,True,
2026-08-26T07:30:58.722673+00:00,4307,-6.237238257899974,106.8272395210502,complex_corridor,FRC2,3,22,43,5,0.98,False,-6.237236971031365,106.82743234718856,21.314848279038795,True,
2026-08-26T07:30:58.992367+00:00,4312,-6.237042057899963,106.8269344210502,complex_corridor,FRC2,23,23,6,6,1.0,False,-6.237208807900389,106.82690797532604,18.770772040768108,True,
2026-08-26T07:30:59.271608+00:00,4383,-6.255330045001537,106.84307333999776,complex_corridor,FRC4,25,25,7,7,1.0,False,-6.255170245392188,106.84296367849294,21.509477825194235,True,
2026-08-26T07:30:59.541598+00:00,4421,-6.237577607899957,106.82686737105018,complex_corridor,FRC3,11,19,44,25,0.99,False,-6.237416698431964,106.82692406858013,18.95817050701808,True,
2026-08-26T07:30:59.806097+00:00,5234,-6.255677025000373,106.8431710999986,complex_corridor,FRC4,8,22,17,6,0.99,False,-6.25559934329838,106.84329627241084,16.310649749926508,True,
2026-08-26T07:31:00.076724+00:00,5259,-6.255508725000373,106.84360214999862,complex_corridor,FRC4,24,29,359,297,0.992486,False,-6.255457199448482,106.84295563186589,71.6908067558573,True,
2026-08-26T07:31:00.346921+00:00,5296,-6.242909649999996,106.84406470000002,complex_corridor,FRC2,35,35,40,40,1.0,False,-6.24287098327402,106.84404058541264,5.0587612651154314,True,
2026-08-26T07:45:51.909077+00:00,703,-6.235444892859697,106.75583232857385,complex_corridor,FRC2,28,28,6,6,1.0,False,-6.235637002833079,106.75573958241279,23.694334982762854,True,
2026-08-26T07:45:52.215178+00:00,821,-6.288795825000754,106.77763638750048,complex_corridor,FRC1,31,31,35,35,1.0,False,-6.288676397337788,106.77774978959411,18.260596237349766,True,
2026-08-26T07:45:52.538615+00:00,1336,-6.235382350000007,106.7560557,complex_corridor,FRC2,27,27,9,9,1.0,False,-6.235851643158244,106.75634307944131,61.09133400248038,True,
2026-08-26T07:45:52.835312+00:00,2187,-6.234661449999994,106.7555585,complex_corridor,FRC2,39,39,18,18,1.0,False,-6.235295044618109,106.75596622907466,83.63486690954973,True,
2026-08-26T07:45:53.134623+00:00,2188,-6.233655599999991,106.75488135,complex_corridor,FRC2,30,30,32,32,1.0,False,-6.233742064909034,106.75495503627582,12.600808704103487,True,
2026-08-26T07:45:53.441086+00:00,2298,-6.288583799999989,106.77784095,complex_corridor,FRC1,29,41,482,341,1.0,False,-6.288634823320289,106.77780477487897,6.94084144102375,True,
2026-08-26T07:45:53.749539+00:00,2322,-6.2884621,106.7781152,complex_corridor,FRC1,26,26,53,53,1.0,False,-6.288455113550981,106.77822722279888,12.405765015820144,True,
2026-08-26T07:45:54.050311+00:00,2459,-6.23996075,106.79819865,complex_corridor,FRC3,17,27,668,420,1.0,False,-6.239927209643448,106.79835988366938,18.208192291717626,True,
2026-08-26T07:45:54.348969+00:00,2660,-6.288887410002579,106.77817204999796,complex_corridor,FRC1,15,16,29,27,1.0,False,-6.289080056713849,106.77821112954479,21.852459789678804,True,
2026-08-26T07:45:54.668717+00:00,2731,-6.240104349999994,106.79819525,complex_corridor,FRC1,15,21,400,285,1.0,False,-6.254711568502923,106.79717434728451,1628.1638385691926,False,
2026-08-26T07:45:54.965758+00:00,2979,-6.239918790000258,106.79844824999957,complex_corridor,FRC2,15,15,2,2,1.0,False,-6.239928542802509,106.79846583092547,2.2254395550977346,True,
2026-08-26T07:45:55.266342+00:00,3134,-6.2892448600025785,106.77855074999796,complex_corridor,FRC1,14,21,18,12,1.0,False,-6.289262432333267,106.778499467014,5.995427904385316,True,
2026-08-26T07:45:55.567736+00:00,3164,-6.239840140000258,106.79869149999956,complex_corridor,FRC2,19,24,183,145,1.0,False,-6.23981997364873,106.79856239045006,14.446370748590217,True,
2026-08-26T07:45:55.881650+00:00,3940,-6.242815700000143,106.84290446666662,complex_corridor,FRC2,13,21,30,19,0.99,False,-6.242610768682978,106.84288187111798,22.923789898286447,True,
2026-08-26T07:45:56.190782+00:00,3995,-6.2428431,106.8426503,complex_corridor,FRC2,22,30,12,9,0.94,False,-6.24270333943449,106.84230519617961,41.19038604817657,True,
2026-08-26T07:45:56.488921+00:00,4135,-6.242451300001405,106.84346441666648,complex_corridor,FRC3,27,27,15,15,1.0,False,-6.24264159782794,106.84303341592732,52.128779444682614,True,
2026-08-26T07:45:56.789386+00:00,4174,-6.242622250001264,106.84418269999986,complex_corridor,FRC3,21,21,14,14,1.0,False,-6.242365385288672,106.84405667866673,31.777844988721665,True,
2026-08-26T07:45:57.087591+00:00,4307,-6.237238257899974,106.8272395210502,complex_corridor,FRC2,21,21,6,6,1.0,False,-6.237236971031365,106.82743234718856,21.314848279038795,True,
2026-08-26T07:45:57.390791+00:00,4312,-6.237042057899963,106.8269344210502,complex_corridor,FRC2,23,23,6,6,1.0,False,-6.237208807900389,106.82690797532604,18.770772040768108,True,
2026-08-26T07:45:57.696487+00:00,4383,-6.255330045001537,106.84307333999776,complex_corridor,FRC4,25,25,7,7,1.0,False,-6.255170245392188,106.84296367849294,21.509477825194235,True,
2026-08-26T07:45:57.995860+00:00,4421,-6.237577607899957,106.82686737105018,complex_corridor,FRC3,11,18,44,27,0.99,False,-6.237416698431964,106.82692406858013,18.95817050701808,True,
2026-08-26T07:45:58.297195+00:00,5234,-6.255677025000373,106.8431710999986,complex_corridor,FRC4,15,22,9,6,0.99,False,-6.25559934329838,106.84329627241084,16.310649749926508,True,
2026-08-26T07:45:58.602694+00:00,5259,-6.255508725000373,106.84360214999862,complex_corridor,FRC4,25,29,344,297,0.992402,False,-6.255457199448482,106.84295563186589,71.6908067558573,True,
2026-08-26T07:45:58.901385+00:00,5296,-6.242909649999996,106.84406470000002,complex_corridor,FRC2,27,35,52,40,1.0,False,-6.24287098327402,106.84404058541264,5.0587612651154314,True,
2026-08-26T08:00:58.786818+00:00,703,-6.235444892859697,106.75583232857385,complex_corridor,FRC2,28,28,6,6,1.0,False,-6.235637002833079,106.75573958241279,23.694334982762854,True,
2026-08-26T08:00:59.076094+00:00,821,-6.288795825000754,106.77763638750048,complex_corridor,FRC1,31,31,35,35,1.0,False,-6.288676397337788,106.77774978959411,18.260596237349766,True,
2026-08-26T08:00:59.378266+00:00,1336,-6.235382350000007,106.7560557,complex_corridor,FRC2,27,27,9,9,1.0,False,-6.235851643158244,106.75634307944131,61.09133400248038,True,
2026-08-26T08:00:59.693266+00:00,2187,-6.234661449999994,106.7555585,complex_corridor,FRC2,39,39,18,18,1.0,False,-6.235295044618109,106.75596622907466,83.63486690954973,True,
2026-08-26T08:00:59.984049+00:00,2188,-6.233655599999991,106.75488135,complex_corridor,FRC2,30,30,32,32,1.0,False,-6.233742064909034,106.75495503627582,12.600808704103487,True,
2026-08-26T08:01:00.274023+00:00,2298,-6.288583799999989,106.77784095,complex_corridor,FRC1,28,40,500,350,1.0,False,-6.288634823320289,106.77780477487897,6.94084144102375,True,
2026-08-26T08:01:00.565805+00:00,2322,-6.2884621,106.7781152,complex_corridor,FRC1,14,25,100,56,0.99,False,-6.288455113550981,106.77822722279888,12.405765015820144,True,
2026-08-26T08:01:00.857881+00:00,2459,-6.23996075,106.79819865,complex_corridor,FRC3,17,27,668,420,1.0,False,-6.239927209643448,106.79835988366938,18.208192291717626,True,
2026-08-26T08:01:01.154207+00:00,2660,-6.288887410002579,106.77817204999796,complex_corridor,FRC1,6,14,74,31,1.0,False,-6.289080056713849,106.77821112954479,21.852459789678804,True,
2026-08-26T08:01:01.449520+00:00,2731,-6.240104349999994,106.79819525,complex_corridor,FRC1,17,20,353,300,1.0,False,-6.254711568502923,106.79717434728451,1628.1638385691926,False,
2026-08-26T08:01:01.775368+00:00,2979,-6.239918790000258,106.79844824999957,complex_corridor,FRC2,15,15,2,2,1.0,False,-6.239928542802509,106.79846583092547,2.2254395550977346,True,
2026-08-26T08:01:02.067165+00:00,3134,-6.2892448600025785,106.77855074999796,complex_corridor,FRC1,22,22,11,11,1.0,False,-6.289262432333267,106.778499467014,5.995427904385316,True,
2026-08-26T08:01:02.358357+00:00,3164,-6.239840140000258,106.79869149999956,complex_corridor,FRC2,24,24,145,145,1.0,False,-6.23981997364873,106.79856239045006,14.446370748590217,True,
2026-08-26T08:01:02.664659+00:00,3940,-6.242815700000143,106.84290446666662,complex_corridor,FRC2,21,21,19,19,1.0,False,-6.242610768682978,106.84288187111798,22.923789898286447,True,
2026-08-26T08:01:02.957347+00:00,3995,-6.2428431,106.8426503,complex_corridor,FRC2,25,30,11,9,0.93,False,-6.24270333943449,106.84230519617961,41.19038604817657,True,
2026-08-26T08:01:03.249553+00:00,4135,-6.242451300001405,106.84346441666648,complex_corridor,FRC3,27,27,15,15,1.0,False,-6.24264159782794,106.84303341592732,52.128779444682614,True,
2026-08-26T08:01:03.543227+00:00,4174,-6.242622250001264,106.84418269999986,complex_corridor,FRC3,21,21,14,14,1.0,False,-6.242365385288672,106.84405667866673,31.777844988721665,True,
2026-08-26T08:01:03.843700+00:00,4307,-6.237238257899974,106.8272395210502,complex_corridor,FRC2,13,21,9,6,0.99,False,-6.237236971031365,106.82743234718856,21.314848279038795,True,
2026-08-26T08:01:04.131041+00:00,4312,-6.237042057899963,106.8269344210502,complex_corridor,FRC2,23,23,6,6,1.0,False,-6.237208807900389,106.82690797532604,18.770772040768108,True,
2026-08-26T08:01:04.419340+00:00,4383,-6.255330045001537,106.84307333999776,complex_corridor,FRC4,18,25,10,7,1.0,False,-6.255170245392188,106.84296367849294,21.509477825194235,True,
2026-08-26T08:01:04.719565+00:00,4421,-6.237577607899957,106.82686737105018,complex_corridor,FRC3,10,18,49,27,0.99,False,-6.237416698431964,106.82692406858013,18.95817050701808,True,
2026-08-26T08:01:05.011602+00:00,5234,-6.255677025000373,106.8431710999986,complex_corridor,FRC4,23,23,6,6,1.0,False,-6.25559934329838,106.84329627241084,16.310649749926508,True,
2026-08-26T08:01:05.302955+00:00,5259,-6.255508725000373,106.84360214999862,complex_corridor,FRC4,22,28,391,307,1.0,False,-6.255457199448482,106.84295563186589,71.6908067558573,True,
2026-08-26T08:01:05.593769+00:00,5296,-6.242909649999996,106.84406470000002,complex_corridor,FRC2,18,34,79,41,1.0,False,-6.24287098327402,106.84404058541264,5.0587612651154314,True,
